ID,CMN,FIN,PoS,score
1,纸,pahvi,nouns,3.1
2,歌曲,esiintyjä,nouns,0.58
3,大象,dinosaurus,nouns,0.84
4,宽,tuore,adjectives,0.0
5,救,suojella,verbs,2.03
6,容易,joustava,adjectives,0.72
7,判决书,oikeudenkäynti,nouns,1.52
8,大,laaja,adjectives,3.79
9,偷,antaa,verbs,0.33
10,神圣,kallisarvoinen,adjectives,2.02
11,红酒,brandy,nouns,2.17
12,残忍,epäreilu,adjectives,1.07
13,维他命,rauta,nouns,0.86
14,不同,normaali,adjectives,0.2
15,理解,sisäistää,verbs,4.58
16,农业,monokulttuuri,nouns,0.79
17,运动员,juoksija,nouns,3.08
18,擦,heikentyä,verbs,0.05
19,木,tukki,nouns,3.84
20,检察官,lakimies,nouns,2.27
21,不公平,reilusti,adverbs,0.38
22,盒子,koju,nouns,0.05
23,家伙,ystävä,nouns,1.04
24,男人,veljeskunta,nouns,1.43
25,感觉到,uskoa,verbs,1.21
26,井井有条,sekava,verbs,0.38
27,学生,oppilas,nouns,4.6
28,打鼾,herättää,verbs,0.33
29,货车,paketti,nouns,0.1
30,疯狂,järjetön,adjectives,4.79
31,瞇,mulkoilla,verbs,0.73
32,拥抱,puristaa,verbs,0.97
33,生态系统,talous,nouns,0.4
34,神经,aivot,nouns,1.86
35,来,mennä,verbs,0.68
36,云,utu,nouns,2.65
37,按下,vapauttaa,verbs,0.0
38,需要,järjestää,verbs,0.0
39,交易,myydä,verbs,3.06
40,面包,jauho,nouns,1.56
41,倒,tippua,verbs,0.86
42,中性,rauhallinen,adjectives,0.54
43,大声地,hienovaraisesti,adverbs,0.05
44,提醒,kertoa,verbs,2.21
45,善良,antelias,adjectives,1.3
46,说话,kuulla,verbs,0.53
47,装作,kuvata,verbs,0.2
48,侵蚀,pitää päällä,verbs,0.14
49,歌剧,elokuvateatteri,nouns,1.21
50,干旱,vesi,nouns,0.2
51,微晶片,kursori,nouns,0.04
52,明显,ilmeinen,adjectives,5.25
53,摩天大楼,palatsi,nouns,0.83
54,服装,pallo,nouns,0.04
55,身体,selkäranka,nouns,1.28
56,豆,riisi,nouns,0.82
57,飞机场,pala,nouns,0.0
58,逻辑,laskuoppi,nouns,1.74
59,大多,syvästi,adverbs,0.48
60,词元,tavu,nouns,0.9
61,湖,suo,nouns,0.97
62,神职人员,munkki,nouns,1.97
63,拿,takavarikoida,verbs,2.42
64,发现,olla peräisin,verbs,0.29
65,记得,ajatella,verbs,0.68
66,舌头,lihas,nouns,0.97
67,人类学,arkeologia,nouns,1.21
68,肚子,vyötärö,nouns,2.4
69,电影,ooppera,nouns,1.21
70,模仿,kuvata,verbs,0.68
71,韵律,aritmetiikka,nouns,0.15
72,欠,käydä sisään,verbs,0.0
73,信念,vaikutelma,nouns,0.94
74,湿,tahmea,adjectives,1.5
75,西洋棋,tarkistus,nouns,0.09
76,遇见,tervehtiä,verbs,1.18
77,跳跃,aita,nouns,0.1
78,句法,hakusana,nouns,0.78
79,妻子,sentti,nouns,0.18
80,医生,lääkäri,nouns,4.96
81,讽刺,myytti,nouns,0.43
82,进入,olla velkaa,verbs,0.0
83,手,jalkaterä,nouns,0.92
84,章,häntä,nouns,0.0
85,听,oppia,verbs,0.57
86,坏,moraaliton,adjectives,3.06
87,走,myydä,verbs,0.1
88,察觉,kuulla,verbs,1.74
89,被动地,aktiivisesti,adverbs,0.38
90,鸡,pihvi,nouns,0.49
91,刺激,tylsä,adjectives,0.29
92,受害者,luuri,nouns,0.0
93,木材,tukki,nouns,3.59
94,携带,tuoda,verbs,2.4
95,打招呼,tavata,verbs,1.18
96,描绘,matkia,verbs,0.68
97,舱,leiri,nouns,0.34
98,精确地,epätäsmällisesti,adverbs,0.38
99,断绝亲子关系,laimilyödä,verbs,0.3
100,澄清,selittää,verbs,3.92
101,伞,lämmitin,nouns,0.1
102,携带,toimittaa,verbs,2.03
103,汽车旅馆,majatalo,nouns,3.73
104,暗礁,ranta,nouns,0.59
105,借,pitää,verbs,0.2
106,可能,todennäköisesti,adverbs,3.63
107,愤怒,väkivaltainen,adjectives,1.96
108,圣歌,raamattu,nouns,1.58
109,毁灭,rakentaminen,nouns,0.34
110,狩猎,etsiä,verbs,1.36
111,乱七八糟,hallittu,adjectives,0.29
112,没用过,uusi,adjectives,4.22
113,盗窃,rikos,nouns,3.42
114,出席,lähettää,verbs,0.15
115,相反,uniikki,adjectives,0.65
116,摇动,kerätä,verbs,0.15
117,伙伴,ystävä,nouns,4.6
118,礼物,kirjailija,nouns,0.0
119,坏,epärehellinen,adjectives,1.21
120,排球,pallo,nouns,3.27
121,脖子,luu,nouns,0.83
122,一次,kahdesti,adverbs,0.87
123,文明,elämäntapa,nouns,1.27
124,力量,valmiudet,nouns,2.5
125,戏法,ase,nouns,0.04
126,沉重,lastattu,adjectives,1.11
127,泡,saippuavaahto,nouns,3.01
128,宽广,iso,adjectives,3.79
129,教堂,mosaiikki,nouns,0.25
130,大,helppo,adjectives,0.0
131,公共的,yksityinen,adjectives,0.29
132,想,muistaa,verbs,0.68
133,评估,analysoida,verbs,4.38
134,儿子,isä,nouns,0.92
135,创造者,valmistaja,nouns,3.58
136,哲学家,kilpaileminen,nouns,0.0
137,行星,kuu,nouns,2.46
138,盒子,lähde,nouns,0.0
139,说明,keskustella,verbs,1.75
140,早餐,päivällinen,nouns,1.16
141,尖顶,kappeli,nouns,1.27
142,平庸,paha,adjectives,0.1
143,立方体,noppa,nouns,2.83
144,成熟,hienostonut,adjectives,0.82
145,章,valinta,nouns,0.15
146,古怪,kummallinen,adjectives,5.28
147,浪费,murehtia,verbs,0.05
148,生物学,biotooppi,nouns,1.24
149,蜥蜴,hallitus,nouns,0.0
150,激情,tunne,nouns,3.04
151,通常,harvoin,adverbs,0.38
152,潜水,luoda,verbs,0.0
153,拿,vastaanottaa,verbs,2.37
154,想,päättää,verbs,1.18
155,依靠,epäonnistua,verbs,0.19
156,意志,tarkoitus,nouns,1.11
157,海,tsunami,nouns,1.23
158,小提琴,soitin,nouns,3.13
159,手腕,käsi,nouns,2.15
160,旅行,matka,nouns,4.29
161,国民,tunnettu,adjectives,0.25
162,闪电攻击,hyökkäys,nouns,3.73
163,花朵,polttimo,nouns,0.0
164,第五,huippu,adjectives,0.1
165,乘,jakaa,verbs,0.88
166,合作伙伴,poika,nouns,0.68
167,大厦,huone,nouns,0.74
168,伟大,ihmeellinen,adjectives,1.69
169,杜松子酒,alkoholi,nouns,3.26
170,进来,ulospäinsuuntautunut,adjectives,0.2
171,监狱,baari,nouns,0.28
172,肌肉,käsivarsi,nouns,1.19
173,碗,kuja,nouns,0.0
174,异常地,normaalisti,adverbs,0.2
175,数,luku,nouns,4.82
176,镜片,kamera,nouns,0.97
177,塔,kello,nouns,0.57
178,哭,nyyhkyttää,verbs,5.21
179,续集,kamera,nouns,0.04
180,飞行,ilmailu,nouns,2.8
181,心灵,aineeton,adjectives,2.57
182,稀少,niukka,adjectives,3.44
183,球,lentopallo,nouns,3.27
184,奖章,lenkkikengät,nouns,0.1
185,证明,kiistellä,verbs,1.11
186,生物学,anatomia,nouns,2.47
187,完成,kilpailla,verbs,0.2
188,显然,paikallisesti,adverbs,0.0
189,腰,vatsa,nouns,2.4
190,律师,galleria,nouns,0.0
191,哭泣,itkeä,verbs,5.21
192,腿,raaja,nouns,2.7
193,公主,keksi,nouns,0.0
194,酒吧,putka,nouns,0.28
195,糟糕,mahtava,adjectives,0.24
196,蚂蚁,kärpänen,nouns,1.12
197,肚子,makuuhuone,nouns,0.0
198,选择,haluta,verbs,0.71
199,选择,laskimo,nouns,0.04
200,环境,miekka,nouns,0.18
201,溅,viskositeetti,nouns,0.34
202,排外主义,rasismi,nouns,3.79
203,二极管,kondensaattori,nouns,0.83
204,原谅,ymmärtää,verbs,0.87
205,新闻,pääkirjoitus,nouns,2.07
206,乙酰胆碱,iiris,nouns,0.15
207,女孩,palvelustyttö,nouns,1.95
208,确定,evakuoida,verbs,0.05
209,坏,suurenmoinen,adjectives,0.14
210,稻草,tehtävä,nouns,0.0
211,日历,päivämäärä,nouns,2.02
212,手,kynsi,nouns,1.08
213,女儿,vauva,nouns,2.42
214,草地,ruohoalue,nouns,3.81
215,宠物,kissa,nouns,3.18
216,戏法,peli,nouns,0.77
217,水,suola,nouns,0.28
218,未成熟的,vastuuton,adjectives,2.06
219,音节,lemma,nouns,0.9
220,事实,ymmärrys,nouns,0.49
221,偏见,sovinisti,nouns,1.04
222,河,puro,nouns,3.17
223,叔叔,mies,nouns,2.63
224,工作者,toimisto,nouns,0.53
225,领导,manageri,nouns,2.7
226,乐队,paraati,nouns,0.33
227,和蔼,julma,adjectives,0.1
228,缺乏信心,puutteenalainen,adjectives,0.24
229,手机,puhelin,nouns,4.57
230,虫害,torjunta-aine,nouns,0.48
231,友善,antelias,adjectives,2.21
232,徘徊,kierrellä,verbs,2.95
233,电话,uhri,nouns,0.0
234,一餐,vyötärö,nouns,0.05
235,减肥,salaatti,nouns,0.83
236,影片,elokuva,nouns,4.74
237,便士,tarjous,nouns,0.15
238,车,vene,nouns,0.63
239,布,pellava,nouns,2.6
240,认真地,vilpittömästi,adverbs,2.26
241,做,tapahtua,verbs,0.7
242,出租车,taksi,nouns,5.5
243,疾病,infektio,nouns,3.21
244,准许,vahvistaa,verbs,3.11
245,喇叭,auto,nouns,0.09
246,掩饰,peittää,verbs,3.65
247,游戏,hauskuus,nouns,0.63
248,安排,edellyttää,verbs,0.0
249,订婚,naida,verbs,2.18
250,米饭,poika,nouns,0.0
251,茶,sitruuna,nouns,0.29
252,光标,dia,nouns,0.09
253,联合,summa,nouns,0.57
254,交流,televisio,nouns,0.6
255,拿,omistaa,verbs,0.83
256,足球,hauskanpito,nouns,0.2
257,烟草,savuke,nouns,5.06
258,尺寸,temppu,nouns,0.0
259,猫,jänis,nouns,0.93
260,肉,veri,nouns,0.63
261,合法,laiton,adjectives,0.29
262,乐队,orkesteri,nouns,4.3
263,正式,asianmukainen,adjectives,3.12
264,管弦乐队,bändi,nouns,4.3
265,关键,tärkeä,adjectives,4.52
266,床,makuuhuone,nouns,0.77
267,女孩,heppu,nouns,0.64
268,猎鹰,kotka,nouns,2.94
269,打印,sivuuttaa,verbs,0.0
270,涂抹,levitä,verbs,0.77
271,走,lähettää,verbs,0.15
272,真实,epärehellinen,adjectives,0.24
273,作家,säveltäjä,nouns,1.97
274,完成,valmistua,verbs,3.03
275,海滩,riutta,nouns,0.59
276,政治家,poliisi,nouns,0.39
277,蟋蟀,tukija,nouns,0.0
278,钝,terävä,adjectives,0.29
279,丑陋,raaka,adjectives,0.47
280,词性变化,infektio,nouns,0.0
281,类似,samannäköinen,adjectives,3.35
282,熵,tieto,nouns,0.38
283,商业,teollisuus,nouns,1.41
284,启,aloittaa,verbs,4.98
285,头,olkapää,nouns,0.54
286,喷嘴,neste,nouns,0.05
287,珍珠,raha,nouns,0.2
288,陶瓷,keramiikka,nouns,3.08
289,精确,väärä,adjectives,0.14
290,菠萝,älypuhelin,nouns,0.0
291,分析,verrata,verbs,2.42
292,合唱团,kirkko,nouns,0.39
293,玩具,kuutio,nouns,0.24
294,轻信,typerä,adjectives,0.98
295,老师,ystävä,nouns,0.71
296,电动,makea,adjectives,0.0
297,可行,mahdoton,adjectives,0.34
298,紧张地,ahdistuneesti,adverbs,3.71
299,深深地,enimmäkseen,adverbs,0.48
300,同意,kiistellä,verbs,0.38
301,雷达,sauvaohjain,nouns,0.24
302,主教,arkkipiispa,nouns,3.93
303,乱,puhdas,adjectives,0.24
304,牛扒,kana,nouns,0.49
305,糖类,sakkaroosi,nouns,3.13
306,毁灭,luoda,verbs,0.38
307,辣,heikko,adjectives,0.0
308,叔叔,täti,nouns,1.02
309,和平,onnellisuus,nouns,1.64
310,带来,lähettää,verbs,0.45
311,淫贱,likainen,adjectives,0.42
312,河流,meri,nouns,1.74
313,毁灭,valmistaa,verbs,0.29
314,果汁,lusikka,nouns,0.1
315,女儿,muksu,nouns,2.5
316,金,sinkki,nouns,1.16
317,积极地,täsmällisesti,adverbs,0.57
318,惩罚,opettaa,verbs,0.63
319,卡,silta,nouns,0.18
320,混乱,luokka,nouns,0.0
321,否认,myöntää,verbs,0.38
322,早餐,illallinen,nouns,1.17
323,忘记,antaa anteeksi,verbs,0.68
324,平淡,pitkästynyt,adjectives,2.19
325,植物群,luonto,nouns,2.11
326,作者,luoja,nouns,3.9
327,厂,auto,nouns,0.19
328,运气,onnellisuus,nouns,0.66
329,漫游,vaeltaa,verbs,2.95
330,叫喊,kirkua,verbs,4.03
331,糖,hunaja,nouns,2.22
332,当然,ilmiselvästi,adverbs,3.36
333,土豆,voi,nouns,0.54
334,逃跑,karata,verbs,5.62
335,享受,viihdyttää,verbs,0.85
336,灰尘,luuta,nouns,0.53
337,易损坏,hyytävä,adjectives,0.15
338,制服,muotoutumaton,adjectives,0.25
339,知道,unohtaa,verbs,0.15
340,云,sää,nouns,1.64
341,发送,laukaista,verbs,2.6
342,订婚,sormus,nouns,1.14
343,信念,konsepti,nouns,1.19
344,财富,kuuluisuus,nouns,0.8
345,从不,anteliaasti,adverbs,0.05
346,通知,kuvata,verbs,0.15
347,生物学家,mikroskooppi,nouns,0.29
348,柔韧,suuri,adjectives,0.34
349,芝士,leipä,nouns,0.79
350,地带,alue,nouns,4.57
351,收缩,supistaa,verbs,3.19
352,能力,pätevyys,nouns,4.7
353,高高兴兴,aktiivisesti,adverbs,0.62
354,蜜蜂,kuningatar,nouns,0.4
355,原谅,armahtaa,verbs,4.16
356,原谅,hyväksyä,verbs,2.02
357,容易地,kovakouraisesti,adverbs,0.15
358,街,kuja,nouns,3.79
359,血液,kurpitsa,nouns,0.18
360,走廊,eteishalli,nouns,3.98
361,交换,valuutta,nouns,0.6
362,吸收,omistaa,verbs,0.33
363,学习,unohtaa,verbs,0.2
364,轻松,stressaantunut,adjectives,0.2
365,建立,lisätä,verbs,0.95
366,蔑视,ladata,verbs,0.0
367,离开,vaeltaa,verbs,0.04
368,智力,tietämättömyys,nouns,0.2
369,气球,ihmiset,nouns,0.0
370,蓝色,punainen,adjectives,0.69
371,哭,nauraa,verbs,0.38
372,搜索,katsoa,verbs,1.35
373,牛,hevonen,nouns,1.07
374,辣,hyvä,adjectives,0.1
375,了解,antaa anteeksi,verbs,0.87
376,雪,jää,nouns,2.77
377,餐,illallinen,nouns,3.43
378,胸部,vartalo,nouns,2.15
379,页,kohta,nouns,0.7
380,头,kynsi,nouns,0.6
381,缺口,aukko,nouns,3.76
382,受惊,innostunut,adjectives,0.38
383,打,viehättää,verbs,0.0
384,提醒,unohtaa,verbs,0.38
385,寻求,etsiä,verbs,4.07
386,不定形,muodoton,adjectives,3.07
387,字典,määritelmä,nouns,0.67
388,做,ansaita,verbs,0.28
389,污染,tunnelma,nouns,0.09
390,一尘不染,puhdas,adjectives,5.16
391,冷静地,rauhanomaisesti,adverbs,3.46
392,弯曲,kiero,adjectives,2.78
393,山羊,lehmä,nouns,0.97
394,批评,huomauttaa,verbs,1.92
395,面包,liha,nouns,0.54
396,男孩,kunto,nouns,0.14
397,幼苗,lehti,nouns,1.01
398,碳,atomi,nouns,0.92
399,淹,säästää,verbs,0.1
400,酱,omena,nouns,0.44
401,神经,vartalo,nouns,1.41
402,女人,vaimo,nouns,2.94
403,工作者,kamera,nouns,0.1
404,儿童,poika,nouns,2.9
405,女人,mies,nouns,0.63
406,相机,työläinen,nouns,0.1
407,手稿,kirja,nouns,1.45
408,窄小,leveä,adjectives,0.34
409,幻想,todellisuus,nouns,0.75
410,电动,mekaaninen,adjectives,1.78
411,绿洲,vapaus,nouns,0.04
412,拉比,opettaja,nouns,1.47
413,军士,ase,nouns,0.24
414,不同意,myöntyä,verbs,0.38
415,前进,edistää,verbs,1.92
416,拉比,ministeri,nouns,0.24
417,枪,aamunkoitto,nouns,0.0
418,毯,puumateriaali,nouns,0.0
419,丰富,runsaus,nouns,4.69
420,冰雹,sade,nouns,2.13
421,静脉,vatsa,nouns,0.64
422,最近,viime aikoina,adverbs,5.03
423,剧院,elokuva,nouns,1.35
424,豆,pekoni,nouns,0.2
425,草,juuri,nouns,0.68
426,谨慎地,huolellisesti,adverbs,4.03
427,墙壁,koriste,nouns,0.52
428,智力,viisaus,nouns,3.85
429,刀口,ruoho,nouns,0.0
430,溪流,joki,nouns,3.17
431,眼睛,kulmakarva,nouns,0.73
432,肉,leipä,nouns,0.54
433,航空学,ilmailuelektroniikka,nouns,2.34
434,巨大,tyhmä,adjectives,0.04
435,演员,televisio,nouns,0.62
436,目标,etsintä,nouns,0.6
437,下面,puoli,nouns,0.34
438,监狱,valinta,nouns,0.04
439,硬件,tapaus,nouns,0.09
440,乏味,turvattu,adjectives,0.05
441,英寸,jaardi,nouns,2.17
442,争论,todistaa,verbs,1.11
443,峡谷,laakso,nouns,4.14
444,家伙,naistenmies,nouns,0.96
445,钱,helmi,nouns,0.2
446,反驳,sallia,verbs,0.25
447,说谎,moittia,verbs,0.18
448,牙,vasara,nouns,0.0
449,交付,ottaa,verbs,0.24
450,公牛,vasikka,nouns,2.74
451,达到,menestyä,verbs,3.04
452,女人,tehtävä,nouns,0.0
453,发送,mennä,verbs,0.15
454,父亲,mies,nouns,2.53
455,手机,ananas,nouns,0.0
456,讨厌,nauttia,verbs,0.24
457,剑,valtaistuin,nouns,0.28
458,重,iso,adjectives,0.82
459,珍爱,pitää,verbs,1.18
460,心烦,häpeissään oleva,adjectives,0.43
461,地板,ovi,nouns,0.45
462,胎压计,auto,nouns,0.34
463,困难,helppo,adjectives,0.27
464,书,tieto,nouns,1.4
465,妻子,äiti,nouns,1.98
466,电脑,kone,nouns,3.01
467,理解,tyydyttää,verbs,0.28
468,可能,optimistisesti,adverbs,0.83
469,理论,teoreema,nouns,3.56
470,武器,kypärä,nouns,0.34
471,走廊,ovi,nouns,0.48
472,付款,ostaa,verbs,2.81
473,骨头,hampaat,nouns,1.32
474,怪异,kummallinen,adjectives,4.98
475,笨,harvinainen,adjectives,0.0
476,发烧,sairaus,nouns,2.44
477,杀,taistella,verbs,1.39
478,海啸,meri,nouns,1.23
479,预测,pilvinen sää,nouns,0.39
480,车,mittari,nouns,0.34
481,阳光,säde,nouns,1.64
482,松饼,persilja,nouns,0.2
483,追求,tutkia,verbs,0.54
484,咬,lukea,verbs,0.0
485,教堂,kirkontorni,nouns,1.27
486,罪人,pyhimys,nouns,0.24
487,教育,opettaa,verbs,4.19
488,树枝,käsivarsi,nouns,0.15
489,实质上,kriittisesti,adverbs,0.93
490,锁起来,solu,nouns,0.6
491,细胞质,luku,nouns,0.0
492,城市,kaupunki,nouns,3.76
493,闻名,kansallinen,adjectives,0.25
494,大笑,itkeä,verbs,0.38
495,手表,hame,nouns,0.0
496,伤心,ylpeä,adjectives,0.14
497,大致,luotettavasti,adverbs,0.14
498,母亲,ystävä,nouns,0.69
499,想,valita,verbs,0.71
500,营地,kämppä,nouns,0.34
501,晚上,päivä,nouns,0.6
502,暴力,vihainen,adjectives,1.96
503,玻璃,kunniamerkki,nouns,0.04
504,强大,heikko,adjectives,0.2
505,终末,eri tavalla,adverbs,0.1
506,派,suklaa,nouns,0.53
507,原木,puutavara,nouns,3.59
508,段,sivu,nouns,0.7
509,椅子,penkki,nouns,3.76
510,争论,kritiikki,nouns,0.95
511,门口,ovi,nouns,3.52
512,脏,halpa,adjectives,0.42
513,承认,puhua,verbs,0.97
514,汽车,tankki,nouns,0.77
515,新,vanha,adjectives,0.34
516,描绘,teeskennellä,verbs,0.2
517,衬衣,neuletakki,nouns,1.53
518,天神,saatana,nouns,0.7
519,护士,tieteilijä,nouns,0.29
520,需要,tiedustella,verbs,0.43
521,植物,maatalous,nouns,1.04
522,云,myrsky,nouns,0.86
523,说谎,teeskennellä,verbs,2.63
524,线索,sana,nouns,0.19
525,奇怪,eriskummallinen,adjectives,4.77
526,品质,sateenvarjo,nouns,0.04
527,国境,rajaviiva,nouns,3.09
528,身体,hermo,nouns,1.41
529,门,keittiö,nouns,0.15
530,友好,ulospäinsuuntautunut,adjectives,0.94
531,手术,sydän,nouns,0.39
532,长,kapea,adjectives,0.48
533,非常,kirkkaasti,adverbs,0.4
534,信心十足地,salaa,adverbs,0.05
535,角,alue,nouns,0.72
536,学习,arvioida,verbs,0.73
537,最近,uusi,adjectives,3.06
538,盐,vesi,nouns,0.28
539,班,armeija,nouns,0.67
540,电影,paukkumaissi,nouns,0.43
541,音乐,melodia,nouns,3.07
542,威力,vahvuus,nouns,3.19
543,沼泽,järvi,nouns,0.97
544,累,pitkäveteinen,adjectives,0.54
545,出席,kokoontua,verbs,1.27
546,假,aito,adjectives,0.34
547,壁橱,vaatteet,nouns,0.48
548,报纸,sana,nouns,1.27
549,戏法,koko,nouns,0.0
550,掌握,ymmärtää,verbs,4.58
551,墙纸,tausta,nouns,2.3
552,身体,alusvaatteet,nouns,0.15
553,校园,yliopisto,nouns,2.91
554,暴动,piirustus,nouns,0.04
555,胜利者,mies,nouns,0.33
556,推荐,hyväksyä,verbs,0.73
557,锁匙,talo,nouns,0.2
558,创造性地,alkuperäisesti,adverbs,0.45
559,墙,tiili,nouns,0.72
560,降落,pienentää,verbs,0.24
561,轻微,täysin,adverbs,0.1
562,统治者,kuningas,nouns,4.5
563,杂志,artikkeli,nouns,1.74
564,地窖,ovi,nouns,0.38
565,授粉,hede,nouns,1.02
566,哥哥,poika,nouns,2.29
567,屏幕,fonologia,nouns,0.1
568,赶,kiirehtiä,verbs,3.4
569,拿,toimittaa,verbs,0.24
570,布料,vaatteet,nouns,1.23
571,狗,kissa,nouns,0.92
572,员工,työnantaja,nouns,0.55
573,脏,kapea,adjectives,0.0
574,想,yrittää,verbs,0.43
575,控制,pysähtyä,verbs,0.29
576,危险地,huolellisesti,adverbs,0.23
577,安慰,turvallisuus,nouns,0.49
578,行动,kurssi,nouns,0.28
579,苍蝇,muurahainen,nouns,1.12
580,交流,kielenkäyttö,nouns,1.32
581,人,populaatio,nouns,3.02
582,工作,johtokunta,nouns,0.63
583,非法,lainmukainen,adjectives,0.29
584,机器,tietokone,nouns,3.01
585,危害,kipu,nouns,1.21
586,地图,neliö,nouns,0.14
587,医生,luonne,nouns,0.0
588,城堡,seinä,nouns,0.53
589,宪法,keisari,nouns,0.2
590,关键地,olennaisesti,adverbs,0.93
591,戒除,tehdä,verbs,0.25
592,个人,yksityinen,adjectives,4.23
593,暴风雪,sade,nouns,1.47
594,结婚,kihlautua,verbs,2.18
595,橙子,sitrushedelmä,nouns,3.68
596,骨头,kyynärpää,nouns,0.69
597,望远镜,tuoli,nouns,0.0
598,神经官能症,mieli,nouns,0.44
599,鸢尾花,asetyylikoliini,nouns,0.15
600,在家里,poissa,adverbs,0.43
601,试着,aikoa,verbs,2.01
602,公寓,talo,nouns,3.88
603,不准确地,tarkalleen,adverbs,0.38
604,古怪,outo,adjectives,5.57
605,困难,yksinkertainen,adjectives,0.17
606,从不,negatiivinen,adjectives,1.41
607,加,rakentaa,verbs,0.95
608,作家,romaani,nouns,0.39
609,衣服,liina,nouns,1.23
610,成为,organisoida,verbs,0.0
611,增加,kasvaa,verbs,1.1
612,小麦,vilja,nouns,3.24
613,日出,auringonlasku,nouns,0.88
614,背景,tapetti,nouns,2.3
615,窗口,katto,nouns,0.54
616,低语,puhua,verbs,2.9
617,轻视,halveksiva,adjectives,5.13
618,存在,voittaja,nouns,0.0
619,建议,suositella,verbs,3.56
620,叫喊,kiistellä,verbs,1.1
621,束,väkijoukko,nouns,0.05
622,举起,korottaa,verbs,3.98
623,海报,paperi,nouns,2.21
624,肠子,hermo,nouns,0.54
625,团结,naida,verbs,1.02
626,稍后,ei koskaan,adverbs,0.69
627,拥有,ottaa,verbs,0.83
628,借,antaa,verbs,2.04
629,字,vihje,nouns,0.19
630,公主,kuningas,nouns,0.75
631,老师,auttaja,nouns,1.51
632,狭窄,likainen,adjectives,0.0
633,观看,tarkkailla,verbs,3.93
634,在别处,kotona,adverbs,0.43
635,马,härkä,nouns,1.07
636,问,auttaa,verbs,0.29
637,俱乐部,merkki,nouns,0.05
638,扩大,kasvaa,verbs,2.75
639,鸡,riisi,nouns,0.3
640,收到,lähettää,verbs,0.52
641,自豪,ylimielinen,adjectives,2.6
642,小山,kalliojyrkänne,nouns,1.13
643,罕见,tyhmä,adjectives,0.0
644,喝,sekoittaa,verbs,0.0
645,失败,onnistua,verbs,0.38
646,箭头,kohde,nouns,0.41
647,旧,tuore,adjectives,0.29
648,食物,ohjelma,nouns,0.0
649,詞,sivu,nouns,0.15
650,喷气式飞机,lentokone,nouns,3.82
651,风暴,pilvi,nouns,0.86
652,发生,tehdä,verbs,0.7
653,总统,saastuminen,nouns,0.0
654,能力,pätevyys,nouns,4.29
655,手套,pallo,nouns,0.19
656,游标,sirut,nouns,0.04
657,恶意软件,mato,nouns,1.41
658,想像,teeskennellä,verbs,0.69
659,运输,auto,nouns,1.65
660,混合,kypsentää,verbs,0.34
661,成年人,vanhempi,nouns,3.19
662,满足,käsittää,verbs,0.28
663,高速公路,tie,nouns,3.96
664,阻碍,pyrkiä,verbs,0.0
665,阵列,lista,nouns,0.48
666,保持,suojella,verbs,0.48
667,决定,ajatella,verbs,1.18
668,课程,vatsa,nouns,0.0
669,拖着脚走,ajaa,verbs,0.45
670,距离,näkökulma,nouns,0.18
671,葬礼,kuolema,nouns,0.82
672,抱怨,kiistellä,verbs,1.69
673,日期,syntymäpäivä,nouns,1.77
674,学习,hämätä,verbs,0.0
675,刺激,suututtaa,verbs,4.24
676,变成,näyttää,verbs,0.34
677,许多,yltäkylläisyys,nouns,4.69
678,起泡,kuvitus,nouns,0.0
679,天空,unelma,nouns,0.14
680,幼儿床,sänky,nouns,2.75
681,活塞,moottori,nouns,1.44
682,文学,kirja,nouns,2.2
683,容器,pullo,nouns,2.75
684,今天晚上,tänään,adverbs,2.83
685,键盘,valo,nouns,0.04
686,购买,varastaa,verbs,0.57
687,演员,laulu,nouns,0.58
688,门,lattia,nouns,0.45
689,仆人,orja,nouns,2.78
690,脚,pää,nouns,0.69
691,麻布,kangas,nouns,2.6
692,残酷,mukava,adjectives,0.1
693,大笑,laulaa,verbs,0.25
694,貂,turkki,nouns,1.13
695,不可能,käyttökelpoinen,adjectives,0.34
696,扭曲,kaareva,adjectives,2.78
697,酸,pohja,nouns,0.14
698,房间,rakennus,nouns,0.74
699,做,muodostaa,verbs,2.53
700,立方体,lelu,nouns,0.24
701,法庭,tuomari,nouns,1.06
702,创新,luova,adjectives,5.2
703,击中,rangaista,verbs,0.15
704,黎明,päivä ,nouns,2.37
705,身体,olkapää,nouns,0.96
706,甲板,hiiri,nouns,0.0
707,薄荷,museo,nouns,0.0
708,普通,uskomaton,adjectives,0.2
709,建造,valmistaa,verbs,2.53
710,签证,globalismi,nouns,0.61
711,平凡,tavallinen,adjectives,4.66
712,无礼,raaka,adjectives,0.82
713,留,odottaa,verbs,1.54
714,球,kori,nouns,0.2
715,海岸,ranta,nouns,nan
716,餐,päivällinen,nouns,3.1
717,航空电子学,ilmailu,nouns,2.34
718,一般,epänormaalisti,adverbs,0.2
719,信,kohta,nouns,0.14
720,尺寸,sentti,nouns,0.65
721,步行,ontua,verbs,2.38
722,百万富翁,dollari,nouns,0.3
723,走,tulla,verbs,0.68
724,磁盘,laturi,nouns,0.1
725,钟,ovi,nouns,0.05
726,篮子,pallo,nouns,0.2
727,好心地,anteliaasti,adverbs,1.97
728,船,moottori ,nouns,0.48
729,替换,vaihto,nouns,4.37
730,读,käsittää,verbs,0.82
731,后缀,affiksi,nouns,2.67
732,不需要,tarpeellinen,adjectives,0.29
733,判断,päättää,verbs,2.35
734,真实,epäaito,adjectives,0.34
735,死亡,katastrofi,nouns,1.64
736,书,teema,nouns,1.21
737,放,saada,verbs,0.1
738,男人,tyttö,nouns,0.64
739,尖叫,huutaa,verbs,4.03
740,派对,ihmiset,nouns,0.43
741,和平地,ylpeästi,adverbs,0.09
742,沐浴,huone,nouns,0.1
743,匆匆地写,kirjoittaa,verbs,3.33
744,草,terä,nouns,0.0
745,词,kirjallisuus,nouns,1.4
746,书,teksti,nouns,2.63
747,婴儿,tytär,nouns,2.42
748,吞,juoda,verbs,1.65
749,沙子,jalkaterä,nouns,0.04
750,高高兴兴地,kuolettavasti,adverbs,0.18
751,角度,käyrä,nouns,1.1
752,副驾驶,ohjaamo,nouns,0.57
753,谦虚,joustava,adjectives,0.57
754,体操,miekkailu,nouns,1.3
755,商业,yritys,nouns,2.65
756,财富,arvovalta,nouns,0.47
757,冷静地,lujasti,adverbs,0.23
758,必须,tarpeeton,adjectives,0.29
759,编译器,aliohjelma,nouns,0.46
760,获胜者,ehdokas,nouns,1.64
761,白天,yö,nouns,0.6
762,黏,märkä,adjectives,1.5
763,薄雾,sade,nouns,1.31
764,病毒,veri,nouns,0.44
765,书,onnettomuus,nouns,0.0
766,分化,kuolla,verbs,0.69
767,驱逐,jättää,verbs,1.68
768,毯,voimakas tuuli,nouns,0.0
769,混合,lyödä,verbs,0.0
770,正牙医生,hammaslääkäri,nouns,3.79
771,医生,ortodontti,nouns,2.83
772,晚餐,ateria,nouns,3.43
773,天气,pilvi,nouns,1.64
774,勺子,kuppi,nouns,0.65
775,迷惑,oppia,verbs,0.0
776,坠落,sattua,verbs,0.63
777,说,ilmaista,verbs,3.58
778,轻轻的,äänekkäästi,adverbs,0.05
779,老鼠,kansi,nouns,0.0
780,苹果,makeinen,nouns,0.2
781,得罪,vaivata,verbs,1.5
782,蛇,lisko,nouns,1.66
783,坏,hirveä,adjectives,3.97
784,不同,terminaalisesti,adverbs,0.1
785,恶魔,enkeli,nouns,0.54
786,付款,viesti,nouns,0.55
787,疏忽,olla tunnustamatta,verbs,0.3
788,家牛,lehmä,nouns,3.27
789,接受,myöntyä,verbs,3.76
790,援助,avustaa,verbs,4.02
791,雪茄,laatikko,nouns,0.2
792,成年人,lapsi,nouns,0.78
793,成为,menestyä,verbs,0.56
794,大,joustava,adjectives,0.34
795,减少,kutistua,verbs,3.19
796,导演,elokuvaus,nouns,0.99
797,停,kuljettaa,verbs,0.15
798,拥抱,tukahduttaa,verbs,0.25
799,主题,tarina,nouns,0.77
800,毕业,suorittaa loppuun,verbs,3.03
801,简单,jäykkä,adjectives,0.14
802,石,puumateriaali,nouns,0.39
803,枫树,puu,nouns,3.88
804,批评,töykeä,adjectives,0.67
805,汽车,polkupyörä,nouns,0.78
806,游戏,temppu,nouns,0.77
807,挤压,halata,verbs,0.97
808,花园,letku,nouns,0.25
809,新郎,morsian,nouns,0.83
810,重要,tarpeellinen,adjectives,4.26
811,法庭,oikeudenmukaisuus,nouns,1.21
812,兄弟会,miehet,nouns,1.43
813,皮肤,pyörä,nouns,0.0
814,得出结论,päättää,verbs,3.58
815,锁匙,kruunu,nouns,0.0
816,作业,viesti,nouns,0.72
817,创建,kuvitella,verbs,0.86
818,了解,kuunnella,verbs,1.48
819,当然,lopullisesti,adverbs,2.83
820,井然有序,sotkuinen,adjectives,0.29
821,电话,koju,nouns,0.0
822,结婚,liittyä,verbs,0.69
823,拒绝,hyväksyä,verbs,0.31
824,责怪,moittia,verbs,3.73
825,接受,antaa anteeksi,verbs,2.02
826,解释,todistaa,verbs,2.74
827,饥饿,janoinen,adjectives,1.46
828,忍耐力,kukka,nouns,0.23
829,容器,vaunu,nouns,0.19
830,人们,juhla,nouns,0.43
831,停,viheltää,verbs,0.05
832,包含,sisältää,verbs,5.48
833,普通,arkipäiväinen,adjectives,4.66
834,乘法,jakolasku,nouns,1.3
835,星系,sovellus,nouns,0.0
836,血液,virus,nouns,0.44
837,加冕礼,vesi,nouns,0.04
838,经常,joskus,adverbs,1.54
839,有趣,vakava,adjectives,0.25
840,穆斯林,piispa,nouns,0.52
841,同意,hyväksyä,verbs,3.76
842,借款人,luotto,nouns,0.76
843,记者,runoilija,nouns,0.45
844,银行家,lakimies,nouns,0.64
845,风暴,lumi,nouns,0.91
846,门,kellari,nouns,0.38
847,狗,hevonen,nouns,1.21
848,单身牢房,huone,nouns,1.79
849,鸡,päivällinen,nouns,0.79
850,飞机,lentokenttä,nouns,1.04
851,港口,kääre,nouns,0.0
852,感染,taivutus,nouns,0.0
853,安全,laillinen,adjectives,0.93
854,矩阵,vektori,nouns,1.2
855,狐狸,ajokoira,nouns,1.11
856,无礼,kriittinen,adjectives,0.67
857,评估,oppia,verbs,0.73
858,周末,viikko,nouns,1.94
859,煮熟的,keitetty,adjectives,3.08
860,瓶子,säilytysastia,nouns,2.75
861,嘴巴,hammas,nouns,1.22
862,字,sanomalehti,nouns,1.27
863,现实地,hiljattain,adverbs,0.0
864,逻辑,älykkyys,nouns,2.9
865,女演员,näyttelijä,nouns,4.03
866,陷害,hitti,nouns,0.04
867,死,haudata,verbs,1.59
868,任务,työ,nouns,3.63
869,基质,molekyyli,nouns,0.41
870,包皮,ympärileikkaus,nouns,0.82
871,绑,pujotella,verbs,1.5
872,调查,kuulustella,verbs,2.46
873,卧室,vatsa,nouns,0.0
874,明亮地,suuresti,adverbs,0.4
875,积极地,onnellisesti,adverbs,0.62
876,选择,poimia,verbs,3.58
877,飓风,myrsky,nouns,3.07
878,给,pitää,verbs,0.29
879,避免,torjua,verbs,1.88
880,蝙蝠,vamppyyri,nouns,1.02
881,埋葬,kuolla,verbs,1.59
882,有时候,usein,adverbs,1.54
883,字母,kuulakärkikynä,nouns,0.05
884,王冠,avain,nouns,0.0
885,离开,odottaa,verbs,0.33
886,苹果,auringonpaiste,nouns,0.09
887,日落,pöytä,nouns,0.0
888,迅速,nopea,adjectives,5.04
889,苏丹,ministeriö,nouns,0.1
890,长笛,musiikki,nouns,1.04
891,抓住,jahdata,verbs,1.74
892,环球航行,matkatavarat,nouns,0.15
893,强烈地,virallisesti,adverbs,0.57
894,偷,ostaa,verbs,0.57
895,想要,himoita,verbs,4.49
896,呼吸,tukehtua,verbs,0.57
897,摄影,ohjaaja,nouns,0.99
898,行动,peli,nouns,0.45
899,枪,ihmiset,nouns,0.0
900,骰子,kuutio,nouns,2.83
901,支持者,kriketti,nouns,0.0
902,考试,opetussuunnitelma,nouns,0.57
903,农药,tuhoeläin,nouns,0.48
904,修道院,suihku,nouns,0.0
905,电动机,vene,nouns,0.48
906,考古学,antropologia,nouns,1.21
907,代替,palauttaa,verbs,0.55
908,帅哥,heppu,nouns,0.96
909,博物馆,minttu,nouns,0.0
910,收藏,säästää,verbs,3.83
911,伙伴,kumppani,nouns,3.12
912,跛行,kävellä,verbs,2.38
913,被动地,luotettavasti,adverbs,0.05
914,疯狂,iloinen,adjectives,0.33
915,广场,kartta,nouns,0.14
916,小亭,puhelin,nouns,0.0
917,参议院,perustuslaki,nouns,0.67
918,大方,ystävällinen,adjectives,2.21
919,军官,sijainen,nouns,0.98
920,开始,mennä,verbs,0.44
921,黎明,ase,nouns,0.0
922,医院,sänky,nouns,0.33
923,算术,logiikka,nouns,1.74
924,申请人,hakemus,nouns,1.14
925,粗暴,hyytävä,adjectives,0.34
926,锥形蛋筒,kuppi,nouns,0.41
927,货车,auto,nouns,3.01
928,书,käsikirjoitus,nouns,1.45
929,纽扣,vaatteet,nouns,0.92
930,负责可靠地,itsenäisesti,adverbs,1.29
931,苹果,ruokavalio,nouns,0.71
932,到达,jättää,verbs,0.29
933,肚子,vartalo,nouns,1.86
934,选择,kappale,nouns,0.15
935,表达,sanoa,verbs,3.58
936,不同,kiistellä,verbs,0.24
937,允许,laillinen,adjectives,3.17
938,重要的,vakavasti,adverbs,0.86
939,预言家,pappi,nouns,0.79
940,大学,luokka,nouns,0.34
941,讨厌,halveksia,verbs,3.0
942,总是,kahdesti,adverbs,0.4
943,从不,myöhemmin,adverbs,0.69
944,攻击,pahentaa,verbs,0.38
945,多面体,näyttelijä,nouns,0.05
946,酒,viini,nouns,3.3
947,自信,asenne,nouns,1.58
948,警告,pysähtyä,verbs,0.15
949,情况,olosuhde,nouns,4.89
950,锌,kulta,nouns,1.16
951,朋友,kaveri,nouns,4.6
952,合乎体统,muodollinen,adjectives,3.12
953,换算,korkeus,nouns,0.04
954,探路者,jousiampuja,nouns,0.24
955,椅子,teleskooppi,nouns,0.0
956,傍晚,iltahämärä,nouns,4.25
957,奶昔,mehu,nouns,0.88
958,发热,flunssa,nouns,2.4
959,奴隶,palvelija,nouns,2.78
960,离开,liittyä,verbs,0.23
961,糖果,kaneli,nouns,0.29
962,之前,jälkeen,adverbs,0.38
963,总统,oppilas,nouns,0.2
964,旧,sekoitettu,adjectives,0.0
965,留,saada,verbs,0.1
966,醋,salaatti,nouns,0.29
967,状态,poika,nouns,0.14
968,攻击,salamahyökkäys,nouns,3.73
969,聪明,tyhmä,adjectives,0.24
970,耐力,yhtye,nouns,0.0
971,平庸,pitkäveteinen,adjectives,0.96
972,马车,vaunu,nouns,4.07
973,血液,liha,nouns,0.63
974,牛,karja,nouns,3.27
975,必须,tärkeä,adjectives,4.26
976,参加竞选,apina,nouns,0.0
977,玫瑰,perhonen,nouns,0.43
978,赛跑,filosofi,nouns,0.0
979,分界线,raja,nouns,3.09
980,开襟毛衣,paita,nouns,1.53
981,任务,nainen,nouns,0.0
982,国民,iso,adjectives,0.1
983,对手,vastustaja,nouns,4.4
984,加入,naida,verbs,0.69
985,北,etelä,nouns,0.69
986,老师,opiskelija,nouns,0.78
987,科学,psykologia,nouns,2.5
988,柑橘,appelsiini,nouns,3.68
989,鸟,kalkkuna,nouns,2.17
990,孤独,köyhä,adjectives,0.34
991,能量,paristo,nouns,1.56
992,驱逐,tyhjentää,verbs,1.13
993,职业,korkeakoulu,nouns,0.24
994,学生,opettaja,nouns,0.78
995,杯子,lusikka,nouns,0.65
996,训斥,vaatia,verbs,0.24
997,协议,pakti,nouns,4.72
998,促进,edetä,verbs,1.92
999,简直,ilmeisesti,adverbs,0.65
1000,人物,henkilö,nouns,3.98
1001,湖,pilvi,nouns,0.2
1002,參加,tehdä yhteistyötä,verbs,0.97
1003,灯,henkiolento,nouns,0.1
1004,水,kruunajaiset,nouns,0.04
1005,知道,ymmärtää,verbs,3.14
1006,正式,vahvasti,adverbs,0.57
1007,部,sulttaani,nouns,0.1
1008,用拳猛击,nipistää,verbs,0.68
1009,豆,kahvi,nouns,0.48
1010,看,etsiä,verbs,1.35
1011,绊倒,kaatua,verbs,3.15
1012,难得,harvinainen,adjectives,3.44
1013,种族,viikonloppu,nouns,0.0
1014,旗,veksillologia,nouns,1.21
1015,头,nenä,nouns,0.74
1016,线,auringonlasku,nouns,0.0
1017,衣服,nappi,nouns,0.92
1018,想,tiedustella,verbs,0.39
1019,提醒,myydä,verbs,0.0
1020,失去,vähentää,verbs,1.31
1021,皮炎,ekseema,nouns,3.53
1022,母亲,huoltaja,nouns,2.85
1023,门,kello,nouns,0.05
1024,粗糙,töykeä,adjectives,0.82
1025,情绪,intohimo,nouns,3.04
1026,男孩,lapsi,nouns,2.9
1027,伤心,kauhea,adjectives,0.73
1028,允许,mennä,verbs,0.25
1029,上衣,hattu,nouns,1.39
1030,老师,rabbi,nouns,1.47
1031,冷淡,särkyvä,adjectives,0.15
1032,推,vetää,verbs,0.47
1033,坚固地,rauhallisesti,adverbs,0.23
1034,接受,kiistää,verbs,0.2
1035,电梯,auto,nouns,0.05
1036,短,pitkä,adjectives,0.29
1037,歌手,näyttelijä,nouns,1.88
1038,房间,solu,nouns,1.79
1039,避免,kiistää,verbs,0.73
1040,巫师,kaapeli,nouns,0.0
1041,收到,saada kiinni,verbs,0.64
1042,保护,puolustaa,verbs,4.15
1043,运送,kantaa,verbs,2.03
1044,岩石,kaivos,nouns,1.11
1045,僧侣,pappi,nouns,1.97
1046,汽车,tehdas,nouns,0.19
1047,手臂,oksa,nouns,0.15
1048,罕见,epätavallinen,adjectives,4.64
1049,找到,hävitä ,verbs,0.15
1050,频繁,keskimääräinen,adjectives,0.57
1051,坚硬,rankka,adjectives,2.89
1052,小学生,opiskelija,nouns,4.6
1053,作曲家,kirjailija,nouns,1.97
1054,抖动,hämmentää,verbs,1.9
1055,马,orivarsa,nouns,3.38
1056,诗,rytmi,nouns,0.48
1057,留,jättää,verbs,0.64
1058,门,läsnäolo,nouns,0.0
1059,纯,vaatimaton,adjectives,0.76
1060,牧师,jumala,nouns,0.58
1061,给予,lainata,verbs,2.08
1062,指控,valehdella,verbs,0.18
1063,捕获,matkia,verbs,0.1
1064,死,hajota,verbs,0.69
1065,象征,merkki,nouns,5.2
1066,想像,luoda,verbs,0.86
1067,棒球,valmentaja,nouns,0.25
1068,意见,valinta,nouns,0.95
1069,可怕,surullinen,adjectives,0.73
1070,汽车,hissi,nouns,0.05
1071,问,rukoilla,verbs,0.78
1072,政府,lisko,nouns,0.0
1073,大致地,helposti,adverbs,0.15
1074,乐队,kestävyys,nouns,0.0
1075,保持,säilyttää,verbs,3.59
1076,柔软,väkivaltainen,adjectives,0.1
1077,远足,kiivetä,verbs,1.13
1078,沙发,tuoli,nouns,2.24
1079,首词,syntaksi,nouns,0.78
1080,预测,määrittää,verbs,0.39
1081,地区,vyöhyke,nouns,4.57
1082,參加,jättää,verbs,0.23
1083,州长,keisari,nouns,0.69
1084,吉他,rumpu,nouns,1.03
1085,智力,logiikka,nouns,2.9
1086,游行,yhtye,nouns,0.33
1087,阳光,omena,nouns,0.09
1088,蔗糖,hiilihydraatti,nouns,3.13
1089,船,ankkuri,nouns,0.63
1090,满载,painava,adjectives,1.11
1091,木,peitto,nouns,0.0
1092,非法,moraaliton,adjectives,1.89
1093,坚固地,pehmeästi,adverbs,0.2
1094,统治,voittaa,verbs,0.78
1095,高高兴兴地,turvallisesti,adverbs,0.73
1096,枫木,tammi,nouns,2.13
1097,契约,sopimus,nouns,4.72
1098,成熟地,hurskaasti,adverbs,0.75
1099,公平,epäreilusti,adverbs,0.38
1100,飑,tuuli,nouns,3.56
1101,威士忌酒,shamppanja,nouns,2.03
1102,岛,tehtävä,nouns,0.0
1103,凳子,tuoli,nouns,4.92
1104,建立,luoda,verbs,4.07
1105,天空,aurinko,nouns,0.96
1106,恶化,pyyhkiä,verbs,0.05
1107,强硬,kova,adjectives,2.89
1108,温和,terävä,adjectives,0.0
1109,大灾变,tuli,nouns,0.51
1110,现代,muinainen,adjectives,0.2
1111,款待,maksaa,verbs,0.09
1112,鸟,haukka,nouns,2.65
1113,似乎,teeskennellä,verbs,0.54
1114,针织套衫,jakku,nouns,2.59
1115,人群,kimppu,nouns,0.05
1116,软管,auto,nouns,0.04
1117,草药,marihuana,nouns,2.52
1118,世纪,väkijuoma,nouns,0.0
1119,犹豫,raivostunut,adjectives,0.53
1120,无聊,väsynyt,adjectives,0.54
1121,冬天,kesä,nouns,0.6
1122,弯曲,aggressiivinen,adjectives,0.09
1123,准确地,aktiivisesti,adverbs,0.57
1124,汽车,katu,nouns,0.34
1125,自豪,vahva,adjectives,0.57
1126,骨头,nilkka,nouns,1.03
1127,常规地,normaalisti,adverbs,3.75
1128,保龄,keilaaja,nouns,1.45
1129,派对,naamio,nouns,0.24
1130,自然地,epäluonnollisesti,adverbs,0.38
1131,解决,suorittaa loppuun,verbs,2.32
1132,子程序,laatija,nouns,0.46
1133,章节,yö,nouns,0.0
1134,洞察力,älykkyys,nouns,2.88
1135,魔鬼,jumala,nouns,0.7
1136,分子,atomi,nouns,2.42
1137,检查,tutkia,verbs,2.46
1138,紫罗兰,kukka,nouns,3.13
1139,王子,kuningas,nouns,2.0
1140,形象,idea,nouns,0.5
1141,锤,hampaat,nouns,0.0
1142,客串角色,esitys,nouns,0.55
1143,沙发,pesäpallo,nouns,0.25
1144,新,hiljattainen,adjectives,3.06
1145,妻子,pilli,nouns,0.09
1146,弯曲,kulma,nouns,1.1
1147,手臂,niska,nouns,0.64
1148,红酒,väkijuoma,nouns,3.3
1149,包装纸,satama,nouns,0.0
1150,爆玉米花,elokuvateatteri,nouns,0.43
1151,得到,ostaa,verbs,0.96
1152,眼泪,silmä,nouns,0.68
1153,离开,vetäytyä,verbs,3.28
1154,父亲,vanhempi,nouns,3.83
1155,打,kehys,nouns,0.04
1156,晚上,aamunkoitto,nouns,0.65
1157,副驾驶,kyttä,nouns,0.49
1158,获得,liittyä,verbs,0.1
1159,大概,ehkäpä,adverbs,3.07
1160,旅程,retki,nouns,4.29
1161,尝试,saavuttaa,verbs,0.96
1162,主意,kuva,nouns,0.5
1163,男人,menestyjä,nouns,0.33
1164,踝,luu,nouns,1.03
1165,肺,maksa,nouns,1.12
1166,卖,muistuttaa,verbs,0.0
1167,牛奶,mehu,nouns,1.02
1168,监护人,äiti,nouns,2.85
1169,小说,kirjailija,nouns,0.39
1170,平庸,kunnossa oleva,adjectives,0.48
1171,香槟,viski,nouns,2.03
1172,突变体,sosiobiologia,nouns,0.23
1173,撤离,määrittää,verbs,0.05
1174,流言蜚语,uutiset,nouns,1.59
1175,糟糕,paha,adjectives,3.97
1176,法律,koulu,nouns,0.28
1177,书,kirjallisuus,nouns,2.2
1178,谈判,diplomatia,nouns,2.06
1179,大多,pääasiassa,adverbs,4.6
1180,联合,sokeriruoko,nouns,0.1
1181,脆弱,helppo,adjectives,0.14
1182,合唱,laulaja,nouns,1.77
1183,发展,varainkeruu ,nouns,0.04
1184,匆忙,rynnätä,verbs,3.4
1185,雪,myrsky,nouns,0.91
1186,碗,lautanen,nouns,2.11
1187,出现,jättää,verbs,0.0
1188,流体,suutin,nouns,0.05
1189,除,lisätä,verbs,0.68
1190,饮食,omena,nouns,0.71
1191,发现,tajuta,verbs,3.71
1192,税,tulo,nouns,0.67
1193,奖学金,lukukausimaksu,nouns,0.61
1194,稻草,vaimo,nouns,0.09
1195,恢复,korjata,verbs,1.44
1196,货币,vaihto,nouns,0.6
1197,汽车,automobiili,nouns,5.91
1198,正式地,merkittävästi,adverbs,0.8
1199,拒绝,välttää,verbs,0.73
1200,学习,imeä itseensä,verbs,2.5
1201,叔叔,serkku,nouns,1.03
1202,大致,kärsimättömästi,adverbs,0.35
1203,纸,juliste,nouns,2.21
1204,厨房,kylpyhuone,nouns,0.74
1205,伤心,hauska,adjectives,0.24
1206,球,tykki,nouns,0.0
1207,顶,kylki,nouns,0.39
1208,艺术品,taiteilija,nouns,0.86
1209,保留,unohtaa,verbs,0.14
1210,婴儿,aikuinen,nouns,0.68
1211,酒,viini,nouns,3.21
1212,马,tamma,nouns,3.58
1213,圣歌,pilli,nouns,0.1
1214,滑雪板,hiihtäminen,nouns,1.13
1215,女王,mehiläinen,nouns,0.4
1216,内疚,paha,adjectives,0.55
1217,简单,helppo,adjectives,4.38
1218,呛,hengittää,verbs,0.57
1219,身体,käsivarsi,nouns,0.88
1220,操纵杆,tutka,nouns,0.24
1221,儿子,poika,nouns,3.55
1222,地区,nurkka,nouns,0.72
1223,新鲜,leveä,adjectives,0.0
1224,银行,istuin,nouns,0.09
1225,资料,sanomalehti,nouns,1.42
1226,颚,luu,nouns,1.52
1227,雨,usva,nouns,1.31
1228,家长,aikuinen,nouns,3.19
1229,经济,ekosysteemi,nouns,0.4
1230,器官,maksa,nouns,2.47
1231,应用,galaksi,nouns,0.0
1232,肝脏,elin,nouns,2.47
1233,服从,käyttäytyä,verbs,3.3
1234,意外,katastrofi,nouns,3.65
1235,消失,löytää,verbs,0.15
1236,电影,teatteri,nouns,1.35
1237,浮动,laulaa,verbs,0.0
1238,幻灯片,osoitin,nouns,0.09
1239,代数,operaatio,nouns,0.05
1240,再热,esilämmitys,nouns,0.87
1241,诗人,toimittaja,nouns,0.45
1242,男人,setä,nouns,2.63
1243,诚实地,vilpittömästi,adverbs,4.5
1244,手臂,jalka,nouns,0.92
1245,人,ilmapallo,nouns,0.0
1246,大薄片,lentokone,nouns,0.14
1247,手,ranne,nouns,2.15
1248,保持,vaalia,verbs,1.18
1249,完成,ratkaista,verbs,2.32
1250,草莓,kirsikka,nouns,1.48
1251,慷慨地,ei koskaan,adverbs,0.05
1252,沟通,rukoilla,verbs,0.52
1253,工人,mekaanikko,nouns,2.48
1254,犯罪者,rikollinen,nouns,5.11
1255,懒,kallisarvoinen,adjectives,0.04
1256,牛肉,liha,nouns,3.52
1257,路,moottoritie,nouns,3.96
1258,哥哥,isä,nouns,0.94
1259,爸爸,äiti,nouns,1.08
1260,沙发,sänky,nouns,0.41
1261,人,hahmo,nouns,3.98
1262,文化,yhteiskunta,nouns,1.69
1263,批评,vihata,verbs,0.72
1264,力量,mahti,nouns,3.19
1265,雨,raekuuro,nouns,2.13
1266,笔记本,ase,nouns,0.0
1267,收到,saavuttaa,verbs,0.35
1268,容易,kova,adjectives,0.29
1269,收集,organisoida,verbs,1.0
1270,读,purra,verbs,0.0
1271,扼杀,halata,verbs,0.25
1272,瘦,solakka,adjectives,4.97
1273,不同意,taistella,verbs,0.55
1274,激进,väkivaltainen,adjectives,2.02
1275,懊恼,viha,nouns,2.33
1276,火车,raitiovaunu,nouns,2.06
1277,灯泡,kukka,nouns,0.0
1278,慷慨地,kiltisti,adverbs,1.97
1279,演员,näyttelijätär,nouns,4.03
1280,货币,samanaikaisuus,nouns,0.04
1281,毛,ase,nouns,0.0
1282,秘书,nainen,nouns,0.77
1283,暴风雨,hurrikaani,nouns,3.07
1284,故事,laulu,nouns,0.47
1285,审查,esteettömyys,nouns,0.1
1286,避难所,maja,nouns,1.27
1287,紧紧地,uskomattomasti,adverbs,0.1
1288,机械师,työläinen,nouns,2.48
1289,基督教,protestantti,nouns,3.31
1290,毛,nainen,nouns,0.0
1291,部长,rabbi,nouns,0.24
1292,频繁,oppimaton,adjectives,0.04
1293,声明放弃,tukahduttaa,verbs,0.3
1294,柄,valkuaisaine,nouns,0.0
1295,离开,tulla sisään,verbs,0.18
1296,愉快,ihmeellinen,adjectives,2.17
1297,猫,koira,nouns,0.92
1298,心理学,tiede,nouns,2.5
1299,新,tuore,adjectives,4.3
1300,羊,karitsa,nouns,4.33
1301,雨,lumimyrsky,nouns,1.47
1302,自由,keidas,nouns,0.04
1303,募捐活动,tapahtuma,nouns,1.83
1304,撞,murskata,verbs,1.13
1305,煮,sekoittaa,verbs,0.34
1306,乐趣,peli,nouns,0.63
1307,迅速,vikkelä,adjectives,4.65
1308,保护,säästää,verbs,2.03
1309,沐浴,ilmapallo,nouns,0.05
1310,踢,sattua,verbs,0.81
1311,电池,energia,nouns,1.56
1312,公开地,massiivisesti,adverbs,0.55
1313,木,kivi,nouns,0.39
1314,早餐,pekoni,nouns,0.78
1315,大气层,saastuminen,nouns,0.09
1316,使心烦,sattua,verbs,0.45
1317,保持,menettää,verbs,0.19
1318,教堂,kaapeli,nouns,0.0
1319,搜索,metsästää,verbs,1.36
1320,每当,joskus,adverbs,0.83
1321,谷物,vehnä,nouns,3.24
1322,显微镜,biologi,nouns,0.29
1323,枪,temppu,nouns,0.04
1324,骑,siirrellä,verbs,0.45
1325,中性,ratkaisematon,adjectives,0.57
1326,木,paperi,nouns,0.97
1327,云,ikkuna,nouns,0.0
1328,重新安葬,hauta,nouns,0.92
1329,骨头,käsivarsi,nouns,0.92
1330,追逐,saada kiinni,verbs,1.74
1331,相机,jatko-osa,nouns,0.04
1332,身体,vatsa,nouns,1.86
1333,安全地,onnellisesti,adverbs,0.73
1334,无实体,hengellinen,adjectives,2.57
1335,河,laakso,nouns,1.21
1336,猎物,jumala,nouns,0.0
1337,诚实地,ei koskaan,adverbs,0.0
1338,香烟,tupakka,nouns,5.06
1339,硬币,korvaus,nouns,0.84
1340,正直地,kypsästi,adverbs,0.75
1341,大灾难,onnettomuus,nouns,3.65
1342,感情上,surullisesti,adverbs,1.51
1343,限制,supistaa,verbs,2.98
1344,帽子,takki,nouns,1.39
1345,猎狗,kettu,nouns,1.11
1346,旧,uusi,adjectives,0.34
1347,元,miljonääri,nouns,0.3
1348,杯子,purkki,nouns,2.45
1349,警察,poliitikko,nouns,0.39
1350,精彩,suurenmoinen,adjectives,3.31
1351,肚子,kurssi,nouns,0.0
1352,代码,symboli,nouns,2.75
1353,奇怪,outo,adjectives,4.98
1354,等待,pysyä,verbs,1.54
1355,打算,koettaa,verbs,2.01
1356,挑选,valikoida,verbs,3.58
1357,汽车,silta,nouns,0.24
1358,映像,kuva,nouns,2.44
1359,眼睛,kyynel,nouns,0.68
1360,自豪,uskalias,adjectives,0.61
1361,疼痛,haitta,nouns,1.21
1362,八月,kuukausi,nouns,2.6
1363,粗糙,ruma,adjectives,0.47
1364,生气,onnellinen,adjectives,0.2
1365,坏,mahtava,adjectives,0.05
1366,柠檬,omena,nouns,0.89
1367,总统,pormestari,nouns,1.9
1368,香槟酒,olut,nouns,1.83
1369,父亲,poika,nouns,0.92
1370,警察,sheriffi,nouns,3.66
1371,出租车,linja-auto,nouns,1.9
1372,神经,suoli,nouns,0.54
1373,姊妹,veli,nouns,1.99
1374,撤退,jättää,verbs,3.28
1375,治疗,behaviorismi,nouns,0.35
1376,可靠,vastuullisesti,adverbs,3.52
1377,唱,nauraa,verbs,0.25
1378,分子,matriisi,nouns,0.41
1379,其他,vastapäinen,adjectives,0.29
1380,培根,papu,nouns,0.2
1381,高兴,mieletön,adjectives,0.33
1382,知道,uskoa,verbs,1.3
1383,凯旋,voitto,nouns,3.92
1384,容易,yksinkertainen,adjectives,4.38
1385,戒除,aloittaa,verbs,0.2
1386,保持,omistaa,verbs,0.97
1387,赛跑运动员,urheilija,nouns,3.08
1388,成功,voittaa,verbs,3.51
1389,臀部,huuli,nouns,0.65
1390,遇见,uida,verbs,0.0
1391,追求,suostutella,verbs,0.44
1392,剑,ympäristö,nouns,0.18
1393,弯曲,suora,adjectives,0.34
1394,肚子,laskimo,nouns,0.64
1395,表,auringonlasku,nouns,0.0
1396,米饭,kana,nouns,0.3
1397,疾病,kuume,nouns,2.44
1398,酒,cocktail,nouns,2.88
1399,实际地,ihanteellisesti,adverbs,0.29
1400,军队,partio,nouns,0.67
1401,古老,moderni,adjectives,0.2
1402,滑雪,lumilauta,nouns,1.13
1403,世俗主义,uskonto,nouns,0.25
1404,衣服,jakku,nouns,2.54
1405,数学家,näytös,nouns,0.0
1406,预热,uudelleenlämmitys,nouns,0.87
1407,恐龙,elefantti,nouns,0.84
1408,拒绝,paheksua,verbs,0.74
1409,日落,auringonnousu,nouns,0.88
1410,戒指,sitoumus,nouns,1.14
1411,退出,torjua,verbs,1.06
1412,作者,lukija,nouns,0.73
1413,角度,etäisyys,nouns,0.18
1414,杀,puolustaa,verbs,0.38
1415,警长,kyttä,nouns,3.66
1416,刀,ase,nouns,2.5
1417,鼓,kitara,nouns,1.03
1418,安然,rauhallisesti,adverbs,3.46
1419,老鼠,säilytysastia,nouns,0.0
1420,小,valtava,adjectives,0.29
1421,才能,valmiudet,nouns,4.7
1422,不合理,epäreilusti,adverbs,2.8
1423,舌头,poski,nouns,0.75
1424,死亡,hautaaminen,nouns,0.82
1425,朋友,opettaja,nouns,0.71
1426,被动,väkivaltainen,adjectives,0.1
1427,大,kansallinen,adjectives,0.1
1428,候选人,voittaja,nouns,1.64
1429,议会,kongressi,nouns,3.31
1430,允许,päästää,verbs,3.23
1431,点菜,ruokalista,nouns,0.78
1432,害怕,epävarma,adjectives,0.86
1433,拿,jättää,verbs,0.4
1434,打扰,pahentaa,verbs,0.2
1435,雕塑,patsas,nouns,5.38
1436,给予,kiistää,verbs,0.0
1437,十字架,munkki,nouns,0.29
1438,攻击,rikos,nouns,0.56
1439,鸟,naaraslintu,nouns,2.37
1440,自由,viaton,adjectives,0.34
1441,分子,ilma,nouns,0.53
1442,床,sairaala,nouns,0.33
1443,似乎,tulla,verbs,0.34
1444,熔化,liueta,verbs,3.61
1445,忘记,säilyttää,verbs,0.14
1446,门,veljeskunta,nouns,0.0
1447,降落,vetäytyä,verbs,0.55
1448,混乱,rauhallisesti,adverbs,0.2
1449,抓住,kaapata,verbs,3.41
1450,尖,tylsä,adjectives,0.29
1451,大象,kompassi,nouns,0.1
1452,海,valtameri,nouns,5.21
1453,手臂,olkapää,nouns,0.98
1454,非一般,harvinainen,adjectives,4.64
1455,米,jaardi,nouns,2.58
1456,衣服,komero,nouns,0.48
1457,成功,yrittää,verbs,0.58
1458,打,sulautua,verbs,0.0
1459,阿姨,veljenpoika,nouns,0.54
1460,肘,nilkka,nouns,0.97
1461,培根,aamiainen,nouns,0.78
1462,选择,päättää,verbs,3.31
1463,伪装,salata,verbs,3.65
1464,创建,rakentaa,verbs,4.07
1465,日期,kalenteri,nouns,2.02
1466,现在,täällä,adverbs,1.3
1467,船,auto,nouns,0.63
1468,电脑,levy,nouns,0.48
1469,走,tulla sisään,verbs,0.95
1470,白天,aamunkoitto,nouns,2.37
1471,不确定,pelästynyt,adjectives,0.86
1472,碗,häntä,nouns,0.0
1473,花朵,kestävyys,nouns,0.23
1474,啤酒,juoma,nouns,2.63
1475,精彩,mahtava,adjectives,1.69
1476,天花板,katto,nouns,3.54
1477,骨髓,veri,nouns,0.18
1478,贫困,varallisuus,nouns,0.3
1479,粗鲁,aggressiivinen,adjectives,1.74
1480,椅子,jakkara,nouns,4.92
1481,雨,tihkusade,nouns,3.73
1482,扼杀,palaa,verbs,0.39
1483,煮沸,paistaa,verbs,1.42
1484,摔倒,kompastua,verbs,3.15
1485,僧侣,risti,nouns,0.29
1486,装饰,kirjekuori,nouns,0.37
1487,成长,korottaa,verbs,1.1
1488,字,fraasi,nouns,1.11
1489,争论,huutaa,verbs,1.1
1490,自豪的,nõyrästi,adverbs,0.43
1491,四轮货运马车,säilytysastia,nouns,0.19
1492,发抖,jäätyä,verbs,0.48
1493,三角洲,meri,nouns,0.79
1494,肢体,jalka,nouns,2.7
1495,酒,yhtye,nouns,0.0
1496,芥末,siemen,nouns,0.83
1497,星系,astronomi,nouns,0.44
1498,联合,yhdistelmä,nouns,3.13
1499,拒绝,evätä,verbs,3.63
1500,私人的,julkinen,adjectives,0.29
1501,灵魂,veli,nouns,0.0
1502,不道德,paha,adjectives,3.06
1503,追逐,seurata,verbs,3.16
1504,信用,lainaaja,nouns,0.76
1505,加剧,vaivata,verbs,0.2
1506,运动,aktiviteetti,nouns,2.36
1507,悬崖,häntä,nouns,0.0
1508,收入,vero,nouns,0.67
1509,母鸡,kalkkuna,nouns,2.13
1510,小心地,vaarallisesti,adverbs,0.23
1511,焦躁不安,nuori,adjectives,0.1
1512,安全,mukavuus,nouns,0.49
1513,家,osavaltio,nouns,0.05
1514,机器人技术,simulaatio,nouns,0.63
1515,独立地,vastuullisesti,adverbs,1.29
1516,床,valmentaja,nouns,0.41
1517,和声,piano,nouns,0.63
1518,表哥,setä,nouns,1.03
1519,创造者,tekijä,nouns,3.9
1520,责怪,työntää,verbs,0.18
1521,圣人,synnintekijä,nouns,0.24
1522,区域,alue,nouns,4.89
1523,男人,vartiomies,nouns,2.1
1524,鼻子,kurkku,nouns,0.84
1525,灵活,vaatimaton,adjectives,0.57
1526,三文治,lounas,nouns,0.89
1527,明亮,tähti,nouns,0.54
1528,矿,kallio,nouns,1.11
1529,饼干,prinsessa,nouns,0.0
1530,天文学家,galaksi,nouns,0.44
1531,给予,antaa lainaksi,verbs,1.99
1532,培根,liha,nouns,3.14
1533,歌谣,laulu,nouns,3.69
1534,逃走,paeta,verbs,5.62
1535,电,tapaus,nouns,0.04
1536,卖,lainata,verbs,0.43
1537,母亲,isä,nouns,1.08
1538,组合,liitto,nouns,3.13
1539,灵活,löysä,adjectives,1.31
1540,休会,suorittaa loppuun,verbs,0.29
1541,严肃,hauska,adjectives,0.25
1542,闻,pilata,verbs,0.05
1543,很少,ei koskaan,adverbs,2.88
1544,水煮,kypsennetty,adjectives,3.08
1545,害怕,ujo,adjectives,0.91
1546,赢家,maali,nouns,0.45
1547,批评,kiista,nouns,0.95
1548,种子,sinappi,nouns,0.83
1549,乐器,viulu,nouns,3.13
1550,讨论,selittää,verbs,1.75
1551,缺席,läsnäolo,nouns,0.29
1552,相信,tietää,verbs,1.3
1553,沙漠,dyyni,nouns,2.16
1554,意外,hätätilanne,nouns,3.9
1555,地板,katto,nouns,0.49
1556,没打中,iskeä,verbs,0.38
1557,争论,myöntyä,verbs,0.38
1558,盒子,sikari,nouns,0.2
1559,安全,ikävä,adjectives,0.05
1560,坚强,ylpeä,adjectives,0.57
1561,需求,kiistellä,verbs,0.48
1562,观察,katsella,verbs,3.93
1563,锡,alumiini,nouns,0.71
1564,辩解,todentaa,verbs,1.03
1565,决定,tulla johtopäätökseen,verbs,3.58
1566,争论,osallistua,verbs,0.24
1567,铁,vitamiini,nouns,0.86
1568,沙丘,aavikko,nouns,2.16
1569,学习,kuunnella,verbs,0.57
1570,精彩,ihana,adjectives,2.17
1571,问,vedota,verbs,0.29
1572,智慧,älykkyys,nouns,3.85
1573,团结,jakaa,verbs,0.48
1574,冷淡,karkea,adjectives,0.34
1575,主教,muslimi,nouns,0.52
1576,毁灭,muodostaa,verbs,0.38
1577,贫穷,ylpeä,adjectives,0.04
1578,老鹰,haukka,nouns,2.94
1579,苹果,sitruuna,nouns,0.89
1580,暴力,passiivinen,adjectives,0.1
1581,学费,apuraha,nouns,0.61
1582,类别,kaaos,nouns,0.0
1583,公主,saari,nouns,0.0
1584,管理,hiiri,nouns,0.0
1585,混乱,anarkia,nouns,3.21
1586,炒,keittää,verbs,1.42
1587,声望,varakkuus,nouns,0.47
1588,埋葬,peittää,verbs,3.13
1589,生日,päivämäärä,nouns,1.77
1590,主要,enimmäkseen,adverbs,4.6
1591,顽固,typerä,adjectives,1.21
1592,真诚地,yleensä,adverbs,0.0
1593,静脉,käsivarsi,nouns,0.29
1594,积极地,passiivisesti,adverbs,0.38
1595,储蓄者,säästö,nouns,0.88
1596,蕊,pölytys,nouns,1.02
1597,审判,tuomio,nouns,1.52
1598,游行,väkijoukko,nouns,0.98
1599,上校,hammaslääkäri,nouns,0.49
1600,屋顶,ikkuna,nouns,0.54
1601,断绝亲子关系,luopua,verbs,0.69
1602,单身牢房,putka,nouns,0.6
1603,募捐,kehitys,nouns,0.04
1604,光线电话机,homofoni,nouns,0.0
1605,车,auto,nouns,5.91
1606,牙医,eversti,nouns,0.49
1607,敬佩,jumaloida,verbs,4.42
1608,家牛,jogurtti,nouns,0.43
1609,覆盖着的,peittämätön,adjectives,0.29
1610,出租车,taksiauto,nouns,5.5
1611,有趣,amerikkalainen jalkapallo,nouns,0.2
1612,拇指,kynsi,nouns,1.07
1613,沙文主义,ennakkoluulo,nouns,1.04
1614,做,lopettaa,verbs,0.25
1615,除法,kertolasku,nouns,1.3
1616,保护,auttaa,verbs,1.54
1617,驾驶,pysähtyä,verbs,0.15
1618,演出,tehdä kunniaa,verbs,0.15
1619,旋律,musiikki,nouns,3.07
1620,电池,teatteri,nouns,0.0
1621,谴责,torjua,verbs,0.74
1622,焦急地,hermostuneesti,adverbs,3.71
1623,玉米,maissikasvi,nouns,5.5
1624,相信,hyväksyä,verbs,1.15
1625,购买,saada,verbs,0.96
1626,原子,molekyyli,nouns,2.42
1627,拉,työntää,verbs,0.47
1628,神话,satiiri,nouns,0.43
1629,失败,turvautua,verbs,0.19
1630,搜索,hakea,verbs,4.07
1631,教授,opiskelija,nouns,0.58
1632,走道,sali,nouns,0.79
1633,自信,minuus,nouns,0.97
1634,起源,saada selville,verbs,0.29
1635,传感器,jäähdytin,nouns,0.23
1636,定义,sanakirja,nouns,0.67
1637,说话,tunnustaa,verbs,0.97
1638,谦虚,puhdashenkinen,adjectives,0.76
1639,放,antaa,verbs,0.58
1640,鼓,sarvi,nouns,0.04
1641,同音词,valopuhelin,nouns,0.0
1642,管理,hallinto,nouns,3.46
1643,新,käyttämätön,adjectives,4.22
1644,收费,halveksia,verbs,0.0
1645,图表,kuvaaja,nouns,3.29
1646,认真地,merkittävästi,adverbs,0.86
1647,指甲,peukalo,nouns,1.07
1648,失去,saada,verbs,0.23
1649,磁盘,tietokone,nouns,0.48
1650,允许,jäytää,verbs,0.0
1651,提高,nostaa,verbs,3.98
1652,狮子,kissa,nouns,1.66
1653,翻译者,ulkomaalainen,nouns,0.18
1654,膝盖,käsivarsi,nouns,0.83
1655,胆大,ylpeä,adjectives,0.61
1656,南,pohjoinen,nouns,0.69
1657,大自然,kasvisto,nouns,2.11
1658,山,kieleke,nouns,0.3
1659,标志,symboli,nouns,5.2
1660,总统,poliitikko,nouns,3.04
1661,明天,tänä iltana,adverbs,0.48
1662,医生,professori,nouns,1.66
1663,种子,mylly,nouns,0.24
1664,每月,viikottainen,adjectives,1.47
1665,亲王国,herttuakunta,nouns,1.92
1666,美人,ikä,nouns,0.28
1667,某些,hermostunut,adjectives,0.0
1668,海,suisto,nouns,0.79
1669,选举权,uloskäynti,nouns,0.18
1670,米饭,papu,nouns,0.82
1671,好,mausteinen,adjectives,0.1
1672,出席,kiistellä,verbs,0.24
1673,笨,typerä,adjectives,5.51
1674,紧紧,lujasti,adverbs,4.18
1675,篱笆,raide,nouns,0.1
1676,狭窄,valkoinen,adjectives,0.18
1677,认识到,saada selville,verbs,3.71
1678,来,tuoda,verbs,1.56
1679,合金,teräs,nouns,3.56
1680,恢复,korvata,verbs,0.55
1681,字典,sana,nouns,0.88
1682,枪,veitsi,nouns,2.5
1683,谦逊,vaatimaton,adjectives,4.88
1684,目前,hienotunteisesti,adverbs,0.0
1685,字典,tietosanakirja,nouns,2.46
1686,大教堂,sisäkatto,nouns,0.1
1687,得分,taso,nouns,0.77
1688,开心,nuori,adjectives,0.1
1689,成长,kutistua,verbs,0.29
1690,确定,ennustaa,verbs,0.39
1691,踝,kyynärpää,nouns,0.97
1692,暴力,radikaali,adjectives,2.02
1693,冰,vesi,nouns,2.24
1694,外套,vaatteet,nouns,2.54
1695,伞,kaliiperi,nouns,0.04
1696,奇怪,tavallinen,adjectives,0.24
1697,注意,tietoisuus,nouns,2.42
1698,门,käytävä,nouns,0.48
1699,伴侣,kaveri,nouns,3.12
1700,香芹,muffini,nouns,0.2
1701,士兵,rauha,nouns,0.15
1702,雪崩,lumi,nouns,1.77
1703,不经常,usein,adverbs,0.38
1704,和平,sotilas,nouns,0.15
1705,校验,perustella,verbs,1.03
1706,新教,kristitty,nouns,3.31
1707,无形,amorfinen,adjectives,3.07
1708,扰乱,vaivata,verbs,3.86
1709,程序,ruoka,nouns,0.0
1710,菜单,järjestys,nouns,0.78
1711,收缩,kasvaa,verbs,0.29
1712,羊肉,lammas,nouns,4.33
1713,褪色,jäytää,verbs,0.37
1714,吸收,oppia,verbs,2.5
1715,困扰,pelästyttää,verbs,1.13
1716,巧克力,piirakka,nouns,0.53
1717,米,tuuma,nouns,2.03
1718,风,tuulenpuuska,nouns,3.56
1719,员工,laulusolisti,nouns,0.18
1720,指甲,pää,nouns,0.6
1721,电视,näyttelijä,nouns,0.62
1722,街,auto,nouns,0.34
1723,钱,käteinen,nouns,3.65
1724,裙子,rannekello,nouns,0.0
1725,制服,virkkaus,nouns,0.23
1726,流,ajelehtia,verbs,2.6
1727,争论,vaatia,verbs,0.48
1728,承认,hyväksyä,verbs,3.19
1729,摇床,seimi,nouns,3.55
1730,逃逸,löytää,verbs,0.2
1731,不公平,julma,adjectives,1.07
1732,白兰地酒,alkoholi,nouns,3.22
1733,糖果,omena,nouns,0.2
1734,故事,kynä,nouns,0.34
1735,根,ruoho,nouns,0.68
1736,忘记,oppia,verbs,0.2
1737,新娘,prinsessa,nouns,0.24
1738,被动地,hiljaa,adverbs,0.82
1739,忘记,sivuuttaa,verbs,2.58
1740,协议,kiista,nouns,0.43
1741,蝴蝶,ruusu,nouns,0.43
1742,房间,sänky,nouns,0.49
1743,蠢,tyhmä,adjectives,5.51
1744,便宜,huokea,adjectives,4.41
1745,鸡尾酒,alkoholi,nouns,2.88
1746,态度,itseluottamus,nouns,1.58
1747,元,ihmiset,nouns,0.0
1748,实现,yrittää,verbs,0.96
1749,化学,teoria,nouns,0.52
1750,优胜者,läsnäolo,nouns,0.0
1751,接受,evätä,verbs,0.38
1752,一般,rutiininomaisesti,adverbs,3.75
1753,默默地,passiivisesti,adverbs,0.82
1754,让,sallia,verbs,3.23
1755,毁灭,säästää,verbs,0.29
1756,赦免,antaa anteeksi,verbs,4.16
1757,和平地,kaoottisesti,adverbs,0.2
1758,搜索,vaeltaa,verbs,0.48
1759,沙拉,etikka,nouns,0.29
1760,短小,kääpiömäinen,adjectives,2.97
1761,喧闹声,helistin,nouns,0.8
1762,大方,mukava,adjectives,1.3
1763,混合,hämmentää,verbs,4.22
1764,裙子,tanssi,nouns,0.19
1765,建议,neuvoa,verbs,2.75
1766,犯罪,varkaus,nouns,3.42
1767,喇叭,rumpu,nouns,0.04
1768,向量,matriisi,nouns,1.2
1769,电影,nihilismi,nouns,0.28
1770,难以置信地,tiukasti,adverbs,0.1
1771,过道,käytävä,nouns,3.98
1772,啤酒,shamppanja,nouns,1.83
1773,任务,moottoritie,nouns,0.0
1774,断绝亲子关系 or...,antaa,verbs,0.0
1775,牧师,profeetta,nouns,0.79
1776,徘徊,jättää,verbs,0.04
1777,正常,erilainen,adjectives,0.2
1778,离开,ottaa,verbs,0.4
1779,棒球,veljeskunta,nouns,0.0
1780,电话,matkapuhelin,nouns,4.57
1781,风尚,muoti,nouns,3.08
1782,混合,yhdistää,verbs,2.32
1783,灾难,kuolema,nouns,1.64
1784,忽略,tulostaa,verbs,0.0
1785,对手,vihollinen,nouns,4.4
1786,轻轻的,lujasti,adverbs,0.2
1787,收缩,hävitä,verbs,0.94
1788,地毯,talo,nouns,0.29
1789,加,jakaa,verbs,0.68
1790,勺子,mehu,nouns,0.1
1791,钻石,raha,nouns,0.75
1792,茅屋,kämppä,nouns,3.06
1793,午饭,voileipä,nouns,0.89
1794,副手,virkailija,nouns,0.98
1795,疾病,vaara,nouns,0.38
1796,坚固地,tiukasti,adverbs,4.18
1797,脊柱,niska,nouns,0.82
1798,洞察力,fakta,nouns,0.49
1799,静脉,valinta,nouns,0.04
1800,普通,kylmä,adjectives,0.0
1801,摔碎,romahtaa,verbs,1.13
1802,声音,akustiikka,nouns,1.6
1803,极好,mahtava,adjectives,4.97
1804,头盔,ase,nouns,0.34
1805,窗,ovi,nouns,0.88
1806,笨,itsepäinen,adjectives,1.21
1807,平滑,terävä,adjectives,0.24
1808,肥皂泡沫,kupla,nouns,3.01
1809,获得,löytää,verbs,1.59
1810,现金,raha,nouns,3.65
1811,机场,lentokone,nouns,1.04
1812,兴奋,säikähtänyt,adjectives,0.38
1813,减少,rajoittaa,verbs,2.98
1814,诚实,syyllinen,adjectives,0.1
1815,词缀,suffiksi,nouns,2.67
1816,圣经,kirja,nouns,2.43
1817,向外,tuleva,adjectives,0.2
1818,晚上,kappale,nouns,0.0
1819,书,aihe,nouns,1.3
1820,伤心地,tunteellisesti,adverbs,1.51
1821,猫,lemmikkieläin,nouns,3.18
1822,孩子,poika,nouns,3.03
1823,收集,ravistaa,verbs,0.15
1824,节目,matemaatikko,nouns,0.0
1825,晚餐,aamiainen,nouns,1.17
1826,忙碌,laiska,adjectives,0.2
1827,沙拉,ruokavalio,nouns,0.83
1828,幸福,tuuri,nouns,0.66
1829,煮,menettää,verbs,0.0
1830,道德,legenda,nouns,0.0
1831,树,lehti,nouns,0.83
1832,晚饭,ateria,nouns,3.1
1833,收到,hyväksyä,verbs,0.91
1834,肉,pekoni,nouns,3.14
1835,渴,nälkäinen,adjectives,1.46
1836,秒,minuutti,nouns,2.15
1837,电视,käsikirjoittaja,nouns,0.53
1838,宫殿,pilvenpiirtäjä,nouns,0.83
1839,重要,välttämätön,adjectives,4.52
1840,出租车,auto,nouns,3.33
1841,拥有,pitää,verbs,0.97
1842,清醒,kuorsata,verbs,0.33
1843,拥有,imeä itseensä,verbs,0.33
1844,冰,lumi,nouns,2.77
1845,保持,antaa,verbs,0.29
1846,协助,tukea,verbs,4.02
1847,传播,tahrata,verbs,0.77
1848,女人,farkut,nouns,0.04
1849,虚无主义,elokuva,nouns,0.28
1850,律师,pankkiiri,nouns,0.64
1851,歌曲,balladi,nouns,3.69
1852,群落生境,biologia,nouns,1.24
1853,退休,vetäytyä,verbs,1.91
1854,大夫,tohtori,nouns,4.96
1855,喜爱,vihata,verbs,0.24
1856,汤,päivällinen,nouns,1.07
1857,铝,metalli,nouns,3.0
1858,座舱,lentoperämies,nouns,0.57
1859,外国人,kääntäjä,nouns,0.18
1860,故事,kirja,nouns,2.08
1861,天神,pappi,nouns,0.58
1862,大炮,pallo,nouns,0.0
1863,抱怨,tuoda,verbs,0.09
1864,走,sallia,verbs,0.25
1865,理论,kemia,nouns,0.52
1866,绝望,kurjuus,nouns,2.63
1867,马赛克,basilikakirkko,nouns,0.25
1868,想要,lainata,verbs,0.54
1869,不公平地,kohtuuttomasti,adverbs,2.8
1870,语言,viestintä,nouns,1.32
1871,果园,strutsi,nouns,0.0
1872,不昂贵,halpa,adjectives,4.41
1873,对抗,ärsyttää,verbs,2.14
1874,人,dollari,nouns,0.0
1875,怀疑,pidättää,verbs,0.43
1876,侵蚀,sallia,verbs,0.0
1877,准确地,tarkalleen,adverbs,5.38
1878,骨头,polvi,nouns,1.33
1879,老鼠,johtokunta,nouns,0.0
1880,钥匙,lukko,nouns,0.86
1881,公共汽车,taksi,nouns,1.9
1882,脖子,käsivarsi,nouns,0.64
1883,搏斗,leikkiä,verbs,0.48
1884,汽车,vaunut,nouns,1.65
1885,玉米,maissi,nouns,5.5
1886,平淡,jännittävä,adjectives,0.29
1887,淋透,supistaa,verbs,0.0
1888,气球,kylpy,nouns,0.05
1889,洗手间,keittiö,nouns,0.74
1890,羞耻,onnekas,adjectives,0.1
1891,未成熟的,täysikasvuinen,adjectives,0.38
1892,汽车,kuorma-auto,nouns,3.01
1893,英寸,metri,nouns,2.03
1894,软管,puutarha,nouns,0.25
1895,教堂,kuoro,nouns,0.39
1896,拥抱,halailla,verbs,4.94
1897,插图,rakko,nouns,0.0
1898,播放机,valmentaja,nouns,0.5
1899,年,syntymäpäivä,nouns,0.77
1900,告诉,muistuttaa,verbs,2.21
1901,两次,moninkertainen,adverbs,0.74
1902,马上,kerran,adverbs,0.1
1903,正文,kirja,nouns,2.63
1904,灵活的,venyvä,adjectives,4.18
1905,叶,puu,nouns,0.83
1906,星期,viikonloppu,nouns,1.94
1907,徽章,lasi,nouns,0.04
1908,穿,repiä,verbs,0.14
1909,月,elokuu,nouns,2.6
1910,实现,vastaanottaa,verbs,0.35
1911,失败,menettää,verbs,0.77
1912,黎明,yö,nouns,0.65
1913,两次,kerran,adverbs,0.87
1914,咖啡,papu,nouns,0.48
1915,羞耻,järkyttynyt,adjectives,0.43
1916,不诚实,paha,adjectives,1.21
1917,借,myydä,verbs,0.43
1918,两次,aina,adverbs,0.4
1919,减少,kastella,verbs,0.0
1920,问,sivuuttaa,verbs,0.09
1921,宪法,senaatti,nouns,0.67
1922,乞求,lainata,verbs,1.04
1923,机械,sähköinen,adjectives,1.78
1924,羞辱,lohduttaa,verbs,0.09
1925,天花板,lattia,nouns,0.7
1926,北方,länsi,nouns,0.64
1927,理想地,mekaanisesti,adverbs,0.09
1928,理解,tietää,verbs,3.66
1929,电影,filmi,nouns,4.74
1930,充电器,levy,nouns,0.1
1931,火,apokalypsi,nouns,0.51
1932,拿,varastaa,verbs,1.45
1933,帮手,opettaja,nouns,1.51
1934,耐力,vahvuus,nouns,3.27
1935,害怕,hermostunut,adjectives,2.0
1936,新闻,juoruilu,nouns,1.59
1937,树木,vaahtera,nouns,3.88
1938,学习,kouluttaa,verbs,1.73
1939,摔碎,särkeä,verbs,4.3
1940,允许,kumota,verbs,0.25
1941,偶然,säännöllisesti,adverbs,0.52
1942,强调,rentoutunut,adjectives,0.2
1943,高度,keskustelu,nouns,0.04
1944,同意,olla erilainen,verbs,0.0
1945,才能,kyky,nouns,4.29
1946,铅笔,tarina,nouns,0.34
1947,三明治,liha,nouns,0.63
1948,事件,varainkeruutapahtuma,nouns,1.83
1949,遇见,jättää,verbs,0.18
1950,一分钱,koko,nouns,0.65
1951,装作,näyttää,verbs,0.54
1952,非自然,negatiivisesti,adverbs,0.24
1953,功课,essee,nouns,1.46
1954,兄弟会,ovi,nouns,0.0
1955,蔑视,vihata,verbs,3.0
1956,肉,voileipä,nouns,0.63
1957,比较,analysoida,verbs,2.42
1958,冷静地,hienovaraisesti,adverbs,0.83
1959,加入,hankkia,verbs,0.1
1960,沉闷,tylsä,adjectives,2.19
1961,舒服地,helposti,adverbs,1.52
1962,容易地,mukavasti,adverbs,1.52
1963,手臂,lihas,nouns,1.19
1964,父亲,jumala,nouns,0.24
1965,门,oviaukko,nouns,3.52
1966,人,lapsi,nouns,1.73
1967,微妙地,nykyään,adverbs,0.0
1968,房子,asunto,nouns,3.88
1969,壁,linna,nouns,0.53
1970,接受,torjua,verbs,0.43
1971,流行,tunnettu,adjectives,3.17
1972,故事,aihe,nouns,0.77
1973,男人,epäilty,nouns,0.43
1974,甘蔗,leikkuupuimuri,nouns,0.1
1975,大厅,välikäytävä,nouns,0.79
1976,电车,juna,nouns,2.06
1977,床,seimi,nouns,2.75
1978,击剑,voimistelu,nouns,1.3
1979,钟,torni,nouns,0.57
1980,打碎,murskata,verbs,4.3
1981,海滩,saari,nouns,1.08
1982,分钟,sekunti,nouns,2.15
1983,吉他,viulu,nouns,1.27
1984,座位,pankki,nouns,0.09
1985,穿,jäytää,verbs,0.14
1986,相信,tuntea,verbs,1.21
1987,文学,sana,nouns,1.4
1988,丈夫,vaimo,nouns,0.79
1989,说谎,kiistää,verbs,0.82
1990,案件,laitteisto,nouns,0.09
1991,猛烈地,surullisesti,adverbs,0.24
1992,巨大,pikkuruinen,adjectives,0.29
1993,经理,johtaja,nouns,2.7
1994,悄悄地,luonnollisesti,adverbs,0.43
1995,坦白,kieltäminen,nouns,0.15
1996,加剧,hyökätä kimppuun,verbs,0.38
1997,生气,raivo,nouns,4.25
1998,钱,timantti,nouns,0.75
1999,脏,hämmästyttävä,adjectives,0.0
2000,有弹性,joustava,adjectives,4.18
2001,出口,oviaukko,nouns,3.57
2002,深度,suuruus,nouns,1.21
2003,自豪,surullinen,adjectives,0.14
2004,忽略,tehdä tutkimusmatka,verbs,0.0
2005,有趣,surullinen,adjectives,0.24
2006,市长,presidentti,nouns,1.9
2007,自行车,auto,nouns,0.78
2008,写,raapustaa,verbs,3.33
2009,离开,tavata,verbs,0.18
2010,防御,suojella,verbs,4.15
2011,演员,monitahokas,nouns,0.05
2012,矬小,pienehkö,adjectives,2.97
2013,侧面,pohja,nouns,0.34
2014,知会,kiillottaa,verbs,0.0
2015,不诚实,totuudenmukainen,adjectives,0.24
2016,偏压,mielipide,nouns,0.39
2017,瓶子,tölkki,nouns,2.17
2018,拒绝,välttää,verbs,1.88
2019,旗,tanko,nouns,0.98
2020,发射,lähettää,verbs,2.6
2021,模仿,kaapata,verbs,0.1
2022,可悲的是,mielettömästi,adverbs,0.24
2023,完全地,niukasti,adverbs,0.1
2024,精灵,lamppu,nouns,0.1
2025,肌肉,luu,nouns,0.63
2026,失去,kypsentää,verbs,0.0
2027,学生,professori,nouns,0.58
2028,尊严,arvomerkki,nouns,0.15
2029,吉他,taimen,nouns,0.0
2030,私人,henkilökohtainen,adjectives,4.23
2031,戏法,kylpy,nouns,0.0
2032,工作,työkalu,nouns,0.48
2033,社会,kulttuuri,nouns,1.69
2034,自豪地,rauhanomaisesti,adverbs,0.09
2035,说话,kuiskata,verbs,2.9
2036,日落,naru,nouns,0.0
2037,花费,säästää,verbs,0.57
2038,进入,jättää,verbs,0.18
2039,腿,käsivarsi,nouns,0.92
2040,发送,vastaanottaa,verbs,0.52
2041,长大,epäkypsä,adjectives,0.38
2042,冻结,vapista,verbs,0.48
2043,公式,yhtälö,nouns,2.79
2044,机灵,tyhmä,adjectives,0.29
2045,公主,morsian,nouns,0.24
2046,显然,hienovaraisesti,adverbs,0.28
2047,微妙地,äänekkäästi,adverbs,0.05
2048,奇怪,omituinen,adjectives,5.42
2049,选择,vankila,nouns,0.04
2050,总统,kamera,nouns,0.0
2051,真诚地,rehellisesti,adverbs,4.5
2052,自行车,iho,nouns,0.0
2053,班级,korkeakoulu,nouns,0.34
2054,海岸,tykkivene,nouns,0.2
2055,原谅,unohtaa,verbs,0.68
2056,给,olla tunnustamatta,verbs,0.0
2057,性能,kirjallinen muotokuva,nouns,0.55
2058,通灵研究,neuropsykologia,nouns,1.22
2059,原木,kylpy,nouns,0.0
2060,带来,kantaa,verbs,2.4
2061,烧伤,tukahduttaa,verbs,0.39
2062,通常,epäsäännöllisesti,adverbs,0.47
2063,从不,tuskin koskaan,adverbs,2.88
2064,燕麦,pelto,nouns,0.57
2065,丈夫,mies,nouns,3.3
2066,男孩,sotilas,nouns,1.73
2067,搅拌,sekoittaa,verbs,4.22
2068,提高,juoda,verbs,0.0
2069,宽大,kapea,adjectives,0.34
2070,身体,rintakehä,nouns,2.15
2071,逮捕,epäillä,verbs,0.43
2072,晚餐,aamiainen,nouns,1.16
2073,酒,vuosisata,nouns,0.0
2074,阳光,taivas,nouns,0.96
2075,理解,lukea,verbs,0.82
2076,独特,vastapäinen,adjectives,0.65
2077,说服,tavoitella,verbs,0.44
2078,结婚,yhdistää,verbs,1.02
2079,承认,kiistää,verbs,0.38
2080,公爵,tasavalta,nouns,0.2
2081,混乱,hysteria,nouns,2.12
2082,搏斗,olla eri mieltä,verbs,0.55
2083,父亲,tytär,nouns,0.64
2084,组织,tulla,verbs,0.0
2085,果汁,omena,nouns,1.07
2086,一分钱,vaimo,nouns,0.18
2087,符号,koodi,nouns,2.75
2088,法官,tuomioistuin,nouns,1.06
2089,鳟鱼,kitara,nouns,0.0
2090,温和地,kiltisti,adverbs,3.73
2091,棚屋,suoja,nouns,1.27
2092,监护人,aikuinen,nouns,2.52
2093,无穷,nolla,nouns,0.05
2094,碱,happo,nouns,0.14
2095,士兵,poika,nouns,1.73
2096,简单,vaikea,adjectives,0.29
2097,相机,presidentti,nouns,0.0
2098,声学,ääni,nouns,1.6
2099,压抑,luopua,verbs,0.3
2100,钩针编织,virkapuku,nouns,0.23
2101,不可能,ystävällisesti,adverbs,0.09
2102,裙带关系,kuningas,nouns,0.73
2103,好斗,kaareva,adjectives,0.09
2104,推荐,neuvoa,verbs,3.56
2105,自行车,makuuhuone,nouns,0.0
2106,编剧,televisio,nouns,0.53
2107,猫,leijona,nouns,1.66
2108,申请,hakija,nouns,1.14
2109,听,havaita,verbs,1.74
2110,美,sonetti,nouns,0.15
2111,手臂,luu,nouns,0.92
2112,肝,keuhko,nouns,1.12
2113,悲伤,häpeä,nouns,1.2
2114,家牛,naudanliha,nouns,2.85
2115,神经心理学,parapsykologia,nouns,1.22
2116,恐吓,kummitella,verbs,1.13
2117,椅子,sohva,nouns,2.24
2118,信封,koriste,nouns,0.37
2119,哨兵,mies,nouns,2.1
2120,工作者,työnantaja,nouns,0.89
2121,大学,kampus,nouns,2.91
2122,小心地,varovasti,adverbs,4.03
2123,检查,shakki,nouns,0.09
2124,更改,muuttaa,verbs,3.61
2125,便宜货,penni,nouns,0.15
2126,叶,taimi,nouns,1.01
2127,容器,hiiri,nouns,0.0
2128,古老,uusi,adjectives,0.29
2129,疯,hullu,adjectives,4.79
2130,容易,iso,adjectives,0.0
2131,肌肉,kieli,nouns,1.31
2132,得到,laittaa,verbs,0.1
2133,抓住,vapauttaa,verbs,0.34
2134,赢,dominoida,verbs,0.78
2135,旗帜学,lippu,nouns,1.21
2136,蜜糖,sokeri,nouns,2.22
2137,内疚,rehellinen,adjectives,0.1
2138,清洁,sotkuinen,adjectives,0.24
2139,沐浴,temppu,nouns,0.0
2140,珍贵,laiska,adjectives,0.04
2141,射线,auringonpaiste,nouns,1.64
2142,肘,luu,nouns,0.69
2143,正义,tuomioistuin,nouns,1.21
2144,收到,ottaa,verbs,2.37
2145,码,tuuma,nouns,2.17
2146,漂移,virrata,verbs,2.6
2147,站立,kävellä,verbs,0.53
2148,雾气,pilvi,nouns,2.65
2149,刺激,arvata,verbs,0.04
2150,老鼠,kissa,nouns,0.83
2151,薄雾,pilvi,nouns,2.75
2152,白兰地,viini,nouns,2.17
2153,很可能,mahdollisesti,adverbs,3.63
2154,聪慧,tyhmä,adjectives,0.29
2155,选择,vaalit,nouns,2.51
2156,头,jalkaterä,nouns,0.69
2157,头脑,neuroosi,nouns,0.44
2158,简单,haavoittuvainen,adjectives,0.14
2159,发炎,tauti,nouns,3.21
2160,选择,mielipide,nouns,0.95
2161,跑,ajaa,verbs,0.63
2162,薪水,maksu,nouns,1.35
2163,防守,tappaa,verbs,0.38
2164,战役,valloitus,nouns,1.27
2165,年轻,onnellinen,adjectives,0.1
2166,系统,vika,nouns,0.1
2167,主机板,päälevy,nouns,3.63
2168,社会生物学,mutantti,nouns,0.23
2169,打扰,häiritä,verbs,3.86
2170,田,kaura,nouns,0.57
2171,新鲜,vanha,adjectives,0.29
2172,小旅馆,motelli,nouns,3.73
2173,病理学,hematologia,nouns,1.99
2174,枪,kersantti,nouns,0.24
2175,波浪,sää,nouns,0.15
2176,海滩,rannikkoalue,nouns,nan
2177,乞求,vedota,verbs,3.5
2178,歌手,kuoro,nouns,1.77
2179,喝醉,selvin päin oleva,adjectives,0.29
2180,儿童,mies,nouns,1.73
2181,无家可归,miljardööri,nouns,0.15
2182,相反,muu,adjectives,0.29
2183,打扰,loukata,verbs,1.5
2184,母亲,vaimo,nouns,1.98
2185,覆盖着,vaatetettu,adjectives,2.23
2186,没有覆蓋的,peitetty,adjectives,0.29
2187,离开,ilmestyä,verbs,0.0
2188,侄子,täti,nouns,0.54
2189,救,hukkua ,verbs,0.1
2190,对乙酰氨基酚,keuhkoputkentulendus,nouns,0.19
2191,钢笔,aakkoset,nouns,0.05
2192,长凳,tuoli,nouns,3.76
2193,完成,lykätä,verbs,0.29
2194,帮忙,kysyä,verbs,0.29
2195,生存,elää,verbs,2.42
2196,鸵鸟,hedelmätarha,nouns,0.0
2197,同意,miellyttää,verbs,1.45
2198,大主教,piispa,nouns,3.93
2199,雇主,työntekijä,nouns,0.89
2200,放走,saada kiinni,verbs,0.34
2201,段,kirje,nouns,0.14
2202,火鸡,naaraslintu,nouns,2.13
2203,罗盘,elefantti,nouns,0.1
2204,任务,saari,nouns,0.0
2205,判断,todistaa,verbs,0.34
2206,极好,ihmeellinen,adjectives,3.31
2207,生日,vuosi,nouns,0.77
2208,床,tuoli,nouns,0.78
2209,退出,jäädä eläkkeelle,verbs,1.91
2210,吸收,vetäytyä,verbs,0.35
2211,有攻击性的,töykeä,adjectives,1.74
2212,日历,juhlapäivä,nouns,0.68
2213,不同,myöntyä,verbs,0.0
2214,出口,äänioikeus,nouns,0.18
2215,欲望,haluta,verbs,4.49
2216,望远镜,aivoriihi,nouns,0.0
2217,练习,toistaa,verbs,2.06
2218,圣经,virsi,nouns,1.58
2219,步行,seistä,verbs,0.53
2220,床,peitto,nouns,0.34
2221,昂贵,ujo,adjectives,0.0
2222,窗口,pilvi,nouns,0.0
2223,教室,eteishalli,nouns,0.69
2224,理想地,realistisesti,adverbs,0.29
2225,天花板,kadetraali,nouns,0.1
2226,谦虚,nöyrä,adjectives,4.88
2227,组织,kerätä,verbs,1.0
2228,女人,sihteeri,nouns,0.77
2229,脸颊,kieli,nouns,0.75
2230,妻子,aviomies,nouns,0.79
2231,聪慧,fiksu,adjectives,5.39
2232,未成形,yhtenäinen,adjectives,0.25
2233,云,järvi,nouns,0.2
2234,生活,selviytyä,verbs,2.42
2235,外套,neule,nouns,2.59
2236,人,sentti,nouns,0.05
2237,分离,liittää,verbs,0.38
2238,呕吐,sulkea,verbs,0.0
2239,外国人,alieni,nouns,3.96
2240,歌曲,tarina,nouns,0.47
2241,流感,kuume,nouns,2.4
2242,不显眼地,ilmiselvästi,adverbs,0.28
2243,玩,taistella,verbs,0.48
2244,世纪,vuosi,nouns,1.95
2245,剧院,paristo,nouns,0.0
2246,饮品,olut,nouns,2.63
2247,伤害,kaatua,verbs,0.63
2248,疯,sairas,adjectives,1.26
2249,笨,nokkela,adjectives,0.29
2250,评论说,kritisoida,verbs,1.92
2251,身体,veri,nouns,0.91
2252,校验,sanoa,verbs,0.5
2253,头脑风暴,teleskooppi,nouns,0.0
2254,咬,taistella,verbs,1.36
2255,得到,kadottaa,verbs,0.23
2256,资料,kirja,nouns,1.4
2257,看来,yksinkertaisesti,adverbs,0.65
2258,伤害,härnätä,verbs,0.47
2259,合法,sallittu,adjectives,3.17
2260,听,kuulla,verbs,3.68
2261,原子,hiili,nouns,0.92
2262,草,sammal,nouns,1.52
2263,年级,koulu,nouns,0.95
2264,武士,mies,nouns,0.93
2265,聪明,älykäs,adjectives,5.39
2266,异族,ulkolainen,nouns,3.96
2267,吸血鬼,lepakko,nouns,1.02
2268,糟糕,nöyrästi,adverbs,0.05
2269,讨厌,kritisoida,verbs,0.72
2270,牛,lammas,nouns,1.93
2271,锁,avain,nouns,0.86
2272,显然,ilmiselvä,adjectives,5.25
2273,文章,läksyt,nouns,1.46
2274,书,raamattu,nouns,2.43
2275,获得,varastaa,verbs,1.33
2276,描绘,ilmoittaa,verbs,0.15
2277,进入,mennä,verbs,0.95
2278,公共汽车,ajoneuvo,nouns,3.0
2279,大海,joki,nouns,1.74
2280,云,usva,nouns,2.75
2281,甲板,vene,nouns,0.61
2282,飞机,suihkukone,nouns,3.82
2283,复杂,kypsä,adjectives,0.82
2284,失去,epäonnistua,verbs,0.77
2285,花,uskomus,nouns,0.09
2286,竿,verho,nouns,0.14
2287,课程,toiminta,nouns,0.28
2288,最佳,viides,adjectives,0.1
2289,天气,aalto,nouns,0.15
2290,图解,kaavio,nouns,3.29
2291,总和,liitto,nouns,0.57
2292,错误,täsmällinen,adjectives,0.14
2293,大致,ilmiselvästi,adverbs,0.28
2294,洞,sopimus,nouns,0.0
2295,大小,syvyys,nouns,1.21
2296,网球,tilastotiede,nouns,0.0
2297,酒,brandy,nouns,3.22
2298,帮手,palvelustyttö,nouns,2.22
2299,女孩,lapsi,nouns,2.81
2300,冷,tavallinen,adjectives,0.0
2301,极好,paha,adjectives,0.14
2302,金属,alumiini,nouns,3.0
2303,羊,karja,nouns,1.93
2304,当然,joskus,adverbs,0.15
2305,宣告,julistaa,verbs,4.29
2306,无知,säännöllinen,adjectives,0.04
2307,薄荷,purukumi,nouns,0.77
2308,徽章,arvokkuus,nouns,0.15
2309,棒,loistava,adjectives,4.97
2310,苔藓,ruoho,nouns,1.52
2311,小行星,tähti,nouns,2.35
2312,开朗,mukava,adjectives,0.94
2313,溶解,sulaa,verbs,3.61
2314,岛,prinsessa,nouns,0.0
2315,移动,pujotella,verbs,0.55
2316,侧面,huippu,nouns,0.39
2317,暂停,odottaa,verbs,2.03
2318,接受,uskoa,verbs,1.15
2319,信念,kukka,nouns,0.09
2320,火山,magma,nouns,1.38
2321,海军,saari,nouns,0.1
2322,推,syyttää,verbs,0.18
2323,盒子,hattu,nouns,0.05
2324,求情,kysyä,verbs,0.29
2325,决定,kuvata,verbs,0.2
2326,读者,tekijä,nouns,0.73
2327,妻子,reikä,nouns,0.32
2328,夏天,talvi,nouns,0.6
2329,公国,prinssikunta,nouns,1.92
2330,房间,kylpy,nouns,0.1
2331,邮件,nopeus,nouns,0.0
2332,岛,laivasto,nouns,0.1
2333,友好,epätodennäköisesti,adverbs,0.09
2334,洗澡,luostari,nouns,0.0
2335,冬天,kausi,nouns,1.89
2336,稻草,virsi,nouns,0.1
2337,贫穷,yksinäinen,adjectives,0.34
2338,祈祷,kysyä,verbs,0.78
2339,车辆,linja-auto,nouns,3.0
2340,征服,taistelu,nouns,1.27
2341,自己,itseluottamus,nouns,0.97
2342,捏碎,napsahtaa,verbs,1.6
2343,哨,pysähtyä,verbs,0.05
2344,自豪,ilo,nouns,1.76
2345,财富,köyhyys,nouns,0.3
2346,枪,turkki,nouns,0.0
2347,名誉,varallisuus,nouns,0.8
2348,灵活,helppo,adjectives,0.72
2349,苦难,epätoivo,nouns,2.63
2350,枪,tykki,nouns,2.42
2351,棉,villapaita,nouns,0.86
2352,农业,kasvi,nouns,1.04
2353,编织,sitoa,verbs,1.5
2354,走,aloittaa,verbs,0.44
2355,开始,lopettaa,verbs,0.2
2356,发展,lannoite,nouns,0.68
2357,除,kertoa,verbs,0.88
2358,接受,suositella,verbs,0.73
2359,幸福,suru,nouns,0.2
2360,简单,kova,adjectives,0.04
2361,沐浴,tukki,nouns,0.0
2362,血液学,patologia,nouns,1.99
2363,衣服,kangas,nouns,2.33
2364,国王,nepotismi,nouns,0.73
2365,孩子,tytär,nouns,2.5
2366,精确地,täsmällisesti,adverbs,5.38
2367,离开,saapua,verbs,0.29
2368,邮包,kuorma-auto,nouns,0.1
2369,屋,matto,nouns,0.29
2370,杜松子酒,viski,nouns,1.77
2371,大麻,yrtti,nouns,2.52
2372,守规矩,totella,verbs,3.3
2373,奇怪,normaali,adjectives,0.29
2374,教学大纲,koe,nouns,0.57
2375,男孩,riisi,nouns,0.0
2376,停,varoittaa,verbs,0.15
2377,管理,työ,nouns,0.63
2378,车,moottoritie,nouns,0.34
2379,有时,yhtenäisesti,adverbs,0.05
2380,女佣,tyttö,nouns,1.95
2381,尝试,ajatella,verbs,0.43
2382,兄弟,sisko,nouns,1.99
2383,重复,harjoitella,verbs,2.06
2384,打中,ampua ohi,verbs,0.38
2385,工作,tehtävä,nouns,3.63
2386,喉咙,nenä,nouns,0.84
2387,十四行诗,kauneus,nouns,0.15
2388,相机,linssi,nouns,0.97
2389,毛毛雨,sade,nouns,3.73
2390,小牛,sonni,nouns,2.74
2391,杂,vanha,adjectives,0.0
2392,高速公路,auto ,nouns,0.34
2393,肩,pää,nouns,0.54
2394,溶解,sekoittaa,verbs,0.88
2395,年轻,levoton,adjectives,0.1
2396,枪,muistikirja,nouns,0.0
2397,自豪,köyhä,adjectives,0.04
2398,容易,rankka,adjectives,0.24
2399,征服,virsi,nouns,0.0
2400,狡猾,rankka,adjectives,0.04
2401,艺术家,taideteos,nouns,0.86
2402,共和国,herttua,nouns,0.2
2403,穿着衣服的,peitetty,adjectives,2.23
2404,否定,ei koskaan,adjectives,1.41
2405,外交,neuvottelu,nouns,2.06
2406,蜥蜴,käärme,nouns,1.66
2407,仁慈地,lempeästi,adverbs,3.73
2408,航空,lento,nouns,2.8
2409,解剖学,biologia,nouns,2.47
2410,手臂,laskimo,nouns,0.29
2411,小木屋,mökki,nouns,3.06
2412,娱乐,nauttia,verbs,0.85
2413,知道,käsittää,verbs,3.66
2414,装作,kuvitella,verbs,0.69
2415,信息,entropia,nouns,0.38
2416,在场,poissaolo,nouns,0.29
2417,混合,juoda,verbs,0.0
2418,毛线衣,puuvilla,nouns,0.86
2419,西方,pohjoinen,nouns,0.64
2420,自信,varma,adjectives,2.95
2421,忘记,tietää,verbs,0.15
2422,合作,liittyä,verbs,0.97
2423,无辜,vapaa,adjectives,0.34
2424,之后,ennen,adverbs,0.38
2425,乘,lisätä,verbs,0.97
2426,口香糖,piparminttu,nouns,0.77
2427,枯燥,hauska,adjectives,0.2
2428,牛油,peruna,nouns,0.54
2429,割礼,esinahka,nouns,0.82
2430,美丽地,elegantisti,adverbs,3.69
2431,不负责任,epäkypsä,adjectives,2.06
2432,完成,saavuttaa,verbs,3.04
2433,心脏,kirurgia,nouns,0.39
2434,策略家,juonittelija,nouns,2.75
2435,经常,tuskin koskaan,adverbs,0.38
2436,沐浴,vaimo,nouns,0.0
2437,长,lyhyt,adjectives,0.29
2438,联合,sulautua,verbs,2.32
2439,歌手,henkilökunta,nouns,0.18
2440,警察,lentoperämies,nouns,0.49
2441,大规模,avoimesti,adverbs,0.55
2442,优雅地,kauniisti,adverbs,3.69
2443,抽屉,vaatteet,nouns,0.15
2444,坦克,auto,nouns,0.77
2445,唇,lonkka,nouns,0.65
2446,皇帝,kuvernööri,nouns,0.69
2447,搏斗,tappaa,verbs,1.39
2448,理解,tietää,verbs,3.14
2449,坟墓,uudelleenhautaaminen,nouns,0.92
2450,女英雄,sankari,nouns,3.9
2451,周末,rotu,nouns,0.0
2452,游戏,toiminta,nouns,0.45
2453,羞愧,vaatimaton,adjectives,0.38
2454,相像,samankaltainen,adjectives,3.35
2455,借,anoa,verbs,1.04
2456,坏,keskinkertainen,adjectives,0.1
2457,紧张,tietty,adjectives,0.0
2458,活动,liike,nouns,2.36
2459,肩膀,käsivarsi,nouns,0.98
2460,找到,hankkia,verbs,1.59
2461,散热器,sensori,nouns,0.23
2462,清洁,tahraton,adjectives,5.16
2463,概念,uskomus,nouns,1.19
2464,骨头,niska,nouns,0.83
2465,牙齿,suu,nouns,1.22
2466,苹果,mehu,nouns,1.07
2467,一致地,joskus,adverbs,0.05
2468,发誓,luvata,verbs,4.36
2469,卧室,polkupyörä,nouns,0.0
2470,行政管理,johtokunta,nouns,3.46
2471,爬,patikoida,verbs,1.13
2472,可靠地,kovakouraisesti,adverbs,0.14
2473,保留,pitää,verbs,3.59
2474,伟大,paha,adjectives,0.05
2475,平面,arkki,nouns,0.14
2476,给予,vastaanottaa,verbs,0.25
2477,尾巴,kulho,nouns,0.0
2478,从不,rehellisesti,adverbs,0.0
2479,滴,kaataa,verbs,0.86
2480,羞愧,murhe,nouns,1.2
2481,打赌,pelata uhkapeliä,verbs,3.78
2482,击中,tähdätä,verbs,1.71
2483,暖炉,sateenvarjo,nouns,0.1
2484,砖,seinä,nouns,0.72
2485,混合,liueta,verbs,0.88
2486,火鸡,lintu,nouns,2.17
2487,减少,laskeutua,verbs,0.24
2488,蜜糖,päiväkirja,nouns,0.18
2489,交换,korvaaminen,nouns,4.37
2490,奇怪地,epätavallisesti,adverbs,4.37
2491,脚,käsi ,nouns,0.92
2492,轨,aita,nouns,0.1
2493,流星,painovoima,nouns,0.1
2494,掩盖,haudata,verbs,3.13
2495,声明,kuuluttaa,verbs,4.29
2496,决定,valita,verbs,3.31
2497,字,sanakirja,nouns,0.88
2498,主题,kirja,nouns,1.25
2499,灰濛蒙,ennuste,nouns,0.39
2500,骑,juosta,verbs,0.63
2501,酸奶,karja,nouns,0.43
2502,膝盖,luu,nouns,1.33
2503,射手,tienraivaaja,nouns,0.24
2504,目标,nuoli,nouns,0.41
2505,愤怒,turhautuminen,nouns,2.33
2506,页,sana,nouns,0.15
2507,描绘,päättää,verbs,0.2
2508,行李,kiertäminen,nouns,0.15
2509,标识,kerho,nouns,0.05
2510,脊柱,vartalo,nouns,1.28
2511,世纪,vuosikymmen,nouns,0.79
2512,女仆,auttaja,nouns,2.22
2513,图像,heijastus,nouns,2.44
2514,等式,kaava,nouns,2.79
2515,不耐烦地,karkeasti,adverbs,0.35
2516,坚固,ovela,adjectives,0.04
2517,侵蚀,haalistua,verbs,0.37
2518,洞,vaimo,nouns,0.32
2519,车,sarvi,nouns,0.09
2520,定理,teoria,nouns,3.56
2521,男人,aviomies,nouns,3.3
2522,地心引力,meteori,nouns,0.1
2523,日志,kaava,nouns,0.0
2524,一次,välittömästi,adverbs,0.1
2525,完成,tulla,verbs,0.56
2526,带来,valittaa,verbs,0.09
2527,模拟,robotiikka,nouns,0.63
2528,纸,puumateriaali,nouns,0.97
2529,纸币,korvaus,nouns,0.55
2530,意识,huomio,nouns,2.42
2531,失去,pitää,verbs,0.19
2532,黄昏,ilta,nouns,4.25
2533,雕像,veistos,nouns,5.38
2534,受伤,järkyttää,verbs,0.45
2535,唱,kellua,verbs,0.0
2536,松动,joustava,adjectives,1.31
2537,尾巴,kappale,nouns,0.0
2538,教授,tohtori,nouns,1.66
2539,并发,valuutta,nouns,0.04
2540,忽略,unohtaa,verbs,2.58
2541,旅程,valloitus,nouns,0.47
2542,轻轻地,kirkkaasti,adverbs,0.6
2543,学校,arvosana,nouns,0.95
2544,重要的,virallisesti,adverbs,0.8
2545,走廊,luokkahuone,nouns,0.69
2546,奇怪,ovela,adjectives,0.52
2547,电缆,kappeli,nouns,0.0
2548,能力,vahvuus,nouns,2.5
2549,自然地,hiljaisesti,adverbs,0.43
2550,恳求,anoa,verbs,3.5
2551,谢绝,kieltäytyä,verbs,3.63
2552,付款,kohdella,verbs,0.09
2553,贫困,avuton,adjectives,0.73
2554,溺爱,haistaa,verbs,0.05
2555,主要地,terminaalisesti,adverbs,0.15
2556,神,saalis,nouns,0.0
2557,牙齿,luu,nouns,1.32
2558,伙伴,heppu,nouns,1.64
2559,朋友,heppu,nouns,1.04
2560,购买,maksaa,verbs,2.81
2561,红酒,alkoholi,nouns,3.21
2562,忽略,kysyä,verbs,0.09
2563,积极地,todennäköisesti,adverbs,0.4
2564,下面,huippu,nouns,0.24
2565,星,kirkkaus,nouns,0.54
2566,支气管炎,parasetamoli,nouns,0.19
2567,争论,väitellä,verbs,3.79
2568,河谷,joki,nouns,1.21
2569,可笑,tylsä,adjectives,0.2
2570,卖,mennä,verbs,0.1
2571,疯狂,onnellinen,adjectives,0.66
2572,昆虫,mehiläinen,nouns,2.95
2573,电梯,laatikko,nouns,0.0
2574,加,kertoa,verbs,0.97
2575,好的,keskinkertainen,adjectives,0.48
2576,做,tuhota,verbs,0.29
2577,机器,moottori,nouns,2.73
2578,劝告,ehdottaa,verbs,2.75
2579,崇拜,ihailla,verbs,4.42
2580,面包,juusto,nouns,0.79
2581,磨坊,siemen,nouns,0.24
2582,母鸡,lintu,nouns,2.37
2583,屋顶,sisäkatto,nouns,3.54
2584,成年人,vauva,nouns,0.68
2585,饥饿,väsynyt,adjectives,0.38
2586,聚酯纤维,puuvilla,nouns,1.2
2587,建造,tuho,nouns,0.34
2588,模式,muoti,nouns,0.04
2589,乐观地,mahdollisesti,adverbs,0.83
2590,国王,prinssi,nouns,2.0
2591,桥,auto,nouns,0.24
2592,连接,erottaa,verbs,0.38
2593,男孩,partneri,nouns,0.68
2594,猴子,kampanja,nouns,0.0
2595,尝试,vakuuttaa ,verbs,0.47
2596,危险,tauti,nouns,0.38
2597,选举,valinta,nouns,2.51
2598,听,ymmärtää,verbs,1.48
2599,搅拌,ravistaa,verbs,1.9
2600,找到,karata,verbs,0.2
2601,合法,turvallinen,adjectives,0.93
2602,运动鞋,mitali,nouns,0.1
2603,惩罚,osua,verbs,0.15
2604,清醒,humalainen,adjectives,0.29
2605,来源,laatikko,nouns,0.0
2606,赞成,antaa lupa,verbs,3.11
2607,正常,outo,adjectives,0.29
2608,果汁,pirtelö,nouns,0.88
2609,橡木,vaahtera,nouns,2.13
2610,案件,sähkö,nouns,0.04
2611,笨,fiksu,adjectives,0.24
2612,成功,epäonnistua,verbs,0.38
2613,退出,imeä itseensä,verbs,0.35
2614,谢绝,hyväksyä,verbs,0.38
2615,参与,sanoa,verbs,0.25
2616,种族主义,ksenofobia,nouns,3.79
2617,樱桃,mansikka,nouns,1.48
2618,衣服,vetolaatikko,nouns,0.15
2619,愤怒,epäröivä,adjectives,0.53
2620,柠檬,tee,nouns,0.29
2621,男孩,veli,nouns,2.29
2622,开心,mieletön,adjectives,0.66
2623,活动,joustava,adjectives,0.63
2624,最近,hiljattain,adverbs,5.03
2625,歇斯底里,sekaannus,nouns,2.12
2626,争论,olla erilainen,verbs,0.24
2627,印象,uskomus,nouns,0.94
2628,韵律,runo,nouns,0.48
2629,也许,todennäköisesti,adverbs,3.07
2630,伤害,potkaista,verbs,0.81
2631,画廊,lakimies,nouns,0.0
2632,岛,ranta,nouns,1.08
2633,社论,uutiset,nouns,2.07
2634,毛,minkki,nouns,1.13
2635,快,pikainen,adjectives,4.85
2636,最近,realistisesti,adverbs,0.0
2637,证明,selittää,verbs,2.74
2638,政治家,presidentti,nouns,3.04
2639,动物,peto,nouns,3.13
2640,赚,valmistaa,verbs,0.28
2641,通常,vilpittömästi,adverbs,0.0
2642,星,asteroidi,nouns,2.35
2643,窗帘,sauva,nouns,0.14
2644,喉,kieli,nouns,1.21
2645,创建,sukeltaa,verbs,0.0
2646,小孩,aikuinen,nouns,0.78
2647,飞机,helikopteri,nouns,2.22
2648,甲板,lattia,nouns,1.68
2649,工业,liiketoiminta,nouns,1.41
2650,病人,istunto,nouns,0.28
2651,争论,valittaa,verbs,1.69
2652,卖,käydä kauppaa,verbs,3.06
2653,发送,tuoda,verbs,0.45
2654,国王,prinsessa,nouns,0.75
2655,女士,herra,nouns,0.64
2656,粘性,loiske,nouns,0.34
2657,目标,voittaja,nouns,0.45
2658,作证,tuomita,verbs,0.34
2659,真诚地,vakavasti,adverbs,2.26
2660,无知,älykkyys,nouns,0.2
2661,停止,hallita,verbs,0.29
2662,带来,tulla,verbs,1.56
2663,码,metri,nouns,2.58
2664,血液,vartalo,nouns,0.91
2665,报纸,tieto,nouns,1.42
2666,电缆,velho,nouns,0.0
2667,破产,epäonnistuminen,nouns,1.3
2668,复诊,potilas,nouns,0.28
2669,掩盖,suojella,verbs,1.89
2670,妻子,kylpy,nouns,0.0
2671,否认,valehdella,verbs,0.82
2672,成长,laajentaa,verbs,2.75
2673,喜悦,ylpeys,nouns,1.76
2674,舌头,kurkku,nouns,1.21
2675,状况,tilanne,nouns,4.89
2676,教育,oppia,verbs,1.73
2677,兔子,kissa,nouns,0.93
2678,鼓励,lannistaa,verbs,0.38
2679,杆,lippu,nouns,0.98
2680,幸福,rauha,nouns,1.64
2681,扫帚,pöly,nouns,0.53
2682,苗条,hoikka,adjectives,4.97
2683,手臂,vartalo,nouns,0.88
2684,说,varmistaa,verbs,0.5
2685,得到,jäädä,verbs,0.1
2686,使气馁,rohkaista,verbs,0.38
2687,珍贵,pyhä,adjectives,2.02
2688,忘记,muistuttaa,verbs,0.38
2689,兄弟会,pesäpallo,nouns,0.0
2690,搏斗,purra,verbs,1.36
2691,尖,sileä,adjectives,0.24
2692,城镇,suurkaupunki,nouns,3.76
2693,小巷,katu,nouns,3.79
2694,新,muinainen,adjectives,0.29
2695,嘴巴,huuli,nouns,2.23
2696,数字,numero,nouns,4.82
2697,尖,mieto,adjectives,0.0
2698,不道德,laiton,adjectives,1.89
2699,付款,kolikko,nouns,0.84
2700,异常,oudosti,adverbs,4.37
2701,笨,älykäs,adjectives,0.29
2702,山谷,kanjoni,nouns,4.14
2703,意外,kirja,nouns,0.0
2704,寻求,maali,nouns,0.6
2705,行为主义,terapia,nouns,0.35
2706,庆祝,yllättää,verbs,0.23
2707,智力,ymmärrys,nouns,2.88
2708,谦虚,häpeissään oleva,adjectives,0.38
2709,酒,gini,nouns,3.26
2710,负面地,epäluonnollisesti,adverbs,0.24
2711,肯定地,varmasti,adverbs,2.83
2712,赌,veikata,verbs,3.78
2713,撤退,laskeutua,verbs,0.55
2714,星星,planeetta,nouns,2.63
2715,一分钱,ihmiset,nouns,0.05
2716,夺取,ottaa,verbs,2.42
2717,显然,varmasti,adverbs,3.36
2718,文章,aikakauslehti,nouns,1.74
2719,数字,sytoplasma,nouns,0.0
2720,肥料,kasvu,nouns,0.68
2721,肉桂,makeinen,nouns,0.29
2722,便条,toimeksianto,nouns,0.72
2723,全球化,viisumi,nouns,0.61
2724,大,painava,adjectives,0.82
2725,担心,tuhlata,verbs,0.05
2726,调查,tavoitella,verbs,0.54
2727,偷偷,itsevarmasti,adverbs,0.05
2728,搂抱,halata,verbs,4.94
2729,重大,vähäpätöinen,adjectives,0.29
2730,球拍,pallo,nouns,0.48
2731,季节,talvi,nouns,1.89
2732,不清楚,epämääräinen,adjectives,4.44
2733,赢,onnistua,verbs,3.51
2734,离开,jäädä,verbs,0.64
2735,罪犯,lainrikkoja,nouns,5.11
2736,开口,rako,nouns,3.76
2737,手臂,polvi,nouns,0.83
2738,听见,kuunnella,verbs,3.68
2739,肉,naudanliha,nouns,3.52
2740,母马,hevonen,nouns,3.58
2741,装饰,seinä,nouns,0.52
2742,戏弄,sattua,verbs,0.47
2743,窗口,nilkka,nouns,0.0
2744,接受,tunnustaa,verbs,3.19
2745,机械地,ihanteellisesti,adverbs,0.09
2746,困难,helppo,adjectives,0.29
2747,有时,milloin tahansa,adverbs,0.83
2748,杀,tuhota,verbs,3.24
2749,同意,olla eri mieltä,verbs,0.38
2750,妻子,nainen,nouns,2.94
2751,狡猾,kummallinen,adjectives,0.52
2752,失败,konkurssi,nouns,1.3
2753,窗台,vuori,nouns,0.3
2754,脾气,tohtori,nouns,0.0
2755,划分,yhdistää,verbs,0.48
2756,雪,lumivyöry,nouns,1.77
2757,内衣褲,vartalo,nouns,0.15
2758,有创造力,innovatiivinen,adjectives,5.2
2759,拒绝,antaa,verbs,0.0
2760,朋友,äiti,nouns,0.69
2761,发动机,mäntä,nouns,1.44
2762,宽广,kapea,adjectives,0.24
2763,小麦粉,leipä,nouns,1.56
2764,弱,voimallinen,adjectives,0.2
2765,统计资料,tennis,nouns,0.0
2766,杯子,kartio,nouns,0.41
2767,四轮货运马车,vaunut,nouns,4.07
2768,人口,ihmiset,nouns,3.02
2769,皇帝,perustuslaki,nouns,0.2
2770,大概,positiivisesti,adverbs,0.4
2771,门口,uloskäynti,nouns,3.57
2772,马,koira,nouns,1.21
2773,胜利,riemuvoitto,nouns,3.92
2774,房屋,avain,nouns,0.2
2775,红色,sininen,adjectives,0.69
2776,今天晚上,huomenna,adverbs,0.48
2777,男孩,muksu,nouns,3.03
2778,谦逊地,huonosti,adverbs,0.05
2779,直升机,lentokone,nouns,2.22
2780,给,varastaa,verbs,0.33
2781,国王,hallitsija,nouns,4.5
2782,男人,nainen,nouns,0.63
2783,新鲜,uusi,adjectives,4.3
2784,闷,keskinkertainen,adjectives,0.96
2785,蠕虫,haittaohjelma,nouns,1.41
2786,末期地,pääasiassa,adverbs,0.15
2787,吸引,osua,verbs,0.0
2788,学院,ammatti,nouns,0.24
2789,死气沉沉的,onnellisesti,adverbs,0.18
2790,查询,ajatella,verbs,0.39
2791,未公开,peittelemätön,adjectives,0.19
2792,卧室,sänky,nouns,0.77
2793,音系学,näyttö,nouns,0.1
2794,僵硬,helppo,adjectives,0.14
2795,帽子,laatikko,nouns,0.05
2796,陶艺,keraaminen esine,nouns,3.08
2797,小炮舰,rannikkoalue,nouns,0.2
2798,果汁,maito,nouns,1.02
2799,征服,matka,nouns,0.47
2800,悲伤,onnellisuus,nouns,0.2
2801,装作,valehdella,verbs,2.63
2802,说服,yrittää,verbs,0.47
2803,未拿定主意,neutraali,adjectives,0.57
2804,查询,edellyttää,verbs,0.43
2805,脚,hiekka,nouns,0.04
2806,男人,soturi,nouns,0.93
2807,尝试,onnistua,verbs,0.58
2808,野兽,eläin,nouns,3.13
2809,自由,sensuuri,nouns,0.1
2810,保留,tuhota,verbs,0.29
2811,眉头,silmä,nouns,0.73
2812,听见,puhua,verbs,0.53
2813,基本上,täysin,adverbs,0.92
2814,保护,peittää,verbs,1.89
2815,平均,säännöllinen,adjectives,0.57
2816,高速公路,tehtävä,nouns,0.0
2817,给,tietää,verbs,0.15
2818,鹰,lintu,nouns,2.65
2819,笨,herkkäuskoinen,adjectives,0.98
2820,教,rangaista,verbs,0.63
2821,球,hanska,nouns,0.19
2822,帮助,suojella,verbs,1.54
2823,非自然,luonnollisesti,adverbs,0.38
2824,喝,niellä,verbs,1.65
2825,游泳,tavata,verbs,0.0
2826,椅子,sänky,nouns,0.78
2827,水,jää,nouns,2.24
2828,承诺,vannoa,verbs,4.36
2829,暴力,pehmeä,adjectives,0.1
2830,可靠地,passiivisesti,adverbs,0.05
2831,宗教,sekularisti,nouns,0.25
2832,包括,pitää sisällään,verbs,5.48
2833,地板,sisäkatto,nouns,0.7
2834,上面,pohja,nouns,0.24
2835,惯例,sääntö,nouns,2.38
2836,钢,metalliseos,nouns,3.56
2837,门,ikkuna,nouns,0.88
2838,办公室,työläinen,nouns,0.53
2839,轻蔑,halveksuva,adjectives,5.13
2840,次要,merkittävä,adjectives,0.29
2841,父亲,veli,nouns,0.94
2842,乐队,väkijuoma,nouns,0.0
2843,悬崖,mäki,nouns,1.13
2844,空气,molekyyli,nouns,0.53
2845,貂,öljy,nouns,0.1
2846,主板,emolevy,nouns,3.63
2847,先生,leidi,nouns,0.64
2848,公寓,huonekalut,nouns,0.34
2849,这里,nyt,adverbs,1.3
2850,抓住,vastaanottaa,verbs,0.64
2851,本来,luovasti,adverbs,0.45
2852,布,vaatteet,nouns,2.33
2853,成年人,huoltaja,nouns,2.52
2854,决定,tuomita,verbs,2.35
2855,接受,toimittaa,verbs,0.0
2856,科学家,sairaanhoitaja,nouns,0.29
2857,跟随,jahdata,verbs,3.16
2858,家长,isä,nouns,3.83
2859,本地,ilmiselvästi,adverbs,0.0
2860,公寓,hotelli,nouns,1.02
2861,白色,kapea,adjectives,0.18
2862,速度,virka,nouns,0.0
2863,非常好,likainen,adjectives,0.0
2864,需求,nuhdella,verbs,0.24
2865,存在,ovi,nouns,0.0
2866,肯定,itsevarma,adjectives,2.95
2867,徘徊,etsiä,verbs,0.48
2868,运送,hyväksyä,verbs,0.0
2869,难看,sotkuinen,adjectives,0.67
2870,酒店,asunto,nouns,1.02
2871,篱笆,hyppy,nouns,0.1
2872,闻名,suosittu,adjectives,3.17
2873,撕开,pitää päällä,verbs,0.14
2874,创建,tuhota,verbs,0.38
2875,偷,ottaa,verbs,1.45
2876,小孩,tyttö,nouns,2.81
2877,钢琴,harmonia,nouns,0.63
2878,修理,palauttaa,verbs,1.44
2879,时装,tyyli,nouns,3.08
2880,阴谋家,strategi,nouns,2.75
2881,诈骗,rikos,nouns,3.21
2882,球,maila,nouns,0.48
2883,蛋白质,kahva,nouns,0.0
2884,笔直,kaareva,adjectives,0.34
2885,大教堂,kirkko,nouns,4.82
2886,盒子,hissi,nouns,0.0
2887,面具,juhla,nouns,0.24
2888,猫,hiiri,nouns,0.83
2889,湿疹,dermatiitti,nouns,3.53
2890,擦亮,tiedottaa,verbs,0.0
2891,屋顶,lattia,nouns,0.49
2892,光,näppäimistö,nouns,0.04
2893,意见,puolueellisuus,nouns,0.39
2894,死亡,tragedia,nouns,1.73
2895,发光,loistaa,verbs,4.37
2896,接受,vastaanottaa,verbs,0.91
2897,巧妙的,rauhallisesti,adverbs,0.83
2898,技巧,älykkyys,nouns,2.13
2899,舞蹈,mekko,nouns,0.19
2900,水平,tulokset,nouns,0.77
2901,拒绝,vetäytyä,verbs,1.06
2902,行星,tähti,nouns,2.63
2903,狭窄,pitkä,adjectives,0.48
2904,分析,arvioida,verbs,4.38
2905,兄弟,sielu,nouns,0.0
2906,毯子,sänky,nouns,0.34
2907,唇,suu,nouns,2.23
2908,球,asu,nouns,0.04
2909,百科全书,sanakirja,nouns,2.46
2910,假日,kalenteri,nouns,0.68
2911,床,huone,nouns,0.49
2912,灵活,siirrettävä,adjectives,0.63
2913,保龄球选手,keilaaminen,nouns,1.45
2914,小马,hevonen,nouns,3.38
2915,说,ottaa osaa,verbs,0.25
2916,有时,varmasti,adverbs,0.15
2917,家具,asunto,nouns,0.34
2918,书,tarina,nouns,2.08
2919,晚餐,kana,nouns,0.79
2920,船,kansi,nouns,0.61
2921,制作者,luoja,nouns,3.58
2922,笨,valtava,adjectives,0.04
2923,雾,pilvi,nouns,2.52
2924,充分,pohjimmiltaan,adverbs,0.92
2925,很少地,yleensä,adverbs,0.38
2926,片,lentokenttä,nouns,0.0
2927,难以置信,tavallinen,adjectives,0.2
2928,借,haluta,verbs,0.54
2929,否认,tunnustus,nouns,0.15
2930,怒视,siristää silmiään,verbs,0.73
2931,努力,sulkea,verbs,0.0
2932,州,koti,nouns,0.05
2933,作家,lahja,nouns,0.0
2934,生病,hullu,adjectives,1.26
2935,幸运,häpeissään oleva,adjectives,0.1
2936,英雄,sankaritar,nouns,3.9
2937,尾巴,kalliojyrkänne,nouns,0.0
2938,正牙医生,tohtori,nouns,2.83
2939,云,sumu,nouns,2.52
2940,岩浆,tulivuori,nouns,1.38
2941,肩,vartalo,nouns,0.96
2942,紧张,pelästynyt,adjectives,2.0
2943,强度,kestävyys,nouns,3.27
2944,男孩子,jonkun poika,nouns,3.55
2945,腰部,ateria,nouns,0.05
2946,争论,sopimus,nouns,0.43
2947,水,kuivuus,nouns,0.2
2948,不定期地,yleensä,adverbs,0.47
2949,敬礼,suorittaa,verbs,0.15
2950,零,ikuisuus,nouns,0.05
2951,习语,sana,nouns,1.11
2952,使满意,myöntyä,verbs,1.45
2953,服从,rangaista,verbs,0.29
2954,指甲,käsi,nouns,1.08
2955,蜜蜂,hyönteinen,nouns,2.95
2956,规则,sopivuussäännöt,nouns,2.38
2957,女人,turkki,nouns,0.0
2958,每周,kuukausittainen,adjectives,1.47
2959,年,vuosisata,nouns,1.95
2960,工具,työ,nouns,0.48
2961,牛肉,karja,nouns,2.85
2962,时装,tila,nouns,0.04
2963,公司,liiketoiminta,nouns,2.65
2964,协议,reikä,nouns,0.0
2965,故障,järjestelmä,nouns,0.1
2966,学校,laki,nouns,0.28
2967,节约,kuluttaa,verbs,0.57
2968,电视,viestintä,nouns,0.6
2969,智力,taito,nouns,2.13
2970,鼻子,pää,nouns,0.74
2971,存款,säästäjä,nouns,0.88
2972,十年,vuosisata,nouns,0.79
2973,聚集,osallistua,verbs,1.27
2974,明亮地,kevyesti,adverbs,0.6
2975,指控,syyttää,verbs,3.73
2976,经常地,satunnaisesti,adverbs,0.52
2977,地板,kansi,nouns,1.68
2978,圣歌,valloitus,nouns,0.0
2979,关闭,oksentaa,verbs,0.0
2980,偷,hankkia,verbs,1.33
2981,发送,osallistua,verbs,0.15
2982,油,minkki,nouns,0.1
2983,船,puu,nouns,0.25
2984,冷静,neutraali,adjectives,0.54
2985,人群,paraati,nouns,0.98
2986,嫌疑人,mies,nouns,0.43
2987,桥,kortti,nouns,0.18
2988,悲剧,kuolema,nouns,1.73
2989,声明放弃,olla tunnustamatta,verbs,0.69
2990,家伙,partneri,nouns,1.64
2991,手术,algebra,nouns,0.05
2992,牙医,ortodontti,nouns,3.79
2993,骨头,leuka,nouns,1.52
2994,改变,vaihtaa,verbs,3.61
2995,任务,pilli,nouns,0.0
2996,罐,pullo,nouns,2.17
2997,给,laittaa,verbs,0.58
2998,厨房,ovi,nouns,0.15
2999,公开,julkistamaton,adjectives,0.19
3000,伟大,hirveä,adjectives,0.24
3001,现实,fantasia,nouns,0.75
3002,罐子,kuppi,nouns,2.45
3003,草原,niitty,nouns,3.81
3004,天使,demoni,nouns,0.54
3005,阿姨,setä,nouns,1.02
3006,辩论,kiistellä,verbs,3.79
3007,天气,lumi,nouns,1.27
3008,知道,antaa,verbs,0.15
3009,安慰,nöyryyttää,verbs,0.09
3010,杂乱无章,järjestäytynyt,verbs,0.38
3011,选举,torjua,verbs,0.0
3012,音乐,huilu,nouns,1.04
3013,人,ase,nouns,0.0
3014,普通,kummallinen,adjectives,0.24
3015,负责任,luotettavasti,adverbs,3.52
3016,坏,syyllinen,adjectives,0.55
3017,多,kahdesti,adverbs,0.74
3018,照耀,hohtaa,verbs,4.37
3019,说明,selventää,verbs,3.92
3020,国会,parlamentti,nouns,3.31
3021,花朵,orvokki,nouns,3.13
3022,容易,vaikea,adjectives,0.29
3023,开始,alkaa,verbs,4.98
3024,演员,laulaja,nouns,1.88
3025,新娘,sulhanen,nouns,0.83
3026,海洋,meri,nouns,5.21
3027,铝,säilyketölkki,nouns,0.71
3028,犯罪,petos,nouns,3.21
3029,公式,tukki,nouns,0.0
3030,模糊,epäselvä,adjectives,4.44
3031,污染,presidentti,nouns,0.0
3032,无助,puutteenalainen,adjectives,0.73
3033,小学生,presidentti,nouns,0.2
3034,害羞,pelästynyt,adjectives,0.91
3035,好斗,taistelu,nouns,2.4
3036,威士忌酒,alkoholi,nouns,3.17
3037,折断,rouskua,verbs,1.6
3038,使惊奇,juhlia,verbs,0.23
3039,费用,kuukausipalkka,nouns,1.35
3040,电容器,diodi,nouns,0.83
3041,消失,kutistua,verbs,0.94
3042,发动机,kone,nouns,2.73
3043,威士忌酒,gini,nouns,1.77
3044,傲慢,ylpeä,adjectives,2.6
3045,小亭,laatikko,nouns,0.05
3046,捕获,saada kiinni,verbs,3.41
3047,编织,liikkua,verbs,0.55
3048,紧急情况,onnettomuus,nouns,3.9
3049,乳制品,hunaja,nouns,0.18
3050,拒绝,valita,verbs,0.0
3051,脖子,selkäranka,nouns,0.82
3052,汽车,letku,nouns,0.04
3053,地区,seutu,nouns,4.89
3054,梦想,taivas,nouns,0.14
3055,狂怒,viha,nouns,4.25
3056,教练,pelaaja,nouns,0.5
3057,画画,mellakka,nouns,0.04
3058,天神,isä,nouns,0.24
3059,毁灭,tappaa,verbs,3.24
3060,教,kouluttaa,verbs,4.19
3061,捏,lävistää,verbs,0.68
3062,瞄准,osua,verbs,1.71
3063,谦逊地,ylpeästi,adverbs,0.43
3064,蜜蜂,muurahainen,nouns,0.97
3065,锚,vene,nouns,0.63
3066,教堂,katedraali,nouns,4.82
3067,传说,moraali,nouns,0.0
3068,今天,tänä iltana,adverbs,2.83
3069,棉,polyesteri,nouns,1.2
3070,怪诞,kummallinen,adjectives,4.77
3071,保持,lainata,verbs,0.2
3072,雕塑家,kartano,nouns,0.05
3073,放开,painaa,verbs,0.0
3074,蚂蚁,mehiläinen,nouns,0.97
3075,喝,korottaa,verbs,0.0
3076,硬纸板,paperi,nouns,3.1
3077,等待,tauota,verbs,2.03
3078,牛,vuohi,nouns,0.97
3079,碟,kulho,nouns,2.11
3080,累,nälkäinen,adjectives,0.38
3081,名单,ryhmä,nouns,0.48
3082,收到,antaa,verbs,0.25
3083,大厦,kuvanveistäjä,nouns,0.05
3084,晚餐,keitto,nouns,1.07
3085,建造,tuhota,verbs,0.38
3086,祈祷,viestiä,verbs,0.52
3087,空出,häätää,verbs,1.13
3088,车,taksi,nouns,3.33
3089,律师,syyttäjä,nouns,2.27
3090,意图,tahto,nouns,1.11
3091,月亮,planeetta,nouns,2.46
3092,女儿,isä,nouns,0.64
3093,竞争,suorittaa loppuun,verbs,0.2
3094,大炮,ase,nouns,2.42
3095,亿万富翁,koditon,nouns,0.15
3096,苹果,kastike,nouns,0.44
3097,摇铃,melu,nouns,0.8
3098,大声地,pehmeästi,adverbs,0.05
3099,单种栽培,maatalous,nouns,0.79
3100,大风,peitto,nouns,0.0
3101,保护,pitää,verbs,0.48
3102,男子,isä,nouns,2.53
3103,小提琴,kitara,nouns,1.27
3104,放,roikkua,verbs,0.51
3105,雇主,työntekijä,nouns,0.55
3106,踝,ikkuna,nouns,0.0
3107,幼儿床,kehto,nouns,3.55
3108,雪,sää,nouns,1.27
3109,挂,laittaa,verbs,0.51
3110,狭窄,laaja,adjectives,0.24
3111,开心,vihainen,adjectives,0.2
3112,年龄,kauneus,nouns,0.28
3113,树,vene,nouns,0.25
3114,生活方式,sivilisaatio,nouns,1.27
3115,酒,viski,nouns,3.17
3116,原木,puumateriaali,nouns,3.84
3117,显然,kovakouraisesti,adverbs,0.28
3118,犯罪,hyökätä,nouns,0.56
3119,小巷,kulho,nouns,0.0
3120,粘人,epävarma,adjectives,0.24
3121,无政府,kaaos,nouns,3.21
3122,害羞,kallis,adjectives,0.0
3123,战斗,sotaisuus,nouns,2.4
3124,离开,häätää,verbs,1.68
3125,脑,hermo,nouns,1.86
3126,牛仔裤,nainen,nouns,0.04
3127,懒,kiireinen,adjectives,0.2
3128,探索,sivuuttaa,verbs,0.0
3129,减去,kadottaa,verbs,1.31
3130,保存,kerätä,verbs,3.83
3131,算术,rytmi,nouns,0.15
3132,惩罚,totella,verbs,0.29
3133,等待,jättää,verbs,0.33
3134,王座,miekka,nouns,0.28
3135,甜,sähköinen,adjectives,0.0
3136,乱,ruma,adjectives,0.67
3137,弱,mausteinen,adjectives,0.0
