ID,CMN,POL,PoS,score
1,安全,nużący,adjectives,0.0
2,坏,niemoralny,adjectives,2.96
3,马,źrebak,nouns,3.42
4,伤心,straszny,adjectives,0.38
5,数,cyfra,nouns,4.57
6,雇主,pracownik,nouns,0.5
7,群落生境,biologia,nouns,0.79
8,校园,uniwersytet,nouns,3.06
9,文章,czasopismo,nouns,1.69
10,片,lotnisko,nouns,0.0
11,瓶子,pojemnik,nouns,2.71
12,电梯,pudełko,nouns,0.1
13,飞机场,kawałek,nouns,0.0
14,深度地,znacząco,adverbs,2.33
15,枪,świt,nouns,0.0
16,出租车,taksówka,nouns,5.91
17,盒子,winda,nouns,0.1
18,球,kosz,nouns,0.34
19,脆弱,bezradny,adjectives,1.46
20,成年人,rodzic,nouns,2.74
21,改变,zmienić,verbs,3.56
22,小巷,ulica,nouns,3.24
23,砖,ściana,nouns,0.67
24,订婚,poślubić,verbs,1.63
25,杀,niszczyć,verbs,2.54
26,预测,zakładać,verbs,4.02
27,逻辑,inteligencja,nouns,2.75
28,自信,pewny,adjectives,3.75
29,修道院,prysznic,nouns,0.0
30,溅,lepkość,nouns,0.04
31,货币,współbieżność,nouns,0.04
32,枪,trik,nouns,0.1
33,病人,sesja,nouns,0.18
34,人,dolar,nouns,0.0
35,肩,ciało,nouns,0.86
36,认真地,szczerze,adverbs,2.41
37,旋律,rytm,nouns,2.92
38,知道,rozumieć,verbs,3.41
39,父亲,brat,nouns,0.34
40,帽子,płaszcz,nouns,0.83
41,需求,ganić,verbs,0.79
42,表哥,wujek,nouns,0.78
43,相机,robotnik,nouns,0.2
44,笨,rzadki,adjectives,0.0
45,新,niedawny,adjectives,3.17
46,冰,śnieg,nouns,2.27
47,责怪,oskarżać,verbs,3.93
48,先生,dama,nouns,0.73
49,笨,uparty,adjectives,1.17
50,分离,rozdzielić,verbs,3.39
51,地区,strefa,nouns,5.02
52,门,okno,nouns,0.72
53,焦躁不安,młody,adjectives,0.4
54,智慧,inteligencja,nouns,4.21
55,吸引,uderzyć,verbs,0.0
56,苹果,cukierek,nouns,0.24
57,想要,pragnąć,verbs,4.74
58,走,zezwalać,verbs,0.1
59,枪,nóż,nouns,1.4
60,沐浴,polano,nouns,0.0
61,货车,samochód,nouns,3.26
62,溪流,rzeka,nouns,3.02
63,猴子,kampania,nouns,0.0
64,中性,spokojny,adjectives,0.84
65,公开地,ogromnie,adverbs,0.65
66,覆盖着的,odkryty,adjectives,0.14
67,羊肉,owca,nouns,4.18
68,家,stan,nouns,0.0
69,泉,gejzer,nouns,3.36
70,长大,niedojrzały,adjectives,0.18
71,走,sprzedawać,verbs,0.0
72,开襟毛衣,koszula,nouns,1.38
73,远足,wspinać się,verbs,0.73
74,医生,usposobienie,nouns,0.0
75,必须,niezbędny,adjectives,5.47
76,故事,piosenka,nouns,0.63
77,忙碌,leniwy,adjectives,0.04
78,好斗,walka,nouns,2.9
79,停,gwizdać,verbs,0.05
80,活塞,silnik,nouns,1.59
81,地图,kwadrat,nouns,0.14
82,刺激,zgadywać,verbs,0.2
83,收藏,oszczędzać,verbs,4.63
84,仆人,niewolnik,nouns,3.38
85,给予,wkład,nouns,2.02
86,小牛,byk,nouns,2.59
87,纸,plakat,nouns,1.71
88,牛,koń,nouns,1.03
89,木,koc,nouns,0.0
90,画廊,prawnik,nouns,0.0
91,主意,projekt,nouns,2.85
92,纽扣,ubrania,nouns,0.53
93,地区,narożnik,nouns,0.47
94,幻想,rzeczywistość,nouns,0.55
95,优雅地,pięknie,adverbs,3.09
96,铅笔,opowieść,nouns,0.18
97,硬纸板,papier,nouns,3.25
98,软管,samochód,nouns,0.29
99,征服,hymn,nouns,0.0
100,后缀,afiks,nouns,2.08
101,击中,karać,verbs,0.6
102,开心,obłąkany,adjectives,0.46
103,使惊奇,celebrować,verbs,0.43
104,指甲,ręka,nouns,0.28
105,喷嘴,płyn,nouns,0.0
106,创建,nurkować,verbs,0.0
107,活动,giętki,adjectives,0.92
108,英寸,metr,nouns,1.78
109,代码,symbol,nouns,2.46
110,编译器,podprogram,nouns,1.36
111,钱,pensja,nouns,3.78
112,独立地,odpowiedzialnie,adverbs,0.95
113,工具,praca,nouns,0.53
114,狗,kot,nouns,0.28
115,眼泪,oko,nouns,0.53
116,贫困,bogactwo,nouns,0.1
117,体操,szermierka,nouns,0.85
118,美人,wiek,nouns,0.18
119,衣服,guzik,nouns,0.53
120,提高,podnieść,verbs,3.02
121,摇床,żłób,nouns,2.5
122,面包,mąka,nouns,1.17
123,教,edukować,verbs,4.74
124,呼吸,dusić,verbs,0.32
125,苦难,rozpacz,nouns,1.83
126,今天,dzisiaj wieczorem,adverbs,2.33
127,疯狂,zadowolony,adjectives,0.28
128,鸡,kolacja,nouns,0.34
129,主题,hasztag,nouns,2.5
130,退出,przejść na emeryturę,verbs,1.91
131,信息,entropia,nouns,0.38
132,出租车,samochód,nouns,3.48
133,空气,cząsteczka,nouns,0.68
134,尾巴,tył,nouns,3.06
135,完全必要,konieczny,adjectives,5.47
136,男孩,dziecko,nouns,3.43
137,游戏,akcja,nouns,0.7
138,步行,stać  ,verbs,0.18
139,女仆,pomocnik,nouns,2.02
140,发展,kwestowanie,nouns,0.1
141,女孩,facet,nouns,0.14
142,机灵,tępy,adjectives,0.09
143,酒,jałowcówka,nouns,3.81
144,有创造力,nowatorski,adjectives,4.5
145,大,narodowy,adjectives,0.0
146,谷,depresja,nouns,1.93
147,装饰,koperta,nouns,0.42
148,天空,słońce,nouns,1.1
149,联合,kombinacja,nouns,1.82
150,谦逊,skromny,adjectives,4.58
151,参与,powiedzieć,verbs,0.0
152,冻结,drżeć,verbs,0.43
153,数学家,widowisko,nouns,0.0
154,脑,nerw,nouns,1.26
155,大规模,otwarcie,adverbs,0.65
156,电车,pociąg,nouns,1.76
157,细胞质,cyfra,nouns,0.0
158,值得,zarabiać,verbs,1.19
159,全能,supremacja,nouns,1.07
160,嘴巴,ząb,nouns,0.72
161,蛇,jaszczurka,nouns,0.76
162,故障,system,nouns,0.05
163,文学,słowo,nouns,2.0
164,病毒,krew,nouns,0.34
165,肉,chleb,nouns,0.09
166,最近,niedawno,adverbs,5.58
167,骰子,sześcian,nouns,1.93
168,鳄鱼,jaszczurka,nouns,0.88
169,街,zaułek,nouns,3.24
170,球,rakieta,nouns,0.28
171,员工,pracodawca,nouns,0.5
172,笨,głupi,adjectives,5.66
173,很少地,zwykle,adverbs,0.23
174,云,jezioro,nouns,0.24
175,哭泣,płakać,verbs,5.51
176,平淡,ekscytujący,adjectives,0.09
177,主要,przeważnie,adverbs,4.4
178,自信,własna osoba,nouns,0.73
179,收到,złapać,verbs,0.34
180,主意,wizerunek,nouns,0.0
181,除,mnożyć,verbs,0.38
182,床,krzesło,nouns,0.33
183,冬天,lato,nouns,0.39
184,沙发,krzesło,nouns,1.64
185,混合,bić,verbs,0.25
186,奇怪,osobliwy,adjectives,5.08
187,建议,polecić,verbs,3.66
188,脏,niesamowity,adjectives,0.0
189,腿,ramię,nouns,0.57
190,似乎,udawać,verbs,0.69
191,杯子,słoik,nouns,1.7
192,电视,aktor,nouns,0.72
193,忽略,eksplorować,verbs,0.0
194,担心,marnować,verbs,0.0
195,续集,kamera,nouns,0.04
196,从不,później,adverbs,0.39
197,便宜,przystępny,adjectives,3.46
198,毁灭,rozpadać się,verbs,2.12
199,磁盘,komputer,nouns,0.93
200,一般,rutynowo,adverbs,3.9
201,反驳,zezwalać,verbs,0.0
202,必须,niepotrzebny,adjectives,0.09
203,老鹰,sokół,nouns,2.49
204,舌头,mięsień,nouns,0.65
205,蜜蜂,królowa,nouns,0.35
206,闻,psuć,verbs,0.6
207,表,zachód słońca,nouns,0.0
208,家牛,jogurt,nouns,0.43
209,本来,kreatywnie,adverbs,0.2
210,雪,burza,nouns,0.86
211,坚固地,miękko,adverbs,0.0
212,电影,teatr,nouns,1.41
213,衣服,schowek,nouns,0.33
214,收费,gardzić,verbs,0.1
215,逃逸,znaleźć,verbs,0.0
216,乏味,pewny,adjectives,0.0
217,兄弟会,drzwi,nouns,0.05
218,钱包,torebka,nouns,1.05
219,惩罚,uderzyć,verbs,0.6
220,走,zaczynać,verbs,0.09
221,抓住,otrzymywać,verbs,0.34
222,避免,zaprzeczać,verbs,0.48
223,储蓄者,oszczędność,nouns,0.73
224,腰部,posiłek,nouns,0.05
225,监护人,dorosły,nouns,2.82
226,辣,dobry,adjectives,0.25
227,法官,sędzia pokoju,nouns,3.63
228,主板,płyta matka,nouns,3.33
229,恢复,zastąpić,verbs,0.65
230,狐狸,ogar,nouns,0.46
231,发动机,tłok,nouns,1.59
232,容易,giętki,adjectives,0.43
233,进入,wychodzić,verbs,0.43
234,给,zachować,verbs,0.19
235,偷,brać,verbs,1.1
236,标志,symbol,nouns,5.35
237,税,dochód,nouns,0.52
238,哭,łkać,verbs,5.41
239,缺乏信心,potrzebujący,adjectives,0.24
240,伤害,kopać,verbs,0.96
241,故事,ołówek,nouns,0.18
242,奇怪,normalny,adjectives,0.09
243,蝴蝶,róża,nouns,0.38
244,在家里,daleko,adverbs,0.18
245,管理,praca,nouns,0.63
246,年级,szkoła,nouns,0.9
247,狭窄,brudny,adjectives,0.0
248,静脉,wybór,nouns,0.04
249,关键,ważny,adjectives,5.07
250,公主,wyspa,nouns,0.0
251,拒绝,obierać,verbs,0.2
252,箭头,cel,nouns,0.52
253,募捐活动,wydarzenie,nouns,1.08
254,三文治,obiad,nouns,0.29
255,身体,klatka piersiowa,nouns,1.9
256,母亲,przyjaciel,nouns,0.39
257,没有覆蓋的,zakryty,adjectives,0.14
258,得出结论,decydować,verbs,2.78
259,直升机,samolot,nouns,2.08
260,失败,bankructwo,nouns,1.66
261,作业,notatka,nouns,0.53
262,运送,nieść,verbs,2.58
263,美丽地,elegancko,adverbs,3.09
264,听,postrzegać,verbs,0.79
265,老鼠,pokład,nouns,0.0
266,成长,kurczyć się,verbs,0.09
267,幼儿床,kołyska,nouns,2.5
268,受惊,podekscytowany,adjectives,0.48
269,得到,stracić,verbs,0.18
270,允许,dać,verbs,1.35
271,杆,flaga,nouns,0.79
272,积极地,precyzyjnie,adverbs,0.62
273,原子,cząsteczka,nouns,2.92
274,条件,pakt,nouns,1.94
275,百科全书,słownik,nouns,1.86
276,毁灭,konstruować,verbs,0.18
277,僵硬,łatwy,adjectives,0.09
278,统计资料,tenis,nouns,0.05
279,坦白,wyparcie,nouns,0.15
280,篮子,piłka,nouns,0.34
281,多面体,aktor,nouns,0.0
282,打破,pękać,verbs,2.6
283,黎明,dzień,nouns,2.32
284,笼子,pręt,nouns,1.11
285,大厦,pokój,nouns,0.54
286,保持,zatrzymywać,verbs,3.34
287,下面,bok,nouns,0.29
288,面包,ser,nouns,0.18
289,借,sprzedawać,verbs,0.28
290,沐浴,trik,nouns,0.0
291,硬币,płatność,nouns,1.4
292,害羞,przestraszony,adjectives,1.46
293,机械地,idealnie,adverbs,0.39
294,安全地,ostrożnie,adverbs,3.13
295,电影,nihilizm,nouns,0.28
296,生日,data,nouns,1.67
297,没打中,uderzyć,verbs,0.23
298,果园,struś,nouns,0.0
299,汽车,ulica,nouns,0.29
300,矿,skała,nouns,1.21
301,感觉到,wierzyć,verbs,1.05
302,对手,przeciwnik,nouns,5.1
303,树,łódź,nouns,0.1
304,任务,szosa,nouns,0.05
305,船,drzewo,nouns,0.1
306,争论,debatować,verbs,3.44
307,大致,niecierpliwie,adverbs,0.6
308,练习,powtarzać,verbs,2.42
309,燕麦,pole,nouns,0.82
310,小炮舰,wybrzeże,nouns,0.04
311,电话,ofiara,nouns,0.0
312,镜片,aparat,nouns,0.53
313,蜜蜂,mrówka,nouns,0.57
314,房间,cela,nouns,2.24
315,拿,otrzymywać,verbs,1.92
316,走,przyjść,verbs,1.18
317,慷慨地,nigdy,adverbs,0.0
318,北方,zachód,nouns,0.49
319,意见,wybór,nouns,0.9
320,凯旋,zwycięstwo,nouns,5.32
321,冷静,neutralny,adjectives,0.84
322,怪兽,demon,nouns,3.46
323,旅程,podbój,nouns,0.53
324,抓住,uwalniać,verbs,0.14
325,征服,podróż,nouns,0.53
326,逻辑,arytmetyka,nouns,1.4
327,冷静地,stanowczo,adverbs,0.53
328,害怕,nieśmiały,adjectives,1.46
329,貂,futro,nouns,0.72
330,公共汽车,pojazd,nouns,3.2
331,用拳猛击,uszczypnąć,verbs,0.28
332,书,biblia,nouns,2.78
333,宽大,wąski,adjectives,0.14
334,死亡,tragedia,nouns,2.54
335,新,stary,adjectives,0.14
336,牛,bydło,nouns,4.22
337,脚,ręka,nouns,0.57
338,晚餐,kurczak,nouns,0.34
339,留,dostać,verbs,0.04
340,坠落,boleć,verbs,0.43
341,手机,ananas,nouns,0.0
342,军队,legion,nouns,3.73
343,象征,znak,nouns,5.35
344,屋顶,okno,nouns,0.24
345,结婚,angażować,verbs,1.63
346,一致地,czasem,adverbs,0.0
347,任务,słoma,nouns,0.0
348,蓝色,czerwony,adjectives,0.09
349,书,tekst,nouns,2.27
350,好,pikantny,adjectives,0.25
351,找到,zniknąć,verbs,0.0
352,云,pogoda,nouns,1.49
353,王子,król,nouns,1.7
354,好的,mierny,adjectives,0.28
355,信用,pożyczkobiorca,nouns,1.11
356,问,pomagać,verbs,0.09
357,普通,dziwny,adjectives,0.04
358,一尘不染,czysty,adjectives,5.11
359,普通,zimny,adjectives,0.0
360,穿,drzeć,verbs,0.09
361,神经官能症,umysł,nouns,0.39
362,不清楚,mętny,adjectives,4.14
363,交流,telewizja,nouns,0.6
364,普通,nieprawdopodobny,adjectives,0.05
365,残酷,srogi,adjectives,4.18
366,雪,lód,nouns,2.27
367,意外,książka,nouns,0.0
368,篮球,baseball,nouns,1.17
369,保护,zachować,verbs,0.98
370,自豪地,pokojowo,adverbs,0.09
371,晚上,rozdział,nouns,0.0
372,有攻击性的,niegrzeczny,adjectives,1.83
373,孩子,córka,nouns,2.66
374,诗,rytm,nouns,0.48
375,难看,niechlujny,adjectives,0.92
376,幸运,zawstydzony,adjectives,0.1
377,忽略,zostawić,verbs,0.93
378,毛毛虫,jedwabnik,nouns,2.45
379,书,opowieść,nouns,2.52
380,借,dać,verbs,1.89
381,敬重,honor,nouns,1.22
382,当然,oczywiście,adverbs,3.56
383,钟,wieża,nouns,0.57
384,母亲,tata,nouns,0.78
385,找到,nabyć,verbs,1.89
386,深度,wielkość,nouns,1.11
387,分界线,granica,nouns,3.29
388,肚子,sypialnia,nouns,0.0
389,容易,prosty,adjectives,4.88
390,男人,wartownik,nouns,1.55
391,仁慈地,miło,adverbs,4.37
392,煮,wymieszać,verbs,0.34
393,深深地,przeważnie,adverbs,0.18
394,嘴巴,warga,nouns,3.13
395,声学,dźwięk,nouns,1.2
396,门,dzwon,nouns,0.1
397,朋友,kumpel,nouns,4.25
398,宠物,kot,nouns,3.28
399,真诚地,zwykle,adverbs,0.3
400,拥抱,udusić,verbs,0.0
401,猫,zwięrzę domowe,nouns,3.28
402,强大,słaby,adjectives,0.0
403,键盘,światło,nouns,0.04
404,病原,zarazek,nouns,3.68
405,电脑,maszyna,nouns,3.31
406,床,meble,nouns,3.22
407,从不,chojnie,adverbs,0.0
408,星期,weekend,nouns,1.58
409,清醒,racjonalny,adjectives,3.66
410,工作,narzędzie,nouns,0.53
411,皇帝,gubernator,nouns,0.58
412,接受,otrzymywać,verbs,1.35
413,撤退,zstępować,verbs,0.8
414,自然地,chicho,adverbs,0.28
415,类别,chaos,nouns,0.05
416,麻布,tkanina,nouns,3.6
417,无礼,krytyczny,adjectives,0.62
418,胆大,dumny,adjectives,1.06
419,影片,ekranizacja,nouns,4.34
420,闻名,popularny,adjectives,4.37
421,付款,moneta,nouns,1.4
422,蚕,gąsienica,nouns,2.45
423,蝙蝠,wampir,nouns,0.68
424,乳制品,miód,nouns,0.23
425,停止,kontrolować,verbs,0.39
426,接受,zaprzeczać,verbs,0.0
427,指南,podręcznik,nouns,2.86
428,捏,walnąć,verbs,0.28
429,交付,brać,verbs,0.24
430,柠檬,jabłko,nouns,0.29
431,排外主义,rasizm,nouns,2.89
432,需要,ustalać,verbs,0.25
433,磨坊,nasienie,nouns,0.14
434,朋友,matka,nouns,0.39
435,总统,uczeń,nouns,0.0
436,选举,wybór,nouns,2.62
437,心烦,zawstydzony,adjectives,0.48
438,按下,uwalniać,verbs,0.0
439,暴动,rysunek,nouns,0.04
440,羊,bydło,nouns,1.33
441,授粉,pręcik,nouns,0.46
442,阿姨,siostrzeniec,nouns,0.58
443,公共的,prywatny,adjectives,0.09
444,真诚地,poważnie,adverbs,2.41
445,锁匙,dom ,nouns,0.1
446,叔叔,kuzyn,nouns,0.78
447,关键地,zasadniczo,adverbs,0.78
448,准许,aprobować,verbs,3.91
449,装作,kłamać,verbs,2.58
450,小心地,przezornie,adverbs,4.38
451,神,ofiara,nouns,0.0
452,共和国,książę,nouns,0.0
453,非法,prawowity,adjectives,0.09
454,食物,program,nouns,0.0
455,日志,formuła,nouns,0.45
456,水,sól,nouns,0.48
457,棒球,braterstwo,nouns,0.0
458,家长,dorosły,nouns,2.74
459,十四行诗,piękno,nouns,0.15
460,肉,wołowina,nouns,3.97
461,清洁,niechlujny,adjectives,0.04
462,诈骗,przestępstwo,nouns,3.56
463,教堂,kabel,nouns,0.05
464,大,szeroki,adjectives,2.69
465,服从,zachowywać się,verbs,3.35
466,明天,dzisiaj wieczorem,adverbs,0.14
467,休会,skończyć,verbs,0.19
468,周末,tydzień,nouns,1.58
469,旗帜学,flaga,nouns,0.92
470,午饭,kanapka,nouns,0.29
471,新郎,panna młoda,nouns,0.78
472,柄,białko,nouns,0.0
473,早餐,kolacja,nouns,0.66
474,工作者,biuro,nouns,0.33
475,肝脏,organ,nouns,3.02
476,现实,fantazja,nouns,0.55
477,喇叭,samochód,nouns,0.19
478,联合,suma,nouns,0.62
479,电影,opera,nouns,1.1
480,现实地,niedawno,adverbs,0.0
481,狡诈,niewiarygodny,adjectives,2.09
482,课程,żołądek,nouns,0.0
483,椅子,teleskop,nouns,0.0
484,恢复,reperować,verbs,2.14
485,羞耻,zmartwiony,adjectives,0.48
486,主题,książka,nouns,1.35
487,洞,żona,nouns,0.32
488,总统,polityk,nouns,3.54
489,合作伙伴,chłopiec,nouns,0.78
490,城市,miasteczko,nouns,3.86
491,山谷,kanion,nouns,3.65
492,钢笔,alfabet,nouns,0.05
493,拥抱,tulić,verbs,5.24
494,豆,kawa ,nouns,0.73
495,子程序,kompilator,nouns,1.36
496,保持,przytulić,verbs,0.5
497,房间,budynek,nouns,0.54
498,喜爱,nienawidzić,verbs,0.09
499,难以置信地,ciasno,adverbs,0.3
500,页,akapit,nouns,0.75
501,每当,czasem,adverbs,0.93
502,给,zezwalać,verbs,1.35
503,云,burza,nouns,0.81
504,手机,telefon,nouns,4.97
505,客串角色,występ,nouns,0.2
506,情况,okoliczność,nouns,4.99
507,愤怒,gwałtowny,adjectives,2.21
508,不合理,niesprawiedliwie,adverbs,2.25
509,累,nudny,adjectives,0.24
510,红酒,brandy,nouns,2.06
511,评论说,krytykować,verbs,1.17
512,强大,potężny,adjectives,4.38
513,段,strona,nouns,0.75
514,望远镜,krzesło,nouns,0.0
515,篱笆,poręcz,nouns,0.3
516,理解,wiedzieć,verbs,3.41
517,服从,karać,verbs,0.49
518,小马,koń,nouns,3.42
519,卡,brydż,nouns,0.68
520,心脏,chirurgia,nouns,0.24
521,副驾驶,kokpit,nouns,0.42
522,周末,wyścig,nouns,0.0
523,显著的,oczywisty,adjectives,3.69
524,害怕,nerwowy,adjectives,1.8
525,防御,chronić,verbs,4.55
526,冷,zwyczajny,adjectives,0.0
527,乱,czysty,adjectives,0.04
528,重大,pomniejszy,adjectives,0.09
529,现代,starożytny,adjectives,0.0
530,董事,szef,nouns,4.68
531,裙子,taniec,nouns,0.09
532,救,chronić,verbs,2.88
533,鸵鸟,sad,nouns,0.0
534,餐,kolacja,nouns,3.25
535,视力,percepcja,nouns,1.23
536,争论,uczęszczać,verbs,0.09
537,字典,encyklopedia,nouns,1.86
538,酒店,mieszkanie,nouns,0.96
539,使心烦,zniechęcać,verbs,1.83
540,默默地,pasywnie,adverbs,0.77
541,严肃,śmieszny,adjectives,0.0
542,威士忌酒,alkohol,nouns,3.37
543,床,sypialnia,nouns,1.11
544,白天,świt,nouns,2.32
545,肉,stek,nouns,4.04
546,猫,królik,nouns,0.83
547,说,wyrażać,verbs,3.38
548,接受,polecać,verbs,0.34
549,书,wypadek,nouns,0.0
550,大灾变,ogień,nouns,0.96
551,星,jasność,nouns,0.69
552,旅程,wycieczka,nouns,4.64
553,创建,niszczyć,verbs,0.18
554,显然,najwyraźniej,adverbs,2.31
555,好心地,życzliwie,adverbs,4.37
556,污染,prezydent,nouns,0.1
557,哨,zatrzymywać,verbs,0.05
558,赚,robić,verbs,0.63
559,确定,pewny,adjectives,4.64
560,意识,uwaga,nouns,2.67
561,脖子,kość,nouns,0.34
562,行李,opłynięcie,nouns,0.0
563,尾巴,klif,nouns,0.0
564,大声地,cicho,adverbs,0.0
565,雕像,rzeźba,nouns,5.23
566,承认,akceptować,verbs,3.99
567,月,sierpień,nouns,2.35
568,击剑,gimnastyka,nouns,0.85
569,自由,cenzura,nouns,0.04
570,获得,uzyskać,verbs,4.33
571,戏法,rozmiar,nouns,0.0
572,女人,zadanie,nouns,0.0
573,聪慧,bystry,adjectives,5.14
574,纸,karton,nouns,3.25
575,军队,marynarka,nouns,3.71
576,成为,pojawić się,verbs,0.93
577,成为,organizować,verbs,0.05
578,说服,próbować,verbs,0.97
579,成功,nawalić,verbs,0.18
580,机场,samolot,nouns,1.1
581,农业,roślina,nouns,0.79
582,可怕,smutny,adjectives,0.38
583,老鼠,pojemnik,nouns,0.05
584,同意,różnić się,verbs,0.0
585,胸部,ciało,nouns,1.9
586,摩天大楼,pałac,nouns,0.68
587,盒子,cygaro,nouns,0.04
588,恶化,wycierać,verbs,0.2
589,紧张,przestraszony,adjectives,1.8
590,消失,znaleźć,verbs,0.0
591,维他命,żelazo,nouns,0.96
592,流星,grawitacja,nouns,0.15
593,星星,planeta,nouns,2.63
594,捏碎,trzasnąć,verbs,1.45
595,伟大,okropny,adjectives,0.04
596,门,korytarz,nouns,0.28
597,聪明,inteligentny,adjectives,5.14
598,公爵,republika,nouns,0.0
599,吸血鬼,nietoperz,nouns,0.68
600,援助,asystować,verbs,4.22
601,女儿,dzieciak,nouns,2.66
602,钱,diament,nouns,0.8
603,非自然,naturalnie,adverbs,0.18
604,木材,polano,nouns,4.0
605,肩,głowa,nouns,0.44
606,巧克力,placek,nouns,0.43
607,枫木,dąb,nouns,2.08
608,安慰,poniżać,verbs,0.09
609,温和地,życzliwie,adverbs,2.78
610,缺席,obecność,nouns,0.09
611,羞愧,smutek,nouns,0.75
612,不同,normalny,adjectives,0.1
613,谦虚,giętki,adjectives,0.32
614,棒球,koszykówka,nouns,1.17
615,壁,zamek,nouns,0.28
616,酱,jabłko,nouns,0.14
617,羞耻,pomyślny,adjectives,0.1
618,理性的,trzeźwy,adjectives,3.66
619,最近,realistycznie,adverbs,0.0
620,电视,scenarzysta,nouns,0.33
621,章,ogon,nouns,0.0
622,选择,decydować,verbs,4.16
623,神经,ciało,nouns,1.11
624,吉他,pstrąg,nouns,0.0
625,锥形蛋筒,filiżanka,nouns,0.41
626,真实,nieuczciwy,adjectives,0.04
627,被动地,cicho,adverbs,0.77
628,混乱,lekcja,nouns,0.05
629,充电器,dysk,nouns,0.24
630,满足,zadowalać,verbs,4.68
631,手臂,ciało,nouns,0.97
632,祈祷,komunikować,verbs,0.52
633,选择,opinia,nouns,0.9
634,加冕礼,woda,nouns,0.04
635,球,rękawica,nouns,0.19
636,家牛,krowa,nouns,4.22
637,人,pistolet,nouns,0.0
638,河,strumień,nouns,3.02
639,借,zachować,verbs,0.0
640,天神,ksiądz,nouns,0.43
641,发现,zdać sobie sprawę,verbs,3.96
642,宪法,cesarz,nouns,0.04
643,岛,plaża,nouns,1.48
644,讨厌,lubić,verbs,0.09
645,约定,zobowiązanie,nouns,1.59
646,古老,współczesny,adjectives,0.0
647,犯罪,atak,nouns,1.46
648,煮,stracić,verbs,0.0
649,手套,piłka,nouns,0.19
650,渴,głodny,adjectives,1.41
651,校验,uzasadniać,verbs,1.03
652,顶,bok,nouns,0.29
653,望远镜,burza mózgów,nouns,0.0
654,日落,wschód słońca,nouns,0.43
655,老鼠,kot,nouns,0.29
656,怀疑,aresztować,verbs,0.78
657,货车,pakunek,nouns,0.55
658,无穷,zero,nouns,0.25
659,手腕,ręka,nouns,1.9
660,柑橘,pomarańcza,nouns,3.33
661,歌谣,piosenka ,nouns,3.4
662,有时,pewnie,adverbs,0.0
663,圣人,grzesznik,nouns,0.04
664,湿,klejący,adjectives,1.3
665,复杂,dojrzały,adjectives,0.97
666,行动,gra,nouns,0.7
667,网球,statystyka,nouns,0.05
668,演员,piosenka,nouns,0.63
669,正式,silnie,adverbs,0.67
670,器官,nerka,nouns,3.93
671,画画,zamieszki,nouns,0.04
672,挂,kłaść,verbs,0.6
673,马,wół,nouns,1.03
674,跑,jeździć,verbs,0.28
675,尾巴,miska,nouns,0.0
676,摄影,reżyser,nouns,1.14
677,王座,miecz,nouns,0.28
678,草原,łąka,nouns,3.86
679,足球,zabawa,nouns,0.65
680,肚子,ciało,nouns,1.36
681,不显眼地,oczywiście,adverbs,0.18
682,放开,naciskać,verbs,0.0
683,伤害,upaść,verbs,0.43
684,编织,ruszać,verbs,0.0
685,谦逊地,dumnie,adverbs,0.33
686,乘法,dzielenie,nouns,0.56
687,好斗,wygięty,adjectives,0.09
688,拿,chwytać,verbs,2.31
689,理想地,mechanicznie,adverbs,0.39
690,地板,drzwi,nouns,0.2
691,做,rezygnować,verbs,0.0
692,等待,zostać,verbs,1.49
693,大多,głównie,adverbs,4.4
694,钩针编织,mundur,nouns,0.23
695,尝试,przekonywać,verbs,0.97
696,兄弟会,mężczyźni,nouns,1.23
697,淫贱,brudny,adjectives,0.37
698,伤心,śmieszny,adjectives,0.04
699,对手,oponent,nouns,5.1
700,鼓,róg,nouns,0.29
701,雨,grad,nouns,1.23
702,果汁,milkshake,nouns,0.53
703,导演,kinematografia,nouns,1.14
704,常规地,normalnie,adverbs,3.9
705,牛排,mięso,nouns,4.04
706,埋葬,przykryć,verbs,2.58
707,身体,bark,nouns,0.86
708,博物馆,mennica,nouns,0.05
709,羞愧,skromny,adjectives,0.83
710,故事,książka,nouns,2.52
711,云,opary,nouns,1.8
712,战斗,wojowniczość,nouns,2.9
713,资料,gazeta,nouns,1.67
714,困扰,wystraszyć,verbs,0.83
715,发生,robić,verbs,0.25
716,总是,dwukrotnie,adverbs,0.05
717,艺术家,dzieło sztuki,nouns,0.91
718,甲板,mysz,nouns,0.0
719,大致,oczywiście,adverbs,0.38
720,终末,inaczej,adverbs,0.3
721,老板,dyrektor,nouns,4.68
722,肠子,nerw,nouns,0.34
723,沉思,myśleć,verbs,3.17
724,阳光,niebo,nouns,1.1
725,聚集,uczęszczać,verbs,1.23
726,神职人员,mnich,nouns,2.52
727,提高,pić,verbs,0.1
728,女演员,aktor,nouns,2.98
729,八月,miesiąc,nouns,2.35
730,制服,nieukształtowany,adjectives,0.05
731,窗帘,pręt,nouns,0.14
732,探路者,łucznik,nouns,0.89
733,律师,bankier,nouns,0.29
734,蟋蟀,kibic,nouns,0.2
735,收入,podatek,nouns,0.52
736,教练,gracz,nouns,0.35
737,音乐,melodia,nouns,3.77
738,猛烈地,smutno,adverbs,0.09
739,收集,organizować,verbs,1.69
740,安排,wymagać,verbs,0.25
741,收缩,redukować,verbs,3.33
742,发现,eksplorować,verbs,3.06
743,航空电子学,aeronautyka,nouns,2.69
744,身体,bielizna,nouns,0.15
745,头脑,mózg,nouns,4.03
746,破产,porażka,nouns,1.66
747,聪明,tępy,adjectives,0.04
748,老师,student,nouns,0.33
749,重要,konieczny,adjectives,4.01
750,掩盖,chronić,verbs,1.64
751,昂贵,nieśmiały,adjectives,0.0
752,呕吐,zamykać,verbs,0.0
753,牧师,prorok,nouns,0.24
754,公主,panna młoda,nouns,0.24
755,巨大,malutki,adjectives,0.09
756,真诚地,uczciwie,adverbs,4.5
757,问,błagać,verbs,0.76
758,新闻,plotka,nouns,1.94
759,批评,argument,nouns,1.04
760,木,polano,nouns,4.39
761,努力,przejąć,verbs,0.0
762,惩罚,uczyć,verbs,0.28
763,苹果,dieta,nouns,0.41
764,血液,mięso,nouns,0.48
765,公主,król,nouns,0.6
766,报纸,słowo,nouns,1.02
767,之前,po,adverbs,0.38
768,沙拉,ocet,nouns,0.24
769,宗教,sekularysta,nouns,0.0
770,门口,drzwi,nouns,4.02
771,羞辱,pocieszać,verbs,0.09
772,锁,klucz,nouns,0.61
773,起泡,ilustracja,nouns,0.0
774,被动,gwałtowny,adjectives,0.0
775,肚子,żyła,nouns,0.29
776,氦气,powietrze,nouns,1.92
777,大薄片,płaszczyzna,nouns,0.39
778,有趣,smutny,adjectives,0.04
779,了解,wybaczać,verbs,1.32
780,生日,rok,nouns,0.71
781,能量,bateria,nouns,1.86
782,正文,książka,nouns,2.27
783,残酷,miły,adjectives,0.0
784,血液,wirus,nouns,0.34
785,钱,perła,nouns,0.1
786,侵蚀,zezwalać,verbs,0.0
787,电动机,łódź,nouns,0.43
788,天气,chmura,nouns,1.49
789,手臂,noga,nouns,0.57
790,正常,dziwaczny,adjectives,0.09
791,大,ciężki,adjectives,0.82
792,世纪,rok,nouns,1.35
793,暴风雨,huragan,nouns,2.52
794,做,zdarzyć się,verbs,0.25
795,瘦,smukły,adjectives,4.88
796,友好,nieprawdopodobny,adverbs,0.14
797,肌肉,ramię,nouns,1.24
798,否认,przyznawać,verbs,0.18
799,珍珠,pieniądze,nouns,0.1
800,副驾驶,glina,nouns,0.04
801,戏法,gra,nouns,0.82
802,北,południe,nouns,0.19
803,未成形,jednolity,adjectives,0.05
804,坏,okropny,adjectives,3.92
805,错误,precyzyjny,adjectives,0.09
806,女士,dżentelmen,nouns,0.73
807,手,stopa,nouns,0.57
808,酒,stulecie,nouns,0.05
809,生活,przeżyć,verbs,2.78
810,选择,żyła,nouns,0.04
811,同意,nie zgadzać się,verbs,0.18
812,付款,kupować,verbs,2.56
813,撕开,nosić,verbs,0.09
814,留,odchodzić,verbs,0.09
815,绿洲,wolność,nouns,0.34
816,严酷,okrutny,adjectives,4.18
817,沙发,baseball,nouns,0.0
818,小心地,bezpiecznie,adverbs,3.13
819,苹果,sok,nouns,1.02
820,牙,młotek,nouns,0.0
821,桥,karta,nouns,0.68
822,兴奋,wystraszony,adjectives,0.48
823,知道,dać,verbs,0.1
824,死亡,katastrofa,nouns,2.08
825,杀,powiesić,verbs,2.41
826,给,wiedzieć,verbs,0.1
827,无辜,wolny,adjectives,0.6
828,糖果,cynamon,nouns,0.14
829,父亲,córka,nouns,0.29
830,理解,satysfakcjonować,verbs,0.38
831,叔叔,mężczyzna,nouns,1.98
832,手臂,żyła,nouns,0.1
833,团结,zaślubić,verbs,1.17
834,协议,pakt,nouns,4.72
835,卖,przypominać,verbs,0.0
836,毛线衣,bawełna,nouns,0.81
837,经常地,czasami,adverbs,0.62
838,结婚,jednoczyć,verbs,1.17
839,辩论,argumentować,verbs,3.44
840,支持者,krykiet,nouns,0.2
841,和蔼,okrutny,adjectives,0.0
842,菜单,zamówienie,nouns,1.23
843,疾病,rak,nouns,3.96
844,稻草,hymn,nouns,0.0
845,植物群,natura,nouns,2.46
846,有礼貌地,dyskretnie,adverbs,0.92
847,未预见到,nieoczekiwany,adjectives,5.14
848,明显,zauważalny,adjectives,3.69
849,相机,kontynuacja,nouns,0.04
850,军团,armia,nouns,3.73
851,倾向,wpłynąć,verbs,2.63
852,塔,dzwon,nouns,0.57
853,大气层,ozon,nouns,2.42
854,花,krzak,nouns,0.87
855,大象,kompas,nouns,0.04
856,收割,zyskać,verbs,2.08
857,拥抱,trzymać,verbs,0.5
858,百万富翁,dolar,nouns,0.25
859,接受,odmawiać,verbs,0.18
860,哥哥,chłopiec,nouns,1.64
861,精灵,lampa,nouns,0.3
862,贡献,ofiara,nouns,2.02
863,祈祷,pytać,verbs,0.33
864,野兽,zwierzę,nouns,3.02
865,白兰地,wino,nouns,2.06
866,优胜者,obecność,nouns,0.05
867,主要地,nieuleczalnie,adverbs,0.0
868,到达,odchodzić,verbs,0.14
869,卧室,łazienka,nouns,0.53
870,醋,sałatka,nouns,0.24
871,湖,bagno,nouns,0.53
872,蚂蚁,pszczoła,nouns,0.57
873,衣服,kurtka,nouns,2.74
874,难以置信,zwykły,adjectives,0.05
875,离开,spotykać,verbs,0.18
876,购买,płacić,verbs,2.56
877,吸收,wycofać,verbs,0.0
878,司机,pilot,nouns,1.77
879,邮包,ciężarówka,nouns,0.55
880,狗,koń,nouns,0.71
881,文明,styl życia,nouns,1.21
882,化学,teoria,nouns,0.77
883,波浪,pogoda,nouns,0.1
884,枪,działo,nouns,1.56
885,新,świeży,adjectives,4.25
886,丈夫,mężczyzna,nouns,2.55
887,植物,rolnictwo,nouns,0.79
888,相像,podobny,adjectives,3.1
889,非常,jasno,adverbs,0.25
890,季节,zima,nouns,2.94
891,加入,dodać,verbs,3.37
892,指甲,głowa,nouns,0.15
893,加入,nabyć,verbs,0.15
894,接受,zgądzać się,verbs,4.32
895,怪异,dziwny,adjectives,4.98
896,玩具,sześcian,nouns,0.14
897,戏法,wanna,nouns,0.0
898,使满意,satysfakcjonować,verbs,4.68
899,分子,atom,nouns,2.92
900,想,pamiętać,verbs,0.48
901,红酒,alkohol,nouns,3.42
902,职业,koledż,nouns,0.04
903,手,nadgarstek,nouns,1.9
904,女儿,ojciec,nouns,0.29
905,坚硬,hardy,adjectives,3.24
906,农业,monokultura,nouns,1.44
907,灵活,skromny,adjectives,0.32
908,安全,wygoda,nouns,0.65
909,地心引力,meteor,nouns,0.15
910,平滑,ostry,adjectives,0.24
911,乐观地,możliwie,adverbs,0.63
912,角,obszar,nouns,0.47
913,乐器,skrzypce,nouns,3.93
914,今天晚上,jutro,adverbs,0.14
915,新鲜,stary,adjectives,0.09
916,兄弟会,baseball,nouns,0.0
917,饥饿,spragniony,adjectives,1.41
918,预热,odgrzewać,nouns,1.12
919,衣服,szuflada,nouns,0.2
920,杯子,rożek,nouns,0.41
921,污染,atmosfera,nouns,0.29
922,背景,tapeta,nouns,3.1
923,满载,ciężki,adjectives,0.86
924,喉咙,nos,nouns,0.44
925,音乐,flet,nouns,0.9
926,同意,akceptować,verbs,4.32
927,打,rama,nouns,0.04
928,警察,polityk,nouns,0.1
929,日期,urodziny,nouns,1.67
930,搜索,patrzeć,verbs,0.65
931,书,informacja,nouns,1.45
932,门,otwór drzwiowy,nouns,4.02
933,电影,popcorn,nouns,0.43
934,大象,dinozaur,nouns,0.34
935,教堂,chór,nouns,0.59
936,雾气,chmura,nouns,1.8
937,音系学,ekran,nouns,0.0
938,忘记,uczyć się,verbs,0.0
939,款待,płacić,verbs,0.29
940,大炮,bal,nouns,0.05
941,哨兵,mężczyzna,nouns,1.55
942,沉闷,nudny,adjectives,1.99
943,国王,książę,nouns,1.7
944,男人,braterstwo,nouns,1.23
945,某些,nerwowy,adjectives,0.0
946,男孩,partner,nouns,0.78
947,满足,rozumieć,verbs,0.38
948,雾,chmura,nouns,2.08
949,刺激,nudny,adjectives,0.09
950,耐力,siła,nouns,2.58
951,头,nos,nouns,0.54
952,移动,tkać,verbs,0.0
953,树木,klon,nouns,3.53
954,谨慎地,grzecznie,adverbs,0.92
955,出席,przyjść,verbs,2.99
956,机械师,robotnik,nouns,2.28
957,想要,pożyczać,verbs,0.39
958,留,czekać,verbs,1.49
959,加,złączyć,verbs,3.37
960,枪,sierżant,nouns,0.19
961,瞄准,uderzyć,verbs,1.71
962,小心地,niebezpiecznie,adverbs,0.18
963,运动,aktywność,nouns,3.51
964,厨房,łazienka,nouns,0.39
965,立方体,kości,nouns,1.93
966,离开,wycofywać się,verbs,3.42
967,打碎,rozwalić,verbs,4.46
968,日出,zachód słońca,nouns,0.43
969,暴力,radykalny,adjectives,2.22
970,鳟鱼,gitara,nouns,0.0
971,除法,mnożenie,nouns,0.56
972,国境,odgraniczenie,nouns,3.29
973,一分钱,ludzie,nouns,0.05
974,厨房,drzwi,nouns,0.1
975,杯子,łyżka,nouns,0.24
976,手臂,nadgarstek,nouns,0.55
977,监护人,matka,nouns,3.06
978,狂怒,gniew,nouns,4.2
979,出席,gromadzić się,verbs,1.23
980,徘徊,szukać,verbs,0.79
981,牛奶,sok,nouns,0.62
982,发送,iść,verbs,0.04
983,易损坏,oziębły,adjectives,0.15
984,收到,brać,verbs,1.92
985,拒绝,akceptować,verbs,0.11
986,自然地,nienaturalnie,adverbs,0.18
987,巫师,kabel,nouns,0.0
988,州长,cesarz,nouns,0.58
989,粗糙地,pobieżnie,adverbs,0.66
990,罕见,tępy,adjectives,0.0
991,罕见,niezwykły,adjectives,4.49
992,屋顶,podłoga,nouns,0.34
993,赢得,zrealizować,verbs,2.09
994,发誓,obiecywać,verbs,4.21
995,傻,tępy,adjectives,4.98
996,停止,zabraniać,verbs,2.34
997,饼干,księżniczka,nouns,0.0
998,办公室,robotnik,nouns,0.33
999,法律,szkoła,nouns,0.28
1000,工作者,pracodawca,nouns,0.43
1001,河谷,rzeka,nouns,1.17
1002,运输,samochód,nouns,2.25
1003,伞,grzejnik,nouns,0.04
1004,谷仓,dom,nouns,0.57
1005,鸟,kura,nouns,2.37
1006,癌症,choroba,nouns,3.96
1007,滴,nalewać,verbs,1.06
1008,啤酒,szampan,nouns,1.93
1009,字典,słowo,nouns,0.63
1010,生物学,anatomia,nouns,2.47
1011,毛毛雨,deszcz,nouns,3.48
1012,海滩,wyspa,nouns,1.48
1013,一分钱,żona,nouns,0.23
1014,芝士,chleb,nouns,0.18
1015,座舱,drugi pilot,nouns,0.42
1016,火,apokalipsa,nouns,0.96
1017,口香糖,mięta,nouns,0.47
1018,检查,zbadać,verbs,3.06
1019,甜,elektryczny,adjectives,0.0
1020,意外,awaria,nouns,3.35
1021,创造性地,początkowo,adverbs,0.2
1022,发烧,schorzenie,nouns,1.83
1023,抖动,mieszać,verbs,1.96
1024,狭窄,szeroki,adjectives,0.09
1025,审查,swoboda,nouns,0.04
1026,活动,ruch,nouns,3.51
1027,猎鹰,orzeł,nouns,2.49
1028,家长,ojciec,nouns,4.73
1029,救,topić,verbs,0.04
1030,不道德,zły,adjectives,2.96
1031,说,uczestniczyć,verbs,0.0
1032,气球,wanna,nouns,0.0
1033,晚饭,posiłek,nouns,3.25
1034,大多,głęboko,adverbs,0.18
1035,兔子,kot,nouns,0.83
1036,怪诞,dziwny,adjectives,4.57
1037,紧张,pewien,adjectives,0.0
1038,打,miksować,verbs,0.25
1039,指控,winić,verbs,3.93
1040,给予,zaprzeczać,verbs,0.0
1041,马上,raz,adverbs,0.1
1042,拇指,paznokieć,nouns,0.78
1043,今天晚上,dzisiaj,adverbs,2.33
1044,简单,trudny,adjectives,0.09
1045,允许,iść,verbs,0.1
1046,母鸡,ptak,nouns,2.37
1047,抓住,ścigać,verbs,1.54
1048,智力,mądrość,nouns,4.21
1049,海岸,kanonierka,nouns,0.04
1050,相信,akceptować,verbs,1.25
1051,紫罗兰,kwiat,nouns,3.42
1052,船,samochód,nouns,0.48
1053,啤酒,napój,nouns,2.77
1054,参加竞选,małpa,nouns,0.0
1055,便宜货,pens,nouns,0.1
1056,球,kula,nouns,3.25
1057,酒,koktajl,nouns,2.98
1058,订婚,pierścień,nouns,0.94
1059,射手,zwiadowca,nouns,0.89
1060,变成,wydawać się,verbs,0.39
1061,毛,pistolet,nouns,0.0
1062,电容器,dioda,nouns,0.43
1063,抱怨,kłócić się,verbs,1.79
1064,叔叔,ciotka,nouns,0.82
1065,争论,krytyka,nouns,1.04
1066,世纪,dekada,nouns,0.44
1067,简单,łatwy,adjectives,4.88
1068,骑,tasować,verbs,0.0
1069,桥,samochód,nouns,0.09
1070,棒球,kanapa,nouns,0.0
1071,订婚,mianowanie,nouns,1.59
1072,笔记本,laptop,nouns,4.64
1073,模仿,pojmać,verbs,0.0
1074,大口地吃,sączyć,verbs,0.63
1075,弯曲,agresywny,adjectives,0.09
1076,紧急情况,wypadek,nouns,3.35
1077,进入,być dłużnym,verbs,0.0
1078,起源,zaczynać,verbs,3.66
1079,在别处,w domu,adverbs,0.18
1080,承诺,przysięgać,verbs,4.21
1081,武士,mężczyzna,nouns,0.93
1082,袋,portmonetka,nouns,1.05
1083,节目,matematyk,nouns,0.0
1084,城镇,miasto,nouns,3.86
1085,偏见,skłaniać,verbs,2.63
1086,违反,przestępstwo,nouns,3.48
1087,铁,witamina,nouns,0.96
1088,文章,praca domowa,nouns,1.66
1089,妻子,kobieta,nouns,2.65
1090,井井有条,chaotyczny,verbs,0.18
1091,神经,mózg,nouns,1.26
1092,擦,pogorszyć się,verbs,0.2
1093,奇怪地,inaczej,adverbs,1.08
1094,医生,lekarz,nouns,5.11
1095,感觉,intuicja,nouns,4.09
1096,付得起,tani,adjectives,3.46
1097,主题,opowieść,nouns,0.77
1098,腐烂,niszczyć,verbs,2.12
1099,威士忌酒,szampan,nouns,1.78
1100,学校,ocena,nouns,0.9
1101,图像,odbicie,nouns,2.94
1102,包装纸,port,nouns,0.05
1103,搏斗,zabić,verbs,1.14
1104,做,niszczyć,verbs,0.09
1105,码,metr,nouns,2.33
1106,必须,ważny,adjectives,4.01
1107,草,korzeń,nouns,0.38
1108,乘,dzielić,verbs,0.38
1109,拿,kraść,verbs,1.1
1110,大厦,rzeźbiarz,nouns,0.0
1111,下面,wierzch,nouns,0.04
1112,尝试,powieść się,verbs,0.18
1113,班级,koledż,nouns,0.39
1114,定义,słownik,nouns,1.07
1115,善良,hojny,adjectives,1.4
1116,非一般,rzadki,adjectives,4.49
1117,钢琴,harmonia,nouns,0.43
1118,算术,logika,nouns,1.4
1119,手臂,mięsień,nouns,1.24
1120,单身牢房,pokój,nouns,2.24
1121,离开,wędrować,verbs,0.39
1122,总统,aparat,nouns,0.0
1123,数字,liczba,nouns,4.57
1124,偷,kupować,verbs,0.28
1125,弯曲,kąt,nouns,0.85
1126,应用,galaktyka,nouns,0.0
1127,狭窄,długi,adjectives,0.24
1128,可靠地,pasywnie,adverbs,0.1
1129,鼻子,gardło,nouns,0.44
1130,傲慢,dumny,adjectives,2.56
1131,离开,przybywać,verbs,0.14
1132,戒除,zaczynać,verbs,0.0
1133,很可能,możlwie,adverbs,4.48
1134,重要的,oficjalnie,adverbs,1.3
1135,闻名,narodowy,adjectives,0.25
1136,笔记本,pistolet,nouns,0.0
1137,岛,zadanie,nouns,0.0
1138,芥末,nasienie,nouns,0.28
1139,河流,morze,nouns,1.74
1140,夺取,brać,verbs,2.31
1141,传感器,kaloryfer,nouns,0.23
1142,肥料,wzrost,nouns,0.57
1143,行政管理,kierownictwo,nouns,3.76
1144,折断,chrzęścić,verbs,1.45
1145,悲伤,szczęscie,nouns,0.0
1146,混合,mieszać,verbs,3.58
1147,不公平,sprawiedliwie,adverbs,0.18
1148,篱笆,skakanie,nouns,0.1
1149,尾巴,rozdział,nouns,0.0
1150,手册,przewodnik,nouns,2.86
1151,容器,wóz,nouns,0.14
1152,手掌,palec,nouns,1.61
1153,马,klacz,nouns,3.33
1154,单种栽培,rolnictwo,nouns,1.44
1155,营地,domek,nouns,0.34
1156,外国人,obcy,nouns,4.26
1157,大笑,śpiewać,verbs,0.1
1158,风暴,śnieg,nouns,0.86
1159,尖,gładki,adjectives,0.24
1160,谈判,dyplomacja,nouns,2.16
1161,身体,kręgosłup,nouns,1.08
1162,撤离,ustalać,verbs,0.0
1163,伤心地,emocjonalnie,adverbs,0.91
1164,球,działo,nouns,0.05
1165,女人,żona,nouns,2.65
1166,长,wąski,adjectives,0.24
1167,竿,zasłona,nouns,0.14
1168,女人,futro,nouns,0.0
1169,轻视,wzgardliwy,adjectives,4.08
1170,糟糕,zły,adjectives,3.92
1171,花,przekonanie,nouns,0.09
1172,抽屉,ubrania,nouns,0.2
1173,付款,traktować,verbs,0.29
1174,喇叭,bęben,nouns,0.29
1175,岛,księżniczka,nouns,0.0
1176,牛,koza,nouns,0.78
1177,壁橱,ubrania,nouns,0.33
1178,悄悄地,naturalnie,adverbs,0.28
1179,打扰,urazić,verbs,1.96
1180,肉,krew,nouns,0.48
1181,需要,dowiadywać się,verbs,0.34
1182,坚强,dumny,adjectives,0.68
1183,指甲,kciuk,nouns,0.78
1184,蔑视,obciążać,verbs,0.1
1185,地窖,drzwi,nouns,0.28
1186,离开,ignorować,verbs,0.93
1187,允许,obalać,verbs,0.0
1188,生活方式,cywilizacja,nouns,1.21
1189,划分,łączyć,verbs,0.18
1190,奇怪,zwykły,adjectives,0.04
1191,蜥蜴,krokodyl,nouns,0.88
1192,最佳,piąty,adjectives,0.04
1193,粘性,plusk,nouns,0.04
1194,遇见,odchodzić,verbs,0.18
1195,男人,triumfator,nouns,0.33
1196,汽车,czołg,nouns,0.52
1197,保持,chronić,verbs,0.98
1198,洗手间,sypialnia,nouns,0.53
1199,拿,zostawić,verbs,0.0
1200,选举权,wyjście,nouns,0.23
1201,保持,stracić,verbs,0.09
1202,理想地,realistycznie,adverbs,0.54
1203,字,słownik,nouns,0.63
1204,器官,wątroba,nouns,3.02
1205,雨,mżawka,nouns,3.48
1206,锚,łódź,nouns,0.78
1207,水晶,szkło,nouns,1.46
1208,小说,pisarz,nouns,0.34
1209,消逝,znikać,verbs,4.03
1210,准确地,dokładnie,adverbs,5.72
1211,拥有,absorbować,verbs,0.88
1212,妻子,mąż,nouns,0.48
1213,亿万富翁,bezdomny,nouns,0.0
1214,大学,kampus,nouns,3.06
1215,长笛,muzyka,nouns,0.9
1216,不公平,okrutny,adjectives,1.07
1217,开心,wesoły,adjectives,5.12
1218,清醒,chrapać,verbs,0.23
1219,溺爱,śmierdzieć,verbs,0.6
1220,剩余,różnica,nouns,1.98
1221,忘记,przypominać,verbs,0.18
1222,管弦乐队,zespół,nouns,3.81
1223,土豆,masło,nouns,0.34
1224,匆匆地写,pisać,verbs,3.03
1225,减少,przemoczyć,verbs,0.0
1226,小学生,prezydent,nouns,0.0
1227,算术,rytm,nouns,0.04
1228,不同的,dziwacznie,adverbs,1.08
1229,雕塑,statua,nouns,5.23
1230,一般,nienormalnie,adverbs,0.0
1231,玻璃,odznaka,nouns,0.1
1232,旅行,podróż,nouns,4.64
1233,游泳,spotykać,verbs,0.0
1234,圣经,książka,nouns,2.78
1235,坚固,przebiegły,adjectives,0.7
1236,吉他,bęben,nouns,0.63
1237,案件,elektryczność,nouns,0.04
1238,法庭,sędzia,nouns,1.26
1239,岛,marynarka,nouns,0.1
1240,雨,mgiełka,nouns,0.91
1241,海报,papier,nouns,1.71
1242,歌曲,ballada,nouns,3.4
1243,末期地,głównie,adverbs,0.0
1244,出现,wychodzić,verbs,0.25
1245,散热器,sensor,nouns,0.23
1246,带来,wysyłać,verbs,0.04
1247,辩解,weryfikować,verbs,1.03
1248,接受,wierzyć,verbs,1.25
1249,放走,złapać,verbs,0.14
1250,新鲜,nowy,adjectives,4.25
1251,行动,bieg,nouns,0.63
1252,分化,umrzeć,verbs,0.54
1253,员工,wokalista,nouns,0.23
1254,公式,równanie,nouns,2.75
1255,医院,łóżko,nouns,0.38
1256,圣歌,podbój,nouns,0.0
1257,中性,niezdecydowany,adjectives,1.37
1258,轻松,zestresowany,adjectives,0.0
1259,出席,przybywać,verbs,2.54
1260,聪慧,tępy,adjectives,0.09
1261,尝试,myśleć,verbs,0.53
1262,脖子,kręgosłup,nouns,0.47
1263,完成,stać się,verbs,1.36
1264,离开,wchodzić,verbs,0.43
1265,争论,narzekać,verbs,1.79
1266,游行,zespół,nouns,0.28
1267,自豪,śmiały,adjectives,1.06
1268,窗口,kostka,nouns,0.0
1269,幸福,pokój,nouns,2.13
1270,宣布,ogłaszać,verbs,4.42
1271,从不,szczerze,adverbs,0.0
1272,通常,nieregularnie,adverbs,0.28
1273,遇见,pozdrawiać,verbs,0.68
1274,大自然,flora,nouns,2.46
1275,说话,szeptać,verbs,2.6
1276,穿着衣服的,przykryty,adjectives,2.28
1277,手臂,szyja,nouns,0.29
1278,割礼,napletek,nouns,0.92
1279,戒指,zaręczyny,nouns,0.94
1280,选择,więzienie,nouns,0.1
1281,世纪,trunek,nouns,0.05
1282,船,motor,nouns,0.43
1283,读,gryźć,verbs,0.0
1284,了解,słuchać,verbs,1.23
1285,坟墓,ponowny pochówek,nouns,1.17
1286,简单,skomplikowany,adjectives,0.04
1287,描绘,decydować,verbs,0.05
1288,并发,waluta,nouns,0.04
1289,得到,pozostać,verbs,0.04
1290,锡,metal,nouns,3.12
1291,非自然,negatywnie,adverbs,0.19
1292,高度,konwersja,nouns,0.24
1293,代数,operacja,nouns,0.2
1294,帝制,demokracja,nouns,0.34
1295,哲学家,wyścigi,nouns,0.0
1296,支气管炎,acetaminofen,nouns,0.34
1297,本地,oczywiście,adverbs,0.0
1298,大概,może,adverbs,4.12
1299,暴力,miękki,adjectives,0.0
1300,州,dom ,nouns,0.0
1301,副手,funkcjonariusz,nouns,1.43
1302,发展,nawóz,nouns,0.57
1303,爸爸,matka,nouns,0.78
1304,电缆,czarodziej,nouns,0.0
1305,演员,wielościan,nouns,0.0
1306,果汁,jabłko,nouns,1.02
1307,乞求,pytać,verbs,0.76
1308,调查,badać,verbs,3.06
1309,绑架,kraść,verbs,1.13
1310,笨,bystry,adjectives,0.04
1311,来源,pudełko,nouns,0.0
1312,创建,budować,verbs,4.47
1313,来,iść,verbs,1.18
1314,环境,miecz,nouns,0.18
1315,头脑,neuroza,nouns,0.39
1316,不定期地,zwykle,adverbs,0.28
1317,喷泉,źródło,nouns,3.36
1318,戏法,pistolet,nouns,0.1
1319,派,czekolada,nouns,0.43
1320,重要,kluczowy,adjectives,5.07
1321,男孩子,syn,nouns,2.7
1322,日历,święto,nouns,0.78
1323,洗澡,klasztor,nouns,0.0
1324,年,stulecie,nouns,1.35
1325,完美地,prawdziwie,adverbs,0.68
1326,赚,zasługiwać,verbs,1.19
1327,调查,dążyć,verbs,0.29
1328,派对,maska,nouns,0.34
1329,裂开,odłączyć,verbs,3.39
1330,罪犯,przestępca,nouns,5.01
1331,锤,zęby,nouns,0.0
1332,打算,spróbować,verbs,1.96
1333,接受,wybaczać,verbs,2.47
1334,枯燥,śmieszny,adjectives,0.0
1335,虫害,pestycyd,nouns,0.93
1336,草莓,wiśnia,nouns,1.88
1337,目标,poszukiwanie,nouns,1.2
1338,轻蔑,pogardliwy,adjectives,4.08
1339,手臂,gałęź,nouns,0.15
1340,离开,przyłączyć się,verbs,0.18
1341,必然,zasadniczo,adverbs,0.73
1342,独特,przeciwny,adjectives,0.65
1343,公式,rejestr,nouns,0.45
1344,谦虚,zawstydzony,adjectives,0.83
1345,布,len,nouns,3.6
1346,词缀,sufiks,nouns,2.08
1347,得到,kupować,verbs,0.51
1348,油,norka,nouns,0.0
1349,救援,ratować,verbs,5.17
1350,车,łódź,nouns,0.48
1351,毁灭,tworzyć,verbs,0.18
1352,蛋白质,uchwyt,nouns,0.0
1353,教授,doktor,nouns,1.1
1354,溶解,topić,verbs,3.51
1355,禁止,zatrzymywać,verbs,2.34
1356,公开,nieujawniony,adjectives,0.09
1357,合唱团,kościół,nouns,0.59
1358,大小,głębia,nouns,1.11
1359,阳光,jabłko,nouns,0.14
1360,房子,mieszkanie,nouns,4.54
1361,不可能,wykonalny,adjectives,0.14
1362,资料,książka,nouns,1.45
1363,获得,złączyć,verbs,0.15
1364,通知,uznawać,verbs,0.2
1365,收到,wysyłać,verbs,0.57
1366,完全地,marginalnie,adverbs,0.1
1367,被动地,niezawodnie,adverbs,0.1
1368,流,dryfować,verbs,2.6
1369,兄弟,dusza,nouns,0.15
1370,放,dostać,verbs,0.0
1371,离开,pozostać,verbs,0.09
1372,特别,znacząco,adverbs,2.9
1373,甲板,podłoga,nouns,2.38
1374,老师,pomocnik,nouns,0.56
1375,分钟,sekunda,nouns,1.49
1376,培根,fasola,nouns,0.2
1377,声望,bogactwo,nouns,1.17
1378,啜,przełykać,verbs,0.63
1379,断绝亲子关系,zaniedbać,verbs,0.6
1380,珍贵,leniwy,adjectives,0.04
1381,海,tsunami,nouns,1.03
1382,看来,oczywiście,adverbs,2.31
1383,静脉,ramię,nouns,0.1
1384,鼓励,zniechęcać,verbs,0.18
1385,电动,słodki,adjectives,0.0
1386,段,list,nouns,0.24
1387,浪费,martwić,verbs,0.0
1388,降落,wycofywać się,verbs,0.8
1389,争论,rządać,verbs,0.39
1390,夏天,zima,nouns,0.39
1391,儿子,chłopiec,nouns,2.7
1392,车,klakson,nouns,0.19
1393,上衣,kapelusz,nouns,0.83
1394,港口,opakowanie,nouns,0.05
1395,表达,powiedzieć,verbs,3.38
1396,僧侣,ksiądz,nouns,2.52
1397,主机板,płyta główna,nouns,3.33
1398,姊妹,brat,nouns,1.4
1399,降低,redukować,verbs,4.36
1400,幻灯片,wskaźnik,nouns,0.09
1401,内衣褲,ciało,nouns,0.15
1402,旋律,muzyka,nouns,3.77
1403,床,szpital,nouns,0.38
1404,之后,przed,adverbs,0.38
1405,装作,wydawać się,verbs,0.69
1406,灰尘,miotła,nouns,0.28
1407,大,łatwy,adjectives,0.0
1408,忍耐力,kwiat,nouns,0.23
1409,暴力,bierny,adjectives,0.0
1410,米饭,kurczak,nouns,0.05
1411,疾病,infekcja,nouns,2.91
1412,椅子,łóżko,nouns,0.33
1413,派对,ludzie,nouns,0.39
1414,残忍,niesprawiedliwy,adjectives,1.07
1415,新娘,księżniczka,nouns,0.24
1416,心理学,nauka,nouns,2.46
1417,给予,pożyczać,verbs,2.08
1418,迷惑,uczyć się,verbs,0.0
1419,骨头,szczęka,nouns,1.42
1420,手,gwóźdź,nouns,0.28
1421,知道,wierzyć,verbs,0.51
1422,议会,kongres,nouns,2.56
1423,放,dać,verbs,0.34
1424,金属,blacha,nouns,3.12
1425,建造,niszczyć,verbs,0.18
1426,减少,spadać,verbs,0.89
1427,母马,koń,nouns,3.33
1428,警长,gliniarz,nouns,3.71
1429,汽车,winda,nouns,0.0
1430,霸权,wszechmoc,nouns,1.07
1431,淋透,redukować,verbs,0.0
1432,追逐,śledzić,verbs,3.06
1433,通知,ukazywać,verbs,0.65
1434,女儿,niemowlę,nouns,2.67
1435,大炮,pistolet,nouns,1.56
1436,审判,werdykt,nouns,1.77
1437,孩子气,niemądry,adjectives,2.56
1438,想,dowiadywać się,verbs,0.29
1439,通灵研究,neuropsychologia,nouns,0.87
1440,家俱,łóżko,nouns,3.22
1441,失败,powieść się,verbs,0.18
1442,新闻,medium,nouns,1.69
1443,数字,cytoplazma,nouns,0.0
1444,棉,poliester,nouns,0.8
1445,来,uczęszczać,verbs,2.99
1446,法官,sąd,nouns,1.26
1447,旧,mieszany,adjectives,0.05
1448,梦想,niebo,nouns,0.09
1449,两次,raz,adverbs,0.32
1450,公牛,cielę,nouns,2.59
1451,海,delta,nouns,0.58
1452,精确,błędny,adjectives,0.09
1453,争论,usprawiedliwiać,verbs,2.58
1454,理解,czytać,verbs,0.72
1455,秒,minuta,nouns,1.49
1456,家牛,wołowina,nouns,3.21
1457,演出,pozdrawiać,verbs,0.05
1458,募捐,rozwój,nouns,0.1
1459,饮品,piwo,nouns,2.77
1460,谨慎,troska,nouns,2.98
1461,异常地,normalnie,adverbs,0.0
1462,攻击,przestępstwo,nouns,1.46
1463,稍后,nigdy,adverbs,0.39
1464,枪,ludzie,nouns,0.0
1465,失去,gotować,verbs,0.0
1466,阻碍,dążyć,verbs,0.0
1467,洞,porozumienie,nouns,0.0
1468,情绪,pasja,nouns,2.74
1469,牧师,bóg,nouns,0.43
1470,开始,zapoczątkować,verbs,3.66
1471,洞察力,fakt,nouns,0.89
1472,两次,wielokrotnie,adverbs,0.49
1473,冷静地,pokojowo,adverbs,3.31
1474,装饰,ściana,nouns,0.52
1475,携带,przynieść,verbs,2.65
1476,复诊,pacjent,nouns,0.18
1477,房间,łóżko,nouns,0.2
1478,卧室,żołądek,nouns,0.0
1479,轻微,kompletnie,adverbs,0.1
1480,靠不住的,pokrętny,adjectives,2.09
1481,借款人,kredyt,nouns,1.11
1482,薄荷,muzeum,nouns,0.05
1483,生气,szczęśliwy,adjectives,0.05
1484,男人,wojownik,nouns,0.93
1485,短小,karłowaty,adjectives,2.97
1486,舱,pole,nouns,0.34
1487,元,ludzie,nouns,0.0
1488,到达,uczęszczać,verbs,2.54
1489,成熟地,słusznie,adverbs,1.5
1490,滑雪板,narciarstwo,nouns,1.63
1491,踝,łokieć,nouns,0.68
1492,强度,wytrzymałość,nouns,2.58
1493,舌头,gardło,nouns,0.86
1494,骨髓,krew,nouns,0.53
1495,天空,wrzechświat,nouns,2.03
1496,屏幕,fonologia,nouns,0.0
1497,学习,zapominać,verbs,0.0
1498,成功,osiągnąć,verbs,2.7
1499,做,konstruować,verbs,2.98
1500,电池,energia,nouns,1.86
1501,许多,obfitość,nouns,4.34
1502,自行车,samochód,nouns,0.43
1503,大教堂,sufit,nouns,0.29
1504,拖着脚走,jeździć,verbs,0.0
1505,懒,zajęty,adjectives,0.04
1506,修理,przywrócić,verbs,2.14
1507,公寓,dom,nouns,4.54
1508,推荐,akceptować,verbs,0.34
1509,狡猾,dziwny,adjectives,0.32
1510,节约,wydawać,verbs,0.32
1511,酒,wino,nouns,3.8
1512,现在,tutaj,adverbs,1.55
1513,连接,oddzielać,verbs,0.18
1514,纯,skromny,adjectives,0.85
1515,购买,kraść,verbs,0.28
1516,尝试,osiągnąć,verbs,0.61
1517,苹果,sos,nouns,0.14
1518,牛仔裤,kobieta,nouns,0.04
1519,男人,dziewczyna,nouns,0.14
1520,保留,zapominać,verbs,0.39
1521,毁灭,konstrukcja,nouns,0.14
1522,描绘,udawać,verbs,0.1
1523,混合,rozpuszczać,verbs,0.93
1524,携带,dostarczać,verbs,2.58
1525,有时,jednorodnie,adverbs,0.0
1526,外套,ubrania,nouns,2.74
1527,分离,przyłączać,verbs,0.18
1528,私人的,publiczny,adjectives,0.09
1529,学习,dezorientować,verbs,0.0
1530,非法,niemoralny,adjectives,1.84
1531,态度,pewność siebie,nouns,1.83
1532,指控,kłamać,verbs,0.14
1533,枪,notatnik,nouns,0.0
1534,胜利,triumf,nouns,5.32
1535,描绘,powiadamiać,verbs,0.65
1536,浮动,śpiewać,verbs,0.0
1537,二极管,kondensator,nouns,0.43
1538,记得,myśleć,verbs,0.48
1539,古怪,dziwny,adjectives,5.08
1540,家伙,partner,nouns,2.54
1541,摔碎,roztrzaskać,verbs,4.46
1542,狡猾,hardy,adjectives,0.7
1543,舞蹈,sukienka,nouns,0.09
1544,绑,tkać,verbs,1.71
1545,偶然,regularnie,adverbs,0.62
1546,船,pokład,nouns,1.47
1547,信念,pojęcie,nouns,1.44
1548,自由,niewinny,adjectives,0.6
1549,侄子,ciotka,nouns,0.58
1550,强硬,twardy,adjectives,3.24
1551,笨,pojętny,adjectives,0.09
1552,淹,ratować,verbs,0.04
1553,星系,aplikacja,nouns,0.0
1554,启,zaczynać,verbs,4.48
1555,风,szkwał,nouns,3.01
1556,减肥,sałatka,nouns,0.48
1557,愤怒,niepewny,adjectives,0.38
1558,说明,dyskutować,verbs,2.0
1559,两次,zawsze,adverbs,0.05
1560,尺寸,cent,nouns,0.0
1561,傻,dziecinny,adjectives,2.56
1562,注意,świadomość,nouns,2.67
1563,屋,dywan,nouns,0.15
1564,对抗,irytować,verbs,0.2
1565,外交,negocjacja,nouns,2.16
1566,市长,prezydent,nouns,1.85
1567,走道,przedpokój,nouns,0.89
1568,陶艺,ceramika,nouns,2.48
1569,诗人,dziennikarz,nouns,0.25
1570,平淡,znudzony,adjectives,1.99
1571,拒绝,dać,verbs,0.0
1572,小亭,telefon,nouns,0.65
1573,欠,wchodzić,verbs,0.0
1574,正义,trybunał,nouns,1.46
1575,使满意,zgadzać się,verbs,1.4
1576,困难,łatwy,adjectives,0.07
1577,座位,brzeg,nouns,0.24
1578,日落,sznurek,nouns,0.0
1579,房间,wanna,nouns,0.15
1580,摇动,zbierać,verbs,0.1
1581,侧面,spód,nouns,0.29
1582,矬小,przymały,adjectives,2.97
1583,编剧,telewizja,nouns,0.33
1584,峡谷,dolina,nouns,3.65
1585,椅子,sofa,nouns,1.64
1586,天花板,dach,nouns,2.69
1587,弯曲,prosty,adjectives,0.09
1588,操纵杆,radar,nouns,0.04
1589,政治家,prezydent,nouns,3.54
1590,黏,mokry,adjectives,1.3
1591,米饭,chłopiec,nouns,0.0
1592,纸,drewno,nouns,0.68
1593,保护,bronić,verbs,4.55
1594,俱乐部,znak,nouns,0.0
1595,墙,cegła,nouns,0.67
1596,避免,odrzucić,verbs,1.77
1597,统治者,król,nouns,5.25
1598,床,koc,nouns,0.29
1599,王冠,klucz,nouns,0.05
1600,喝,wymieszać,verbs,0.05
1601,门,bractwo,nouns,0.05
1602,碱,kwas,nouns,0.14
1603,车,szosa,nouns,0.2
1604,异族,cudzoziemiec,nouns,4.26
1605,死亡,pochówek,nouns,0.88
1606,退休,wycofać się,verbs,1.91
1607,和平地,dumnie,adverbs,0.09
1608,最近,ostatnio,adverbs,5.58
1609,盒子,źródło,nouns,0.0
1610,提醒,zapominać,verbs,0.18
1611,谦逊地,marnie,adverbs,0.05
1612,便士,okazja,nouns,0.1
1613,联合,trzcina cukrowa,nouns,0.05
1614,薄雾,deszcz,nouns,0.91
1615,大笑,płakać,verbs,0.23
1616,智力,logika,nouns,2.75
1617,主题标签,temat,nouns,2.5
1618,绊倒,upaść,verbs,2.5
1619,零,nieskończoność,nouns,0.25
1620,代替,przywrócić,verbs,0.65
1621,字母,długopis,nouns,0.05
1622,记者,poeta,nouns,0.25
1623,信心十足地,potajemnie,adverbs,0.0
1624,马,pies,nouns,0.71
1625,厂,samochód,nouns,0.19
1626,幼儿,żłobek,nouns,1.17
1627,诚实地,szczerze,adverbs,4.5
1628,长,krótki,adjectives,0.09
1629,幸福,smutek,nouns,0.0
1630,判断,zeznawać,verbs,0.29
1631,茶,cytryna,nouns,0.1
1632,试着,zamierzać,verbs,1.96
1633,飞机,odrzutowiec,nouns,3.82
1634,想,usprawiedliwiać,verbs,0.28
1635,感染,fleksja,nouns,0.05
1636,听,rozumieć,verbs,1.23
1637,类似,jednakowy,adjectives,3.1
1638,悬崖,ogon,nouns,0.0
1639,银行,siedzenie,nouns,0.24
1640,机器,komputer,nouns,3.31
1641,积极地,pasywnie,adverbs,0.23
1642,忽略,pytać,verbs,0.09
1643,矩阵,wektor,nouns,0.8
1644,给予,pożyczyć,verbs,1.69
1645,强调,zrelaksowany,adjectives,0.0
1646,准确地,aktywnie,adverbs,0.62
1647,事实,wgląd,nouns,0.89
1648,保留,zachować,verbs,3.34
1649,承认,zaprzeczać,verbs,0.18
1650,显然,dyskretnie,adverbs,0.18
1651,人,cent,nouns,0.05
1652,总统,zanieczyszczenie,nouns,0.1
1653,飞行员,kierowca,nouns,1.77
1654,轻轻的,twardo,adverbs,0.0
1655,选择,wybory,nouns,2.62
1656,雪茄,pudełko,nouns,0.04
1657,日落,stół,nouns,0.0
1658,笔直,wygięty,adjectives,0.09
1659,苔藓,trawa,nouns,1.37
1660,大,giętki,adjectives,0.14
1661,提醒,sprzedawać,verbs,0.0
1662,打,pociągać,verbs,0.0
1663,高速公路,samochód,nouns,0.2
1664,头脑风暴,teleskop,nouns,0.0
1665,哭泣,płakać,verbs,5.41
1666,杂志,artykuł,nouns,1.69
1667,天使,demon,nouns,0.24
1668,生物学家,mikroskop,nouns,0.44
1669,碟,miska,nouns,2.46
1670,跟随,ścigać,verbs,3.06
1671,南,północ,nouns,0.19
1672,私人,osobisty,adjectives,4.83
1673,立方体,zabawka,nouns,0.14
1674,高高兴兴,aktywnie,adverbs,0.57
1675,案件,narzędzia,nouns,0.34
1676,想,próbować,verbs,0.53
1677,妻子,wanna,nouns,0.0
1678,游标,frytki,nouns,0.04
1679,容易,skomplikowany,adjectives,0.09
1680,预言家,ksiądz,nouns,0.24
1681,看,szukać,verbs,0.65
1682,沐浴,pokój,nouns,0.15
1683,民主,monarchia,nouns,0.34
1684,黏,brudny,adjectives,1.17
1685,协助,wspomagać,verbs,4.22
1686,毁灭,ratować,verbs,0.09
1687,大声地,subtelnie,adverbs,0.0
1688,香芹,babeczka,nouns,0.0
1689,主教,muzułmanin,nouns,0.41
1690,机器人技术,symulacja,nouns,0.73
1691,云,okno,nouns,0.0
1692,死,rozpadać się,verbs,0.54
1693,狀師,prawnik,nouns,3.79
1694,出口,otwór drzwiowy,nouns,3.67
1695,小孩,dorosły,nouns,0.28
1696,大学,klasa,nouns,0.39
1697,四轮货运马车,pojemnik,nouns,0.14
1698,婴儿,dorosły,nouns,0.28
1699,悲伤,wstyd,nouns,0.75
1700,窗口,chmura,nouns,0.0
1701,门,obecność,nouns,0.0
1702,正式,właściwy,adjectives,3.67
1703,国民,znany,adjectives,0.25
1704,手术,algebra,nouns,0.2
1705,实质上,krytycznie,adverbs,0.78
1706,医生,ortodonta,nouns,3.52
1707,读者,autor,nouns,0.18
1708,宪法,senat,nouns,0.81
1709,讨论,tłumaczyć,verbs,2.0
1710,合理的解释,myśleć,verbs,0.28
1711,恶魔,anioł,nouns,0.24
1712,珍贵,święty,adjectives,1.18
1713,灵活,łatwy,adjectives,0.43
1714,学院,zawód,nouns,0.04
1715,羊,jagnię,nouns,4.18
1716,财富,prestiż,nouns,1.17
1717,辣,słaby,adjectives,0.0
1718,精彩,piękny,adjectives,3.48
1719,肌肉,kość,nouns,0.23
1720,运动鞋,medal,nouns,0.1
1721,爆玉米花,kino,nouns,0.43
1722,成年人,dziecko,nouns,0.28
1723,教授,student,nouns,0.39
1724,保持,dać,verbs,0.19
1725,牛扒,kurczak,nouns,0.49
1726,取得,nabyć,verbs,4.33
1727,未公开,jawny,adjectives,0.09
1728,音节,lemma,nouns,0.65
1729,疾病,gorączka,nouns,1.83
1730,创新,kreatywny,adjectives,4.5
1731,教堂,iglica,nouns,0.61
1732,喉,język,nouns,0.86
1733,基质,cząsteczka,nouns,0.51
1734,自信,postawa,nouns,1.83
1735,韵律,wiersz,nouns,0.48
1736,货币,wymiana,nouns,0.65
1737,问,modlić się,verbs,0.33
1738,哭,szlochać,verbs,5.51
1739,人类学,archeologia,nouns,1.21
1740,橙子,cytrus,nouns,3.33
1741,管理,administracja,nouns,3.76
1742,剧院,bateria,nouns,0.0
1743,累,głodny,adjectives,0.38
1744,弱,silny,adjectives,0.0
1745,摔倒,potknąć się,verbs,2.5
1746,面具,impreza,nouns,0.34
1747,褪色,erodować,verbs,0.92
1748,纸币,opłata,nouns,0.55
1749,否认,wyznanie,nouns,0.15
1750,疯,szalony,adjectives,5.14
1751,智力,ignorancja,nouns,0.0
1752,保持,hołubić,verbs,0.28
1753,汽车,fabryka,nouns,0.19
1754,词性变化,infekcja,nouns,0.05
1755,发送,otrzymywać,verbs,0.57
1756,棉,sweter,nouns,0.81
1757,声音,akustyka,nouns,1.2
1758,沙拉,dieta,nouns,0.48
1759,解剖学,biologia,nouns,2.47
1760,生病,szalony,adjectives,1.56
1761,评估,uczyć się,verbs,1.13
1762,总和,unia,nouns,0.62
1763,根,trawa,nouns,0.38
1764,钟,drzwi,nouns,0.1
1765,公平,niesprawiedliwie,adverbs,0.18
1766,黄昏,wieczór,nouns,4.75
1767,酸奶,bydło,nouns,0.43
1768,伟大,zły,adjectives,0.0
1769,酒,koniak,nouns,3.47
1770,徘徊,odchodzić,verbs,0.39
1771,做,zarabiać,verbs,0.63
1772,假设,przewidywać,verbs,4.14
1773,世俗主义,religia,nouns,0.0
1774,阿姨,wujek,nouns,0.82
1775,猫,mysz,nouns,0.29
1776,快乐,szczęśliwy,adjectives,5.12
1777,不同,nieuleczalnie,adverbs,0.3
1778,银行家,prawnik,nouns,0.29
1779,相反,inny,adjectives,0.94
1780,奶昔,sok,nouns,0.53
1781,作证,osądzać,verbs,0.29
1782,广场,mapa,nouns,0.14
1783,动物,bestia,nouns,3.02
1784,积极地,szczęśliwie,adverbs,0.57
1785,搏斗,gryźć,verbs,1.31
1786,杜松子酒,whisky,nouns,1.42
1787,草,mech,nouns,1.37
1788,懒,cenny,adjectives,0.04
1789,平庸,nudny,adjectives,1.1
1790,酒吧,więzienie,nouns,0.33
1791,状态,chłopiec,nouns,0.14
1792,原木,drewno,nouns,4.0
1793,粗鲁,agresywny,adjectives,1.83
1794,消失,zniknąć,verbs,4.03
1795,肉桂,cukierek,nouns,0.14
1796,电池,teatr,nouns,0.0
1797,成为,zrealizować,verbs,1.36
1798,脚,głowa,nouns,0.24
1799,发光,świecić,verbs,4.21
1800,陷害,hit,nouns,0.04
1801,环球航行,bagaż,nouns,0.0
1802,信念,kwiat,nouns,0.09
1803,汽车,ciężarówka,nouns,3.26
1804,查询,wymagać,verbs,0.34
1805,家具,mieszkanie,nouns,0.34
1806,河,dolina,nouns,1.17
1807,直觉,zmysł,nouns,4.09
1808,儿子,brat,nouns,0.81
1809,苹果,cytryna,nouns,0.29
1810,微晶片,kursor,nouns,0.04
1811,重新安葬,grób,nouns,1.17
1812,强烈地,oficjalnie,adverbs,0.67
1813,神话,satyra,nouns,1.08
1814,原子,węgiel,nouns,0.92
1815,符号,kod,nouns,2.46
1816,明亮地,wielce,adverbs,0.25
1817,字典,definicja,nouns,1.07
1818,一餐,talia,nouns,0.05
1819,窗,drzwi,nouns,0.72
1820,法庭,sprawiedliwość,nouns,1.46
1821,岩浆,wulkan,nouns,1.68
1822,运输,podnieść,verbs,1.42
1823,讽刺,mit,nouns,1.08
1824,一次,natychmiast,adverbs,0.1
1825,电缆,kaplica,nouns,0.05
1826,收集,trząść,verbs,0.1
1827,实际地,idealnie,adverbs,0.54
1828,柔软,gwałtowny,adjectives,0.0
1829,混合,gotować,verbs,0.34
1830,赛跑运动员,atleta,nouns,2.94
1831,儿子,ojciec,nouns,0.78
1832,树,liść,nouns,0.48
1833,有趣,piłka nożna,nouns,0.65
1834,匆忙,śpieszyć,verbs,4.5
1835,晚餐,śniadanie,nouns,0.46
1836,短,długi,adjectives,0.09
1837,灰濛蒙,prognoza,nouns,0.15
1838,公共汽车,taksówka,nouns,1.69
1839,模糊,niejasny,adjectives,4.14
1840,显然,pewnie,adverbs,3.56
1841,内疚,uczciwy,adjectives,0.04
1842,柔韧,wielki,adjectives,0.14
1843,洗,płukać,verbs,4.07
1844,唇,usta,nouns,3.13
1845,可行,niemożliwy,adjectives,0.14
1846,老师,przyjaciel,nouns,0.51
1847,看来,prosto,adverbs,1.15
1848,慷慨地,życzliwie,adverbs,2.42
1849,云,mgła,nouns,2.08
1850,猫,pies,nouns,0.28
1851,流感,gorączka,nouns,1.74
1852,有意义,głęboko,adverbs,2.33
1853,电话,komórka,nouns,4.97
1854,获胜者,kandydat,nouns,1.44
1855,父亲,rodzic,nouns,4.73
1856,碗,zaułek,nouns,0.0
1857,完成,zakończony,adjectives,4.86
1858,秘书,kobieta,nouns,1.27
1859,沙文主义,uprzedzenie,nouns,1.29
1860,光线电话机,homofon,nouns,0.05
1861,手指,dłoń,nouns,1.61
1862,侧面,wierzch,nouns,0.29
1863,定理,teoria,nouns,4.3
1864,每月,tygodniowy,adjectives,1.07
1865,盒子,budka,nouns,0.15
1866,幼苗,liść,nouns,0.51
1867,怒视,zezować,verbs,0.18
1868,卧室,rower,nouns,0.0
1869,再热,nagrzewać,nouns,1.12
1870,闷,mierny,adjectives,1.1
1871,剧院,film,nouns,1.41
1872,争论,zgadzać się,verbs,0.18
1873,踝,okno,nouns,0.0
1874,三明治,mięso,nouns,0.18
1875,清醒,pijany,adjectives,0.09
1876,实现,powieść się,verbs,2.7
1877,轻轻的,głośno,adverbs,0.0
1878,装作,ukazywać,verbs,0.1
1879,工作,zadanie,nouns,3.18
1880,得罪,naprzykrzać się,verbs,1.96
1881,铝,metal,nouns,2.7
1882,电影,film,nouns,4.34
1883,偷,dać,verbs,0.18
1884,方案,pomysł,nouns,2.85
1885,毛,norka,nouns,0.72
1886,停,jechać,verbs,0.04
1887,山羊,krowa,nouns,0.78
1888,责怪,pchać,verbs,0.18
1889,线,zachód słońca,nouns,0.0
1890,妻子,dziura,nouns,0.32
1891,病菌,patogen,nouns,3.68
1892,预测,przypuszczać,verbs,4.26
1893,眉头,oko,nouns,0.57
1894,酒,whisky,nouns,3.37
1895,重复,ćwiczyć,verbs,2.42
1896,诚实地,nigdy,adverbs,0.0
1897,墙纸,tło,nouns,3.1
1898,花费,oszczędzać,verbs,0.32
1899,安然,spokojnie,adverbs,3.31
1900,旧,nowy,adjectives,0.14
1901,过道,korytarz,nouns,4.83
1902,唱,śmiać się,verbs,0.1
1903,否认,kłamać,verbs,0.77
1904,开始,startować,verbs,4.48
1905,批评,nienawidzić,verbs,1.03
1906,精确地,precyzyjnie,adverbs,5.72
1907,承认,powiadamiać,verbs,0.2
1908,沉重,objuczony,adjectives,0.86
1909,恳求,błagać,verbs,4.25
1910,给,kraść,verbs,0.18
1911,教学大纲,egzamin,nouns,0.38
1912,容易地,swobodnie,adverbs,1.92
1913,硬件,futerał,nouns,0.34
1914,品质,parasol,nouns,0.04
1915,字,wskazówka,nouns,0.54
1916,生物学,biotop,nouns,0.79
1917,选择,chcieć,verbs,1.06
1918,水,koronacja,nouns,0.04
1919,和声,pianino,nouns,0.43
1920,作家,dar,nouns,0.0
1921,冲洗,myć,verbs,4.07
1922,通常,rzadko,adverbs,0.23
1923,饮食,jabłko,nouns,0.41
1924,一分钱,rozmiar,nouns,0.0
1925,走廊,klasa,nouns,0.34
1926,掌握,rozumieć,verbs,4.63
1927,负责可靠地,niezależnie,adverbs,0.95
1928,大致地,łatwo,adverbs,0.15
1929,侵蚀,blaknąć,verbs,0.92
1930,和平,żołnierz,nouns,0.2
1931,害怕,niepewny,adjectives,1.36
1932,无助,podatny,adjectives,1.46
1933,冠军,zwycięzca,nouns,5.17
1934,安慰,bezpieczeństwo,nouns,0.65
1935,皇帝,konstytucja,nouns,0.04
1936,骑,biegać,verbs,0.28
1937,可靠地,pobieżnie,adverbs,0.19
1938,葬礼,śmierć,nouns,0.88
1939,教室,hol,nouns,0.34
1940,加,budować,verbs,0.95
1941,女王,pszczoła,nouns,0.35
1942,保护,zakryć,verbs,1.64
1943,小亭,pudełko,nouns,0.15
1944,脾气,doktor,nouns,0.0
1945,相信,wiedzieć,verbs,0.51
1946,狡猾,pojętny,adjectives,1.3
1947,自由,oaza,nouns,0.34
1948,枪,futro,nouns,0.0
1949,第五,czołowy,adjectives,0.04
1950,宽广,wąski,adjectives,0.09
1951,混合,pić,verbs,0.05
1952,正常,inny,adjectives,0.1
1953,绝望,nędza,nouns,1.83
1954,餐,wieczerza,nouns,3.93
1955,知道,zapominać,verbs,0.0
1956,牙齿,usta,nouns,0.72
1957,唱,unosić się,verbs,0.0
1958,害羞,drogi,adjectives,0.0
1959,无聊,zmęczony,adjectives,0.24
1960,汽车,automobil,nouns,5.61
1961,每周,miesięczny,adjectives,1.07
1962,借,błagać,verbs,1.0
1963,决定,osądzać,verbs,2.25
1964,顽固,głupi,adjectives,1.17
1965,向量,matryca,nouns,0.8
1966,父亲,syn,nouns,0.78
1967,谢绝,odrzucać,verbs,4.23
1968,部,sułtan,nouns,0.15
1969,婴儿,córka,nouns,2.67
1970,断绝亲子关系 or...,dać,verbs,0.05
1971,女人,sekretarka,nouns,1.27
1972,飓风,burza,nouns,2.52
1973,惯例,zasada,nouns,2.52
1974,骨头,łokieć,nouns,0.69
1975,自由,swoboda,nouns,4.64
1976,击中,celować,verbs,1.71
1977,不可能,przyjazny,adverbs,0.14
1978,疯狂,szczęśliwy,adjectives,0.46
1979,合理的解释,argumentować,verbs,2.58
1980,歌手,refren,nouns,0.92
1981,金属,aluminium,nouns,2.7
1982,果汁,mleko,nouns,0.62
1983,拇指,ręka,nouns,0.88
1984,相信,czuć,verbs,1.05
1985,血液,szpik,nouns,0.53
1986,被动地,aktywnie,adverbs,0.23
1987,威士忌酒,jałowcówka,nouns,1.42
1988,意外,katastrofa,nouns,3.75
1989,笨,ogromny,adjectives,0.04
1990,明亮,gwiazda,nouns,0.69
1991,死气沉沉的,szczęśliwie,adverbs,0.18
1992,目前,delikatnie,adverbs,0.0
1993,忽略,drukować,verbs,0.0
1994,基本上,zupełnie,adverbs,0.82
1995,骨头,ramię,nouns,0.68
1996,写,bazgrać,verbs,3.03
1997,月亮,planeta,nouns,2.06
1998,加剧,napadać,verbs,0.63
1999,翻译者,obcokrajowiec,nouns,0.38
2000,白色,wąski,adjectives,0.18
2001,警察,szeryf,nouns,3.71
2002,保护,ratować,verbs,2.88
2003,发热,grypa,nouns,1.74
2004,种族,weekend,nouns,0.0
2005,米,cal,nouns,1.78
2006,出现,stać się,verbs,0.93
2007,精彩,rozkoszny,adjectives,2.77
2008,虚无主义,film,nouns,0.28
2009,白天,noc,nouns,0.05
2010,完成,rywalizować,verbs,0.05
2011,歌曲,opowieść,nouns,0.63
2012,理解,wiedzieć,verbs,2.84
2013,魔鬼,bóg,nouns,0.1
2014,公寓,meble,nouns,0.34
2015,打鼾,budzić się,verbs,0.23
2016,男孩,ryż,nouns,0.0
2017,猎物,bóg,nouns,0.0
2018,杀,bronić,verbs,0.33
2019,原木,drewno,nouns,4.39
2020,无家可归,bilioner,nouns,0.0
2021,不确定,przestraszony,adjectives,1.36
2022,天花板,katedra,nouns,0.29
2023,等式,formuła,nouns,2.75
2024,不同意,zgadzać się,verbs,0.18
2025,水,susza,nouns,0.04
2026,稻草,żona,nouns,0.09
2027,有意义地,specjalnie,adverbs,2.9
2028,成年人,opiekun,nouns,2.82
2029,角度,krzywa,nouns,0.85
2030,成熟,wyrafinowany,adjectives,0.97
2031,卧室,łóżko,nouns,1.11
2032,门,piwnica,nouns,0.28
2033,学生,profesor,nouns,0.39
2034,家伙,ogier,nouns,0.81
2035,地区,region,nouns,5.14
2036,大气层,zanieczyszczenie,nouns,0.29
2037,赞成,pozwalać,verbs,3.91
2038,火车,tramwaj,nouns,1.76
2039,紧紧地,niewiarygodnie,adverbs,0.3
2040,兄弟,siostra,nouns,1.4
2041,容易,ciężki,adjectives,0.04
2042,出租车,taxi,nouns,5.91
2043,朋友,nauczyciel,nouns,0.51
2044,聚酯纤维,bawełna,nouns,0.8
2045,非常好,brudny,adjectives,0.0
2046,犯罪,oszustwo,nouns,3.56
2047,听,przestrzegać,verbs,2.35
2048,形象,pomysł,nouns,0.0
2049,学习,ewaluować,verbs,1.13
2050,建议,radzić,verbs,3.5
2051,哥哥,ojciec,nouns,0.34
2052,晚餐,zupa,nouns,1.03
2053,肚皮,podbrzusze,nouns,2.71
2054,突变体,socjobiologia,nouns,0.38
2055,男孩,warunek,nouns,0.14
2056,标识,klub,nouns,0.0
2057,肘,kostka,nouns,0.68
2058,谦虚,pokorny,adjectives,4.58
2059,灾难,śmierć,nouns,2.08
2060,事件,kwestarz,nouns,1.08
2061,坦克,samochód,nouns,0.52
2062,裁判官,sędzia,nouns,3.63
2063,天花板,podłoga,nouns,0.1
2064,规则,konwencja,nouns,2.52
2065,海滩,wybrzeże,nouns,3.2
2066,减少,kurczyć się,verbs,3.33
2067,心情,emocja,nouns,3.59
2068,潜水,tworzyć,verbs,0.0
2069,松动,giętki,adjectives,1.66
2070,美,sonet,nouns,0.15
2071,幼儿园,przedszkole,nouns,1.17
2072,进来,towarzyski,adjectives,0.55
2073,当然,czasem,adverbs,0.0
2074,想,kontemplować,verbs,3.17
2075,推,ciągnąć,verbs,0.47
2076,果汁,łyżka,nouns,0.0
2077,多,dwukrotnie,adverbs,0.49
2078,尖,łagodny,adjectives,0.0
2079,地板,dach,nouns,0.34
2080,遇见,pływać,verbs,0.0
2081,飞行,lotnictwo,nouns,2.5
2082,腹部,brzuch,nouns,2.71
2083,韵律,arytmetyka,nouns,0.04
2084,戒除,robić,verbs,0.0
2085,糖类,sacharoza,nouns,2.83
2086,也许,prawdopodobnie,adverbs,4.12
2087,可笑,nudny,adjectives,0.0
2088,雪崩,śnieg,nouns,1.86
2089,丰富,mnóstwo,nouns,4.34
2090,教堂,mozaika,nouns,0.2
2091,比较,analizować,verbs,3.46
2092,毯,drewno,nouns,0.0
2093,种子,musztarda,nouns,0.28
2094,小麦,zboże ,nouns,3.88
2095,假日,kalendarz,nouns,0.78
2096,男子,ojciec,nouns,2.38
2097,站立,chodzić,verbs,0.18
2098,依靠,nawalić,verbs,0.09
2099,信,akapit,nouns,0.24
2100,男人,mąż,nouns,2.55
2101,显微镜,biolog,nouns,0.44
2102,车,taksówka,nouns,3.48
2103,合乎体统,formalny,adjectives,3.67
2104,软管,ogród,nouns,0.25
2105,年,urodziny,nouns,0.71
2106,宣告,deklarować,verbs,4.64
2107,检查,badać,verbs,4.02
2108,笨,niemądry,adjectives,4.98
2109,鸡,ryż,nouns,0.05
2110,在场,nieobecność,nouns,0.09
2111,撤退,odchodzić,verbs,3.42
2112,学生,nauczyciel,nouns,0.33
2113,正式地,znacząco,adverbs,1.3
2114,苹果,światło słoneczne,nouns,0.14
2115,舒服地,łatwo,adverbs,1.92
2116,传说,morał,nouns,0.4
2117,扰乱,naprzykrzać się,verbs,3.91
2118,丈夫,żona,nouns,0.48
2119,薪水,opłata,nouns,1.01
2120,乐队,wytrzymałość,nouns,0.0
2121,粗糙,brzydki,adjectives,0.68
2122,恶魔,potwór,nouns,3.46
2123,脏,tani,adjectives,0.37
2124,认识到,odkryć,verbs,3.96
2125,不同,zgadzać się,verbs,0.0
2126,沟通,modlić się,verbs,0.52
2127,陶瓷,garncarstwo,nouns,2.48
2128,汤,kolacja,nouns,1.03
2129,湿疹,wysypka,nouns,3.17
2130,获得,znaleźć,verbs,1.89
2131,搂抱,przytulić,verbs,5.24
2132,流体,dysza,nouns,0.0
2133,地震,wstrząs,nouns,4.09
2134,充分,zasadniczo,adverbs,0.82
2135,脚,piasek,nouns,0.04
2136,门,kuchnia,nouns,0.1
2137,西方,północ,nouns,0.49
2138,拿,dostarczać,verbs,0.24
2139,赦免,wybaczać,verbs,3.86
2140,训斥,rządać,verbs,0.79
2141,门,podłoga,nouns,0.2
2142,犯罪者,kryminalista,nouns,5.01
2143,更改,przerobić,verbs,3.56
2144,花朵,wytrzymałość,nouns,0.23
2145,薪水,pieniądze,nouns,3.78
2146,说谎,oskarżać,verbs,0.14
2147,报纸,informacja,nouns,1.67
2148,诚实,winny,adjectives,0.04
2149,手,kciuk,nouns,0.88
2150,花园,wąż ogrodowy,nouns,0.25
2151,船,kotwica,nouns,0.78
2152,乐队,orkiestra,nouns,3.81
2153,商业,przemysł,nouns,1.6
2154,分子,matryca,nouns,0.51
2155,保持,pożyczać,verbs,0.0
2156,教育,uczyć  ,verbs,4.74
2157,科学,psychologia,nouns,2.46
2158,僧侣,krzyż,nouns,0.29
2159,母亲,opiekun,nouns,3.06
2160,邮件,szybkość,nouns,0.0
2161,理论,chemia,nouns,0.77
2162,灯,dżin,nouns,0.3
2163,播放机,trener,nouns,0.35
2164,窄小,szeroki,adjectives,0.14
2165,偏压,opinia,nouns,0.34
2166,自行车,sypialnia,nouns,0.0
2167,赶,śpieszyć się,verbs,4.5
2168,跳跃,płot,nouns,0.1
2169,智力,umiejętność,nouns,2.28
2170,暖炉,parasol,nouns,0.04
2171,种子,młyn,nouns,0.14
2172,甲板,łódź,nouns,1.47
2173,蚂蚁,mucha,nouns,0.92
2174,微妙地,obecnie,adverbs,0.0
2175,作家,powieść,nouns,0.34
2176,杂乱无章,zorganizowany,verbs,0.18
2177,批评,zauważyć,verbs,1.17
2178,男人,wujek,nouns,1.98
2179,原谅,akceptować,verbs,2.47
2180,呛,oddychać,verbs,0.32
2181,肯定,pewny siebie,adjectives,3.75
2182,实质上,koniecznie,adverbs,0.73
2183,控制,zatrzymywać,verbs,0.39
2184,大风,koc,nouns,0.0
2185,弱,pikantny,adjectives,0.0
2186,容易,trudny,adjectives,0.09
2187,骨头,szyja,nouns,0.34
2188,培根,śniadanie,nouns,0.78
2189,监狱,pręt,nouns,0.33
2190,拒绝,odmawiać,verbs,4.23
2191,男孩,dziecko,nouns,3.09
2192,早餐,wieczerza,nouns,0.46
2193,创造者,wytwórca,nouns,3.33
2194,门口,wyjście,nouns,3.67
2195,通常,codziennie,adverbs,2.49
2196,电梯,holować,verbs,1.42
2197,保留,niszczyć,verbs,0.09
2198,士兵,pokój,nouns,0.2
2199,军士,pistolet,nouns,0.19
2200,行星,księżyc,nouns,2.06
2201,有趣,poważny,adjectives,0.0
2202,开始,rezygnować,verbs,0.0
2203,次要,istotny,adjectives,0.09
2204,服装,bal,nouns,0.24
2205,换算,wysokość,nouns,0.24
2206,毛,kobieta,nouns,0.0
2207,罪人,święty,nouns,0.04
2208,书,temat,nouns,1.35
2209,决定,wybierać,verbs,4.16
2210,警察,drugi pilot,nouns,0.04
2211,田,owies,nouns,0.82
2212,眼睛,brew,nouns,0.57
2213,学习,słuchać,verbs,0.53
2214,相反,unikatowy,adjectives,0.65
2215,礼物,pisarz,nouns,0.0
2216,汽车,most,nouns,0.09
2217,喝,wznosić,verbs,0.1
2218,糟糕,pokornie,adverbs,0.05
2219,科学家,pielęgniarka,nouns,0.09
2220,苗条,szczupły,adjectives,4.88
2221,膝盖,ramię,nouns,0.48
2222,妻子,słoma,nouns,0.09
2223,漫游,wędrować,verbs,3.55
2224,任务,praca,nouns,3.18
2225,嫌疑人,mężczyzna,nouns,0.53
2226,井然有序,niechlujny,adjectives,0.14
2227,个人,prywatny,adjectives,4.83
2228,恐吓,nawiedzać,verbs,0.83
2229,沐浴,żona,nouns,0.0
2230,费用,pensja,nouns,1.01
2231,年龄,piękno,nouns,0.18
2232,工人,mechanik,nouns,2.28
2233,笨,inteligentny,adjectives,0.09
2234,杜松子酒,alkohol,nouns,3.81
2235,神经,trzewia,nouns,0.34
2236,服从,słuchać,verbs,2.35
2237,溶解,wymieszać,verbs,0.93
2238,木,papier,nouns,0.68
2239,汽车,rower,nouns,0.43
2240,妻子,cent,nouns,0.23
2241,珍爱,zachować,verbs,0.28
2242,外国人,tłumacz,nouns,0.38
2243,守规矩,przestrzegać,verbs,3.35
2244,攻击,drażnić,verbs,0.63
2245,工业,biznes,nouns,1.6
2246,鼻子,głowa,nouns,0.54
2247,坚固地,spokojnie,adverbs,0.53
2248,机灵,przebiegły,adjectives,1.3
2249,走廊,hol,nouns,4.83
2250,状况,sytuacja,nouns,4.99
2251,警告,zatrzymywać,verbs,0.24
2252,湖,chmura,nouns,0.24
2253,协议,argument,nouns,0.43
2254,胎压计,samochód,nouns,0.14
2255,推,winić,verbs,0.18
2256,豆,bekon,nouns,0.2
2257,存在,zwycięzca,nouns,0.05
2258,合作,złączyć,verbs,0.82
2259,速度,słup,nouns,0.0
2260,手腕,ramię,nouns,0.55
2261,激情,emocja,nouns,2.74
2262,房屋,klucz,nouns,0.1
2263,容易,duży,adjectives,0.0
2264,谢绝,akceptować,verbs,0.18
2265,枫树,drzewo,nouns,3.53
2266,享受,zabawiać,verbs,0.65
2267,穿,erodować,verbs,0.14
2268,毯子,łóżko,nouns,0.29
2269,豆,ryż,nouns,0.53
2270,映像,wizerunek,nouns,2.94
2271,不久,natychmiast,adverbs,1.61
2272,搅拌,wymieszać,verbs,3.58
2273,决定,konkludować,verbs,2.78
2274,橡木,klon,nouns,2.08
2275,发送,uczęszczać,verbs,0.0
2276,钥匙,zamek,nouns,0.61
2277,才能,umiejętność,nouns,4.14
2278,布料,ubrania,nouns,1.27
2279,国民,duży,adjectives,0.0
2280,杂,stary,adjectives,0.05
2281,贫穷,samotny,adjectives,0.58
2282,侵蚀,nosić,verbs,0.14
2283,牙医,pułkownik,nouns,0.09
2284,美丽,wspaniały,adjectives,3.48
2285,布,ubrania,nouns,1.73
2286,这里,teraz,adverbs,1.55
2287,静脉,żołądek,nouns,0.29
2288,建造,robić,verbs,2.98
2289,说话,słyszeć,verbs,0.63
2290,律师,oskarżyciel,nouns,1.43
2291,地带,obszar,nouns,5.02
2292,发抖,zamarzać,verbs,0.43
2293,神圣,cenny,adjectives,1.18
2294,经济,ekosystem,nouns,0.05
2295,受害者,telefon,nouns,0.0
2296,获得,zbierać,verbs,2.08
2297,生存,żyć,verbs,2.78
2298,哭,śmiać się,verbs,0.23
2299,大脑,umysł,nouns,4.03
2300,驾驶,zatrzymywać,verbs,0.04
2301,读,rozumieć,verbs,0.72
2302,分析,porównywać,verbs,3.46
2303,不耐烦地,pobieżnie,adverbs,0.6
2304,观察,oglądać,verbs,4.48
2305,容易地,pobieżnie,adverbs,0.15
2306,权利,sprawiedliwość,nouns,0.93
2307,锌,złoto,nouns,0.61
2308,稍微地,pobieżnie,adverbs,1.55
2309,高速公路,zadanie,nouns,0.05
2310,优胜者,mistrz,nouns,5.17
2311,轻轻地,jasno,adverbs,0.15
2312,咖啡,ziarnko,nouns,0.73
2313,飞机,lotnisko,nouns,1.1
2314,退出,absorbować,verbs,0.0
2315,金,cynk,nouns,0.61
2316,昆虫,pszczoła,nouns,2.9
2317,倒,kapać,verbs,1.06
2318,晚上,świt,nouns,0.04
2319,系统,wada,nouns,0.05
2320,便条,zlecenie,nouns,0.53
2321,差数,reszta,nouns,1.98
2322,使气馁,zachęcać,verbs,0.18
2323,海军,armia,nouns,3.71
2324,扼杀,spalić,verbs,0.24
2325,激进,gwałtowny,adjectives,2.22
2326,知觉,wizja,nouns,1.23
2327,得到,kłaść,verbs,0.0
2328,批评,niegrzeczny,adjectives,0.62
2329,貂,olej,nouns,0.0
2330,掩盖,zakopać,verbs,2.58
2331,任务,kobieta,nouns,0.0
2332,保存,zbierać,verbs,4.63
2333,米,jard,nouns,2.33
2334,显然,lokalnie,adverbs,0.0
2335,赛跑,filozof,nouns,0.0
2336,检察官,prawnik,nouns,1.43
2337,假,sztuczny,adjectives,3.7
2338,意料之外,nieprzewidziany,adjectives,5.14
2339,自豪,biedny,adjectives,0.15
2340,武器,hełm,nouns,0.43
2341,降落,obniżać,verbs,0.89
2342,接受,dostarczać,verbs,0.0
2343,性能,kamea,nouns,0.2
2344,父亲,mężczyzna,nouns,2.38
2345,全球化,wiza,nouns,0.36
2346,飑,wiatr,nouns,3.01
2347,带来,nieść,verbs,2.65
2348,合唱,piosenkarz,nouns,0.92
2349,牛,owca,nouns,1.33
2350,不需要,konieczny,adjectives,0.09
2351,扫帚,kurz,nouns,0.28
2352,判决书,rozprawa,nouns,1.77
2353,正义,prawo,nouns,0.93
2354,同意,zadowalać,verbs,1.4
2355,傍晚,zmierzch,nouns,4.75
2356,墙壁,dekoracja,nouns,0.52
2357,爬,wędrować,verbs,0.73
2358,天神,diabeł,nouns,0.1
2359,新教,chrześcijanin,nouns,2.41
2360,伤害,atakować,verbs,2.69
2361,红色,niebieski,adjectives,0.09
2362,家伙,przyjaciel,nouns,1.19
2363,电,futerał,nouns,0.04
2364,碳,atom,nouns,0.92
2365,实现,próbować,verbs,0.61
2366,孩子,chłopiec,nouns,3.43
2367,争论,przekonywać,verbs,2.92
2368,正牙医生,doktor,nouns,3.52
2369,简单,sztywny,adjectives,0.09
2370,流行,znany,adjectives,4.37
2371,迅速,szybki,adjectives,5.35
2372,鸢尾花,acetylocholina,nouns,0.3
2373,晚餐,śniadanie,nouns,0.66
2374,电话,budka,nouns,0.65
2375,相机,prezydent,nouns,0.0
2376,保龄球选手,kręglarstwo,nouns,1.5
2377,刀,pistolet,nouns,1.4
2378,组织,stać się,verbs,0.05
2379,开心,rozzłoszczony,adjectives,0.05
2380,空气,hel,nouns,1.92
2381,叶,drzewo,nouns,0.48
2382,护士,naukowiec,nouns,0.09
2383,卖,pożyczać,verbs,0.28
2384,喜悦,duma,nouns,1.66
2385,冰,woda,nouns,1.59
2386,蜜蜂,insekt,nouns,2.9
2387,捕获,naśladować,verbs,0.0
2388,沙子,stopa,nouns,0.04
2389,碗,ogon,nouns,0.0
2390,无知,inteligencja,nouns,0.0
2391,年轻,szczęśliwy,adjectives,0.2
2392,财富,sława,nouns,0.8
2393,毁灭,robić,verbs,0.09
2394,争论,porozumienie,nouns,0.43
2395,天文学家,galaktyka,nouns,0.64
2396,奇怪,cudaczny,adjectives,4.57
2397,薄荷,guma,nouns,0.47
2398,防守,zabić,verbs,0.33
2399,儿童,chłopiec,nouns,3.09
2400,熵,informacja,nouns,0.38
2401,说,weryfikować,verbs,0.25
2402,宫殿,wieżowiec,nouns,0.68
2403,身体,ramię,nouns,0.97
2404,说服,argumentować,verbs,2.92
2405,光,klawiatura,nouns,0.04
2406,力量,moc,nouns,3.84
2407,原谅,rozumieć,verbs,1.32
2408,犯罪,pogwałcenie,nouns,3.48
2409,制服,udusić,verbs,0.6
2410,恐龙,słoń,nouns,0.34
2411,失去,odejmować,verbs,1.61
2412,目标,zwycięzca,nouns,0.1
2413,身体,żołądek,nouns,1.36
2414,拯救,ocalać,verbs,5.17
2415,乞求,prosić,verbs,4.25
2416,參加,odchodzić,verbs,0.18
2417,运动员,biegacz,nouns,2.94
2418,拒绝,unikać,verbs,1.77
2419,黎明,pistolet,nouns,0.0
2420,停,ostrzegać,verbs,0.24
2421,穆斯林,biskup,nouns,0.41
2422,制服,robótka szydełkowa,nouns,0.23
2423,高高兴兴地,śmiertelnie,adverbs,0.18
2424,徽章,szklanka,nouns,0.1
2425,词元,sylaba,nouns,0.65
2426,容器,mysz,nouns,0.05
2427,想,wybierać,verbs,1.06
2428,皮炎,egzema,nouns,3.17
2429,歌剧,kino,nouns,1.1
2430,喝醉,trzeźwy,adjectives,0.09
2431,滑雪,snowboard,nouns,1.63
2432,好心地,chojnie,adverbs,2.42
2433,承认,mówić,verbs,0.53
2434,失去,dostać,verbs,0.18
2435,高兴,szczęśliwy,adjectives,5.13
2436,台风,cyklon,nouns,3.74
2437,模式,moda,nouns,0.1
2438,管理,mysz,nouns,0.05
2439,给,kłaść,verbs,0.34
2440,搏斗,bawić się,verbs,0.18
2441,搅拌,trząść,verbs,1.96
2442,理解,pojmować,verbs,4.63
2443,胜利者,mężczyzna,nouns,0.33
2444,建造,destrukcja,nouns,0.14
2445,明亮地,lekko,adverbs,0.15
2446,点菜,menu,nouns,1.23
2447,酸,baza,nouns,0.14
2448,裙子,zegarek,nouns,0.05
2449,糟糕,świetny,adjectives,0.04
2450,汽车,powóz,nouns,2.25
2451,宇宙,niebo,nouns,2.03
2452,疯狂,niepoczytalny,adjectives,5.14
2453,困难,łatwy,adjectives,0.09
2454,和平,szczęście,nouns,2.13
2455,给,wyrzec się,verbs,0.05
2456,保龄,kręglarz,nouns,1.5
2457,小,ogromny,adjectives,0.09
2458,大致,marginalnie,adverbs,1.55
2459,牛肉,mięso,nouns,3.97
2460,白兰地酒,alkohol,nouns,3.47
2461,照耀,błyszczeć,verbs,4.21
2462,微妙地,głośno,adverbs,0.0
2463,忘记,wiedzieć,verbs,0.0
2464,名誉,bogactwo,nouns,0.8
2465,日常,normalnie,adverbs,2.49
2466,乱,brzydki,adjectives,0.92
2467,帮手,pokojówka,nouns,2.02
2468,频繁,nieświadomy,adjectives,0.04
2469,竞争,skończyć,verbs,0.05
2470,女人,mężczyzna,nouns,0.28
2471,喷气式飞机,samolot,nouns,3.82
2472,蔗糖,węglowodan,nouns,2.83
2473,基督教,protestant,nouns,2.41
2474,字,gazeta,nouns,1.02
2475,灌木,kwiat,nouns,0.87
2476,城堡,ściana,nouns,0.28
2477,香槟,whisky,nouns,1.78
2478,立即,niebawem,adverbs,1.61
2479,星系,astronom,nouns,0.64
2480,逃跑,uciec,verbs,5.67
2481,米饭,fasola,nouns,0.53
2482,汽车,wąż (ogrodowy),nouns,0.29
2483,圣歌,słoma,nouns,0.0
2484,宣告,proklamować,verbs,4.42
2485,手提电脑,notebook,nouns,4.64
2486,埋葬,umrzeć,verbs,1.69
2487,契约,porozumienie,nouns,4.72
2488,最近,nowy,adjectives,3.17
2489,鸡,stek,nouns,0.49
2490,偷,porwać,verbs,1.13
2491,草地,pastwisko,nouns,3.86
2492,海岸,plaża,nouns,3.2
2493,坏,świetny,adjectives,0.0
2494,收到,akceptować,verbs,1.35
2495,肾,organ,nouns,3.93
2496,灵活,ruchomy,adjectives,0.92
2497,离开,pojawić się,verbs,0.25
2498,勺子,filiżanka,nouns,0.24
2499,大致,niezawodnie,adverbs,0.19
2500,未成熟的,dorosły,adjectives,0.18
2501,存款,ciułacz,nouns,0.73
2502,剑,środowisko,nouns,0.18
2503,球拍,piłka,nouns,0.28
2504,搜索,wędrować,verbs,0.79
2505,运送,akceptować,verbs,0.0
2506,灵魂,brat,nouns,0.15
2507,新鲜,szeroki,adjectives,0.05
2508,出租车,autobus,nouns,1.69
2509,乙酰胆碱,tęczówka,nouns,0.3
2510,肌肉,język ,nouns,1.06
2511,成年人,niemowlę,nouns,0.28
2512,清洁,nieskazitelny,adjectives,5.11
2513,一次,dwukrotnie,adverbs,0.32
2514,海军,wyspa,nouns,0.1
2515,考古学,antropologia,nouns,1.21
2516,衣服,sukno,nouns,1.27
2517,自豪,arogancki,adjectives,2.56
2518,赢,powieść się,verbs,3.17
2519,危险,dolegliwość,nouns,0.38
2520,帽子,pudełko,nouns,0.1
2521,减少,obniżać,verbs,4.36
2522,忘记,zatrzymywać,verbs,0.39
2523,制作者,twórca,nouns,3.33
2524,岩石,kopalnia,nouns,1.21
2525,眼睛,łza,nouns,0.53
2526,嘴巴,nos,nouns,0.34
2527,火鸡,kura,nouns,2.74
2528,声明,ogłaszać,verbs,4.64
2529,加,mnożyć,verbs,0.33
2530,开心,zadowolony,adjectives,5.13
2531,冰雹,deszcz,nouns,1.23
2532,花朵,fiołek,nouns,3.42
2533,平面,płachta,nouns,0.39
2534,树枝,ramię,nouns,0.15
2535,欲望,chcieć,verbs,4.74
2536,走,wysyłać,verbs,0.04
2537,勺子,sok,nouns,0.0
2538,雇主,robotnik,nouns,0.43
2539,建立,dodawać,verbs,0.95
2540,古老,nowy,adjectives,0.09
2541,光标,slajd,nouns,0.09
2542,危险地,ostrożnie,adverbs,0.18
2543,脏,klejący,adjectives,1.17
2544,天空,marzenie,nouns,0.09
2545,肚子,kurs,nouns,0.0
2546,香槟酒,piwo,nouns,1.93
2547,毯,wichura,nouns,0.0
2548,对乙酰氨基酚,bronchit,nouns,0.34
2549,合法,nielegalny,adjectives,0.09
2550,公主,ciastko,nouns,0.0
2551,高兴,obłąkany,adjectives,0.28
2552,监狱,wybór,nouns,0.1
2553,减去,stracić,verbs,1.61
2554,自豪,radość,nouns,1.66
2555,歌曲,wykonawca,nouns,0.63
2556,鸡尾酒,alkohol,nouns,2.98
2557,电梯,samochód,nouns,0.0
2558,课程,akcja,nouns,0.63
2559,付款,notatka,nouns,0.55
2560,国王,władca,nouns,5.25
2561,同音词,fotofon,nouns,0.05
2562,灵活,luźny,adjectives,1.66
2563,床,pokój,nouns,0.2
2564,猎狗,lis,nouns,0.46
2565,乱七八糟,uporządkowany,adjectives,0.14
2566,瞇,razić,verbs,0.18
2567,谨慎地,ostrożnie,adverbs,4.38
2568,狭窄,biały,adjectives,0.18
2569,显然,pobieżnie,adverbs,0.38
2570,干旱,woda,nouns,0.04
2571,信封,dekoracja,nouns,0.42
2572,洗手间,kuchnia,nouns,0.39
2573,组合,unia,nouns,1.82
2574,有时,kiedykolwiek,adverbs,0.93
2575,时装,tryb,nouns,0.1
2576,听见,mówić,verbs,0.63
2577,沐浴,balon,nouns,0.0
2578,开始,iść,verbs,0.09
2579,带来,narzekać,verbs,0.09
2580,总统,burmistrz,nouns,1.85
2581,甘蔗,konsorcjum,nouns,0.05
2582,可悲的是,szalenie,adverbs,0.09
2583,查询,myśleć,verbs,0.29
2584,肉,kanapka,nouns,0.18
2585,教,karać,verbs,0.28
2586,不诚实,prawdomówny,adjectives,0.04
2587,公寓,hotel,nouns,0.96
2588,预测,zachmurzenie,nouns,0.15
2589,心情,gniew,nouns,1.88
2590,罐子,filiżanka,nouns,1.7
2591,新,starożytny,adjectives,0.09
2592,仁慈地,łagodnie,adverbs,2.78
2593,未拿定主意,neutralny,adjectives,1.37
2594,裂开,złamać się,verbs,2.6
2595,获得,ukraść,verbs,1.04
2596,车,samochód,nouns,5.61
2597,困难,prosty,adjectives,0.07
2598,沼泽,jezioro,nouns,0.53
2599,弯曲,zakrzywiony,adjectives,4.18
2600,攻击,ranić,verbs,2.69
2601,手臂,kość,nouns,0.68
2602,律师,galeria,nouns,0.0
2603,混乱,pokojowo,adverbs,0.0
2604,出口,prawo wyborcze,nouns,0.23
2605,稻草,zadanie,nouns,0.0
2606,玻璃,kryształ,nouns,1.46
2607,屋,stodoła,nouns,0.57
2608,扼杀,przytulić,verbs,0.0
2609,苏丹,ministerstwo,nouns,0.15
2610,判断,decydować,verbs,2.25
2611,窗口,dach,nouns,0.24
2612,荣誉,poważanie,nouns,1.22
2613,脸颊,język,nouns,0.3
2614,名单,ciąg,nouns,1.08
2615,打印,ignorować,verbs,0.0
2616,快,prędki,adjectives,5.15
2617,打扰,przeszkadzać,verbs,3.91
2618,伤心,dumny,adjectives,0.14
2619,演员,aktorka,nouns,2.98
2620,协议,warunek,nouns,1.94
2621,情感,nastrój,nouns,3.59
2622,漂移,płynąć,verbs,2.6
2623,逮捕,podejrzewać,verbs,0.78
2624,神经心理学,parapsychologia,nouns,0.87
2625,无知,regularny,adjectives,0.04
2626,鼻子,usta,nouns,0.34
2627,人们,przyjęcie,nouns,0.39
2628,帅哥,facet,nouns,0.81
2629,自由,wolność,nouns,4.64
2630,财富,bieda,nouns,0.1
2631,节奏,melodia,nouns,2.92
2632,娱乐,lubić,verbs,0.65
2633,母亲,żona,nouns,1.69
2634,平庸,niezły,adjectives,0.28
2635,失败,polegać,verbs,0.09
2636,相机,soczewka,nouns,0.53
2637,脖子,ramię,nouns,0.29
2638,国王,księżniczka,nouns,0.6
2639,词,literatura,nouns,2.0
2640,哥哥,syn,nouns,0.81
2641,人造,fałszywy,adjectives,3.7
2642,头,paznokieć,nouns,0.15
2643,真实地,perfekcyjnie,adverbs,0.68
2644,愉快,wspaniały,adjectives,2.77
2645,成功,wygrać,verbs,3.17
2646,种族主义,ksenofobia,nouns,2.89
2647,晚上,dzień,nouns,0.05
2648,偏见,szowinista,nouns,1.29
2649,脊柱,ciało,nouns,1.08
2650,车,miernik,nouns,0.14
2651,说话,uznawać,verbs,0.53
2652,自豪,smutny,adjectives,0.14
2653,考试,sylabus,nouns,0.38
2654,协议,dziura,nouns,0.0
2655,雪,lawina,nouns,1.86
2656,页,słowo,nouns,0.35
2657,伞,kaliber,nouns,0.04
2658,使气馁,zmartwić,verbs,1.83
2659,小提琴,instrument,nouns,3.93
2660,申请,aplikant,nouns,0.94
2661,冬天,pora roku,nouns,2.94
2662,政治家,policjant,nouns,0.1
2663,团结,dzielić,verbs,0.18
2664,身体,krew,nouns,0.71
2665,尺寸,trik,nouns,0.0
2666,模仿,ukazywać,verbs,0.28
2667,追逐,złapać,verbs,1.54
2668,建立,tworzyć,verbs,4.47
2669,扭曲,wygięty,adjectives,4.18
2670,放,wisieć,verbs,0.6
2671,足球,futbol,nouns,4.83
2672,玫瑰,motyl,nouns,0.38
2673,赢家,cel,nouns,0.1
2674,木,kamień,nouns,0.15
2675,伙伴,przyjaciel,nouns,4.25
2676,容器,butelka,nouns,2.71
2677,卖,iść,verbs,0.0
2678,完成,odroczyć,verbs,0.19
2679,朋友,facet,nouns,1.19
2680,煮熟的,zagotowany,adjectives,3.17
2681,蠢,tępy,adjectives,5.66
2682,屋顶,sufit,nouns,2.69
2683,母鸡,indyk,nouns,2.74
2684,蜥蜴,wąż ,nouns,0.76
2685,选举,odrzucić,verbs,0.2
2686,女英雄,bohater,nouns,4.4
2687,知道,rozumieć,verbs,2.84
2688,章节,noc,nouns,0.0
2689,徘徊,włóczyć się,verbs,3.55
2690,球状物,piłka,nouns,3.25
2691,地毯,dom,nouns,0.15
2692,盐,woda,nouns,0.48
2693,功课,esej,nouns,1.66
2694,雷达,dżojstik,nouns,0.04
2695,大灾难,wypadek,nouns,3.75
2696,似乎,stać się,verbs,0.39
2697,接受,uznawać,verbs,3.99
2698,皮肤,rower,nouns,0.0
2699,咬,czytać,verbs,0.0
2700,气旋,tajfun,nouns,3.74
2701,小巷,miska,nouns,0.0
2702,完结,skończony,adjectives,4.86
2703,罗盘,słoń,nouns,0.04
2704,航空,lot,nouns,2.5
2705,农药,szkodnik,nouns,0.93
2706,检查,skontrolować,verbs,4.02
2707,盒子,kapelusz,nouns,0.1
2708,自豪,silny,adjectives,0.68
2709,举起,wznosić,verbs,3.02
2710,校验,powiedzieć,verbs,0.25
2711,歌手,personel,nouns,0.23
2712,衬衣,kardigan,nouns,1.38
2713,水煮,gotowany,adjectives,3.17
2714,地板,sufit,nouns,0.1
2715,宽广,duży,adjectives,2.69
2716,大夫,doktor,nouns,5.11
2717,购买,dostać,verbs,0.51
2718,确定,ewakuować,verbs,0.0
2719,头,bark,nouns,0.44
2720,失去,zachować,verbs,0.09
2721,参议院,konstytucja,nouns,0.81
2722,玩,kłócić się,verbs,0.18
2723,饥饿,zmęczony,adjectives,0.38
2724,头盔,broń,nouns,0.43
2725,酒,wino,nouns,3.42
2726,关闭,wymiotować,verbs,0.0
2727,手术,serce,nouns,0.24
2728,轨,płot,nouns,0.3
2729,英雄,bohaterka,nouns,4.4
2730,肘,kość,nouns,0.69
2731,社会,kultura,nouns,1.24
2732,后部,ogon,nouns,3.06
2733,交换,waluta,nouns,0.65
2734,医生,profesor,nouns,1.1
2735,乐队,parada,nouns,0.28
2736,粘人,niepewny,adjectives,0.24
2737,奇怪,przebiegły,adjectives,0.32
2738,候选人,zwycięzca,nouns,1.44
2739,章,wybór,nouns,0.2
2740,乞求,pożyczać,verbs,1.0
2741,大海,rzeka,nouns,1.74
2742,插图,pęcherz,nouns,0.0
2743,牙医,ortodonta,nouns,4.04
2744,收缩,rosnąć,verbs,0.09
2745,雕塑家,posiadłość,nouns,0.0
2746,奴隶,służący,nouns,3.38
2747,雨,zamieć,nouns,0.92
2748,故事,temat ,nouns,0.77
2749,包皮,obrzezanie,nouns,0.92
2750,原木,wanna,nouns,0.0
2751,头,stopa,nouns,0.24
2752,发炎,dolegliwość,nouns,2.91
2753,碗,talerz,nouns,2.46
2754,旧,świeży,adjectives,0.09
2755,存在,drzwi,nouns,0.0
2756,绞刑,zabić,verbs,2.41
2757,贫穷,dumny,adjectives,0.15
2758,不公平地,nierozsądnie,adverbs,2.25
2759,菠萝,smartfon,nouns,0.0
2760,编织,wiązać,verbs,1.71
2761,谷物,pszenica,nouns,3.88
2762,抱怨,przynieść,verbs,0.09
2763,三角洲,morze,nouns,0.58
2764,男人,podejrzany,nouns,0.53
2765,重,duży,adjectives,0.82
2766,军官,deputowany,nouns,1.43
2767,小提琴,gitara,nouns,1.07
2768,膝盖,kość,nouns,1.38
2769,谦虚,czysty,adjectives,0.85
2770,柠檬,herbata,nouns,0.1
2771,偷偷,śmiało,adverbs,0.0
2772,震,trzęsienie ziemi,nouns,4.09
2773,惩罚,przestrzegać,verbs,0.49
2774,收到,dać,verbs,0.2
2775,正直地,dojrzale,adverbs,1.5
2776,蕊,zapylanie,nouns,0.46
2777,流言蜚语,wiadomości,nouns,1.94
2778,帮忙,pytać,verbs,0.09
2779,寻求,cel,nouns,1.2
2780,除,dodawać,verbs,0.23
2781,疾病,niebezpieczeństwo,nouns,0.38
2782,离开,czekać,verbs,0.18
2783,伙伴,facet,nouns,2.54
2784,悲剧,śmierć,nouns,2.54
2785,糖果,jabłko,nouns,0.24
2786,乘,dodawać,verbs,0.33
2787,艺术品,artysta ,nouns,0.91
2788,面包,mięso,nouns,0.09
2789,模拟,robotyka,nouns,0.73
2790,媒介,wiadomości,nouns,1.69
2791,杀,walczyć,verbs,1.14
2792,航空学,awionika,nouns,2.69
2793,自豪的,pokornie,adverbs,0.33
2794,感情上,smutno,adverbs,0.91
2795,日期,kalendarz,nouns,2.06
2796,需求,argumentować,verbs,0.39
2797,詞,strona,nouns,0.35
2798,钻石,pieniądze,nouns,0.8
2799,巨大,tępy,adjectives,0.04
2800,首词,składnia,nouns,0.43
2801,吸收,posiąść,verbs,0.88
2802,给予,otrzymywać,verbs,0.2
2803,臭氧,atmosfera,nouns,2.42
2804,借,chcieć,verbs,0.39
2805,裙带关系,król,nouns,0.53
2806,描绘,naśladować,verbs,0.28
2807,决定,ukazywać,verbs,0.05
2808,愤怒,nastrój,nouns,1.88
2809,手臂,kolano,nouns,0.48
2810,磁盘,ładowarka,nouns,0.24
2811,擦亮,informować,verbs,0.0
2812,不道德,nielegalny,adjectives,1.84
2813,烧伤,udusić,verbs,0.24
2814,人,balon,nouns,0.05
2815,宽,świeży,adjectives,0.05
2816,十字架,mnich,nouns,0.29
2817,开心,młody,adjectives,0.2
2818,车辆,autobus,nouns,3.2
2819,锁匙,korona ,nouns,0.05
2820,游戏,trik,nouns,0.82
2821,成功,próbować,verbs,0.18
2822,申请人,aplikacja,nouns,0.94
2823,樱桃,truskawka,nouns,1.88
2824,凹地,dolina,nouns,1.93
2825,自己,pewność siebie,nouns,0.73
2826,火山,magma,nouns,1.68
2827,松饼,pietruszka,nouns,0.0
2828,察觉,słyszeć,verbs,0.79
2829,道德,legenda,nouns,0.4
2830,疯,chory,adjectives,1.56
2831,身体,nerw,nouns,1.11
2832,骨头,kolano,nouns,1.38
2833,学校,prawo,nouns,0.28
2834,理论,twierdzenie,nouns,4.3
2835,经常,rzadko,adverbs,0.18
2836,问,ignorować,verbs,0.09
2837,蜜糖,nabiał,nouns,0.23
2838,脊柱,szyja,nouns,0.47
2839,小学生,student,nouns,4.25
2840,行星,gwiazda,nouns,2.63
2841,熔化,rozpuszczać,verbs,3.51
2842,正牙医生,dentysta,nouns,4.04
2843,帮手,nauczyciel,nouns,0.56
2844,男孩,brat,nouns,1.64
2845,说谎,zaprzeczać,verbs,0.77
2846,大厅,przejście,nouns,0.89
2847,探索,odkryć,verbs,3.06
2848,强大,mocny,adjectives,4.38
2849,说谎,udawać,verbs,2.58
2850,臀部,warga,nouns,0.1
2851,毁灭,zabić,verbs,2.54
2852,走廊,drzwi,nouns,0.28
2853,奇怪,dziwaczny,adjectives,4.98
2854,知会,polerować,verbs,0.0
2855,工作,kierownictwo,nouns,0.63
2856,犹豫,gniewny,adjectives,0.38
2857,精确地,niedokładnie,adverbs,0.18
2858,上校,dentysta,nouns,0.09
2859,找到,uciec,verbs,0.0
2860,句法,hasło,nouns,0.43
2861,程序,jedzenie,nouns,0.0
2862,区域,obszar,nouns,5.14
2863,黎明,noc,nouns,0.04
2864,天气,fala,nouns,0.1
2865,生气,szał,nouns,4.2
2866,元,milioner,nouns,0.25
2867,真实,fałszywy,adjectives,0.14
2868,冷淡,kruchy,adjectives,0.15
2869,粗糙,niegrzeczny,adjectives,0.57
2870,孤独,biedny,adjectives,0.58
2871,律师,adwokat,nouns,3.79
2872,原谅,ułaskawić,verbs,3.86
2873,离开,brać,verbs,0.0
2874,文化,społeczeństwo,nouns,1.24
2875,气球,ludzie,nouns,0.05
2876,线索,słowo,nouns,0.54
2877,作者,czytelnik,nouns,0.18
2878,其他,przeciwny,adjectives,0.94
2879,向外,przychodzący,adjectives,0.55
2880,注意,ostrożność,nouns,2.98
2881,晚餐,posiłek,nouns,3.93
2882,劝告,sugerować,verbs,3.5
2883,十年,stulecie,nouns,0.44
2884,吉他,skrzypce,nouns,1.07
2885,栅栏,klatka,nouns,1.11
2886,肝,płuco,nouns,0.77
2887,威力,siła,nouns,3.84
2888,颚,kość,nouns,1.42
2889,等待,odchodzić,verbs,0.18
2890,工作者,aparat,nouns,0.2
2891,酒,zespół,nouns,0.0
2892,石,drewno,nouns,0.15
2893,演员,telewizja,nouns,0.72
2894,踢,ranić,verbs,0.96
2895,庆祝,zaskoczyć,verbs,0.43
2896,小麦粉,chleb,nouns,1.17
2897,海啸,morze,nouns,1.03
2898,组织,zbierać,verbs,1.69
2899,不经常,często,adverbs,0.18
2900,讨厌,krytykować,verbs,1.03
2901,老鼠,kierownictwo,nouns,0.05
2902,听,uczyć się,verbs,0.53
2903,阵列,lista,nouns,1.08
2904,新娘,pan młody,nouns,0.78
2905,发送,przynieść,verbs,0.04
2906,允许,erodować,verbs,0.0
2907,学生,uczeń,nouns,4.25
2908,尖顶,kaplica,nouns,0.61
2909,通常,szczerze,adverbs,0.3
2910,地板,pokład,nouns,2.38
2911,逃走,umknąć,verbs,5.67
2912,简直,najwyraźniej,adverbs,1.15
2913,生态系统,ekonomia,nouns,0.05
2914,叶,siewka,nouns,0.51
2915,暴风雪,deszcz,nouns,0.92
2916,意见,skłonność,nouns,0.34
2917,自行车,skóra,nouns,0.0
2918,偷,nabyć,verbs,1.04
2919,打中,chybić,verbs,0.23
2920,追求,zbadać,verbs,0.29
2921,唇,biodro,nouns,0.1
2922,疏忽,wyrzec się,verbs,0.6
2923,敬礼,występować,verbs,0.05
2924,男人,kobieta,nouns,0.28
2925,任命,obierać,verbs,0.87
2926,负面地,nienaturalnie,adverbs,0.19
2927,出席,argumentować,verbs,0.09
2928,牛油,ziemniak,nouns,0.34
2929,马赛克,bazylika,nouns,0.2
2930,出席,wysyłać,verbs,0.0
2931,雪,pogoda,nouns,1.01
2932,蜥蜴,rząd,nouns,0.0
2933,拉,pchać,verbs,0.47
2934,旗,słup,nouns,0.79
2935,飞机,helikopter,nouns,2.08
2936,大方,miły,adjectives,1.4
2937,低语,mówić,verbs,2.6
2938,打招呼,spotykać,verbs,0.68
2939,目标,strzała,nouns,0.52
2940,能力,kompetencja,nouns,4.14
2941,完成,wygrać,verbs,2.09
2942,覆盖着,ubrany,adjectives,2.28
2943,早餐,bekon,nouns,0.78
2944,死,pochować,verbs,1.69
2945,政府,jaszczurka,nouns,0.0
2946,大致,grubo,adverbs,0.66
2947,和平地,chaotycznie,adverbs,0.0
2948,牛肉,bydło,nouns,3.21
2949,探索,ignorować,verbs,0.0
2950,选择,rozdział,nouns,0.2
2951,同意,kłócić się,verbs,0.18
2952,乐队,trunek,nouns,0.0
2953,水,lód,nouns,1.59
2954,參加,współpracować,verbs,0.82
2955,假,prawdziwy,adjectives,0.14
2956,电脑,dysk,nouns,0.93
2957,日历,data,nouns,2.06
2958,丑陋,prymitywny,adjectives,0.68
2959,天气,śnieg,nouns,1.01
2960,无礼,prymitywny,adjectives,0.57
2961,苍蝇,mrówka,nouns,0.92
2962,舌头,policzek,nouns,0.3
2963,选举,mianować,verbs,0.87
2964,咬,walczyć,verbs,1.31
2965,球,kostium,nouns,0.24
2966,尖,tępy,adjectives,0.09
2967,社会生物学,mutant,nouns,0.38
2968,国王,nepotyzm,nouns,0.53
2969,奖章,adidasy,nouns,0.1
2970,可能,optymistycznie,adverbs,0.63
2971,剑,tron,nouns,0.28
2972,迅速,pośpieszny,adjectives,4.95
2973,接受,odrzucić,verbs,0.23
2974,国会,parlament,nouns,2.56
2975,拒绝,unikać,verbs,0.48
2976,肺,wątroba,nouns,0.77
2977,上面,spód,nouns,0.04
2978,女人,dżinsy,nouns,0.04
2979,签证,globalizm,nouns,0.36
2980,加,dzielić,verbs,0.23
2981,推荐,radzić,verbs,3.66
2982,可能,prawdopodobnie,adverbs,4.48
2983,耐力,zespół,nouns,0.0
2984,不准确地,dokładnie,adverbs,0.18
2985,暴力,rozzłoszczony,adjectives,2.21
2986,衣服,tkanina,nouns,1.73
2987,海滩,rafa,nouns,0.34
2988,技巧,inteligencja,nouns,2.28
2989,风暴,chmura,nouns,0.81
2990,脏,wąski,adjectives,0.0
2991,年轻,niespokojny,adjectives,0.4
2992,温和,ostry,adjectives,0.0
2993,英式足球,piłka nożna,nouns,4.83
2994,任务,wyspa,nouns,0.0
2995,红酒,trunek,nouns,3.8
2996,钝,ostry,adjectives,0.09
2997,血液,ciało,nouns,0.71
2998,概念,przekonanie,nouns,1.44
2999,街,samochód,nouns,0.29
3000,暗礁,plaża,nouns,0.34
3001,分子,powietrze,nouns,0.68
3002,手表,spódnica,nouns,0.05
3003,旗,weksylologia,nouns,0.92
3004,电视,komunikacja,nouns,0.6
3005,肯定,pewien,adjectives,4.64
3006,妻子,matka,nouns,1.69
3007,扼杀,przytłaczać,verbs,0.6
3008,观看,obserwować,verbs,4.48
3009,鼓,gitara,nouns,0.63
