ID,CMN,FRA,PoS,score
1,环,ceinture,nouns,2.89
2,得到,mettre,verbs,0.25
3,总统,élève,nouns,0.6
4,成年人,tuteur,nouns,2.77
5,咬,combattre,verbs,1.77
6,最近,actuellement,adverbs,3.54
7,跑,chevaucher,verbs,0.93
8,海滩,côte,nouns,3.4
9,医生,médecin,nouns,5.31
10,徘徊,parcourir,verbs,2.85
11,地窖,porte,nouns,0.78
12,使气馁,échouer,verbs,2.5
13,背景,papier peint,nouns,3.2
14,接受,être d'accord,verbs,3.92
15,通知,reconnaître,verbs,0.65
16,通常,rarement,adverbs,1.03
17,有攻击性的,grossier,adjectives,1.78
18,锡,métal,nouns,3.17
19,花朵,longévité,nouns,0.43
20,肉,lard,nouns,3.29
21,酒,bière,nouns,4.44
22,不可能,amical,adverbs,0.09
23,外国人,traducteur,nouns,0.98
24,岛,péninsule,nouns,3.62
25,收缩,croître,verbs,0.89
26,蛋白质,poignée,nouns,0.1
27,暴力,doux,adjectives,0.65
28,判断,décider,verbs,3.6
29,枪,canon,nouns,2.42
30,相机,ouvrier,nouns,0.1
31,衣服,tiroir,nouns,0.74
32,冲洗,laver,verbs,4.67
33,相反,unique,adjectives,0.75
34,妻子,baignoire,nouns,0.05
35,断绝亲子关系 or...,donner,verbs,0.1
36,后部,queue,nouns,2.96
37,毁灭,créer,verbs,0.93
38,强大,faible,adjectives,0.7
39,存在,porte,nouns,0.15
40,橡木,érable,nouns,2.93
41,暴力,passif,adjectives,0.35
42,朋友,invité,nouns,3.04
43,需求,réprimander,verbs,0.54
44,服从,écouter,verbs,3.5
45,给,désavouer,verbs,0.1
46,订婚,rendez-vous,nouns,2.79
47,自豪的,humblement,adverbs,1.13
48,肩,corps,nouns,1.47
49,代码,symbole,nouns,3.16
50,忽略,explorer,verbs,0.3
51,一般,systématiquement,adverbs,3.65
52,使气馁,contrarier,verbs,2.29
53,容易地,confortablement,adverbs,1.63
54,知道,donner,verbs,0.3
55,金属,aluminium,nouns,3.15
56,豆,bacon,nouns,0.65
57,自豪,fort,adjectives,1.18
58,教学大纲,examen,nouns,1.18
59,某些,nerveux,adjectives,0.15
60,老师,rabbin,nouns,1.31
61,啤酒,alcool,nouns,4.44
62,主题,récit,nouns,1.32
63,通常,irrégulièrement,adverbs,0.92
64,风暴,nuage,nouns,1.46
65,说明,discuter,verbs,2.45
66,真实,malhonnête,adjectives,0.55
67,汽车,réservoir,nouns,1.02
68,空气,hélium,nouns,2.67
69,被动地,activement,adverbs,1.03
70,频繁,ignorant,adjectives,0.49
71,天气,nuage,nouns,2.34
72,伤心地,émotionnellement,adverbs,1.66
73,大厦,sculpteur,nouns,0.3
74,雪,météo,nouns,1.92
75,书,bible,nouns,3.03
76,机械师,ouvrier,nouns,2.98
77,巫师,câble,nouns,0.0
78,理解,lire,verbs,0.87
79,小心地,fermement,adverbs,2.08
80,打碎,fracasser,verbs,4.41
81,搂抱,étreindre,verbs,5.29
82,离开,rencontrer,verbs,0.53
83,不公平地,déraisonnablement,adverbs,2.95
84,社会生物学,mutant,nouns,0.47
85,选择,décider,verbs,4.46
86,提醒,dire,verbs,3.16
87,歌手,employé,nouns,0.38
88,末期地,principalement,adverbs,0.0
89,说话,chuchoter,verbs,3.5
90,完结,fini,adjectives,5.46
91,开心,jeune,adjectives,0.39
92,感觉,intuition,nouns,4.04
93,行星,lune,nouns,2.62
94,老鼠,rat,nouns,5.02
95,包含,impliquer,verbs,5.04
96,发烧,maladie,nouns,2.88
97,愤怒,hésitant,adjectives,0.63
98,牛,bétail,nouns,3.82
99,自由,oasis,nouns,0.24
100,创建,détruire,verbs,0.93
101,天空,univers,nouns,2.78
102,保龄球选手,bowling,nouns,1.35
103,迷惑,apprendre,verbs,0.5
104,快乐,heureux,adjectives,5.27
105,狡猾,dur,adjectives,0.39
106,作曲家,écrivain,nouns,3.17
107,工作,outil,nouns,0.58
108,碟,bol,nouns,2.36
109,情况,circonstance,nouns,5.19
110,上校,dentiste,nouns,0.34
111,分解,factorisation,nouns,2.82
112,指甲,tête,nouns,0.6
113,湿,collant,adjectives,1.95
114,攻击,aggraver,verbs,0.83
115,创建,plonger,verbs,0.1
116,门口,porte,nouns,3.37
117,妻子,mère,nouns,2.79
118,帅哥,type,nouns,1.41
119,医生,orthodontiste,nouns,3.58
120,唇,hanche,nouns,0.55
121,年轻,heureux,adjectives,0.39
122,俱乐部,marque,nouns,0.25
123,大致,fiablement,adverbs,0.54
124,教堂,mosaïque,nouns,0.4
125,环境,épée,nouns,0.23
126,建立,ajouter,verbs,1.25
127,汽车,tuyau,nouns,0.15
128,分析,évaluer,verbs,4.68
129,足球,football américain,nouns,4.23
130,门,présence,nouns,0.15
131,耐力,groupe,nouns,0.1
132,培根,viande,nouns,3.29
133,狡猾,étrange,adjectives,1.22
134,唱,flotter,verbs,0.1
135,显然,discrètement,adverbs,0.73
136,球,canon,nouns,0.45
137,鸡尾酒,alcool,nouns,3.58
138,追逐,suivre,verbs,2.76
139,听,obéir,verbs,3.5
140,瞇,éblouir,verbs,0.33
141,腐烂,détruire,verbs,3.27
142,闪电攻击,attaque,nouns,3.17
143,安排,nécessiter,verbs,0.2
144,祈祷,communiquer,verbs,0.82
145,猴子,campagne,nouns,0.05
146,订婚,bague,nouns,1.79
147,出口,porte,nouns,3.47
148,不确定,effrayé,adjectives,0.96
149,身体,poitrine,nouns,2.25
150,公开地,massivement,adverbs,1.1
151,监护人,adulte,nouns,2.77
152,米,pouce,nouns,2.68
153,才能,aptitude,nouns,5.54
154,发现,comprendre,verbs,3.41
155,大规模,gros,adjectives,3.81
156,狭窄,blanc,adjectives,0.23
157,相机,président,nouns,0.05
158,情人,compagnon,nouns,4.74
159,带来,restaurer,verbs,0.15
160,走廊,salle de cours,nouns,0.73
161,流,dériver,verbs,2.2
162,雕塑,statue,nouns,5.28
163,人,ballon,nouns,0.0
164,子程序,compilateur,nouns,1.36
165,兄弟会,homme,nouns,1.58
166,地图,carré,nouns,0.54
167,容易,simple,adjectives,4.98
168,纯,modeste,adjectives,1.26
169,尾巴,falaise,nouns,0.05
170,承认,notifier,verbs,0.65
171,拉比,ministre,nouns,0.8
172,说,vérifier,verbs,0.5
173,喜悦,fierté,nouns,2.51
174,害怕,timide,adjectives,1.56
175,困难,facile,adjectives,0.74
176,擦亮,informer,verbs,0.1
177,阳光,pomme,nouns,0.39
178,男孩,frère,nouns,2.44
179,倒,goutter,verbs,1.17
180,上衣,chapeau,nouns,1.83
181,小木屋,chalet,nouns,3.01
182,教,éduquer,verbs,4.54
183,婚外,tabou,adjectives,1.77
184,打,attirer,verbs,0.55
185,最近,récemment,adverbs,5.53
186,盒子,chapeau,nouns,0.65
187,大声地,doucement,adverbs,0.55
188,咬,lire,verbs,0.0
189,必须,important,adjectives,4.26
190,胜利者,homme,nouns,0.83
191,西洋棋,échouage,nouns,0.89
192,床,berceau,nouns,3.59
193,大教堂,plafond,nouns,0.29
194,减少,abaisser,verbs,4.31
195,踝,fenêtre,nouns,0.0
196,女孩,bonne,nouns,1.5
197,望远镜,chaise,nouns,0.2
198,故事,sujet,nouns,1.32
199,手套,balle,nouns,0.79
200,伤心,fier,adjectives,0.79
201,溅,viscosité,nouns,0.34
202,骑,courir,verbs,0.93
203,节约,dépenser,verbs,0.57
204,图表,graphique,nouns,2.59
205,出租车,autobus,nouns,2.59
206,很少地,d'habitude,adverbs,1.03
207,脚,sable,nouns,0.34
208,给,savoir,verbs,0.3
209,香烟,tabac,nouns,4.66
210,棒球,fraternité,nouns,0.2
211,信念,valeur,nouns,3.27
212,过道,corridor,nouns,4.83
213,重大,mineur,adjectives,0.79
214,有时,uniformément,adverbs,0.35
215,倾向,influencer,verbs,2.68
216,不同,en phase terminale,adverbs,0.0
217,模拟,robotique,nouns,1.02
218,岛,tâche,nouns,0.05
219,鸢尾花,acétylcholine,nouns,nan
220,笨,rare,adjectives,0.15
221,未成形,uniforme,adjectives,0.5
222,乐队,orchestre,nouns,3.75
223,飞行,aviation,nouns,2.9
224,地震,secousse,nouns,4.54
225,岛,plage,nouns,1.94
226,海报,papier,nouns,2.65
227,明亮地,légèrement,adverbs,0.3
228,句法,mot-clé,nouns,0.88
229,直升机,avion,nouns,2.92
230,责怪,accuser,verbs,4.03
231,听,entendre,verbs,4.48
232,聚酯纤维,coton,nouns,1.75
233,作家,don,nouns,0.25
234,白兰地,vin,nouns,3.21
235,描绘,notifier,verbs,0.7
236,忙碌,paresseux,adjectives,0.49
237,古怪,étrange,adjectives,5.72
238,城堡,mur,nouns,0.97
239,长大,immature,adjectives,0.88
240,罪犯,délinquant,nouns,4.91
241,路,voie-rapide,nouns,3.76
242,火鸡,poule,nouns,2.83
243,甜,électrique,adjectives,0.2
244,男孩,enfant,nouns,3.65
245,操纵杆,radar,nouns,0.15
246,怒视,loucher,verbs,0.33
247,弯曲,droit,adjectives,0.89
248,旧,mixte,adjectives,0.05
249,选举,rejeter,verbs,0.55
250,州,maison,nouns,0.05
251,混合,remuer,verbs,4.17
252,洞,accord,nouns,0.0
253,喷气式飞机,avion,nouns,3.92
254,房屋,clé,nouns,0.75
255,模仿,capturer,verbs,0.25
256,检查,enquêter,verbs,3.31
257,容易,gros,adjectives,0.2
258,港口,emballage,nouns,0.45
259,猫,lapin,nouns,1.23
260,全然地,complètement,adverbs,3.88
261,埋葬,mourir,verbs,2.15
262,大脑,esprit,nouns,4.17
263,敬佩,adorer,verbs,4.47
264,使满意,divertir,verbs,1.02
265,暴力,fâché,adjectives,2.06
266,协议,trou,nouns,0.0
267,坏,terrible,adjectives,3.82
268,枫木,chêne,nouns,2.93
269,偏见,chauvin,nouns,0.84
270,薪水,argent,nouns,4.38
271,自行车,revêtement,nouns,0.2
272,容器,wagon,nouns,0.29
273,知会,polir,verbs,0.1
274,认真地,sincèrement,adverbs,2.46
275,牙医,colonel,nouns,0.34
276,手臂,muscle,nouns,1.89
277,高兴,heureux,adjectives,5.42
278,任务,affectation,nouns,2.77
279,满足,saisir,verbs,0.57
280,忘记,rappeler,verbs,0.93
281,河流,mer,nouns,2.44
282,溶解,fondre,verbs,4.46
283,装作,imaginer,verbs,0.89
284,撕开,porter,verbs,0.19
285,小麦,céréale,nouns,3.68
286,迅速,vite,adjectives,5.22
287,红酒,liqueur,nouns,3.4
288,大致,évidemment,adverbs,0.73
289,拥抱,câliner,verbs,5.29
290,小心地,prudemment,adverbs,3.88
291,画画,émeute,nouns,0.2
292,接受,rejeter,verbs,1.13
293,纸,carton,nouns,3.55
294,鼓励,décourager,verbs,1.03
295,肉,boeuf,nouns,3.62
296,打,cadre,nouns,0.15
297,友好,extraverti,adjectives,1.49
298,了解,écouter,verbs,2.03
299,红酒,alcool,nouns,3.67
300,好心地,aimablement,adverbs,5.17
301,不可說出口的,extraconjugal,adjectives,1.77
302,开心,furieux,adjectives,1.1
303,坚固地,doucement,adverbs,0.7
304,查询,exiger,verbs,0.58
305,并发,cours,nouns,0.7
306,降低,réduire,verbs,4.31
307,极好,génial,adjectives,5.32
308,全球化,visa,nouns,0.96
309,眼泪,œil,nouns,1.13
310,布,vêtement,nouns,2.78
311,圣歌,conquête,nouns,0.4
312,心情,colère,nouns,2.73
313,紧紧地,incroyablement,adverbs,0.2
314,需要,se renseigner,verbs,0.58
315,看,chercher,verbs,1.75
316,使心烦,décourager,verbs,2.29
317,总统,pollution,nouns,0.25
318,错误,précis,adjectives,0.34
319,走,vendre,verbs,0.2
320,铅笔,histoire,nouns,0.34
321,喝,mélanger,verbs,0.4
322,打鼾,réveiller,verbs,0.88
323,半岛,île,nouns,3.62
324,樱桃,fraise,nouns,2.17
325,旋律,rythme,nouns,3.87
326,医院,lit,nouns,1.03
327,乐观地,éventuellement,adverbs,0.53
328,得到,acquérir,verbs,5.12
329,完成,achevé,adjectives,5.46
330,天气,neige,nouns,1.92
331,笔直,incurvé,adjectives,0.89
332,犯罪,attaque,nouns,1.66
333,崇拜,admirer,verbs,4.47
334,扼杀,brûler,verbs,0.48
335,给予,emprunter,verbs,2.08
336,机械地,idéalement,adverbs,0.24
337,很可能,peut-être,adverbs,4.68
338,钱,salaire,nouns,4.38
339,混合,boire,verbs,0.4
340,疯狂,insensé,adjectives,5.49
341,攻击,blitz,nouns,3.17
342,闻,gâcher,verbs,0.1
343,公共汽车,taxi,nouns,2.59
344,河,ruisseau,nouns,4.03
345,聚集,assister,verbs,0.63
346,发出恶臭,sentir,verbs,3.27
347,总统,maire,nouns,2.4
348,油,vison,nouns,0.1
349,自由,liberté,nouns,4.09
350,章,choix,nouns,0.45
351,不同,débattre,verbs,0.94
352,离开,entrer,verbs,0.38
353,不道德,illégal,adjectives,2.69
354,父亲,parent,nouns,4.48
355,燕麦,champ,nouns,1.18
356,非法,immoral,adjectives,2.69
357,辩解,débattre,verbs,3.31
358,呛,respirer,verbs,1.32
359,衣服,chiffon,nouns,1.88
360,紧急情况,accident,nouns,3.55
361,学校,droit,nouns,1.03
362,装作,supposer,verbs,2.63
363,幸福,paix,nouns,2.79
364,做,gagner,verbs,0.48
365,长,étroit,adjectives,0.98
366,工具,emploi,nouns,0.58
367,一般,anormalement,adverbs,0.75
368,修道院,douche,nouns,0.1
369,罐,bouteille,nouns,2.97
370,创新,créatif,adjectives,5.3
371,杆,drapeau,nouns,1.64
372,累,ennuyeux,adjectives,0.89
373,梦想,ciel,nouns,0.49
374,精确,faux,adjectives,0.34
375,哥哥,garçon,nouns,2.44
376,衣服,tissu,nouns,2.78
377,士兵,garçon,nouns,2.04
378,媒介,nouvelle,nouns,2.79
379,松饼,persil,nouns,0.3
380,公爵,république,nouns,0.3
381,友好,improbable,adverbs,0.09
382,通常,quotidiennement,adverbs,2.69
383,刺激,contrarier,verbs,4.69
384,牙医,orthodontiste,nouns,4.54
385,学习,confondre,verbs,0.5
386,卧室,estomac,nouns,0.05
387,搜索,se renseigner,verbs,4.16
388,恶化,essuyer,verbs,0.2
389,男孩,soldat,nouns,2.04
390,公开,confidentiel,adjectives,0.49
391,使灰心,décourager,verbs,4.02
392,运送,accepter,verbs,0.55
393,身体,nerf,nouns,1.71
394,律师,avocat,nouns,3.69
395,女人,tâche,nouns,0.05
396,刀口,herbe,nouns,0.1
397,感染,inflexion,nouns,0.15
398,警长,flic,nouns,3.91
399,协议,condition,nouns,2.29
400,交付,prendre,verbs,0.54
401,流感,fièvre,nouns,2.65
402,男人,mari,nouns,3.55
403,走廊,allée,nouns,4.54
404,史学家,historien,nouns,4.92
405,惩罚,enseigner,verbs,0.63
406,天花板,cathédrale,nouns,0.29
407,新鲜,nouveau,adjectives,4.0
408,和平地,chaotiquement,adverbs,0.5
409,传感器,radiateur,nouns,0.68
410,哲学家,course,nouns,0.15
411,羞愧,coupable,adjectives,3.68
412,宾客,ami,nouns,3.04
413,膝盖,os,nouns,2.03
414,大气层,ozone,nouns,3.37
415,移动,tisser,verbs,0.15
416,天空,soleil,nouns,1.66
417,椅子,canapé,nouns,2.84
418,手指,paume,nouns,2.01
419,飞机,hélicoptère,nouns,2.92
420,情感,humeur,nouns,3.49
421,坚固地,calmement,adverbs,0.68
422,星期,week-end,nouns,2.63
423,沙文主义,préjudice,nouns,0.84
424,教堂,cathédrale,nouns,5.13
425,光,clavier,nouns,0.15
426,行李,circumnavigation,nouns,0.5
427,头脑风暴,télescope,nouns,0.05
428,连接,rejoindre,verbs,1.41
429,意见,idée,nouns,4.26
430,泉,geyser,nouns,3.86
431,懊恼,colère,nouns,3.03
432,允许,laisser,verbs,4.18
433,理论,théorème,nouns,4.05
434,苹果,régime,nouns,0.96
435,毁灭,sauver,verbs,0.69
436,栅栏,cage,nouns,2.31
437,价值,taux,nouns,3.87
438,生气,heureux,adjectives,0.7
439,片,aéroport,nouns,0.1
440,钟,tour,nouns,1.12
441,疯狂,content,adjectives,0.93
442,鸡,dîner,nouns,0.98
443,阻碍,lutter,verbs,0.4
444,捕获,imiter,verbs,0.25
445,古怪,bizarre,adjectives,5.87
446,忘记,ignorer,verbs,3.49
447,女人,fourrure,nouns,0.25
448,褪色,éroder,verbs,0.62
449,情绪,passion,nouns,3.49
450,锁匙,couronne,nouns,0.05
451,快,rapide,adjectives,5.22
452,生活方式,civilisation,nouns,2.26
453,小说,biographie,nouns,2.47
454,绿洲,liberté,nouns,0.24
455,屏幕,phonologie,nouns,0.05
456,朋友,professeur,nouns,1.11
457,证明,débattre,verbs,2.17
458,打扰,aggraver,verbs,0.2
459,电影,théâtre,nouns,2.21
460,云,brouillard,nouns,2.88
461,提醒,vendre,verbs,0.2
462,身体,épaule,nouns,1.47
463,轻轻地,brillamment,adverbs,0.3
464,决定,représenter,verbs,0.75
465,海岸,canonnière,nouns,0.24
466,大致,impatiemment,adverbs,0.4
467,在别处,à domicile,adverbs,1.08
468,加,diviser,verbs,1.13
469,清洁,impeccable,adjectives,5.16
470,攻击,blesser,verbs,2.79
471,洗,rincer,verbs,4.67
472,血液,corps,nouns,1.66
473,今天,ce soir,adverbs,2.73
474,食物,programme,nouns,0.55
475,推荐,accepter,verbs,0.64
476,盐,eau,nouns,0.83
477,故事,livre,nouns,2.77
478,毕业,terminer,verbs,2.73
479,说服,essayer,verbs,0.82
480,努力,saisir,verbs,0.4
481,游标,frites,nouns,0.15
482,首领,maire,nouns,3.23
483,星,intensité,nouns,0.79
484,起泡,illustration,nouns,0.15
485,重要的,officiellement,adverbs,0.85
486,杯子,cône,nouns,0.71
487,步行,boiter,verbs,2.92
488,轻轻的,fermement,adverbs,0.7
489,纸,affiche,nouns,2.65
490,窗口,nuage,nouns,0.4
491,牛仔裤,femme,nouns,0.1
492,谷物,blé,nouns,3.68
493,神经,corps,nouns,1.71
494,宣告,proclamer,verbs,5.17
495,文学,livre,nouns,2.6
496,枯燥,marrant,adjectives,0.25
497,神经,cerveau,nouns,2.01
498,混乱,classe,nouns,0.15
499,促进,avancer,verbs,2.17
500,停,siffler,verbs,0.25
501,四轮货运马车,récipient,nouns,0.29
502,活动,mouvement,nouns,3.31
503,马,poulain,nouns,3.88
504,不耐烦,inquiet,adjectives,2.97
505,搜索,chasser,verbs,1.36
506,离开,apparaître,verbs,0.1
507,争论,hurler,verbs,1.6
508,杯子,bocal,nouns,2.4
509,儿子,garçon,nouns,3.75
510,密度大,difficile,adjectives,2.22
511,任务,travail,nouns,4.03
512,可靠地,passivement,adverbs,0.35
513,正直地,mûrement,adverbs,1.2
514,头,ongle,nouns,0.6
515,日落,chaîne,nouns,0.0
516,杀,pendre,verbs,3.41
517,机械,électrique,adjectives,2.48
518,舞蹈,robe,nouns,0.54
519,年龄,beauté,nouns,0.78
520,借,supplier,verbs,1.1
521,柔韧,grand,adjectives,0.29
522,流星,gravité,nouns,0.7
523,雪茄,pipe,nouns,2.51
524,忽略,demander,verbs,0.64
525,失败,compter,verbs,0.29
526,冷淡,rugueux,adjectives,0.2
527,统治者,roi,nouns,4.95
528,幻想,réalité,nouns,1.5
529,大厦,pièce,nouns,0.89
530,一尘不染,propre,adjectives,5.16
531,穆斯林,évêque,nouns,1.17
532,目前,récemment,adverbs,3.54
533,谦虚,pur,adjectives,1.26
534,骨头,genou,nouns,2.03
535,书,article,nouns,3.08
536,反驳,permettre,verbs,0.25
537,争论,se plaindre,verbs,2.09
538,出席,envoyer,verbs,0.25
539,聪明,intelligent,adjectives,4.99
540,乞求,emprunter,verbs,1.1
541,听见,parler,verbs,1.18
542,公平,injustement,adverbs,0.98
543,探索,ignorer,verbs,0.3
544,伤心,marrant,adjectives,0.65
545,角,surface,nouns,0.78
546,现实,fantastique,nouns,1.5
547,教堂,câble,nouns,0.05
548,作弊,tromper,verbs,3.26
549,积极地,exactement,adverbs,0.57
550,忽略,imprimer,verbs,0.1
551,深度,magnitude,nouns,1.31
552,数字,nombre,nouns,4.88
553,创造者,auteur,nouns,4.55
554,职业,lycée,nouns,0.65
555,保护,sauver,verbs,3.08
556,和蔼,cruel,adjectives,0.55
557,签证,globalisation,nouns,0.96
558,使惊奇,fêter,verbs,0.72
559,图像,reflet,nouns,3.69
560,小炮舰,côte,nouns,0.24
561,潜水,créer,verbs,0.1
562,机器,moteur,nouns,2.98
563,重要,crucial,adjectives,5.21
564,坏,immoral,adjectives,3.56
565,羞愧,chagrin,nouns,1.7
566,白兰地酒,alcool,nouns,3.62
567,书,accident,nouns,0.3
568,发出气味,puer,verbs,3.27
569,草莓,cerise,nouns,2.17
570,桥,carte,nouns,0.43
571,政府,lézard,nouns,0.0
572,给,permettre,verbs,1.2
573,残酷,dur,adjectives,4.08
574,工人,mécanicien,nouns,2.98
575,昆虫,abeille,nouns,3.3
576,可行,impossible,adjectives,0.98
577,救,protéger,verbs,3.08
578,工作者,bureau,nouns,0.63
579,餐,dîner,nouns,3.56
580,浪费,inquiéter,verbs,0.15
581,房间,échouage,nouns,0.89
582,重要的,sérieusement,adverbs,1.46
583,意外,urgence,nouns,3.55
584,认识到,découvrir,verbs,3.41
585,追逐,attraper,verbs,1.94
586,椅子,tabouret,nouns,4.88
587,赢,battre,verbs,4.17
588,无助,vulnérable,adjectives,2.65
589,借,donner,verbs,2.08
590,烟斗,cigare,nouns,2.51
591,预测,révision,nouns,0.55
592,肚子,veine,nouns,0.79
593,狂怒,colère,nouns,4.7
594,作者,créateur,nouns,4.55
595,运动,activité,nouns,3.31
596,两次,toujours,adverbs,0.75
597,进入,laisser,verbs,0.38
598,文学,mot,nouns,2.15
599,好心地,généreusement,adverbs,2.67
600,晚饭,repas,nouns,3.56
601,瓶子,pot,nouns,3.68
602,分子,matrice,nouns,0.61
603,知道,comprendre,verbs,3.29
604,资本,argent,nouns,4.03
605,早餐,bacon,nouns,1.03
606,庆祝,surprendre,verbs,0.72
607,呕吐,fermer,verbs,0.05
608,忍耐力,fleur,nouns,0.43
609,价值观,croyance,nouns,3.27
610,出席,venir,verbs,3.29
611,手掌,doigt,nouns,2.01
612,貂,huile,nouns,0.1
613,部,sultan,nouns,0.5
614,市长,chef,nouns,3.23
615,自豪,joie,nouns,2.51
616,病菌,pathogène,nouns,3.53
617,出租车,voiture,nouns,3.73
618,调查,examiner,verbs,3.31
619,出租车,tacot,nouns,5.36
620,同意,être en désaccord,verbs,1.03
621,正式,fortement,adverbs,0.52
622,讨厌,apprécier,verbs,0.89
623,课程,estomac,nouns,0.1
624,交换,remplacement,nouns,5.02
625,一致地,parfois,adverbs,0.35
626,象征,signe,nouns,5.25
627,聪慧,malin,adjectives,4.99
628,独特,contraire,adjectives,0.75
629,针织套衫,veste,nouns,3.4
630,月,août,nouns,2.9
631,汽车,rue,nouns,0.79
632,节目,mathématicien,nouns,0.1
633,地区,coin,nouns,0.78
634,女孩,enfant,nouns,3.06
635,接受,recommander,verbs,0.64
636,搜索,regarder,verbs,1.75
637,友善,généreux,adjectives,2.75
638,家长,père,nouns,4.48
639,章,queue,nouns,0.0
640,叔叔,homme,nouns,2.44
641,心烦,honteux,adjectives,0.79
642,开心,content,adjectives,5.42
643,车,jauge,nouns,0.48
644,生态系统,économie,nouns,0.75
645,约定,engagement,nouns,2.79
646,走,permettre,verbs,0.2
647,隧道,chemin,nouns,2.37
648,吸收,posséder,verbs,0.72
649,依赖,compter sur,verbs,4.0
650,购买,recevoir,verbs,1.26
651,不显眼地,manifestement,adverbs,0.73
652,甲板,souris,nouns,0.05
653,僵硬,facile,adjectives,0.29
654,清洁,désordonné,adjectives,0.8
655,碰撞,emboutir,verbs,3.44
656,蜜蜂,insecte,nouns,3.3
657,侵蚀,permettre,verbs,0.15
658,传统,artisanat,nouns,2.69
659,故事,crayon,nouns,0.34
660,皮肤,vélo,nouns,0.2
661,军士,pistolet,nouns,0.64
662,文章,livre,nouns,3.08
663,暴风雨,ouragan,nouns,3.12
664,观察,regarder,verbs,5.03
665,问,aider,verbs,0.69
666,害怕,incertain,adjectives,0.96
667,收到,atteindre,verbs,0.15
668,老师,ami,nouns,1.11
669,依靠,échouer,verbs,0.29
670,看来,simplement,adverbs,1.35
671,小孩,fille,nouns,3.06
672,乱,propre,adjectives,0.8
673,自由,possibilité,nouns,4.09
674,受害者,téléphone,nouns,0.1
675,画廊,avocat,nouns,0.05
676,便宜货,centime,nouns,0.2
677,韵律,arithmétique,nouns,0.15
678,毛毛雨,pluie,nouns,4.03
679,自豪地,paisiblement,adverbs,0.54
680,女演员,acteur,nouns,4.08
681,气球,bain,nouns,0.1
682,依靠,dépendre,verbs,4.0
683,偷,acquérir,verbs,1.58
684,极好,furieux,adjectives,0.73
685,工作,tâche,nouns,4.03
686,电,boîtier,nouns,0.7
687,赚,faire,verbs,0.48
688,标志,symbole,nouns,5.25
689,酒,vin,nouns,3.4
690,球,panier,nouns,0.7
691,煮,perdre,verbs,0.05
692,看来,évidemment,adverbs,2.46
693,国民,gros,adjectives,0.15
694,匆忙,se ruer,verbs,4.65
695,病原,germe,nouns,3.53
696,小巷,bol,nouns,0.0
697,肝脏,organe,nouns,2.97
698,等待,laisser,verbs,0.83
699,云,brume,nouns,3.16
700,无政府,chaos,nouns,3.66
701,天花板,toit,nouns,3.79
702,接受,pardonner,verbs,2.33
703,塔,cloche,nouns,1.12
704,兴奋,effrayé,adjectives,0.97
705,普通,banal,adjectives,5.36
706,放开,presser,verbs,0.2
707,工作者,appareil photo,nouns,0.1
708,私人,personnel,adjectives,4.83
709,出席,rassembler,verbs,0.63
710,冷淡,fragile,adjectives,0.2
711,尝试,atteindre,verbs,1.11
712,癌症,maladie,nouns,4.05
713,来,apporter,verbs,1.31
714,米饭,poulet,nouns,0.7
715,货车,paquet,nouns,0.15
716,嫌疑人,homme,nouns,1.02
717,教育,enseigner,verbs,4.54
718,新教,chrétien,nouns,3.31
719,因式分解,décomposition,nouns,2.82
720,非一般,rare,adjectives,4.69
721,面包,farine,nouns,2.17
722,积极地,heureusement,adverbs,0.57
723,马赛克,basilique,nouns,0.4
724,凹地,vallée,nouns,1.83
725,河,vallée,nouns,1.97
726,出现,devenir,verbs,0.88
727,接受,livrer,verbs,0.55
728,大概,positivement,adverbs,0.7
729,不开心,furieux,adjectives,2.83
730,身体,colonne vertébrale,nouns,1.78
731,松动,flexible,adjectives,1.51
732,鳟鱼,guitare,nouns,0.05
733,不定形,informe,adjectives,2.97
734,作业,tâche,nouns,2.77
735,飞机,jet,nouns,3.92
736,走,commencer,verbs,0.74
737,未预见到,imprévu,adjectives,5.59
738,季节,hiver,nouns,2.94
739,毯,tempête,nouns,0.05
740,坚强,fier,adjectives,1.18
741,参加竞选,singe,nouns,0.05
742,悬崖,queue,nouns,0.05
743,淫贱,sale,adjectives,0.47
744,笼子,barreau,nouns,2.31
745,找到,acquérir,verbs,2.49
746,悲剧,mort,nouns,2.79
747,价格,valeur,nouns,3.87
748,雪茄,boîte,nouns,0.74
749,加入,ajouter,verbs,4.01
750,啤酒,champagne,nouns,2.83
751,幼苗,feuille,nouns,1.11
752,大象,boussole,nouns,0.04
753,受惊,enthousiasmé,adjectives,0.97
754,财富,renommée,nouns,1.75
755,偷,donner,verbs,0.88
756,选择,veine,nouns,0.29
757,新鲜,large,adjectives,0.1
758,大,grand,adjectives,3.81
759,优雅地,admirablement,adverbs,3.5
760,帮手,servante,nouns,2.52
761,屋顶,plafond,nouns,3.79
762,坦克,voiture,nouns,1.02
763,正牙医生,dentiste,nouns,4.54
764,保龄,lanceur,nouns,1.35
765,发送,assister,verbs,0.25
766,新,inutilisé,adjectives,4.07
767,驱逐,partir,verbs,2.38
768,次要,important,adjectives,0.79
769,和声,piano,nouns,1.27
770,新鲜,vieux,adjectives,0.24
771,大方,agréable,adjectives,2.2
772,主教,archevêque,nouns,4.48
773,熔化,dissoudre,verbs,4.46
774,不定期地,généralement,adverbs,0.92
775,小学生,président,nouns,0.6
776,词性变化,infection,nouns,0.15
777,器官,rein,nouns,4.28
778,制服,informe,adjectives,0.5
779,半学年,trimestre,nouns,3.77
780,标识,club,nouns,0.25
781,电影,pop-corn,nouns,1.13
782,天空,rêve,nouns,0.49
783,地心引力,météore,nouns,0.7
784,叫喊,débattre,verbs,1.6
785,宽广,étroit,adjectives,0.64
786,开朗,agréable,adjectives,1.49
787,不同,être d'accord,verbs,0.7
788,新,vieux,adjectives,0.98
789,粗鲁,agressif,adjectives,1.78
790,任务,autoroute,nouns,0.05
791,听见,écouter,verbs,4.48
792,脏,incroyable,adjectives,0.35
793,避免,nier,verbs,0.83
794,自己,confiance,nouns,1.18
795,杀,défendre,verbs,0.83
796,橙子,agrume,nouns,3.83
797,完全地,strictement,adverbs,3.88
798,猎物,dieu,nouns,0.05
799,准确地,précisément,adverbs,5.63
800,副手,officier,nouns,1.83
801,带来,se plaindre,verbs,0.19
802,慷慨地,jamais,adverbs,0.05
803,杂,vieux,adjectives,0.05
804,走,envoyer,verbs,0.49
805,灵活的,élastique,adjectives,4.08
806,节奏,mélodie,nouns,3.87
807,一次,immédiatement,adverbs,0.65
808,使气馁,encourager,verbs,1.03
809,合理的解释,débattre,verbs,2.69
810,大型会议,rassemblement,nouns,3.01
811,云,lac,nouns,0.45
812,数,chiffre,nouns,4.88
813,波浪,météo,nouns,0.49
814,离开,errer,verbs,0.29
815,屋,tapis,nouns,0.7
816,减肥,salade,nouns,1.13
817,分离,partir,verbs,2.04
818,混乱,anarchie,nouns,3.66
819,锁匙,maison,nouns,0.75
820,冠军,gagnant,nouns,5.42
821,大声地,subtilement,adverbs,0.65
822,门,ouverture,nouns,3.37
823,无聊,fatigué,adjectives,0.89
824,公寓,maison,nouns,4.13
825,线索,mot,nouns,0.89
826,特别,significativement,adverbs,2.65
827,厂,voiture,nouns,0.64
828,自信,attitude,nouns,1.78
829,读,mordre,verbs,0.0
830,罐子,tasse,nouns,2.4
831,静脉,estomac,nouns,0.79
832,蔗糖,glucide,nouns,4.08
833,淋透,réduire,verbs,0.05
834,出租车,taxi,nouns,5.36
835,英寸,mètre,nouns,2.8
836,允许,aller,verbs,0.2
837,跛行,marcher,verbs,2.92
838,酒,cocktail,nouns,3.58
839,手,poignet,nouns,2.65
840,减去,perdre,verbs,2.06
841,猎鹰,aigle,nouns,3.54
842,布料,vêtement,nouns,1.88
843,游泳,rencontrer,verbs,0.3
844,大规模,ouvertement,adverbs,1.1
845,大概,peut-être,adverbs,4.32
846,加剧,agresser,verbs,0.83
847,羞辱,conforter,verbs,0.54
848,狭窄,sale,adjectives,0.1
849,颚,os,nouns,2.17
850,遇见,nager,verbs,0.3
851,机器人技术,simulation,nouns,1.02
852,对抗,irriter,verbs,4.69
853,离开,expulser,verbs,2.38
854,大,flexible,adjectives,0.29
855,难看,désordonné,adjectives,0.57
856,防守,tuer,verbs,0.83
857,坚硬,dense,adjectives,2.22
858,孤独,pauvre,adjectives,0.64
859,不准确地,précisément,adverbs,0.93
860,羞耻,chanceux,adjectives,0.45
861,烟草,cigarette,nouns,4.66
862,离开,battre en retraite,verbs,4.18
863,糟糕,mal,adjectives,3.82
864,奇怪,bizarre,adjectives,5.72
865,激情,émotion,nouns,3.49
866,明显,apparent,adjectives,4.71
867,讨论,expliquer,verbs,2.45
868,默默地,passivement,adverbs,1.32
869,速度,courrier,nouns,0.0
870,旧,nouveau,adjectives,0.98
871,一分钱,taille,nouns,0.05
872,高高兴兴,activement,adverbs,0.57
873,小亭,téléphone,nouns,0.75
874,获得,voler,verbs,1.58
875,认真地,grandement,adverbs,1.46
876,当然,parfois,adverbs,0.65
877,桥,voiture,nouns,0.39
878,好斗,incurvé,adjectives,0.09
879,人,enfant,nouns,2.43
880,男人,fraternité,nouns,1.58
881,允许,réfuter,verbs,0.25
882,演员,actrice,nouns,4.08
883,演员,télévision,nouns,1.12
884,慷慨地,gentiment,adverbs,2.67
885,疾病,fièvre,nouns,2.88
886,名誉,richesse,nouns,1.75
887,打赌,parier,verbs,4.97
888,演员,chanteur,nouns,2.58
889,异族,étranger,nouns,3.56
890,同意,accepter,verbs,3.92
891,阳光,ciel,nouns,1.66
892,惱火,malheureux,adjectives,2.83
893,妻子,centime,nouns,0.23
894,旅行,voyage,nouns,3.94
895,井井有条,désorganisé,verbs,1.03
896,翻译者,étranger,nouns,0.98
897,忠诚地,honnêtement,adverbs,4.38
898,书,littérature,nouns,2.6
899,危险,maladie,nouns,0.92
900,大教堂,église,nouns,5.13
901,薄荷,gomme,nouns,0.82
902,承认,parler,verbs,0.53
903,指控,reprocher,verbs,4.03
904,棉,polyester,nouns,1.75
905,类别,chaos,nouns,0.15
906,基底,pied,nouns,3.19
907,开心,enjoué,adjectives,5.27
908,奇怪,bizarre,adjectives,5.32
909,击中,viser,verbs,2.35
910,无礼,critique,adjectives,0.67
911,兄弟,âme,nouns,0.3
912,出席,débattre,verbs,0.64
913,旋律,musique,nouns,4.37
914,宽,frais,adjectives,0.1
915,苹果,soleil,nouns,0.39
916,生日,anniversaire,nouns,2.17
917,日常,normalement,adverbs,2.69
918,海啸,mer,nouns,1.73
919,发送,aller,verbs,0.49
920,说谎,accuser,verbs,0.64
921,突变体,sociobiologie,nouns,0.47
922,肉桂,bonbon,nouns,0.84
923,想,se renseigner,verbs,0.69
924,灾难,mort,nouns,2.49
925,家牛,vache,nouns,3.82
926,妻子,paille,nouns,0.09
927,器官,foie,nouns,2.97
928,星,astéroïde,nouns,3.1
929,吸引,frapper,verbs,0.55
930,毛线衣,coton,nouns,1.27
931,完成,être diplômé,verbs,2.73
932,岩石,mine,nouns,1.91
933,安全地,soigneusement,adverbs,2.08
934,科学家,infirmier,nouns,0.79
935,脊柱,corps,nouns,1.78
936,玫瑰,papillon,nouns,0.63
937,海滩,mer,nouns,3.02
938,公牛,veau,nouns,3.14
939,疯,fou,adjectives,5.49
940,星系,application,nouns,0.1
941,门,portail,nouns,5.17
942,瓶子,canette,nouns,2.97
943,替换,échange,nouns,5.02
944,毯,bois,nouns,0.15
945,共和国,duc,nouns,0.3
946,家伙,partenaire,nouns,2.04
947,自行车,chambre à coucher,nouns,0.05
948,线,soleil couchant,nouns,0.0
949,打扰,offenser,verbs,2.31
950,机灵,stupide,adjectives,0.84
951,系统,faute,nouns,0.2
952,圣经,livre,nouns,3.03
953,麻布,tissu,nouns,3.15
954,圣歌,paille,nouns,0.1
955,和平,soldat,nouns,0.74
956,得出结论,décider,verbs,3.88
957,沐浴,pièce,nouns,0.8
958,欺骗,tricher,verbs,3.26
959,花,croyance,nouns,0.09
960,马,jument,nouns,4.03
961,从不,généreusement,adverbs,0.05
962,积极地,passivement,adverbs,1.03
963,管理,administration,nouns,4.32
964,混乱,pacifiquement,adverbs,0.5
965,惩罚,obéir,verbs,0.89
966,难以置信地,fermement,adverbs,0.2
967,状态,situation,nouns,4.31
968,死亡,catastrophe,nouns,2.49
969,海军,île,nouns,0.7
970,脆弱,facile,adjectives,0.59
971,城市,ville,nouns,4.56
972,树木,érable,nouns,4.48
973,表,coucher de soleil,nouns,0.0
974,乐队,alcool,nouns,0.15
975,告诉,rappeler,verbs,3.16
976,容易,flexible,adjectives,1.13
977,交谈,communication,nouns,4.61
978,伤害,tomber,verbs,1.08
979,总是,deux fois,adverbs,0.75
980,谷,dépression,nouns,1.83
981,最近,dernièrement,adverbs,5.53
982,允许,éroder,verbs,0.15
983,年,siècle,nouns,2.4
984,清醒,ronfler,verbs,0.88
985,基质,molécule,nouns,0.61
986,蜥蜴,gouvernement,nouns,0.0
987,担心,gaspiller,verbs,0.15
988,害羞,effrayé,adjectives,1.56
989,巨大,stupide,adjectives,0.7
990,创建,construire,verbs,4.82
991,优胜者,présence,nouns,0.25
992,拒绝,éviter,verbs,1.92
993,老鼠,gestion,nouns,0.0
994,培根,haricot,nouns,0.65
995,哨,arrêter,verbs,0.25
996,准许,approuver,verbs,3.71
997,避免,rejeter,verbs,1.92
998,律师,galerie,nouns,0.05
999,罕见,stupide,adjectives,0.15
1000,大海,rivière,nouns,2.44
1001,香芹,muffin,nouns,0.3
1002,电动,doux,adjectives,0.2
1003,每当,parfois,adverbs,0.53
1004,人,pistolet,nouns,0.2
1005,好,épicé,adjectives,0.15
1006,逃逸,trouver,verbs,0.3
1007,精彩,délicieux,adjectives,3.27
1008,上衣,vêtement,nouns,3.84
1009,谨慎地,soigneusement,adverbs,3.88
1010,笔记本,ordinateur portable,nouns,3.84
1011,建立,créer,verbs,4.82
1012,风,bourrasque,nouns,3.51
1013,无知,ordinaire,adjectives,0.49
1014,键盘,lumière,nouns,0.15
1015,承认,nier,verbs,0.98
1016,车,voiture,nouns,5.91
1017,沙丘,désert,nouns,3.06
1018,自然地,bizarrement,adverbs,0.93
1019,国王,dirigeant,nouns,4.95
1020,旧,frais,adjectives,0.24
1021,峡谷,vallée,nouns,4.14
1022,阴谋家,stratège,nouns,3.16
1023,生物学,biotope,nouns,1.64
1024,漫游,errer,verbs,2.85
1025,脏,étroit,adjectives,0.1
1026,马上,autrefois,adverbs,0.65
1027,老鼠,réceptacle,nouns,0.05
1028,杀,se battre,verbs,1.69
1029,走开,partir,verbs,4.29
1030,蝴蝶,rose,nouns,0.63
1031,成长,rétrécir,verbs,0.89
1032,刀,pistolet,nouns,2.5
1033,孩子,fille,nouns,2.5
1034,手机,téléphone,nouns,5.13
1035,手臂,veine,nouns,0.8
1036,群落生境,biologie,nouns,1.64
1037,演员,polyèdre,nouns,0.0
1038,精彩,beau,adjectives,3.93
1039,失去,obtenir,verbs,0.88
1040,加入,participer,verbs,3.69
1041,懒,précieux,adjectives,0.15
1042,打印,ignorer,verbs,0.1
1043,黎明,jour,nouns,3.37
1044,完全必要,nécessaire,adjectives,5.57
1045,似乎,devenir,verbs,0.94
1046,服从,punir,verbs,0.89
1047,强大,puissant,adjectives,4.98
1048,坚固,sournois,adjectives,0.39
1049,船,pont,nouns,1.21
1050,飓风,orage,nouns,3.12
1051,茅屋,hutte,nouns,3.01
1052,狭窄,long,adjectives,0.98
1053,态度,confiance,nouns,1.78
1054,玻璃,badge,nouns,0.29
1055,日期,calendrier,nouns,2.87
1056,雾,nuage,nouns,2.88
1057,否定,jamais,adjectives,1.75
1058,血液学,pathologie,nouns,2.44
1059,事件,collecte de fonds,nouns,1.43
1060,退休,rétracter,verbs,1.56
1061,头脑,cerveau,nouns,4.17
1062,充分,au fond,adverbs,0.92
1063,高度,conversion,nouns,0.24
1064,过去,antécédent,nouns,4.5
1065,理解,savoir,verbs,3.29
1066,加冕礼,eau,nouns,0.29
1067,胜利,triomphe,nouns,5.17
1068,想要,emprunter,verbs,0.64
1069,保持,perdre,verbs,0.84
1070,评估,apprendre,verbs,0.93
1071,制服,crochet,nouns,0.28
1072,争论,justifier,verbs,3.31
1073,山谷,canyon,nouns,4.14
1074,光标,transparent,nouns,0.19
1075,脆弱,impuissant,adjectives,2.65
1076,黎明,pistolet,nouns,0.05
1077,椅子,télescope,nouns,0.2
1078,喝,élever,verbs,0.05
1079,有趣,triste,adjectives,0.65
1080,加入,acquérir,verbs,0.65
1081,证明,expliquer,verbs,3.83
1082,插图,ampoule,nouns,0.15
1083,寻求,viser,verbs,3.08
1084,统计资料,tennis,nouns,0.25
1085,编织,bouger,verbs,0.15
1086,相机,suite,nouns,0.2
1087,等待,s'arrêter,verbs,2.63
1088,房间,cellule,nouns,2.94
1089,糖,miel,nouns,2.72
1090,携带,prendre,verbs,2.36
1091,货币,concours,nouns,0.7
1092,参与,rejoindre,verbs,3.69
1093,酒,whisky,nouns,3.57
1094,十四行诗,beauté,nouns,0.45
1095,光线电话机,homophone,nouns,0.25
1096,不耐烦地,approximativement,adverbs,0.4
1097,传记,fiction,nouns,2.47
1098,男人,vainqueur,nouns,0.83
1099,选举权,sortie,nouns,0.48
1100,读,saisir,verbs,0.87
1101,木材,rondin,nouns,3.94
1102,策略家,conspirateur,nouns,3.16
1103,肯定,certain,adjectives,5.59
1104,微妙地,bruyamment,adverbs,0.65
1105,肚子,corps,nouns,2.31
1106,使气馁,frustrer,verbs,4.02
1107,易损坏,frigide,adjectives,0.2
1108,奇怪,sournois,adjectives,1.22
1109,成功,échouer,verbs,1.08
1110,帽子,manteau,nouns,1.83
1111,严酷,cruel,adjectives,4.08
1112,金属,étain,nouns,3.17
1113,说服,poursuivre,verbs,0.44
1114,伙伴,type,nouns,2.04
1115,异常,étrangement,adverbs,3.12
1116,非自然,naturellement,adverbs,0.93
1117,查询,chercher,verbs,4.16
1118,国会,parlement,nouns,3.42
1119,毁灭,tuer,verbs,3.24
1120,幼稚,innocent,adjectives,4.61
1121,电梯,transporter,verbs,1.92
1122,小马,cheval,nouns,3.88
1123,原木,bain,nouns,0.0
1124,世纪,année,nouns,2.4
1125,强大,fort,adjectives,4.98
1126,丑陋,brut,adjectives,0.82
1127,男孩,gosse,nouns,3.88
1128,汽车,pont,nouns,0.39
1129,能力,compétence,nouns,5.54
1130,成为,organiser,verbs,0.15
1131,容器,bouteille,nouns,3.56
1132,沐浴,astuce,nouns,0.0
1133,明亮,étoile,nouns,0.79
1134,美丽,merveilleux,adjectives,3.93
1135,报纸,mot,nouns,1.82
1136,拒绝,élire,verbs,0.55
1137,柔软,violent,adjectives,0.65
1138,理想地,mécaniquement,adverbs,0.24
1139,云,météo,nouns,2.34
1140,兄弟,sœur,nouns,2.59
1141,偏见,incliner,verbs,2.68
1142,剧院,batterie,nouns,0.05
1143,果汁,cuillère,nouns,0.5
1144,分离,attacher,verbs,0.93
1145,走廊,couloir,nouns,4.83
1146,愤怒,humeur,nouns,2.73
1147,高速公路,tâche,nouns,0.05
1148,见面,recueillir,verbs,0.87
1149,日落,table,nouns,0.0
1150,咖啡,haricot,nouns,0.53
1151,军队,marine,nouns,3.86
1152,力量,aptitude,nouns,3.16
1153,摇动,recueillir,verbs,0.2
1154,珍贵,paresseux,adjectives,0.15
1155,得罪,déranger,verbs,2.31
1156,球,sphère,nouns,3.45
1157,公共汽车,véhicule,nouns,3.5
1158,男人,sentinelle,nouns,2.35
1159,撤退,descendre,verbs,0.34
1160,多面体,acteur,nouns,0.0
1161,沙发,chaise,nouns,2.84
1162,玩,combattre,verbs,0.88
1163,烧伤,étouffer,verbs,0.48
1164,守规矩,obéir,verbs,3.75
1165,卖,rappeler,verbs,0.2
1166,尺寸,centime,nouns,0.05
1167,谦虚,honteux,adjectives,0.73
1168,描绘,décider,verbs,0.75
1169,娱乐,apprécier,verbs,1.0
1170,电池,théâtre,nouns,0.05
1171,人物,personne,nouns,4.48
1172,墙壁,décoration,nouns,1.27
1173,酸奶,bétail,nouns,0.43
1174,小心地,dangereusement,adverbs,0.58
1175,房间,lit,nouns,0.6
1176,显著的,évident,adjectives,3.79
1177,争论,rationaliser,verbs,2.69
1178,胸部,corps,nouns,2.25
1179,同意,satisfaire,verbs,2.15
1180,钻石,argent,nouns,1.75
1181,穿,déchirer,verbs,0.19
1182,乱,laid,adjectives,0.57
1183,灰濛蒙,prévision,nouns,0.55
1184,行星,étoile,nouns,3.44
1185,简单,facile,adjectives,4.98
1186,想,essayer,verbs,0.43
1187,农业,plante,nouns,1.49
1188,谦逊地,fièrement,adverbs,1.13
1189,母鸡,dinde,nouns,2.83
1190,智力,logique,nouns,3.5
1191,包装纸,port,nouns,0.45
1192,宽广,gros,adjectives,3.44
1193,电缆,sorcier,nouns,0.0
1194,静脉,choix,nouns,0.29
1195,技巧,intelligence,nouns,3.08
1196,同音词,photophone,nouns,0.25
1197,软管,jardin,nouns,0.55
1198,股票,actif,nouns,3.27
1199,男孩,condition,nouns,0.18
1200,坠落,blesser,verbs,1.08
1201,秒,minute,nouns,2.65
1202,钩针编织,uniforme,nouns,0.28
1203,岛,princesse,nouns,0.25
1204,被动地,silencieusement,adverbs,1.32
1205,新闻,éditorial,nouns,3.02
1206,乐器,violon,nouns,3.42
1207,棒,brillant,adjectives,5.32
1208,兔子,chat,nouns,1.23
1209,训斥,exiger,verbs,0.54
1210,字母,stylo,nouns,0.55
1211,关键,important,adjectives,5.21
1212,恢复,apporter,verbs,0.15
1213,音节,lemme,nouns,1.6
1214,写,griffonner,verbs,4.08
1215,裙子,danse,nouns,0.54
1216,外国人,extraterrestre,nouns,3.56
1217,雨,bruine,nouns,4.03
1218,加入,attacher,verbs,1.41
1219,从不,honnêtement,adverbs,0.05
1220,带来,venir,verbs,1.31
1221,意识,attention,nouns,3.12
1222,安全,fastidieux,adjectives,0.2
1223,高高兴兴地,mortellement,adverbs,0.48
1224,傻,puéril,adjectives,3.25
1225,酒,cognac,nouns,3.62
1226,优胜者,champion,nouns,5.42
1227,飞机场,pièce,nouns,0.1
1228,果园,autruche,nouns,0.05
1229,确定,sûr,adjectives,5.59
1230,碗,assiette,nouns,2.36
1231,真诚地,généralement,adverbs,0.2
1232,手工业,tradition,nouns,2.69
1233,车辆,autobus,nouns,3.5
1234,哨兵,homme,nouns,2.35
1235,酒,vin,nouns,3.67
1236,带,boucle,nouns,2.89
1237,温和,tranchant,adjectives,0.7
1238,失败,réussir,verbs,1.08
1239,放,obtenir,verbs,0.25
1240,海,océan,nouns,5.36
1241,电话,portable,nouns,5.13
1242,拥有,absorber,verbs,0.72
1243,尝试,convaincre,verbs,0.82
1244,害怕,nerveux,adjectives,1.85
1245,月亮,planète,nouns,2.62
1246,博物馆,menthe,nouns,0.0
1247,王座,épée,nouns,0.72
1248,天气,vague,nouns,0.49
1249,电视,cinéma,nouns,2.88
1250,遇见,laisser,verbs,0.53
1251,狡猾,intelligent,adjectives,1.95
1252,疯狂,heureux,adjectives,1.1
1253,床,pièce,nouns,0.6
1254,大炮,pistolet,nouns,2.42
1255,副驾驶,flic,nouns,0.45
1256,母马,cheval,nouns,4.03
1257,同意,différer,verbs,0.7
1258,警察,shérif,nouns,3.91
1259,漂移,couler,verbs,2.2
1260,基督教,protestant,nouns,3.31
1261,新,frais,adjectives,4.0
1262,房子,appartement,nouns,4.13
1263,辣,bien,adjectives,0.15
1264,灵魂,frère,nouns,0.3
1265,化学,théorie,nouns,1.27
1266,气球,peuple,nouns,0.0
1267,舱,cabane,nouns,1.18
1268,实现,recevoir,verbs,0.15
1269,毁灭,faire,verbs,0.79
1270,岛,marine,nouns,0.7
1271,汽车,usine,nouns,0.64
1272,铝,métal,nouns,3.15
1273,犹豫,courroucé,adjectives,0.63
1274,儿童,garçon,nouns,3.65
1275,不同意,être d'accord,verbs,1.03
1276,男人,suspect,nouns,1.02
1277,重要,nécessaire,adjectives,4.26
1278,尾巴,chapitre,nouns,0.0
1279,小旅馆,motel,nouns,3.88
1280,分析,comparer,verbs,3.12
1281,狗,cheval,nouns,1.46
1282,减少,mouiller,verbs,0.05
1283,臀部,lèvre,nouns,0.55
1284,词,littérature,nouns,2.15
1285,元,personne,nouns,0.05
1286,球状物,ballon,nouns,3.45
1287,主机板,carte graphique,nouns,3.44
1288,按下,libérer,verbs,0.2
1289,脏,bon marché,adjectives,0.47
1290,蜜糖,sucre,nouns,2.72
1291,不同的,curieusement,adverbs,1.03
1292,羞愧,modeste,adjectives,0.73
1293,臭氧,atmosphère,nouns,3.37
1294,牛油,pomme de terre,nouns,0.98
1295,事实,perspicacité,nouns,0.59
1296,笔记本,pistolet,nouns,0.1
1297,享受,divertir,verbs,1.0
1298,奇怪,étrange,adjectives,5.87
1299,日历,date,nouns,2.87
1300,防御,protéger,verbs,4.75
1301,书,histoire,nouns,2.77
1302,豆,café,nouns,0.53
1303,吉他,truite,nouns,0.05
1304,植物,agriculture,nouns,1.49
1305,米饭,garçon,nouns,0.05
1306,妻子,trou,nouns,0.42
1307,充电器,disque,nouns,0.65
1308,异常地,normalement,adverbs,0.75
1309,被动地,sérieusement,adverbs,0.35
1310,信息,entropie,nouns,1.18
1311,教,punir,verbs,0.63
1312,搜索,chercher,verbs,3.08
1313,案件,électricité,nouns,0.7
1314,海岸,plage,nouns,3.4
1315,死亡,tragédie,nouns,2.79
1316,牙,marteau,nouns,0.0
1317,宪法,empereur,nouns,0.65
1318,猛烈地,fortement,adverbs,2.86
1319,秘书,femme,nouns,1.17
1320,品质,parapluie,nouns,0.1
1321,电影,nihilisme,nouns,0.43
1322,拒绝,donner,verbs,0.2
1323,谦虚,humble,adjectives,5.63
1324,菜单,commande,nouns,1.88
1325,拿,obtenir,verbs,3.28
1326,有趣,football,nouns,0.39
1327,肚子,chambre,nouns,0.05
1328,到达,laisser,verbs,0.34
1329,薄荷,musée,nouns,0.0
1330,听,comprendre,verbs,2.03
1331,无形,amorphe,adjectives,2.97
1332,壁,château,nouns,0.97
1333,有意义地,spécialement,adverbs,2.65
1334,氦气,air,nouns,2.67
1335,首词,syntaxe,nouns,0.88
1336,尝试,penser,verbs,0.43
1337,搏斗,tuer,verbs,1.69
1338,门,fraternité,nouns,0.0
1339,草,mousse,nouns,2.22
1340,生物学,anatomie,nouns,3.02
1341,酒,gin,nouns,3.76
1342,晚餐,poulet,nouns,0.98
1343,留,obtenir,verbs,0.24
1344,让,permettre,verbs,4.18
1345,获得,joindre,verbs,0.65
1346,服从,se comporter,verbs,3.75
1347,任务,femme,nouns,0.05
1348,自信,soi,nouns,1.18
1349,基本上,pleinement,adverbs,0.92
1350,鸟,poule,nouns,2.32
1351,柑橘,orange,nouns,3.83
1352,跟随,chasser,verbs,2.76
1353,收藏,sauvegarder,verbs,3.88
1354,发动机,moteur,nouns,3.08
1355,日期,date,nouns,2.17
1356,卡,pont,nouns,0.43
1357,毛,femme,nouns,0.25
1358,奴隶,serviteur,nouns,3.83
1359,有时候,souvent,adverbs,2.34
1360,电影,télévision,nouns,2.88
1361,散热器,capteur,nouns,0.68
1362,沐浴,femme,nouns,0.05
1363,可靠地,grossièrement,adverbs,0.54
1364,笨,énorme,adjectives,0.7
1365,长凳,chaise,nouns,3.67
1366,护士,scientifique,nouns,0.79
1367,大,vaste,adjectives,3.44
1368,救,noyer,verbs,0.8
1369,合金,acier,nouns,3.71
1370,弯曲,agressif,adjectives,0.09
1371,智力,sagesse,nouns,4.05
1372,正文,livre,nouns,3.27
1373,儿童,homme,nouns,2.43
1374,条件,pacte,nouns,2.29
1375,警告,arrêter,verbs,0.74
1376,无家可归,milliardaire,nouns,0.75
1377,支持者,criquet,nouns,0.35
1378,获胜者,candidat,nouns,2.39
1379,世纪,liqueur,nouns,0.05
1380,威士忌酒,champagne,nouns,2.88
1381,收割,gagner,verbs,2.97
1382,医生,caractère,nouns,0.0
1383,不道德,mal,adjectives,3.56
1384,湖,nuage,nouns,0.45
1385,否认,admettre,verbs,0.98
1386,忘记,apprendre,verbs,0.75
1387,白色,étroit,adjectives,0.23
1388,汽车旅馆,auberge,nouns,3.88
1389,脑,nerf,nouns,2.01
1390,和平,bonheur,nouns,2.79
1391,编译器,fonction,nouns,1.36
1392,说话,reconnaître,verbs,0.53
1393,英雄,héroïne,nouns,4.35
1394,问,ignorer,verbs,0.64
1395,算术,rythme,nouns,0.15
1396,男人,oncle,nouns,2.44
1397,诚实,coupable,adjectives,0.65
1398,撤退,partir,verbs,4.18
1399,稻草,tâche,nouns,0.0
1400,正式地,grandement,adverbs,0.85
1401,简单,vulnérable,adjectives,0.59
1402,不诚实,véridique,adjectives,0.55
1403,本来,créativement,adverbs,0.15
1404,足球,plaisir,nouns,0.39
1405,坏,génial,adjectives,0.3
1406,给予,nier,verbs,0.2
1407,碗,queue,nouns,0.05
1408,主要,surtout,adverbs,4.7
1409,实质上,sévèrement,adverbs,0.43
1410,小行星,étoile,nouns,3.1
1411,深深地,surtout,adverbs,0.73
1412,街,voiture,nouns,0.79
1413,有时,sûrement,adverbs,0.65
1414,意外,registre,nouns,0.3
1415,鼠,souris,nouns,5.02
1416,蠢,idiot,adjectives,5.91
1417,降落,battre en retraite,verbs,0.34
1418,床,hôpital,nouns,1.03
1419,母亲,ami,nouns,0.98
1420,平凡,ordinaire,adjectives,5.36
1421,肾,organe,nouns,4.28
1422,得到,rester,verbs,0.24
1423,决定,conclure,verbs,3.88
1424,口香糖,menthe,nouns,0.82
1425,取得,acquérir,verbs,4.88
1426,每周,mensuel,adjectives,2.22
1427,旅程,promenade,nouns,3.94
1428,大致地,facilement,adverbs,0.25
1429,简直,apparemment,adverbs,1.35
1430,土豆,beurre,nouns,0.98
1431,草,lame,nouns,0.1
1432,加,joindre,verbs,4.01
1433,敬礼,accomplir,verbs,0.1
1434,沉闷,terne,adjectives,1.79
1435,显然,grossièrement,adverbs,0.73
1436,社论,nouvelle,nouns,3.02
1437,查询,penser,verbs,0.69
1438,应用,galaxie,nouns,0.1
1439,焦虑,impatient,adjectives,2.97
1440,掩盖,enterrer,verbs,2.88
1441,雕塑家,château,nouns,0.3
1442,原谅,accepter,verbs,2.33
1443,进来,extraverti,adjectives,0.24
1444,尾巴,bol,nouns,0.05
1445,谦虚,flexible,adjectives,0.52
1446,容易地,approximativement,adverbs,0.25
1447,灵活,lâche,adjectives,1.51
1448,章节,nuit,nouns,0.1
1449,得到,acheter,verbs,1.26
1450,沟通,prier,verbs,0.82
1451,盗窃,criminalité,nouns,3.13
1452,弱,puissant,adjectives,0.7
1453,这里,maintenant,adverbs,1.95
1454,编织,attacher,verbs,2.65
1455,显然,localement,adverbs,0.15
1456,仁慈地,gentiment,adverbs,3.48
1457,犯罪者,criminel,nouns,4.91
1458,弱,épicé,adjectives,0.1
1459,仁慈地,gentiment,adverbs,5.17
1460,凳子,chaise,nouns,4.88
1461,本地,attentivement,adverbs,0.24
1462,存在,gagnant,nouns,0.25
1463,地板,terrasse,nouns,2.48
1464,一分钱,femme,nouns,0.23
1465,打败,gagner,verbs,4.17
1466,文明,mode de vie,nouns,2.26
1467,顽固,stupide,adjectives,1.86
1468,军官,adjoint,nouns,1.83
1469,经常,parfois,adverbs,2.34
1470,争论,prouver,verbs,2.17
1471,最佳,cinquième,adjectives,0.2
1472,火山,magma,nouns,2.02
1473,购买,voler,verbs,1.08
1474,罗盘,éléphant,nouns,0.04
1475,争论,persuader,verbs,1.54
1476,任务,île,nouns,0.05
1477,河谷,rivière,nouns,1.97
1478,害羞,coûteux,adjectives,0.1
1479,进入,devoir,verbs,0.15
1480,现实地,récemment,adverbs,0.15
1481,心情,émotion,nouns,3.49
1482,酒,siècle,nouns,0.05
1483,戏法,bain,nouns,0.0
1484,法律,école,nouns,1.03
1485,离开,arriver,verbs,0.34
1486,亿万富翁,sans abri,nouns,0.75
1487,搏斗,mordre,verbs,1.77
1488,明显,perceptible,adjectives,3.79
1489,歇斯底里,désarroi,nouns,2.47
1490,辣,faible,adjectives,0.1
1491,普通,froid,adjectives,0.2
1492,前进,promouvoir,verbs,2.17
1493,笨,idiot,adjectives,5.63
1494,冷静地,fermement,adverbs,0.68
1495,发现,provenir,verbs,0.34
1496,来源,boîte,nouns,0.0
1497,陷害,succès,nouns,0.15
1498,抓住,terminer,verbs,0.34
1499,关键地,principalement,adverbs,0.43
1500,书,thème,nouns,1.56
1501,直觉,sentiment,nouns,4.04
1502,小提琴,instrument,nouns,3.42
1503,海,tsunami,nouns,1.73
1504,大声地,follement,adverbs,2.86
1505,沙拉,régime,nouns,1.13
1506,主题,hashtag,nouns,3.2
1507,付款,acheter,verbs,3.51
1508,撤离,déterminer,verbs,0.2
1509,收入,impôt,nouns,1.37
1510,粗暴,frigide,adjectives,0.2
1511,大灾变,feu,nouns,1.26
1512,假设,prétendre,verbs,2.63
1513,赢家,objectif,nouns,0.65
1514,舒服地,facilement,adverbs,1.63
1515,耐力,force,nouns,3.02
1516,平淡,ennuyé,adjectives,1.79
1517,病人,session,nouns,0.28
1518,便士,occasion,nouns,0.2
1519,保存,collecter,verbs,3.88
1520,悲伤,honte,nouns,1.7
1521,疾病,cancer,nouns,4.05
1522,忘记,retenir,verbs,0.84
1523,赌,miser,verbs,4.97
1524,谦逊,modeste,adjectives,5.63
1525,机灵,sournois,adjectives,1.95
1526,允许,donner,verbs,1.2
1527,找到,disparaître,verbs,0.2
1528,乐队,longévité,nouns,0.1
1529,有创造力,innovant,adjectives,5.3
1530,鸵鸟,verger,nouns,0.05
1531,救援,sauver,verbs,5.27
1532,稻草,femme,nouns,0.09
1533,学习,oublier,verbs,0.75
1534,种族,week-end,nouns,0.25
1535,说服,se disputer,verbs,1.54
1536,汽车,camion,nouns,3.06
1537,收到,prendre,verbs,2.17
1538,勺子,jus,nouns,0.5
1539,学习,évaluer,verbs,0.93
1540,大小,profondeur,nouns,1.31
1541,成功,gagner,verbs,4.17
1542,给予,donation,nouns,3.42
1543,成熟地,justement,adverbs,1.2
1544,意料之外,fortuit,adjectives,5.59
1545,有时,n'importe quand,adverbs,0.53
1546,实现,essayer,verbs,1.11
1547,大声,grossier,adjectives,2.35
1548,草地,pâturage,nouns,4.16
1549,美丽地,élégamment,adverbs,3.5
1550,终末,différemment,adverbs,0.0
1551,容易,dur,adjectives,0.74
1552,碗,ruelle,nouns,0.0
1553,温和地,doucement,adverbs,3.48
1554,苹果,jus,nouns,1.88
1555,神经,intestin,nouns,0.84
1556,伤害,taquiner,verbs,1.37
1557,肌肉,bras,nouns,1.89
1558,粗鲁,bruyant,adjectives,2.35
1559,加,construire,verbs,1.25
1560,一餐,taille,nouns,0.15
1561,电话,victime,nouns,0.1
1562,外套,pull-over,nouns,3.4
1563,解释,prouver,verbs,3.83
1564,晚上,chapitre,nouns,0.1
1565,女人,jeans,nouns,0.1
1566,不清楚,vague,adjectives,4.69
1567,宣布,annoncer,verbs,5.17
1568,决定,juger,verbs,3.6
1569,衣服,veste,nouns,3.33
1570,熵,information,nouns,1.18
1571,沙漠,dune,nouns,3.06
1572,叶,semis,nouns,1.11
1573,枪,gens,nouns,0.2
1574,剩余,différence,nouns,2.68
1575,个人,privé,adjectives,4.83
1576,在家里,à l'extérieur,adverbs,1.08
1577,借,devoir,verbs,0.68
1578,树,bateau,nouns,0.2
1579,枪,fourrure,nouns,0.05
1580,从不,rarement,adverbs,2.83
1581,拒绝,éviter,verbs,0.83
1582,消失,trouver,verbs,0.2
1583,电视,acteur,nouns,1.12
1584,善良,généreux,adjectives,2.2
1585,棚屋,cabine,nouns,1.18
1586,做,détruire,verbs,0.79
1587,征服,hymne,nouns,0.4
1588,拉比,enseignant,nouns,1.31
1589,紧张,effrayé,adjectives,1.85
1590,微晶片,curseur,nouns,0.15
1591,洗澡,couvent,nouns,0.1
1592,尺寸,astuce,nouns,0.0
1593,能力,force,nouns,3.16
1594,成年人,parent,nouns,3.49
1595,船,arbre,nouns,0.2
1596,评估,analyser,verbs,4.68
1597,给予,recevoir,verbs,0.75
1598,眼睛,larme,nouns,1.13
1599,伴侣,amant,nouns,4.74
1600,羊肉,mouton,nouns,4.58
1601,被动,violent,adjectives,0.35
1602,家俱,lit,nouns,3.38
1603,白天,aube,nouns,3.37
1604,云,fenêtre,nouns,0.4
1605,比较,analyser,verbs,3.12
1606,音系学,écran,nouns,0.05
1607,小麦粉,pain,nouns,2.17
1608,海滩,île,nouns,1.94
1609,傻,stupide,adjectives,5.63
1610,程序,alimentation,nouns,0.55
1611,薄雾,nuage,nouns,3.16
1612,钱,liquide,nouns,4.0
1613,赢,réussir,verbs,4.17
1614,磁盘,chargeur,nouns,0.65
1615,公主,île,nouns,0.25
1616,联合,canne à sucre,nouns,0.3
1617,礼物,écrivain,nouns,0.25
1618,地带,surface,nouns,4.17
1619,内疚,honteux,adjectives,3.68
1620,行政管理,gestion,nouns,4.32
1621,发动机,machine,nouns,2.98
1622,人们,fête,nouns,0.73
1623,协议,pacte,nouns,5.12
1624,常规地,normalement,adverbs,3.65
1625,科学,psychologie,nouns,2.81
1626,资料,livre,nouns,2.1
1627,望远镜,cogitation,nouns,0.05
1628,承诺,jurer,verbs,4.66
1629,大炮,ballon,nouns,0.45
1630,杂乱无章,organisé,verbs,1.03
1631,幼儿床,lit,nouns,3.59
1632,电梯,voiture,nouns,0.35
1633,乏味,sûr,adjectives,0.2
1634,钢琴,harmonie,nouns,1.27
1635,保留,détruire,verbs,0.69
1636,状况,situation,nouns,5.19
1637,主意,opinion,nouns,4.26
1638,电动,mécanique,adjectives,2.48
1639,星星,planète,nouns,3.44
1640,低语,parler,verbs,3.5
1641,溺爱,sentir,verbs,0.1
1642,洞察力,fait,nouns,0.59
1643,瞄准,frapper,verbs,2.35
1644,喜爱,détester,verbs,0.89
1645,舱,campement,nouns,0.74
1646,刺激,deviner,verbs,0.2
1647,自豪,pauvre,adjectives,0.34
1648,起源,découvrir,verbs,0.34
1649,腰部,repas,nouns,0.15
1650,检查,inspecter,verbs,5.27
1651,愤怒,violent,adjectives,2.06
1652,云,tempête,nouns,1.46
1653,可能,probablement,adverbs,4.68
1654,学期,semestre,nouns,3.77
1655,贫穷,solitaire,adjectives,0.64
1656,诚实地,loyalement,adverbs,4.38
1657,皇帝,constitution,nouns,0.65
1658,锤,dent,nouns,0.0
1659,空出,expulser,verbs,1.13
1660,校验,dire,verbs,0.5
1661,糖果,cannelle,nouns,0.84
1662,怀疑,arrêter,verbs,0.98
1663,非常好,sale,adjectives,0.35
1664,心理学,science,nouns,2.81
1665,大夫,docteur,nouns,5.31
1666,鸡,riz,nouns,0.7
1667,家,état,nouns,0.05
1668,棉,pull-over,nouns,1.27
1669,推,critiquer,verbs,0.38
1670,剑,environnement,nouns,0.23
1671,浮动,chanter,verbs,0.1
1672,不合理,injustement,adverbs,2.95
1673,疯狂,terrifiant,adjectives,0.73
1674,值得,gagner,verbs,1.83
1675,城镇,municipalité,nouns,4.56
1676,地板,porte,nouns,0.35
1677,对手,adversaire,nouns,5.35
1678,死,enterrer,verbs,2.15
1679,主教,musulman,nouns,1.17
1680,徘徊,laisser,verbs,0.29
1681,普通,incroyable,adjectives,0.65
1682,有意义,profondément,adverbs,3.02
1683,开始,aller,verbs,0.74
1684,争论,assister,verbs,0.64
1685,收集,organiser,verbs,1.4
1686,逻辑,intelligence,nouns,3.5
1687,硬纸板,papier,nouns,3.55
1688,胎压计,voiture,nouns,0.48
1689,绝望,misère,nouns,3.03
1690,兄弟会,base-ball,nouns,0.2
1691,成为,faire,verbs,1.69
1692,内疚,honnête,adjectives,0.65
1693,人,personnage,nouns,4.48
1694,美人,âge,nouns,0.78
1695,放走,attraper,verbs,0.34
1696,文章,manuscrit,nouns,2.89
1697,加剧,déranger,verbs,0.2
1698,获得,trouver,verbs,2.49
1699,批评,remarquer,verbs,1.92
1700,字,indice,nouns,0.89
1701,购买,payer,verbs,3.51
1702,市长,président,nouns,2.4
1703,淹,sauver,verbs,0.8
1704,候选人,vainqueur,nouns,2.39
1705,带来,porter,verbs,3.4
1706,狩猎,chercher,verbs,1.36
1707,抱怨,se disputer,verbs,2.09
1708,主板,carte mère,nouns,3.44
1709,运动鞋,médaille,nouns,0.29
1710,大,facile,adjectives,0.2
1711,电话,cabine,nouns,0.75
1712,戏弄,blesser,verbs,1.37
1713,办公室,ouvrier,nouns,0.63
1714,毁灭,décomposer,verbs,3.27
1715,摄影,réalisateur,nouns,1.79
1716,书,texte,nouns,3.27
1717,非法,légitime,adjectives,0.74
1718,满足,faire plaisir,verbs,4.63
1719,杀,détruire,verbs,3.24
1720,盒子,source,nouns,0.0
1721,竞争,terminer,verbs,0.1
1722,电视,scénariste,nouns,1.13
1723,枪,sergent,nouns,0.64
1724,伤害,attaque,verbs,2.79
1725,雕像,sculpture,nouns,5.28
1726,贡献,offre,nouns,3.42
1727,可悲的是,follement,adverbs,0.44
1728,埋葬,couvrir,verbs,2.88
1729,布,lin,nouns,3.15
1730,出现,laisser,verbs,0.1
1731,从不,négatif,adjectives,1.75
1732,凯旋,victoire,nouns,5.17
1733,检查,examiner,verbs,5.27
1734,激进,violent,adjectives,2.97
1735,苹果,sauce,nouns,0.84
1736,负面地,anormalement,adverbs,0.79
1737,第五,haut,adjectives,0.2
1738,运输,soulever,verbs,1.92
1739,赚,mériter,verbs,1.83
1740,沐浴,journal,nouns,0.0
1741,显然,évident,adjectives,4.71
1742,拿,porter,verbs,2.36
1743,使满意,satisfaire,verbs,4.63
1744,复杂,mature,adjectives,0.92
1745,政治家,président,nouns,3.44
1746,单身牢房,pièce,nouns,2.94
1747,匆匆地写,écrire,verbs,4.08
1748,雪,avalanche,nouns,2.26
1749,失去,soustraire,verbs,2.06
1750,乙酰胆碱,iris,nouns,nan
1751,可笑,terne,adjectives,0.25
1752,田,avoine,nouns,1.18
1753,犯罪,vol,nouns,3.13
1754,冷静地,subtilement,adverbs,1.08
1755,发誓,promettre,verbs,4.66
1756,书,sujet,nouns,1.7
1757,吸收,apprendre,verbs,2.75
1758,伪装,déguiser,verbs,3.55
1759,手稿,article,nouns,2.89
1760,换算,altitude,nouns,0.24
1761,枪,portable,nouns,0.1
1762,沐浴,ballon,nouns,0.1
1763,肠子,nerf,nouns,0.84
1764,绞刑,tuer,verbs,3.41
1765,电缆,chapelle,nouns,0.05
1766,获得,récolter,verbs,2.97
1767,契约,accord,nouns,5.12
1768,退出,prendre sa retraite,verbs,1.56
1769,男孩,riz,nouns,0.05
1770,卖,emprunter,verbs,0.88
1771,人,centime,nouns,0.05
1772,装饰,mur,nouns,1.27
1773,暖炉,parapluie,nouns,0.29
1774,侵蚀,porter,verbs,0.29
1775,对手,opposant,nouns,5.35
1776,旗,mât,nouns,1.64
1777,傍晚,crépuscule,nouns,4.75
1778,做,cesser,verbs,0.7
1779,戒除,faire,verbs,0.7
1780,污染,président,nouns,0.25
1781,选择,chapitre,nouns,0.45
1782,糖类,saccharose,nouns,4.08
1783,紫罗兰,fleur,nouns,3.63
1784,刺激,terne,adjectives,0.39
1785,成为,apparaître,verbs,0.88
1786,未公开,manifeste,adjectives,0.49
1787,邮包,camion,nouns,0.15
1788,大,national,adjectives,0.15
1789,不经常,souvent,adverbs,1.03
1790,得到,perdre,verbs,0.88
1791,汽车,ascenseur,nouns,0.35
1792,高兴,fou,adjectives,0.93
1793,海军,armée,nouns,3.86
1794,苦难,désespoir,nouns,3.03
1795,出口,suffrage,nouns,0.48
1796,派对,gens,nouns,0.73
1797,主题,livre,nouns,1.63
1798,显然,sûrement,adverbs,3.31
1799,赶,se dépêcher,verbs,4.65
1800,变成,sembler,verbs,0.94
1801,罕见,inhabituel,adjectives,4.69
1802,停,conduire,verbs,0.8
1803,情况,condition,nouns,4.31
1804,女儿,bébé,nouns,2.67
1805,墙纸,arrière-plan,nouns,3.2
1806,穿,ronger,verbs,0.29
1807,奖章,basket,nouns,0.29
1808,主要地,en phase terminale,adverbs,0.0
1809,批评,grossier,adjectives,0.67
1810,营地,chalet,nouns,0.74
1811,肚子,cours,nouns,0.1
1812,大风,couverture,nouns,0.05
1813,员工,chanteur,nouns,0.38
1814,飑,vent,nouns,3.51
1815,笨,têtu,adjectives,1.86
1816,总统,appareil photo,nouns,0.05
1817,喷泉,source,nouns,3.86
1818,经济,écosystème,nouns,0.75
1819,需要,organiser,verbs,0.2
1820,稻草,hymne,nouns,0.1
1821,确定,évacuer,verbs,0.2
1822,环球航行,bagage,nouns,0.5
1823,绑,tresser,verbs,2.65
1824,幻灯片,pointeur,nouns,0.19
1825,球,gant,nouns,0.79
1826,酒,groupe,nouns,0.15
1827,钢,alliage,nouns,3.71
1828,挂,mettre,verbs,0.96
1829,负责可靠地,indépendamment,adverbs,1.25
1830,动物,personne,nouns,1.75
1831,装作,représenter,verbs,0.2
1832,现金,argent,nouns,4.0
1833,逃跑,s'échapper,verbs,5.72
1834,甘蔗,moissonneuse-batteuse,nouns,0.3
1835,底部,base,nouns,3.19
1836,获得,prendre,verbs,3.28
1837,粘性,éclaboussure,nouns,0.34
1838,尾巴,arrière,nouns,2.96
1839,煮熟的,bouilli,adjectives,3.22
1840,历史学家,historiographe,nouns,4.92
1841,数字,cytoplasme,nouns,0.0
1842,新闻,communication,nouns,2.79
1843,奇怪地,différemment,adverbs,1.03
1844,男子,père,nouns,2.88
1845,骑,mélanger,verbs,0.1
1846,复诊,patient,nouns,0.28
1847,人,animal,nouns,1.75
1848,任务,paille,nouns,0.0
1849,偷,acheter,verbs,1.08
1850,词元,syllabe,nouns,1.6
1851,借款人,crédit,nouns,1.41
1852,容器,souris,nouns,0.05
1853,牛肉,viande,nouns,3.62
1854,说服,débattre,verbs,2.92
1855,汽车,automobile,nouns,5.91
1856,保留,oublier,verbs,0.84
1857,手腕,main,nouns,2.65
1858,管理,souris,nouns,0.0
1859,身体,sang,nouns,1.66
1860,仆人,esclave,nouns,3.83
1861,拖着脚走,conduire,verbs,0.1
1862,主题标签,sujet,nouns,3.2
1863,周末,course,nouns,0.25
1864,做,devenir,verbs,1.69
1865,门,cuisine,nouns,0.45
1866,黄昏,soir,nouns,4.75
1867,裙子,montre,nouns,0.35
1868,大多,principalement,adverbs,4.7
1869,真实,faux,adjectives,0.98
1870,邮件,vitesse,nouns,0.0
1871,香槟酒,bière,nouns,2.83
1872,孩子气,idiot,adjectives,3.25
1873,滴,verser,verbs,1.17
1874,宠物,chat,nouns,3.78
1875,肉,steak,nouns,4.5
1876,考试,programme,nouns,1.18
1877,果汁,pomme,nouns,1.88
1878,母鸡,oiseau,nouns,2.32
1879,一分钱,personne,nouns,0.05
1880,经常,rarement,adverbs,1.03
1881,驱逐,quitter,verbs,1.13
1882,字,journal,nouns,1.82
1883,演出,saluer,verbs,0.1
1884,撞击,s'écraser,verbs,3.44
1885,父亲,homme,nouns,2.88
1886,瘦,mince,adjectives,5.03
1887,卧室,vélo,nouns,0.05
1888,通常,sincèrement,adverbs,0.2
1889,作家,compositeur,nouns,3.17
1890,原木,bois,nouns,3.94
1891,母亲,épouse,nouns,2.79
1892,徽章,verre,nouns,0.29
1893,啤酒,boisson,nouns,3.13
1894,携带,apporter,verbs,3.4
1895,老鹰,faucon,nouns,3.54
1896,柄,protéine,nouns,0.1
1897,家长,adulte,nouns,3.49
1898,电动机,turbine,nouns,3.08
1899,不可能,faisable,adjectives,0.98
1900,钢笔,alphabet,nouns,0.55
1901,没用过,nouveau,adjectives,4.07
1902,英式足球,football,nouns,4.23
1903,欠,entrer,verbs,0.15
1904,模糊,incertain,adjectives,4.69
1905,故障,système,nouns,0.2
1906,木,couverture,nouns,0.15
1907,离开,aller,verbs,4.29
1908,苏丹,ministère,nouns,0.5
1909,剧院,film,nouns,2.21
1910,争论,différer,verbs,0.94
1911,钱,diamant,nouns,1.75
1912,周末,semaine,nouns,2.63
1913,伞,radiateur,nouns,0.29
1914,网球,statistique,nouns,0.25
1915,沙发,baseball,nouns,0.05
1916,方案,idée,nouns,2.85
1917,美,sonnet,nouns,0.45
1918,智慧,intelligence,nouns,4.05
1919,残酷,agréable,adjectives,0.55
1920,税,revenu,nouns,1.37
1921,决定,choisir,verbs,4.46
1922,正牙医生,docteur,nouns,3.58
1923,轻轻的,bruyamment,adverbs,0.55
1924,狀師,juriste,nouns,3.69
1925,议会,congrès,nouns,3.42
1926,男孩子,fils,nouns,3.75
1927,瓶子,récipient,nouns,3.56
1928,逮捕,suspecter,verbs,0.98
1929,钝,tranchant,adjectives,0.14
1930,难得,limité,adjectives,4.04
1931,紧张,certain,adjectives,0.15
1932,王冠,clé,nouns,0.05
1933,士兵,paix,nouns,0.74
1934,非自然,négativement,adverbs,0.79
1935,水煮,cuit,adjectives,3.22
1936,管弦乐队,groupe,nouns,3.75
1937,必须,essentiel,adjectives,5.57
1938,枪,couteau,nouns,2.5
1939,续集,appareil photo,nouns,0.2
1940,忽略,oublier,verbs,3.49
1941,杜松子酒,alcool,nouns,3.76
1942,伟大,mal,adjectives,0.3
1943,脾气,médecin,nouns,0.0
1944,羊,agneau,nouns,4.58
1945,女儿,gamin,nouns,2.5
1946,航空,vol,nouns,2.9
1947,兄弟会,porte,nouns,0.0
1948,蟋蟀,supporter,nouns,0.35
1949,家伙,tombeur,nouns,1.41
1950,苗条,svelte,adjectives,5.03
1951,门,sol,nouns,0.35
1952,甲板,sol,nouns,2.48
1953,火,apocalypse,nouns,1.26
1954,女人,secrétaire,nouns,1.17
1955,定理,théorie,nouns,4.05
1956,细胞质,chiffre,nouns,0.0
1957,掩饰,couvrir,verbs,3.55
1958,帮忙,demander,verbs,0.69
1959,今天晚上,aujourd'hui,adverbs,2.73
1960,大门,porte,nouns,5.17
1961,提高,boire,verbs,0.05
1962,使满意,être d'accord,verbs,2.15
1963,篮子,ballon,nouns,0.7
1964,编剧,télévision,nouns,1.13
1965,副驾驶,cockpit,nouns,1.22
1966,诚实地,jamais,adverbs,0.05
1967,矿,pierre,nouns,1.91
1968,强烈地,officiellement,adverbs,0.52
1969,高速公路,route,nouns,3.76
1970,孩子,garçon,nouns,3.88
1971,攻击,criminalité,nouns,1.66
1972,稀少,rare,adjectives,4.04
1973,地区,zone,nouns,4.17
1974,混乱,hystérie,nouns,2.47
1975,震,tremblement de terre,nouns,4.54
1976,沙子,pied,nouns,0.34
1977,水,sacre,nouns,0.29
1978,创造性地,initialement,adverbs,0.15
1979,粗糙,laid,adjectives,0.82
1980,通知,représenter,verbs,0.7
1981,侵蚀,pâlir,verbs,0.62
1982,离开,attendre,verbs,0.83
1983,海,plage,nouns,3.02
1984,给,voler,verbs,0.88
1985,肥皂泡沫,bulle,nouns,3.17
1986,选择,élection,nouns,3.26
1987,巧妙的,calmement,adverbs,1.08
1988,疾病,danger,nouns,0.92
1989,最近,concrètement,adverbs,0.15
1990,锥形蛋筒,tasse,nouns,0.71
1991,花费,sauver,verbs,0.57
1992,精确地,inexactement,adverbs,0.93
1993,丈夫,homme,nouns,3.55
1994,手表,jupe,nouns,0.35
1995,负责任,sérieusement,adverbs,3.77
1996,独立地,responsablement,adverbs,1.25
1997,幸运,honteux,adjectives,0.45
1998,酱,pomme,nouns,0.84
1999,逃走,fuir,verbs,5.72
2000,感情上,tristement,adverbs,1.66
2001,菠萝,smartphone,nouns,0.0
2002,门口,sortie,nouns,3.47
2003,娱乐,satisfaire,verbs,1.02
2004,海洋,mer,nouns,5.36
2005,虚无主义,film,nouns,0.43
2006,可能,avec optimisme,adverbs,0.53
2007,紧密地,localement,adverbs,0.24
2008,主意,schéma,nouns,2.85
2009,目标,gagnant,nouns,0.65
2010,学院,profession,nouns,0.65
2011,笨,intelligent,adjectives,0.84
2012,毛,pistolet,nouns,0.05
2013,苔藓,herbe,nouns,2.22
2014,很少,jamais,adverbs,2.83
2015,大主教,évêque,nouns,4.48
2016,八月,mois,nouns,2.9
2017,床,meuble,nouns,3.38
2018,检查,échec,nouns,0.89
2019,理解,satisfaire,verbs,0.57
2020,禁止,arrêter,verbs,2.79
2021,追求,persuader,verbs,0.44
2022,积极地,probablement,adverbs,0.7
2023,运动员,coureur,nouns,3.54
2024,安慰,humilier,verbs,0.54
2025,假,réel,adjectives,0.98
2026,解剖学,biologie,nouns,3.02
2027,年轻,agité,adjectives,0.6
2028,驾驶,arrêter,verbs,0.8
2029,深度地,significativement,adverbs,3.02
2030,女英雄,héros,nouns,4.35
2031,大方,amical,adjectives,2.75
2032,信用,emprunteur,nouns,1.41
2033,开心,fâché,adjectives,0.7
2034,组织,devenir,verbs,0.15
2035,手提电脑,tablette,nouns,3.84
2036,收集,secouer,verbs,0.2
2037,除,ajouter,verbs,1.13
2038,导演,cinématographie,nouns,1.79
2039,怪诞,étrange,adjectives,5.32
2040,获得,obtenir,verbs,5.0
2041,走道,couloir,nouns,4.54
2042,支气管炎,paracétamol,nouns,0.84
2043,来,assister,verbs,3.29
2044,监狱,choix,nouns,0.2
2045,泡,mousse,nouns,3.17
2046,信念,fleur,nouns,0.09
2047,水,sel,nouns,0.83
2048,地毯,maison,nouns,0.7
2049,摔碎,briser,verbs,4.41
2050,羞耻,contrarié,adjectives,0.79
2051,花园,tuyau,nouns,0.55
2052,广口瓶,bouteille,nouns,3.68
2053,家牛,yaourt,nouns,0.43
2054,危险地,soigneusement,adverbs,0.58
2055,差数,reste,nouns,2.68
2056,注意,conscience,nouns,3.12
2057,当然,évidemment,adverbs,3.31
2058,擦,détériorer,verbs,0.2
2059,停止,interdire,verbs,2.79
2060,货车,voiture,nouns,3.06
2061,椅子,banc,nouns,3.67
2062,贫穷,fier,adjectives,0.34
2063,找到,échapper,verbs,0.3
2064,关闭,vomir,verbs,0.05
2065,也许,probablement,adverbs,4.32
2066,座舱,copilote,nouns,1.22
2067,收到,donner,verbs,0.75
2068,静脉,bras,nouns,0.8
2069,懒,occupé,adjectives,0.49
2070,拿,livrer,verbs,0.54
2071,女佣,fille,nouns,1.5
2072,指控,mentir,verbs,0.64
2073,笨,stupide,adjectives,5.91
2074,婴儿,fille,nouns,2.67
2075,音乐,mélodie,nouns,4.37
2076,抱怨,apporter,verbs,0.19
2077,完成,devenir,verbs,1.42
2078,提醒,oublier,verbs,0.93
2079,分钟,seconde,nouns,2.65
2080,和平地,fièrement,adverbs,0.54
2081,尖,doux,adjectives,0.7
2082,抓住,chasser,verbs,1.94
2083,盒子,cigare,nouns,0.74
2084,软管,voiture,nouns,0.15
2085,狭窄,vaste,adjectives,0.64
2086,不公平,équitablement,adverbs,0.98
2087,欠,prêter,verbs,0.68
2088,真诚地,sérieusement,adverbs,2.46
2089,厨房,porte,nouns,0.45
2090,显然,apparemment,adverbs,2.46
2091,姊妹,frère,nouns,2.59
2092,草原,prairie,nouns,4.16
2093,军队,légion,nouns,4.08
2094,歌手,acteur,nouns,2.58
2095,未成熟的,adulte,adjectives,0.88
2096,点菜,menu,nouns,1.88
2097,女仆,auxiliaire,nouns,2.52
2098,手机,ananas,nouns,0.0
2099,骨头,mâchoire,nouns,2.17
2100,伞,calibre,nouns,0.1
2101,人,dollar,nouns,0.05
2102,警察,copilote,nouns,0.45
2103,搅拌,mélanger,verbs,4.17
2104,剑,trône,nouns,0.72
2105,抽屉,habit,nouns,0.74
2106,拯救,secourir,verbs,5.27
2107,戏法,taille,nouns,0.0
2108,军团,armée,nouns,4.08
2109,病理学,hématologie,nouns,2.44
2110,码,centimètre,nouns,2.92
2111,钱,capital,nouns,4.03
2112,洞,femme,nouns,0.42
2113,雷达,manette,nouns,0.15
2114,香槟,whisky,nouns,2.88
2115,选举,choix,nouns,3.26
2116,成熟,sophistiqué,adjectives,0.92
2117,图解,carte,nouns,2.59
2118,完成,gagner,verbs,1.84
2119,门,cave,nouns,0.78
2120,失去,garder,verbs,0.84
2121,对乙酰氨基酚,bronchite,nouns,0.84
2122,雪崩,neige,nouns,2.26
2123,暂停,attendre,verbs,2.63
2124,微妙地,actuellement,adverbs,0.15
2125,符号,code,nouns,3.16
2126,连接,séparer,verbs,0.93
2127,外套,vêtement,nouns,3.33
2128,募捐活动,événement,nouns,1.43
2129,宇宙,ciel,nouns,2.78
2130,拿,recevoir,verbs,2.17
2131,观看,observer,verbs,5.03
2132,身体,estomac,nouns,2.31
2133,学习,absorber,verbs,2.75
2134,目前,délicatement,adverbs,0.15
2135,每月,hebdomadaire,adjectives,2.22
2136,冷,ordinaire,adjectives,0.2
2137,简单,rigide,adjectives,0.29
2138,智力,compétence,nouns,3.08
2139,暴动,dessin,nouns,0.2
2140,大致,marginalement,adverbs,1.65
2141,小牛,taureau,nouns,3.14
2142,现在,ici,adverbs,1.95
2143,教室,couloir,nouns,0.73
2144,焦躁不安,jeune,adjectives,0.6
2145,饮品,bière,nouns,3.13
2146,衣服,manteau,nouns,3.84
2147,难以置信,ordinaire,adjectives,0.65
2148,暴力,radical,adjectives,2.97
2149,死气沉沉的,heureusement,adverbs,0.48
2150,发热,grippe,nouns,2.65
2151,本地,évidemment,adverbs,0.15
2152,资产,action,nouns,3.27
2153,车,taxi,nouns,3.73
2154,数学家,spectacle,nouns,0.1
2155,天真,naïf,adjectives,4.61
2156,成为,accomplir,verbs,1.42
2157,书,information,nouns,2.1
2158,准确地,activement,adverbs,0.57
2159,甲板,bateau,nouns,1.21
2160,描绘,prétendre,verbs,0.2
2161,争论,convaincre,verbs,2.92
2162,合法,illégal,adjectives,0.74
2163,想像,feindre,verbs,0.89
2164,责怪,pousser,verbs,0.38
2165,原木,bois,nouns,3.94
2166,向外,entrant,adjectives,0.24
2167,精确地,exactement,adverbs,5.63
2168,猫,animal de compagnie,nouns,3.78
2169,卖,aller,verbs,0.2
2170,聚集,rencontrer,verbs,0.87
2171,戒指,fiançailles,nouns,1.79
2172,赞成,permettre,verbs,3.71
2173,生气,fureur,nouns,4.7
2174,对抗,énerver,verbs,0.2
2175,牛排,viande,nouns,4.5
2176,木,rondin,nouns,3.94
2177,交流,conversation,nouns,4.61
2178,赛跑运动员,athlète,nouns,3.54
2179,组织,collecter,verbs,1.4
2180,岩浆,volcan,nouns,2.02
2181,说话,entendre,verbs,1.18
2182,赛跑,philosophe,nouns,0.15
2183,威士忌酒,alcool,nouns,3.57
2184,离开,séparer,verbs,2.04
2185,大薄片,avion,nouns,0.18
2186,棒球,canapé,nouns,0.05
2187,老鼠,pont,nouns,0.05
2188,映像,image,nouns,3.69
2189,枪,aube,nouns,0.05
2190,选择,prison,nouns,0.2
2191,稍微地,grossièrement,adverbs,1.65
2192,溪流,rivière,nouns,4.03
2193,灵活,facile,adjectives,1.13
2194,昂贵,timide,adjectives,0.1
2195,放,pendre,verbs,0.96
2196,帽子,boîte,nouns,0.65
2197,奇怪地,exceptionnellement,adverbs,3.12
2198,大多,profondément,adverbs,0.73
2199,路径,tunnel,nouns,2.37
2200,广场,carte,nouns,0.54
2201,可靠,raisonnablement,adverbs,3.77
2202,失去,cuisiner,verbs,0.05
2203,总统,politicien,nouns,3.44
2204,平淡,passionnant,adjectives,0.39
2205,枫树,arbre,nouns,4.48
2206,借,vouloir,verbs,0.64
2207,评论说,critiquer,verbs,1.92
2208,前情,passé,nouns,4.5
2209,红酒,brandy,nouns,3.21
2210,窗口,cheville,nouns,0.0
2211,强度,persévérance,nouns,3.02
2212,拒绝,accepter,verbs,1.13
2213,停,prévenir,verbs,0.74
2214,完成,rivaliser,verbs,0.1
2215,借,vendre,verbs,0.88
2216,朋友,mère,nouns,0.98
2217,尖,terne,adjectives,0.14
2218,猛烈地,tristement,adverbs,0.44
2219,有弹性,flexible,adjectives,4.08
2220,搏斗,jouer,verbs,0.88
2221,马,chien,nouns,1.46
2222,神,proie,nouns,0.05
2223,花朵,violette,nouns,3.63
2224,部长,rabbin,nouns,0.8
2225,灵活,modeste,adjectives,0.52
2226,爆玉米花,cinéma,nouns,1.13
2227,理论,chimie,nouns,1.27
2228,冬天,saison,nouns,2.94
2229,保护,défendre,verbs,4.75
2230,自豪,triste,adjectives,0.79
2231,愉快,merveilleux,adjectives,3.27
2232,愤怒,frustration,nouns,3.03
2233,平面,feuille,nouns,0.18
2234,包括,inclure,verbs,5.04
2235,状态,garçon,nouns,0.18
2236,聚会,convocation,nouns,3.01
2237,呼吸,étouffer,verbs,1.32
2238,赢得,accomplir,verbs,1.84
2239,房间,bain,nouns,0.8
2240,失败,décourager,verbs,2.5
2241,饮食,pomme,nouns,0.96
2242,黏,humide,adjectives,1.95
2243,培根,petit déjeuner,nouns,1.03
