ID,CMN,HEB,PoS,score
1,甲板,עכבר,nouns,0.05
2,妻子,סנט,nouns,0.18
3,蜜蜂,נמלה,nouns,1.03
4,公牛,עגל,nouns,2.89
5,抓住,ללכוד,verbs,4.61
6,喧闹声,רעשן,nouns,1.6
7,迅速地,בדחיפות,adverbs,2.69
8,混合,לבשל,verbs,0.83
9,牧师,אל,nouns,0.79
10,想,להרהר,verbs,4.27
11,自行车,מכונית,nouns,1.13
12,大声地,בעדינות,adverbs,0.2
13,避难所,צריף,nouns,1.21
14,读者,סופר,nouns,0.78
15,呛,לנשום,verbs,0.82
16,秘书,אישה,nouns,1.06
17,搜索,לשוטט,verbs,0.73
18,旅程,טיול,nouns,4.14
19,扼杀,לשרוף,verbs,0.48
20,饼干,נסיכה,nouns,0.0
21,城市,עיירה,nouns,3.61
22,时装,צורה,nouns,0.39
23,驾驶,לעצור,verbs,0.49
24,蛇,לטאה,nouns,1.41
25,星星,כוכב לכת,nouns,3.63
26,车辆,אוטובוס,nouns,2.45
27,保留,לשמור,verbs,3.04
28,稍微地,בערך,adverbs,1.45
29,雨,ברד,nouns,2.13
30,糖果,קינמון,nouns,0.69
31,庆祝,להפתיע,verbs,0.88
32,人群,מצעד,nouns,0.94
33,快乐,מהנה,adjectives,4.21
34,乘,לחלק,verbs,1.08
35,匆匆地写,לכתוב,verbs,3.13
36,樱桃,תות,nouns,1.67
37,搏斗,להרוג,verbs,1.14
38,高高兴兴地,נורא,adverbs,0.33
39,傻,מטומטם,adjectives,4.88
40,自由,נווה מדבר,nouns,0.29
41,乞求,להפציר,verbs,4.3
42,女儿,תינוקת,nouns,2.96
43,追逐,לתפוס,verbs,1.99
44,使满意,לספק,verbs,3.78
45,肝,ריאה,nouns,1.02
46,容易地,בערך,adverbs,0.15
47,建造,להרוס,verbs,0.68
48,完成,לנצח,verbs,1.94
49,混乱,היסטריה,nouns,1.92
50,订婚,פגישה,nouns,1.49
51,合唱团,כנסייה,nouns,0.84
52,离开,לנדוד,verbs,0.74
53,钱,משכורת,nouns,3.93
54,飓风,סערה,nouns,3.12
55,提醒,לשכוח,verbs,0.68
56,新闻,רכילות,nouns,2.19
57,通灵研究,נוירופסיכולוגיה,nouns,0.97
58,暴力,פאסיבי,adjectives,0.3
59,协议,תנאי,nouns,1.83
60,香芹,מאפין,nouns,0.4
61,适中,מתון,adjectives,3.3
62,新闻,מדיה,nouns,2.54
63,新,טרי,adjectives,3.75
64,抓住,לשחרר,verbs,0.64
65,拇指,ציפורן,nouns,1.03
66,嘴巴,שיניים,nouns,1.12
67,子程序,מהדר,nouns,1.27
68,歌手,שחקן,nouns,2.13
69,雪,תחזית,nouns,1.36
70,海滩,אי,nouns,1.29
71,钢琴,הרמוניה,nouns,0.78
72,困难,קל,adjectives,0.59
73,解剖学,ביולוגיה,nouns,2.82
74,神职人员,נזיר,nouns,3.08
75,百万富翁,דולר,nouns,0.6
76,看来,פשוט,adverbs,0.9
77,选举,למנות,verbs,1.17
78,光,מקלדת,nouns,0.04
79,四轮货运马车,כרכרה,nouns,3.62
80,流星,כבידה,nouns,0.5
81,尖顶,קפלה,nouns,1.36
82,契约,הסכם,nouns,4.92
83,猎狗,שועל,nouns,1.31
84,作曲家,סופר,nouns,2.27
85,同意,לחלוק,verbs,0.68
86,走道,פרוזדור,nouns,4.7
87,狭窄,לבן,adjectives,0.18
88,付款,הערה,nouns,0.55
89,货币,חליפין,nouns,1.2
90,主题,סיפור,nouns,1.02
91,摇铃,רעש,nouns,1.6
92,床,עריסה,nouns,3.34
93,水煮,מבושל,adjectives,2.88
94,法庭,צדק,nouns,1.56
95,评估,ללמוד,verbs,0.57
96,课程,בטן,nouns,0.0
97,米,יארד,nouns,2.69
98,活塞,מנוע,nouns,1.44
99,冷静地,בנחישות,adverbs,0.33
100,光标,שקופית,nouns,0.29
101,水,מלח,nouns,0.73
102,牛油,תפוד,nouns,0.64
103,木,אבן,nouns,0.45
104,薄雾,גשם,nouns,1.31
105,毯,סערה,nouns,0.4
106,刺激,משעמם,adjectives,0.54
107,床,ספה,nouns,1.56
108,公共的,פרטי,adjectives,0.59
109,速度,משרה,nouns,0.3
110,成长,להגביר,verbs,1.16
111,加入,להתחתן,verbs,0.39
112,棒球,אחווה,nouns,0.25
113,皮肤,אופניים,nouns,0.1
114,肉,סטייק,nouns,3.79
115,车,כביש,nouns,0.74
116,笨,פיקח,adjectives,0.54
117,未拿定主意,ניטרלי,adjectives,0.92
118,污染,נשיא,nouns,0.05
119,购买,לגנוב,verbs,0.63
120,惯例,חוק,nouns,2.72
121,勺子,מיץ,nouns,0.25
122,意外,ספר,nouns,0.0
123,费用,משכורת,nouns,0.96
124,大麻,עשב,nouns,2.82
125,成熟,בחוכמה,adverbs,0.82
126,汽车,כרכרה,nouns,1.96
127,影片,סרט,nouns,3.74
128,数字,ציטופלזמה,nouns,0.25
129,兔子,חתול,nouns,0.93
130,灵活,נייד,adjectives,0.68
131,脏,צר,adjectives,0.0
132,选举权,יציאה,nouns,0.18
133,船,סיפון,nouns,1.21
134,被动地,בשקט,adverbs,0.87
135,来源,קופסה,nouns,0.0
136,今天晚上,מחר,adverbs,0.69
137,花园,צינור,nouns,0.6
138,重复,להתאמן,verbs,1.21
139,士兵,ילד,nouns,1.58
140,信用,לווה,nouns,1.16
141,普通,שגרתי,adjectives,5.25
142,世俗主义,דת,nouns,0.6
143,细胞质,ספרה,nouns,0.25
144,学习,לספוג,verbs,2.35
145,员工,זמר,nouns,0.23
146,确定,לפנות,verbs,0.1
147,深深地,בעיקר,adverbs,0.68
148,争论,ביקורת,nouns,1.35
149,担心,לבזבז,verbs,0.1
150,神圣,יקר ערך,adjectives,1.77
151,坟墓,קבורה מחדש,nouns,1.07
152,蜜糖,סוכר,nouns,2.22
153,沙丘,מדבר,nouns,2.46
154,税,הכנסה,nouns,0.92
155,未成熟的,חסר אחריות,adjectives,2.06
156,先生,גברת,nouns,0.73
157,人造,מזוייף,adjectives,3.3
158,预测,לקבוע,verbs,0.59
159,收到,לתפוס,verbs,0.64
160,灰濛蒙,תחזית,nouns,0.7
161,加入,לרכוש,verbs,0.2
162,铁,ויטמין,nouns,1.26
163,油,מינק,nouns,0.15
164,记得,לחשוב,verbs,1.03
165,未成熟的,בוגר,adjectives,0.68
166,星期,סוף שבוע,nouns,1.98
167,安全,מעיק,adjectives,0.1
168,蕊,האבקה,nouns,1.36
169,确定,בטוח,adjectives,5.09
170,僧侣,צלב,nouns,0.69
171,竿,וילון,nouns,0.83
172,冰,שלג,nouns,2.67
173,士兵,שלום,nouns,0.45
174,方案,רעיון,nouns,2.56
175,一分钱,גודל,nouns,0.1
176,远足,לטפס,verbs,1.13
177,保护,לעזור,verbs,1.29
178,被动地,באופן אמין,adverbs,0.5
179,有意义,לעומק,adverbs,2.58
180,韵律,מקצב,nouns,4.2
181,微晶片,סמן,nouns,0.2
182,减少,להגביל,verbs,2.08
183,准确地,בדיוק,adverbs,5.13
184,轻微,לחלוטין,adverbs,0.4
185,血液,מוח,nouns,0.88
186,年,מאה,nouns,2.2
187,潜水,ליצור,verbs,0.1
188,智力,תבונה,nouns,4.55
189,神经官能症,נפש,nouns,0.69
190,找到,לרכוש,verbs,1.74
191,否认,וידוי,nouns,0.35
192,脚,יד,nouns,0.88
193,植物群,טבע,nouns,2.06
194,沐浴,תעלול,nouns,0.0
195,洗手间,מטבח,nouns,0.84
196,出租车,אוטובוס,nouns,2.19
197,不同的,באופן מוזר,adverbs,0.33
198,牙医,קולונל,nouns,0.39
199,诚实,אשם,adjectives,0.34
200,争论,דיון,nouns,2.92
201,头,ציפורן,nouns,0.35
202,可行,בלתי אפשרי,adjectives,0.64
203,身体,גב,nouns,1.53
204,作业,הערה,nouns,0.57
205,暴力,רך,adjectives,0.35
206,最近,לאחרונה,adverbs,5.63
207,手腕,יד,nouns,1.85
208,男人,לוחם,nouns,1.18
209,糖类,סוכרוז,nouns,2.73
210,打,למשוך,verbs,0.45
211,案件,חשמל,nouns,0.24
212,墙纸,רקע,nouns,3.1
213,伤心地,רגשית,adverbs,0.91
214,云,חלון,nouns,0.3
215,启,החל,verbs,4.88
216,艰难,מורכב,adjectives,4.08
217,狩猎,לחפש,verbs,1.36
218,付得起,זול,adjectives,2.66
219,腰,קיבה,nouns,1.49
220,宽广,צר,adjectives,0.59
221,雨,סופת שלגים,nouns,1.17
222,伟大,נורא,adjectives,0.45
223,妻子,חור,nouns,0.32
224,望远镜,כיסא,nouns,0.15
225,开心,עליז,adjectives,5.45
226,沐浴,עץ,nouns,0.1
227,扼杀,לחבק,verbs,0.35
228,肯定,ודאי,adjectives,5.09
229,人口,אנשים,nouns,2.92
230,自豪,יהיר,adjectives,3.31
231,舌头,גרון,nouns,0.96
232,乳制品,דבש,nouns,0.43
233,脊柱,גוף,nouns,1.53
234,女孩,עוזרת,nouns,1.35
235,派对,אנשים,nouns,0.89
236,疾病,זיהום,nouns,2.17
237,危害,כאב,nouns,1.31
238,干旱,מים,nouns,0.39
239,掩盖,לקבור,verbs,2.58
240,模仿,ללכוד,verbs,0.15
241,平庸,רע,adjectives,0.39
242,伤害,לבעוט,verbs,1.11
243,擦亮,ליידע,verbs,0.0
244,钱,פנינה,nouns,0.45
245,土豆,חמאה,nouns,0.64
246,停止,לאסור,verbs,2.54
247,雕塑家,אחוזה,nouns,0.25
248,长,קצר,adjectives,0.59
249,山谷,קניון,nouns,4.04
250,走道,אולם,nouns,0.64
251,零,אינסוף,nouns,0.6
252,书,טקסט,nouns,2.58
253,点菜,תפריט,nouns,1.32
254,独特,הפוך,adjectives,0.65
255,同意,להתווכח,verbs,0.59
256,离开,להגיע,verbs,0.58
257,洗,לשטוף,verbs,5.02
258,乱七八糟,מסודר,adjectives,0.64
259,一分钱,אנשים,nouns,0.65
260,可靠地,בערך,adverbs,0.29
261,牛,כבש,nouns,1.98
262,巨大,זעיר,adjectives,0.59
263,音节,למה,nouns,1.2
264,疯狂,מטורף,adjectives,5.04
265,书,נושא,nouns,1.38
266,生物学家,מיקרוסקופ,nouns,0.64
267,苔藓,דשא,nouns,1.72
268,医生,אורתודונט,nouns,3.02
269,峡谷,עמק,nouns,4.04
270,逃逸,למצוא,verbs,0.4
271,朋友,אמא,nouns,0.73
272,座舱,טייס משנה,nouns,1.02
273,雾,ענן,nouns,2.52
274,预测,מעונן,nouns,0.7
275,海,שפך,nouns,0.89
276,窗,דלת,nouns,0.97
277,自豪,נועז,adjectives,0.67
278,规则,מוסכמה,nouns,2.72
279,驱逐,להשאיר,verbs,1.68
280,追求,לשכנע,verbs,0.34
281,给予,תרומה,nouns,2.67
282,日历,חג,nouns,1.02
283,手术,אלגברה,nouns,0.5
284,人们,מסיבה,nouns,0.89
285,重大,זעיר,adjectives,0.54
286,昂贵,ביישן,adjectives,0.05
287,匆忙,למהר,verbs,4.65
288,酸,בסיס,nouns,0.73
289,逃跑,לברוח,verbs,5.42
290,迅速,מהיר,adjectives,5.0
291,并发,מטבע,nouns,0.65
292,娱乐,לרצות,verbs,0.67
293,相机,עדשה,nouns,1.18
294,旗,מוט,nouns,1.39
295,博物馆,מינט,nouns,0.2
296,打扰,לפגוע,verbs,1.85
297,本来,באופן יצירתי,adverbs,0.35
298,选择,דעה,nouns,1.2
299,开始,ללכת,verbs,0.24
300,排球,כדור,nouns,2.92
301,知道,לשכוח,verbs,0.5
302,听见,להקשיב,verbs,4.04
303,电视,תסריטאי,nouns,0.93
304,异族,זר,nouns,3.01
305,出现,להגיע,verbs,3.54
306,射手,גשש,nouns,0.24
307,携带,למסור,verbs,1.68
308,男孩子,בן,nouns,3.3
309,现代,עתיק,adjectives,0.5
310,男人,חשוד,nouns,0.68
311,成年人,הורה,nouns,2.54
312,叫喊,להתווכח,verbs,1.54
313,悲伤,שמחה,nouns,0.55
314,歌谣,שיר,nouns,3.59
315,当然,לפעמים,adverbs,0.05
316,肚子,מותן,nouns,1.49
317,钩针编织,מדים,nouns,0.38
318,胜利,הצלחה,nouns,4.12
319,存在,מנצח,nouns,0.0
320,轻松,לחוץ,adjectives,0.5
321,酒,להקה,nouns,0.0
322,割礼,עורלה,nouns,1.17
323,证明,להתווכח,verbs,1.71
324,铝,בדיל,nouns,1.31
325,糖果,תפוח,nouns,0.65
326,混合,להתמוסס,verbs,1.18
327,贡献,מנחה,nouns,2.67
328,宪法,קיסר,nouns,0.34
329,离开,לפנות,verbs,1.68
330,膝盖,עצם,nouns,1.43
331,门口,דלת,nouns,3.22
332,完全地,באופן שולי,adverbs,0.4
333,选择,בחירות,nouns,2.76
334,打败,לנצח,verbs,4.38
335,雇主,עובד,nouns,0.89
336,目标,חיפוש,nouns,1.1
337,聚集,להגיע,verbs,1.13
338,活动,תנועה,nouns,2.41
339,死,לקבור,verbs,1.65
340,天使,שד,nouns,0.79
341,大教堂,תקרה,nouns,0.45
342,正文,ספר,nouns,2.58
343,手术,לב,nouns,0.54
344,指甲,יד,nouns,0.83
345,冰,מים,nouns,2.34
346,碟,קערה,nouns,2.31
347,小行星,כוכב,nouns,2.45
348,明天,הלילה,adverbs,0.69
349,外套,סוודר,nouns,2.59
350,狂怒,כעס,nouns,4.5
351,紫罗兰,פרח,nouns,2.88
352,道德,אגדה,nouns,0.15
353,治疗,ביהביוריזם,nouns,0.65
354,一分钱,רעיה,nouns,0.18
355,使气馁,להרגיז,verbs,1.58
356,选择,וריד,nouns,0.04
357,厨房,דלת,nouns,0.45
358,理论,כימיה,nouns,0.46
359,灵活,קל,adjectives,0.88
360,踝,עצם,nouns,1.13
361,门,מטבח,nouns,0.45
362,烧伤,לחנוק,verbs,0.48
363,唇,ירך,nouns,0.7
364,安全地,בשמחה,adverbs,0.43
365,避免,להכחיש,verbs,0.88
366,真实地,לחלוטין,adverbs,0.93
367,茅屋,ביתן,nouns,3.31
368,环球航行,מטען,nouns,0.1
369,拒绝,להימנע,verbs,0.88
370,词性变化,זיהום,nouns,0.05
371,赢家,מטרה,nouns,0.5
372,现金,כסף,nouns,3.54
373,发展,גיוס כספים,nouns,0.45
374,走廊,כיתה,nouns,0.54
375,获得,להשיג,verbs,3.58
376,兄弟,נשמה,nouns,0.1
377,相信,לקבל,verbs,1.25
378,分离,לחבר,verbs,0.68
379,忍耐力,פרח,nouns,0.23
380,性能,קמע,nouns,0.1
381,罕见,מטומטם,adjectives,0.1
382,保护,להציל,verbs,2.48
383,相机,עובד,nouns,0.15
384,海报,נייר,nouns,2.15
385,教授,סטודנט,nouns,0.73
386,毁灭,ליצור,verbs,0.59
387,剑,כס,nouns,0.53
388,市长,נשיא,nouns,1.95
389,社会生物学,מוטציה,nouns,0.63
390,淫贱,מלוכלך,adjectives,0.72
391,接受,לסלוח,verbs,2.02
392,耐力,רצועה,nouns,0.1
393,舱,מחנה,nouns,0.74
394,湖,ענן,nouns,0.45
395,同意,לרצות,verbs,1.5
396,俱乐部,סימן,nouns,0.0
397,坚强,גאה,adjectives,0.43
398,标志,צופן,nouns,0.7
399,卡,ברידג',nouns,0.88
400,溶解,לערבב,verbs,1.18
401,修道院,מקלחת,nouns,0.0
402,准许,לאשר,verbs,4.26
403,争论,הסכמה,nouns,0.72
404,选择,כלא,nouns,0.39
405,树,עלה,nouns,0.94
406,诚实地,בכנות,adverbs,4.79
407,肘,קרסול,nouns,1.27
408,听,להבחין,verbs,1.44
409,偏见,להטות,verbs,3.03
410,攻击,לעצבן,verbs,0.63
411,骨头,קרסול,nouns,1.13
412,卖,להשאיל,verbs,0.97
413,旅程,כיבוש,nouns,0.88
414,房间,תא,nouns,2.69
415,世纪,שנה,nouns,2.2
416,北,דרום,nouns,0.84
417,家长,אבא,nouns,3.88
418,踝,מרפק,nouns,1.27
419,不公平,בהגינות,adverbs,0.68
420,容易,פשוט,adjectives,3.83
421,了解,להקשיב,verbs,1.58
422,薄荷,מוזיאון,nouns,0.2
423,公寓,רהיט,nouns,0.55
424,壁橱,בגדים,nouns,0.83
425,碗,צלחת,nouns,2.31
426,石,עץ,nouns,0.45
427,赛跑,פילוסוף,nouns,0.0
428,图表,גרף,nouns,3.84
429,卧室,אמבטיה,nouns,0.73
430,坏,אשם,adjectives,0.49
431,男人,אישה,nouns,0.98
432,胜利者,גבר,nouns,0.58
433,云,אגם,nouns,0.45
434,权利,צדק,nouns,0.78
435,十四行诗,יופי,nouns,0.24
436,幻想,מציאות,nouns,1.2
437,纸,קרטון,nouns,2.75
438,丈夫,אישה,nouns,0.98
439,电脑,דיסק,nouns,0.78
440,努力,לעקל,verbs,0.1
441,植物,חקלאות,nouns,1.39
442,盒子,מעלית,nouns,0.3
443,复杂,בוגר,adjectives,0.78
444,遇见,לשחות,verbs,0.05
445,找到,לאבד,verbs,0.5
446,尺寸,טריק,nouns,0.0
447,大夫,דוקטור,nouns,5.01
448,叶,עץ,nouns,0.94
449,锁匙,בית,nouns,0.65
450,承认,לדבר,verbs,0.68
451,沙拉,חומץ,nouns,0.64
452,实质上,בהכרח,adverbs,0.53
453,经常,לעיתים רחוקות,adverbs,0.73
454,积极地,בשמחה,adverbs,0.62
455,犯罪,הונאה,nouns,2.56
456,社会,תרבות,nouns,1.39
457,和平,חייל,nouns,0.45
458,争论,להתלונן,verbs,1.99
459,裙子,ריקוד,nouns,0.44
460,锡,מתכת,nouns,2.21
461,协议,חוזה,nouns,4.92
462,自豪,עצוב,adjectives,0.39
463,成功,להשיג,verbs,2.05
464,教,לחנך,verbs,4.14
465,盗窃,פשע,nouns,2.88
466,环境,חרב,nouns,0.18
467,汽车,מפעל,nouns,0.54
468,发送,לקבל,verbs,0.77
469,祈祷,לתקשר,verbs,0.97
470,发送,ללכת,verbs,0.39
471,大多,בעיקר,adverbs,4.25
472,沐浴,רעיה,nouns,0.05
473,悲伤,בושה,nouns,1.05
474,成熟,מתוחכם,adjectives,0.78
475,酒,ויסקי,nouns,2.92
476,飞机场,חלק,nouns,0.1
477,花朵,סבולת,nouns,0.23
478,蜥蜴,ממשלה,nouns,0.05
479,发现,לחקור,verbs,2.76
480,花朵,סיגלית,nouns,2.88
481,书,מידע,nouns,1.7
482,前进,לקדם,verbs,1.92
483,拿,לקבל,verbs,1.32
484,小提琴,גיטרה,nouns,1.32
485,选举,בחירה,nouns,2.76
486,给,לנשל,verbs,0.45
487,主教,מוסלמי,nouns,1.02
488,丑陋,גס,adjectives,0.92
489,舌头,לחי,nouns,0.65
490,行星,כוכב,nouns,3.63
491,混乱,שיעור,nouns,0.1
492,地带,שטח,nouns,4.77
493,肝脏,איבר,nouns,2.17
494,尖,מתון,adjectives,0.45
495,收到,לקחת,verbs,1.32
496,车,אוטו,nouns,5.86
497,开始,התחיל,verbs,4.88
498,知道,לתת,verbs,0.0
499,一尘不染,נקי,adjectives,4.55
500,小巷,קערה,nouns,0.0
501,开襟毛衣,חולצה,nouns,1.68
502,沉重,עמוס,adjectives,1.06
503,欠,להיכנס,verbs,0.0
504,酒,ברנדי,nouns,3.07
505,运输,להרים,verbs,1.48
506,大,קל,adjectives,0.35
507,合唱,זמר,nouns,1.67
508,款待,לשלם,verbs,0.29
509,猫,עכבר,nouns,0.89
510,创建,לדמיין,verbs,1.17
511,基督教,פרוטסטנט,nouns,2.85
512,井井有条,מבולגן,verbs,0.68
513,文章,כתב יד,nouns,2.74
514,大方,נחמד,adjectives,1.7
515,正常,שונה,adjectives,0.45
516,大声地,ברכות,adverbs,0.25
517,作家,מלחין,nouns,2.27
518,生气,שמח,adjectives,0.5
519,旗帜学,דגל,nouns,1.11
520,出席,להתכנס,verbs,1.13
521,轻视,בזוי,adjectives,4.08
522,必须,חשוב,adjectives,3.56
523,说谎,להאשים,verbs,0.54
524,台风,ציקלון,nouns,3.79
525,便士,מציאה,nouns,0.29
526,否认,לשקר,verbs,1.02
527,发动机,מכונה,nouns,2.33
528,搏斗,לנשוך,verbs,1.46
529,音乐,חליל,nouns,1.25
530,实际地,באופן אידיאלי,adverbs,0.59
531,接受,להסכים,verbs,3.26
532,真实地,חשוב,adverbs,0.3
533,禁止,לעצור,verbs,2.54
534,目前,בעדינות,adverbs,0.0
535,世纪,עשור,nouns,0.89
536,日志,נוסחה,nouns,0.2
537,发生,לעשות,verbs,0.65
538,退出,לפרוש,verbs,2.56
539,手,מפרק,nouns,1.85
540,书,כתב יד,nouns,1.25
541,忙碌,עצלן,adjectives,0.45
542,傻,ילדותי,adjectives,2.41
543,天神,אב,nouns,0.24
544,案件,חומרה,nouns,0.34
545,沙发,בייסבול,nouns,0.1
546,肥料,צמיחה,nouns,0.93
547,洞,רעיה,nouns,0.32
548,懒,יקר ערך,adjectives,0.04
549,直升机,מטוס,nouns,2.67
550,男孩,אח,nouns,2.39
551,收割,להרוויח,verbs,2.42
552,协议,ויכוח,nouns,0.72
553,歌手,צוות,nouns,0.23
554,踢,לפגוע,verbs,1.11
555,拇指,יד,nouns,1.03
556,新娘,נסיכה,nouns,0.74
557,依靠,להסתמך,verbs,3.69
558,真诚地,ביושר,adverbs,4.79
559,牙齿,עצם,nouns,1.12
560,广场,מפה,nouns,0.58
561,公主,כלה,nouns,0.74
562,杯子,קונוס,nouns,1.56
563,雪崩,שלג,nouns,1.77
564,从不,לעיתים רחוקות,adverbs,2.19
565,学期,סמסטר,nouns,3.08
566,了解,לסלוח,verbs,0.92
567,理解,לקלוט,verbs,4.08
568,苹果,ממתק,nouns,0.65
569,悲剧,מוות,nouns,2.33
570,钢,סגסוגת,nouns,3.16
571,橡木,מייפל,nouns,2.18
572,盒子,סיגר,nouns,0.39
573,剩余,הבדל,nouns,2.03
574,农业,צמח,nouns,1.39
575,心理学,מדע,nouns,2.35
576,人,חיה,nouns,1.7
577,逻辑,חשבון,nouns,1.69
578,昆虫,דבורה,nouns,2.45
579,自豪,שמחה,nouns,1.91
580,编织,לקשור,verbs,2.6
581,大致,בוודאי,adverbs,0.68
582,怀疑,לעצור,verbs,0.58
583,乱,מכוער,adjectives,0.87
584,关键地,בעצם,adverbs,0.28
585,知会,להבריק,verbs,0.0
586,劝告,להציע,verbs,3.31
587,审判,פסיקה,nouns,2.01
588,情绪,תשוקה,nouns,3.14
589,不同,להסכים,verbs,0.55
590,演员,זמר,nouns,2.13
591,肌肉,עצם,nouns,0.68
592,运送,לקבל,verbs,0.5
593,主题,ספר,nouns,1.38
594,花,אמונה,nouns,0.09
595,衣服,ארון,nouns,0.83
596,打印,להתעלם,verbs,0.1
597,英寸,מטר,nouns,2.18
598,湿,דביק,adjectives,1.55
599,来,להביא,verbs,1.11
600,海啸,ים,nouns,1.33
601,煮沸,לטגן,verbs,1.21
602,建立,ליצור,verbs,4.37
603,很可能,ייתכן,adverbs,4.58
604,病毒,דם,nouns,0.64
605,苦难,ייאוש,nouns,2.68
606,来,ללכת,verbs,0.88
607,公寓,מלון,nouns,1.17
608,募捐,פיתוח,nouns,0.45
609,脖子,עצם,nouns,0.69
610,走,לאפשר,verbs,0.05
611,不可能,באופן ידידותי,adverbs,0.09
612,生物学,אנטומיה,nouns,2.82
613,放,לתלות,verbs,1.01
614,手,רגל,nouns,0.88
615,评分,לסמן,verbs,2.35
616,情况,נסיבות,nouns,4.74
617,借,למכור,verbs,0.97
618,讨厌,לבקר,verbs,0.47
619,卖,ללכת,verbs,0.05
620,电影,טלויזיה,nouns,2.53
621,显然,בוודאי,adverbs,3.06
622,偏见,שוביניסט,nouns,1.89
623,航空电子学,אווירונאוטיקה,nouns,2.54
624,椅子,ספסל,nouns,3.17
625,独立地,באופן אחראי,adverbs,1.29
626,拿,לעזוב,verbs,0.15
627,默默地,באופן פסיבי,adverbs,0.87
628,星系,אפליקציה,nouns,0.3
629,稻草,משימה,nouns,0.0
630,定义,מילון,nouns,1.12
631,约定,התחייבות,nouns,1.49
632,山,אדן,nouns,0.2
633,手,ציפורן,nouns,0.83
634,不显眼地,בוודאי,adverbs,0.28
635,大致,בקוצר רוח,adverbs,0.1
636,羊肉,כבש,nouns,3.93
637,查询,לדרוש,verbs,0.69
638,武器,קסדה,nouns,0.89
639,线索,מילה,nouns,0.44
640,化学,תיאוריה,nouns,0.46
641,线,שקיעה,nouns,0.0
642,锁匙,כתר,nouns,0.0
643,糖,דבש,nouns,2.22
644,形象,רעיון,nouns,0.45
645,苹果,דיאטה,nouns,0.86
646,十字架,נזיר,nouns,0.69
647,名誉,עושר,nouns,1.35
648,积极地,במדוייק,adverbs,0.97
649,律师,בנקאי,nouns,0.69
650,香槟,וויסקי,nouns,2.38
651,澄清,להסביר,verbs,3.88
652,棉,סוודר,nouns,1.02
653,中性,רגוע,adjectives,0.89
654,徽章,כבוד,nouns,0.65
655,磁盘,מחשב,nouns,0.78
656,种族,סוף שבוע,nouns,0.05
657,困难,פשוט,adjectives,0.45
658,被动,אלים,adjectives,0.3
659,疾病,חום,nouns,2.08
660,肚子,חדר שינה,nouns,0.05
661,儿子,ילד,nouns,3.3
662,岛,נסיכה,nouns,0.3
663,牙医,דוקטור,nouns,4.7
664,脚,חול,nouns,0.29
665,离开,להיפרד,verbs,2.54
666,科学家,אחות,nouns,0.34
667,未公开,גלוי,adjectives,0.59
668,狗,סוס,nouns,1.06
669,报纸,מילה,nouns,1.57
670,糟糕, בענווה,adverbs,0.25
671,原木,אמבטיה,nouns,0.1
672,键盘,אור,nouns,0.04
673,木,נייר,nouns,0.92
674,云,תחזית,nouns,1.69
675,天花板,רצפה,nouns,0.65
676,骨头,צוואר,nouns,0.69
677,替换,החלפה,nouns,4.22
678,镜片,מצלמה,nouns,1.18
679,清醒,שיכור,adjectives,0.59
680,散热器,חיישן,nouns,0.58
681,草,להב,nouns,0.25
682,最佳,חמישי,adjectives,0.29
683,小炮舰,חוף,nouns,0.65
684,阴谋家,אסטרטג,nouns,3.16
685,锥形蛋筒,גביע,nouns,1.56
686,种子,חרדל,nouns,0.97
687,承认,להודיע,verbs,0.7
688,相机,המשך,nouns,0.04
689,自豪地,בשלווה,adverbs,0.19
690,乐队,סבולת,nouns,0.1
691,说话,לאשר,verbs,0.68
692,紧急,במהירות,adverbs,2.69
693,王座,חרב,nouns,0.53
694,生活方式,ציוויליזציה,nouns,1.31
695,划分,לאחד,verbs,0.68
696,聪慧,חכם,adjectives,5.24
697,手臂,ברך,nouns,0.93
698,表,שקיעה,nouns,0.0
699,屋顶,תקרה,nouns,3.49
700,创造性地,במקור,adverbs,0.35
701,难以置信,רגיל,adjectives,0.4
702,总统,תלמיד,nouns,0.2
703,墙,לבנה,nouns,1.17
704,人,אקדח,nouns,0.3
705,汽车,מכונית,nouns,5.86
706,静脉,זרוע,nouns,0.6
707,黏,מלוכלך,adjectives,0.77
708,笨,עקשן,adjectives,1.27
709,撕开,ללבוש,verbs,0.24
710,旋律,מוסיקה,nouns,3.62
711,八月,חודש,nouns,2.4
712,松饼,פטרוזיליה,nouns,0.4
713,枯燥,מצחיק,adjectives,0.45
714,孤独,מסכן,adjectives,0.89
715,绿洲,חופש,nouns,0.29
716,肚皮,כרס,nouns,3.66
717,女人,מזכירה,nouns,1.06
718,敬佩,להעריץ,verbs,4.22
719,击中,לכוון,verbs,1.21
720,孩子气,טיפשי,adjectives,2.41
721,羞辱,לנחם,verbs,0.44
722,画廊,עורך דין,nouns,0.0
723,公爵,רפובליקה,nouns,0.45
724,母亲,חבר,nouns,0.73
725,减少,לכווץ,verbs,3.19
726,飑,רוח,nouns,2.66
727,清洁,ללא רבב,adjectives,4.55
728,无聊,עייף,adjectives,0.59
729,时装,סגנון,nouns,2.98
730,自由,חופש,nouns,4.89
731,庆祝,טקס,nouns,2.74
732,插图,שלפוחית,nouns,0.0
733,拒绝,לסגת,verbs,0.61
734,创建,להרוס,verbs,0.68
735,发射,לשלוח,verbs,3.5
736,问,להתעלם,verbs,0.44
737,批评,חצוף,adjectives,0.82
738,沙拉,דיאטה,nouns,0.97
739,灵活,צנוע,adjectives,0.42
740,愤怒,תסכול,nouns,2.73
741,否定,לעולם לא,adjectives,1.85
742,也许,כנראה,adverbs,3.92
743,显著的,ברור,adjectives,3.74
744,争论,לשכנע,verbs,2.13
745,喉咙,אף,nouns,0.74
746,狡猾,מוזר,adjectives,0.67
747,航空,טיסה,nouns,2.95
748,唱,לצחוק,verbs,0.35
749,成年人,תינוק,nouns,0.97
750,窗口,קרסול,nouns,0.0
751,信心十足地,בחשאיות,adverbs,0.45
752,乱,נקי,adjectives,0.49
753,眼睛,גבה,nouns,0.88
754,肺,כבד,nouns,1.02
755,首领,ראש,nouns,3.73
756,不道德,רע,adjectives,2.51
757,雪,סערה,nouns,1.46
758,重要的,רשמית,adverbs,0.95
759,反驳,להרשות,verbs,0.1
760,骨髓,דם,nouns,0.88
761,购买,לקבל,verbs,1.01
762,恶魔,מלאך,nouns,0.79
763,统治者,מלך,nouns,4.65
764,生日,תאריך,nouns,1.52
765,衣服,מגירה,nouns,0.6
766,表达,לומר,verbs,3.79
767,说,לאמת,verbs,0.4
768,播放机,מאמן,nouns,0.65
769,向外,נכנס,adjectives,0.6
770,天花板,קתדרלה,nouns,0.45
771,医院,מיטה,nouns,0.72
772,宣布,להודיע,verbs,4.71
773,家牛,פרה,nouns,3.35
774,马,סוסון,nouns,2.83
775,路径,מנהרה,nouns,2.07
776,病人,פגישה,nouns,0.73
777,不经常,לעיתים קרובות,adverbs,0.73
778,胸部,גוף,nouns,1.8
779,翻译者,זר,nouns,0.48
780,狭窄,רחב,adjectives,0.59
781,好斗,קרב,nouns,3.05
782,判断,להעיד,verbs,0.59
783,接受,לסרב,verbs,0.63
784,妻子,קש,nouns,0.19
785,情感,מצב רוח,nouns,3.19
786,皇帝,חוקה,nouns,0.34
787,电话,טלפון סלולרי,nouns,4.42
788,副手,קצין,nouns,1.83
789,沙发,כיסא,nouns,2.24
790,碗,סמטה,nouns,0.0
791,最近,רענן,adjectives,3.06
792,收集,לסדר,verbs,1.54
793,地板,גג,nouns,0.74
794,选举,לבחור,verbs,3.01
795,谢绝,לסרב,verbs,4.68
796,气球,אנשים,nouns,0.1
797,现在,כאן,adverbs,2.45
798,坦克,מכונית,nouns,1.07
799,容易,גמיש,adjectives,0.88
800,给,להניח,verbs,0.54
801,屋顶,חלון,nouns,0.69
802,神经,גוף,nouns,1.41
803,代码,סמל,nouns,2.66
804,门,אחווה,nouns,0.0
805,代数,פעולה,nouns,0.5
806,单身牢房,מעצר,nouns,1.35
807,简单,קל,adjectives,3.83
808,主意,תמונה,nouns,0.45
809,使满意,לבדר,verbs,0.67
810,给,לגנוב,verbs,0.58
811,说明,להבהיר,verbs,3.88
812,煤,אבן,nouns,1.84
813,梦想,שמיים,nouns,0.49
814,运动,פעילות,nouns,2.41
815,可靠,באופן אחראי,adverbs,3.13
816,星,בהירות,nouns,0.83
817,教育,ללמד,verbs,4.14
818,雪,מפולת שלגים,nouns,1.77
819,冬天,קיץ,nouns,0.74
820,米饭,שעועית,nouns,0.97
821,建议,להמליץ,verbs,3.31
822,女佣,נערה,nouns,1.35
823,停止,לשלוט,verbs,0.43
824,裂开,לנתק,verbs,2.59
825,上校,רופא,nouns,0.39
826,角,אזור,nouns,0.88
827,玫瑰,פרפר,nouns,0.53
828,天空,שמש,nouns,1.16
829,雪茄,מקטרת,nouns,2.36
830,耐力,חוזק,nouns,2.63
831,箭头,מטרה,nouns,1.11
832,自然地,בשקט,adverbs,0.48
833,异常地,בדרך כלל,adverbs,0.45
834,心靈,אל,nouns,0.55
835,学习,לבלבל,verbs,0.3
836,管弦乐队,להקה,nouns,3.85
837,锅,מכשיר,nouns,1.73
838,不诚实,רע,adjectives,0.91
839,显然,בחשאי,adverbs,0.28
840,狮子,חתול,nouns,1.51
841,圣经,ספר,nouns,1.98
842,参与,לשתף,verbs,1.11
843,鼓,קרן,nouns,0.49
844,大,כבד,adjectives,0.97
845,碳,אטום,nouns,1.13
846,说,להשתתף,verbs,0.3
847,对抗,לעצבן,verbs,4.74
848,很少,לעולם לא,adverbs,2.19
849,大概,ייתכן,adverbs,3.92
850,能力,כשירות,nouns,5.0
851,普通,מוזר,adjectives,0.55
852,经常,לפעמים,adverbs,1.94
853,机场,מטוס,nouns,1.25
854,可悲的是,נורא,adverbs,0.59
855,手表,חצאית,nouns,0.25
856,长大,ילדותי,adjectives,0.68
857,沐浴,חדר,nouns,0.7
858,犯罪,גניבה,nouns,2.88
859,炒,לאפות,verbs,1.55
860,河,עמק,nouns,1.46
861,选择,פרק,nouns,0.15
862,申请人,מועמדות,nouns,1.83
863,米饭,עוף,nouns,0.55
864,想,לזכור,verbs,1.03
865,拿,להחזיק,verbs,1.08
866,组织,להפוך,verbs,0.55
867,愤怒,אלים,adjectives,1.65
868,猫,אריה,nouns,1.51
869,伤心,נורא,adjectives,0.97
870,保护,להגן,verbs,4.1
871,拉比,שר,nouns,0.55
872,女儿,ילדה,nouns,3.35
873,可能,אפשרי,adverbs,4.58
874,新,עתיק,adjectives,0.59
875,非法,מושחת,adjectives,2.19
876,兄弟会,דלת,nouns,0.0
877,面具,מסיבה,nouns,0.54
878,喧闹声,המולה,nouns,4.38
879,枪,תותח,nouns,2.17
880,内衣褲,גוף,nouns,0.2
881,邮包,משאית,nouns,0.39
882,没用过,חדש,adjectives,3.82
883,长笛,מוזיקה,nouns,1.25
884,出席,להופיע,verbs,3.54
885,次要,משמעותי,adjectives,0.54
886,奇怪,נורמלי,adjectives,0.59
887,溺爱,להריח,verbs,0.05
888,强硬,קשה,adjectives,3.64
889,发烧,מחלה,nouns,2.08
890,航空学,אוויוניקה,nouns,2.54
891,尾巴,קערה,nouns,0.0
892,分界线,גבול,nouns,3.74
893,失去,להחסיר,verbs,1.91
894,限制,להקטין,verbs,2.08
895,滨,חוף,nouns,2.96
896,好,חריף,adjectives,0.45
897,正式,בחוזקה,adverbs,0.32
898,骑,לדשדש,verbs,0.4
899,岛,חיל הים,nouns,0.24
900,货币,תמימות דעים,nouns,0.65
901,异常,באופן מוזר,adverbs,4.21
902,笨,עצום,adjectives,0.15
903,喷嘴,נוזל,nouns,0.45
904,乘,להוסיף,verbs,0.88
905,晚餐,תרנגולת,nouns,0.54
906,文学,ספר,nouns,1.95
907,每月,שבועי,adjectives,1.62
908,宣告,להכריז,verbs,4.71
909,歌手,מקהלה,nouns,1.67
910,在家里,הרחק,adverbs,0.73
911,运输,מכונית,nouns,1.96
912,酸奶,בקר,nouns,0.78
913,门,שער,nouns,4.92
914,作家,רומן,nouns,0.8
915,南,צפון,nouns,0.84
916,钱,מזומן,nouns,3.54
917,罐子,כוס,nouns,2.1
918,稻草,המנון,nouns,0.0
919,兄弟会,גברים,nouns,1.18
920,面包,בשר,nouns,0.54
921,地板,דלת,nouns,0.5
922,大主教,בישוף,nouns,3.68
923,商业,תעשייה,nouns,1.46
924,没打中,לפגוע,verbs,0.68
925,虚无主义,סרט,nouns,0.43
926,尝试,לשכנע,verbs,0.92
927,苏丹,כהונה,nouns,0.55
928,光线电话机,הומופון,nouns,0.5
929,笨,נדיר,adjectives,0.1
930,姊妹,אח,nouns,2.5
931,付款,מטבע,nouns,1.45
932,參加,לעזוב,verbs,0.68
933,书,מאמר,nouns,2.68
934,蜜蜂,חרק,nouns,2.45
935,侧面,פסגה,nouns,0.39
936,听见,לדבר,verbs,0.72
937,米,אינץ',nouns,2.18
938,大致地,בקלות,adverbs,0.15
939,望远镜,סיעור מוחות,nouns,0.0
940,高速公路,מכונית,nouns,0.74
941,纸,פוסטר,nouns,2.15
942,救援,להציל,verbs,5.21
943,工作者,מעסיק,nouns,0.89
944,负面地,באופן לא טבעי,adverbs,0.59
945,留,לעזוב,verbs,0.59
946,统治,להתגבר,verbs,0.49
947,參加,לשתף,verbs,0.87
948,吉他,כינור,nouns,1.32
949,派,שוקולד,nouns,0.72
950,狡猾,קשוח,adjectives,0.29
951,申请,מועמד,nouns,1.83
952,力量,יכולת,nouns,2.81
953,父亲,אל,nouns,0.24
954,猴子,קמפיין,nouns,0.0
955,行星,ירח,nouns,2.37
956,忘记,לדעת,verbs,0.5
957,标志,סמל,nouns,4.85
958,现实地,לאחרונה,adverbs,0.1
959,羊,בקר,nouns,1.98
960,老鼠,חתול,nouns,0.89
961,行为主义,טיפול,nouns,0.65
962,平滑,חד,adjectives,0.54
963,任命,לבחור,verbs,1.17
964,相反,ייחודי,adjectives,0.65
965,机器,מנוע,nouns,2.33
966,打,לשלב,verbs,0.05
967,毁灭,לבנות,verbs,0.68
968,科学,פסיכולוגיה,nouns,2.35
969,器具,סיר,nouns,1.73
970,忘记,ללמוד,verbs,0.45
971,能力,כשירות,nouns,4.19
972,不同意,לריב,verbs,0.75
973,得到,להפסיד,verbs,0.58
974,硬纸板,נייר,nouns,2.75
975,教育,ללמוד,verbs,2.08
976,啤酒,משקה,nouns,2.27
977,嘴巴,שפה,nouns,1.93
978,柔软,אלים,adjectives,0.35
979,极好,נפלא,adjectives,4.26
980,书,ספרות,nouns,1.95
981,平庸,טוב,adjectives,0.78
982,储蓄者,חיסכון,nouns,0.78
983,使心烦,לפגוע,verbs,0.65
984,调查,לרדוף,verbs,0.69
985,特别,באופן משמעותי,adverbs,2.8
986,喇叭,תוף,nouns,0.49
987,媒介,חדשות,nouns,2.54
988,脾气,דוקטור,nouns,0.0
989,果汁,כף,nouns,0.25
990,猫,ארנב,nouns,0.93
991,说明,לשוחח,verbs,1.65
992,掌握,להבין,verbs,4.08
993,薄雾,ענן,nouns,2.71
994,沉思,לחשוב,verbs,4.27
995,大炮,כדור,nouns,0.5
996,玩,לריב,verbs,1.03
997,危险地,בזהירות,adverbs,0.63
998,钱,הון,nouns,3.98
999,炒,להרתיח,verbs,1.21
1000,工作,משימה,nouns,3.58
1001,谈判,דיפלומטיה,nouns,1.81
1002,追求,לחקור,verbs,0.69
1003,房间,מיטה,nouns,0.49
1004,购买,לשלם,verbs,2.66
1005,父亲,גבר,nouns,2.73
1006,学校,ציון,nouns,1.35
1007,磨坊,זרע,nouns,0.54
1008,分离,לעזוב,verbs,2.54
1009,坦白,הכחשה,nouns,0.35
1010,得分,שלב,nouns,0.81
1011,喜爱,לשנוא,verbs,0.29
1012,清洁,מבולגן,adjectives,0.49
1013,喝醉,פיכח,adjectives,0.59
1014,不准确地,בדיוק,adverbs,0.68
1015,货车,מכונית,nouns,2.86
1016,刀,אקדח,nouns,1.94
1017,肉,דם,nouns,0.88
1018,新教,נוצרי,nouns,2.85
1019,走廊,מעבר,nouns,4.7
1020,门,נוכחות,nouns,0.15
1021,疯,חולה,adjectives,1.05
1022,指甲,ראש,nouns,0.35
1023,隧道,שביל,nouns,2.07
1024,起泡,הדגמה,nouns,0.0
1025,仪式,חגיגה,nouns,2.74
1026,创建,לבנות,verbs,4.37
1027,粗糙,מכוער,adjectives,0.92
1028,悄悄地,בטבעיות,adverbs,0.48
1029,事件,התרמה,nouns,1.43
1030,眉头,עין,nouns,0.88
1031,胆大,גאה,adjectives,0.67
1032,菠萝,טלפון סללורי,nouns,0.0
1033,做,לבנות,verbs,2.53
1034,对抗,להרגיז,verbs,0.1
1035,动物,בהמה,nouns,3.38
1036,事实,הוכחה,nouns,1.21
1037,倾向,להסית,verbs,3.03
1038,原谅,להבין,verbs,0.92
1039,完成,לדחות,verbs,0.44
1040,节约,לבזבז,verbs,0.82
1041,给,לשמור,verbs,0.39
1042,骨头,שיניים,nouns,1.12
1043,沈闷,משעמם,adjectives,3.91
1044,生态系统,כלכלה,nouns,0.5
1045,埋葬,למות,verbs,1.65
1046,朋友,חבר,nouns,4.25
1047,常规地,בדרך כלל,adverbs,4.2
1048,分子,אוויר,nouns,1.03
1049,说谎,להכחיש,verbs,1.02
1050,危险,איום,nouns,3.87
1051,争论,לצעוק,verbs,1.54
1052,头脑风暴,טלסקופ,nouns,0.0
1053,观察,להסתכל,verbs,4.88
1054,群落生境,ביולוגיה,nouns,1.39
1055,果汁,חלב,nouns,1.07
1056,找到,לברוח,verbs,0.4
1057,腹部,בטן,nouns,3.66
1058,韵律,קצב,nouns,4.2
1059,拿,לגנוב,verbs,1.65
1060,保留,להרוס,verbs,0.39
1061,未预见到,בלתי צפוי,adjectives,5.29
1062,肠子,עצב,nouns,0.39
1063,关闭,להקיא,verbs,0.05
1064,飞行员,נהג,nouns,1.92
1065,调查,לבחון,verbs,3.11
1066,谦虚,ענו,adjectives,5.54
1067,腐烂,להרוס,verbs,3.07
1068,杀,להרוס,verbs,2.54
1069,副驾驶,שוטר,nouns,0.65
1070,提醒,למכור,verbs,0.0
1071,得罪,להטריד,verbs,1.85
1072,和平地,בגאווה,adverbs,0.19
1073,硬件,מקרה,nouns,0.34
1074,毁灭,להציל,verbs,0.39
1075,困扰,להבהיל,verbs,0.57
1076,血液,בשר,nouns,0.88
1077,正直地,בבגרות,adverbs,0.8
1078,私人,אישי,adjectives,4.68
1079,圣歌,קש,nouns,0.0
1080,儿童,גבר,nouns,2.18
1081,大学,קמפוס,nouns,2.56
1082,今天,הלילה,adverbs,1.93
1083,自信,גישה,nouns,0.98
1084,戏法,משחק,nouns,1.07
1085,种族主义,קסנופוביה,nouns,2.79
1086,厨房,אמבטיה,nouns,0.84
1087,策略家,תחבולן,nouns,3.16
1088,精彩,מהנה,adjectives,2.83
1089,教堂,כבל,nouns,0.0
1090,成熟地,בצדקנות,adverbs,0.8
1091,雕像,פסל,nouns,4.73
1092,男孩,שותף,nouns,0.72
1093,立方体,צעצוע,nouns,0.84
1094,不同,נורמלי,adjectives,0.45
1095,辣,טוב,adjectives,0.45
1096,累,משעמם,adjectives,0.59
1097,促进,להתקדם,verbs,1.92
1098,犹豫,זועם,adjectives,0.78
1099,忽略,לעזוב,verbs,0.63
1100,接受,לדחות,verbs,1.13
1101,不负责任,ילדותי,adjectives,2.06
1102,股票,נכס,nouns,2.77
1103,笼子,סורג,nouns,2.21
1104,大象,מצפן,nouns,0.04
1105,无穷,אפס,nouns,0.6
1106,得到,להשאיר,verbs,0.39
1107,桥,מכונית,nouns,0.49
1108,指控,לגנות,verbs,2.88
1109,尾巴,צוק,nouns,0.0
1110,杯子,צנצנת,nouns,2.1
1111,天气,שלג,nouns,1.36
1112,日落,שולחן,nouns,0.0
1113,节目,מתמטיקאי,nouns,0.05
1114,抱怨,לטעון,verbs,1.99
1115,加冕礼,מים,nouns,0.1
1116,离开,להישאר,verbs,0.59
1117,抽屉,בגדים,nouns,0.6
1118,天神,כומר,nouns,0.79
1119,不定期地,לרוב,adverbs,0.68
1120,起源,לגלות,verbs,0.48
1121,英式足球,פוטבול,nouns,3.63
1122,哭泣,לבכות,verbs,5.31
1123,旗,חקר דגלים,nouns,1.11
1124,管理,מנהלה,nouns,3.01
1125,风暴,שלג,nouns,1.46
1126,手臂,שריר,nouns,1.29
1127,绊倒,ליפול,verbs,3.7
1128,工作者,מצלמה,nouns,0.15
1129,谷仓,בית,nouns,0.93
1130,邮件,מהירות,nouns,0.3
1131,艺术家,יצירה,nouns,1.16
1132,哭,להתייפח,verbs,5.41
1133,毛毛雨,גשם,nouns,3.23
1134,家伙,חבר,nouns,1.49
1135,进来,יוצא,adjectives,0.6
1136,电缆, קפלה,nouns,0.0
1137,珍贵,עצלן,adjectives,0.04
1138,牛仔裤,אישה,nouns,0.34
1139,妻子,בעל,nouns,0.98
1140,男孩,ילד,nouns,3.58
1141,晚上,יום,nouns,0.5
1142,负责可靠地,באופן עצמאי,adverbs,1.29
1143,海军,אי,nouns,0.24
1144,咬,לריב,verbs,1.46
1145,故事,ספר,nouns,2.38
1146,未成形,מדים,adjectives,0.1
1147,新鲜,רחב,adjectives,0.0
1148,气球,אמבטיה,nouns,0.05
1149,不公平,אכזר,adjectives,0.72
1150,晚上,פרק,nouns,0.05
1151,练习,לחזור,verbs,1.21
1152,发动机,שסתום,nouns,1.44
1153,拒绝,למנוע,verbs,1.18
1154,侄子,דודה,nouns,0.79
1155,便宜,בר השגה,adjectives,2.66
1156,踝,חלון,nouns,0.0
1157,脊柱,צוואר,nouns,0.97
1158,罪人,קדוש,nouns,0.49
1159,忽略,להדפיס,verbs,0.1
1160,椅子,טלסקופ,nouns,0.15
1161,合理的解释,לחשוב,verbs,0.88
1162,腰部,ארוחה,nouns,0.4
1163,老师,רב,nouns,1.47
1164,通常,יומיומי,adverbs,3.49
1165,爆玉米花,קולנוע,nouns,0.72
1166,朋友,בחור,nouns,1.49
1167,字,מילון,nouns,1.18
1168,军队,צי,nouns,3.61
1169,好斗,מעוקל,adjectives,0.14
1170,拉,לדחוף,verbs,0.72
1171,脏,זול,adjectives,0.72
1172,银行,מושב,nouns,0.14
1173,经济,מערכת אקולוגית,nouns,0.5
1174,纸币,תשלום,nouns,0.55
1175,简单,נוקשה,adjectives,0.49
1176,出现,לעזוב,verbs,0.3
1177,说话,להקשיב,verbs,0.72
1178,火鸡,תרנגולת,nouns,1.94
1179,坏,מעולה,adjectives,0.45
1180,交流,שפה,nouns,1.27
1181,偶然,בקביעות,adverbs,1.07
1182,空气,הליום,nouns,2.27
1183,值得,להשתכר,verbs,0.69
1184,乞求,להשאיל,verbs,0.55
1185,辩论,להתווכח,verbs,2.99
1186,静脉,בטן,nouns,0.54
1187,日常,בדרך כלל,adverbs,3.49
1188,茶,לימון,nouns,0.49
1189,无知,רגיל,adjectives,0.1
1190,出席,לשלוח,verbs,0.45
1191,威士忌酒,אלכוהול,nouns,2.92
1192,粗糙地,בערך,adverbs,1.41
1193,字,עיתון,nouns,1.57
1194,困难,קשה,adjectives,4.08
1195,联合,קומבינציה,nouns,2.72
1196,女人,פרווה,nouns,0.2
1197,公司,עסק,nouns,2.55
1198,在场,היעדרות,nouns,0.59
1199,仁慈地,בצורה יפה,adverbs,4.37
1200,房屋,מפתח,nouns,0.65
1201,受惊,נרגש,adjectives,0.93
1202,冷静,ניטרלי,adjectives,0.89
1203,疏忽,לנשל,verbs,0.5
1204,信念,פרח,nouns,0.09
1205,争论,לשכנע,verbs,2.04
1206,淋透,להקטין,verbs,0.25
1207,心烦,מובך,adjectives,0.69
1208,旧,טרי,adjectives,0.59
1209,喝,לבלוע,verbs,1.45
1210,终末,אחרת,adverbs,0.1
1211,减少,לספוג,verbs,0.25
1212,钝,חד,adjectives,0.89
1213,出租车,מכונית,nouns,3.08
1214,拒绝,לתת,verbs,0.05
1215,搜索,לצוד,verbs,1.36
1216,交付,לקחת,verbs,0.59
1217,强烈地,רשמית,adverbs,0.32
1218,人,סנט,nouns,0.65
1219,轻轻的,בקול רם,adverbs,0.25
1220,系统,אשמה,nouns,0.2
1221,支持者,קריקט,nouns,0.3
1222,蚂蚁,דבורה,nouns,1.03
1223,军官,סגן,nouns,1.83
1224,职业,מכללה,nouns,0.65
1225,做,להרוס,verbs,0.59
1226,发誓,להבטיח,verbs,4.46
1227,班级,מכללה,nouns,0.79
1228,坚固地,בחוזקה,adverbs,2.92
1229,徘徊,לעזוב,verbs,0.74
1230,布,בגדים,nouns,2.33
1231,学习,לאמוד,verbs,0.57
1232,残忍,לא הוגן,adjectives,0.72
1233,好的,בינוני,adjectives,0.78
1234,壁,מבצר,nouns,0.97
1235,猫,חיית מחמד,nouns,3.03
1236,竞争,לסיים,verbs,0.1
1237,逃走,להימלט,verbs,5.42
1238,猎物,אל,nouns,0.05
1239,吉他,פורל,nouns,0.05
1240,风尚,אופנה,nouns,2.98
1241,门,קומה,nouns,0.5
1242,奇怪地,אחרת,adverbs,0.33
1243,笨,אינטליגנטי,adjectives,0.54
1244,饥饿,צמא,adjectives,1.66
1245,搅拌, לנער,verbs,2.15
1246,米饭,ילד,nouns,0.2
1247,针织套衫,מעיל,nouns,2.59
1248,聪慧,מטומטם,adjectives,0.54
1249,面包,גבינה,nouns,0.69
1250,栅栏,כלוב,nouns,2.21
1251,芝士,לחם,nouns,0.69
1252,整齐,נקי,adjectives,3.1
1253,手臂,צוואר,nouns,0.69
1254,吵闹,רעש,nouns,4.38
1255,制服,לחנוק,verbs,0.29
1256,兄弟,אחות,nouns,2.5
1257,嫌疑人,איש,nouns,0.68
1258,火车,חשמלית,nouns,2.11
1259,电视,קולנוע,nouns,2.53
1260,愤怒,הססן,adjectives,0.78
1261,离开,להופיע,verbs,0.3
1262,甜,חשמלי,adjectives,0.0
1263,保持,להחזיק,verbs,3.04
1264,拿,לשאת,verbs,2.36
1265,交易,למכור,verbs,3.41
1266,周末,מרוץ,nouns,0.05
1267,喇叭,מכונית,nouns,0.74
1268,映像,תמונה,nouns,2.44
1269,明亮地,בקלות,adverbs,0.4
1270,推荐,לייעץ,verbs,3.31
1271,学生,תלמיד,nouns,4.6
1272,退休,לסגת,verbs,2.56
1273,雪,קרח,nouns,2.67
1274,正义,בית דין,nouns,1.56
1275,精确地,באופן לא מדויק,adverbs,0.68
1276,球,מחבט,nouns,0.83
1277,乘法,חילוק,nouns,1.41
1278,街,סמטה,nouns,3.44
1279,男孩,מצב,nouns,0.14
1280,手工业,מסורת,nouns,1.64
1281,手臂,עצם,nouns,0.88
1282,允许,לאפשר,verbs,4.18
1283,大致,באופן אמין,adverbs,0.29
1284,混合,לשתות,verbs,0.45
1285,笨,טיפשי,adjectives,4.88
1286,搏斗,לשחק,verbs,1.03
1287,纽扣,בגדים,nouns,0.88
1288,家俱,מיטה,nouns,2.83
1289,换算,גובה,nouns,0.49
1290,笔记本,לפטופ,nouns,4.89
1291,机械地,באופן אידיאלי,adverbs,0.24
1292,给,לדעת,verbs,0.0
1293,家牛,יוגורט,nouns,0.78
1294,嘴巴,אף,nouns,0.65
1295,控制,לעצור,verbs,0.43
1296,天花板,גג,nouns,3.49
1297,理解,לספק,verbs,0.38
1298,伟大,רע,adjectives,0.45
1299,传感器,רדיאטור,nouns,0.58
1300,需要,לסדר,verbs,0.15
1301,负责任,באופן אמין,adverbs,3.13
1302,满载,כבד,adjectives,1.06
1303,球,ספירה,nouns,3.35
1304,流感,חום,nouns,1.79
1305,男人,בעל,nouns,2.95
1306,咬,לקרוא,verbs,0.0
1307,容易,גדול,adjectives,0.35
1308,轻轻地,בבהירות,adverbs,0.4
1309,头脑,נוירוזה,nouns,0.69
1310,显微镜,ביולוג,nouns,0.64
1311,感觉,אינטואיציה,nouns,4.34
1312,感情上,בעצב,adverbs,0.91
1313,伙伴,ידיד,nouns,4.25
1314,蜜蜂,מלכה,nouns,0.6
1315,使气馁,לעודד,verbs,0.68
1316,冷淡,שביר,adjectives,0.3
1317,客串角色,הופעה,nouns,0.1
1318,大门,דלת,nouns,4.92
1319,暂停,להמתין,verbs,1.68
1320,篱笆,קפיצה,nouns,0.35
1321,毕业,לסיים,verbs,2.03
1322,停,לנהוג,verbs,0.49
1323,码,מטר,nouns,2.69
1324,害怕,ביישן,adjectives,1.35
1325,父亲,בת,nouns,0.79
1326,悬崖,זנב,nouns,0.0
1327,演员,שחקנית,nouns,3.38
1328,简单,קשה,adjectives,0.45
1329,煮,לערבב,verbs,0.83
1330,通知,לתאר,verbs,0.45
1331,显然,בערך,adverbs,0.68
1332,布料,בגדים,nouns,1.88
1333,手机,אננס,nouns,0.0
1334,灵魂,אח,nouns,0.1
1335,可怕,עצוב,adjectives,0.97
1336,浪费,לדאוג,verbs,0.1
1337,鼓励,לדכא,verbs,0.68
1338,古老,מודרני,adjectives,0.5
1339,快乐,שמח,adjectives,5.47
1340,柠檬,תה,nouns,0.49
1341,兄弟会,בייסבול,nouns,0.25
1342,工业,עסק,nouns,1.46
1343,衣服,בד,nouns,1.88
1344,征服,המנון,nouns,0.25
1345,人,אוכלוסייה,nouns,2.92
1346,生物学,ביוטופ,nouns,1.39
1347,承诺,להישבע,verbs,4.46
1348,相信,לדעת,verbs,0.91
1349,艺术品,אמן,nouns,1.16
1350,开心,כועס,adjectives,0.5
1351,自信,עצמי,nouns,0.63
1352,枪,אנשים,nouns,0.3
1353,星系,אסטרונום,nouns,0.84
1354,歇斯底里,בלבול,nouns,1.92
1355,混乱,בשלווה,adverbs,0.2
1356,裁判官,דין,nouns,2.97
1357,戏法,אמבטיה,nouns,0.0
1358,岛,משימה,nouns,0.0
1359,减少,להנמיך,verbs,3.76
1360,碗,זנב,nouns,0.0
1361,有攻击性的,חצוף,adjectives,1.19
1362,个人,פרטי,adjectives,4.68
1363,毛线衣,כותנה,nouns,1.02
1364,男人,שומר,nouns,1.3
1365,解决,לסיים,verbs,1.77
1366,蔑视,להאשים,verbs,0.4
1367,血液,גוף,nouns,1.01
1368,使惊奇,לחגוג,verbs,0.88
1369,保护,לכסות,verbs,1.39
1370,食物,תוכנית,nouns,0.25
1371,手指,יד,nouns,1.76
1372,大灾变,שריפה,nouns,0.91
1373,明显,בולט,adjectives,3.74
1374,意见,רעיון,nouns,3.21
1375,脖子,זרוע,nouns,0.69
1376,剑,סביבה,nouns,0.18
1377,成长,להתכווץ,verbs,0.74
1378,容易地,בנוחיות,adverbs,1.58
1379,数字,מספר,nouns,4.88
1380,报纸,מידע,nouns,1.61
1381,世纪,ליקר,nouns,0.0
1382,教室,פרוזדור,nouns,0.54
1383,离开,לנסוג,verbs,3.42
1384,害羞,יקר,adjectives,0.05
1385,重,גדול,adjectives,0.97
1386,主意,תכנית,nouns,2.56
1387,传统,עבודת יד,nouns,1.64
1388,争论,לדון,verbs,2.99
1389,恐龙,פיל,nouns,0.64
1390,生日,שנה,nouns,1.02
1391,培根,בשר,nouns,2.79
1392,成为,להופיע,verbs,0.23
1393,商业,חברה,nouns,2.55
1394,探索,להתעלם,verbs,0.25
1395,屋顶,קומה,nouns,0.74
1396,生病,משוגע,adjectives,1.05
1397,根,דשא,nouns,0.83
1398,男人,אחוה,nouns,1.18
1399,伤害,ליפול,verbs,1.02
1400,马,שור,nouns,1.07
1401,地图,כיכר,nouns,0.58
1402,快,מהיר,adjectives,5.2
1403,正义,זכות,nouns,0.78
1404,国境,תחום,nouns,3.74
1405,疯狂,שמח,adjectives,0.91
1406,父亲,הורה,nouns,3.88
1407,实现,לנסות,verbs,0.86
1408,自然地,באופן לא טבעי,adverbs,0.63
1409,狀師,פרקליט,nouns,3.79
1410,多,פעמיים,adverbs,0.64
1411,公式,יומן,nouns,0.2
1412,显然,באופן מקומי,adverbs,0.1
1413,女士,ג'נטלמן,nouns,0.73
1414,主教,ארכיבישוף,nouns,3.68
1415,年龄,יופי,nouns,0.68
1416,精确,שגוי,adjectives,0.59
1417,充电器,דיסק,nouns,0.2
1418,高速公路,משימה,nouns,0.0
1419,首词,תחביר,nouns,0.68
1420,大笑,לגחך,verbs,3.75
1421,加,לבנות,verbs,1.65
1422,差数,שארית,nouns,2.03
1423,句法,מילת מפתח,nouns,0.68
1424,自由,תמים,adjectives,0.15
1425,公共汽车,רכב,nouns,2.45
1426,字典,מילה,nouns,1.18
1427,提高,לשתות,verbs,0.0
1428,原谅,לשכוח,verbs,1.18
1429,苗条,רזה,adjectives,4.58
1430,自由,צנזורה,nouns,0.55
1431,语言,תקשורת,nouns,1.27
1432,牛,עז,nouns,1.07
1433,大教堂,כנסייה,nouns,4.88
1434,攻击,לפגוע,verbs,3.04
1435,罪犯,עבריין,nouns,5.21
1436,慷慨地,באדיבות,adverbs,2.57
1437,旧,חדש,adjectives,0.64
1438,肚子,גוף,nouns,1.81
1439,骨头,זרוע,nouns,0.88
1440,搜索,להסתכל,verbs,1.45
1441,暴动,ציור,nouns,0.15
1442,小巷,רחוב,nouns,3.44
1443,死亡,אסון,nouns,2.24
1444,舒服地,בקלות,adverbs,1.58
1445,争论,להסכים,verbs,0.63
1446,经理,מנהיג,nouns,2.6
1447,必须,מיותר,adjectives,0.64
1448,海岸,ספינת תותחים,nouns,0.65
1449,文明,אורח חיים,nouns,1.31
1450,工作者,משרד,nouns,0.78
1451,云,אובך,nouns,1.95
1452,受伤,להעציב,verbs,0.65
1453,兴奋,מבוהל,adjectives,0.93
1454,雨,ערפל,nouns,1.31
1455,大笑,לבכות,verbs,0.63
1456,从不,שלילי,adjectives,1.85
1457,法官,שופט,nouns,2.97
1458,维他命,ברזל,nouns,1.26
1459,走廊,דלת,nouns,0.88
1460,杂志,כתבה,nouns,1.99
1461,收缩,להקטין,verbs,3.19
1462,软管,מכונית,nouns,0.29
1463,经常地,לעיתים,adverbs,1.07
1464,摩天大楼,ארמון,nouns,1.03
1465,模糊,לא ברור,adjectives,3.89
1466,合金,פלדה,nouns,3.16
1467,瞇,לבהות,verbs,0.93
1468,允许,לשחוק,verbs,0.05
1469,加剧,להטריח,verbs,0.1
1470,珍珠,כסף,nouns,0.45
1471,生气,זעם,nouns,4.5
1472,孩子,בן,nouns,3.58
1473,国会,פרלמנט,nouns,3.42
1474,拥抱,למחוץ,verbs,0.72
1475,任务,אי,nouns,0.0
1476,安全,חוקי,adjectives,0.73
1477,管理,משרה,nouns,0.82
1478,撤离,לקבוע,verbs,0.1
1479,积极地,באופן פסיבי,adverbs,0.43
1480,分数,לדרג,verbs,2.35
1481,失败,לסמוך,verbs,0.29
1482,稻草,רעיה,nouns,0.19
1483,杂乱无章,מסודר,verbs,0.68
1484,氦气,אוויר,nouns,2.27
1485,两次,הרבה,adverbs,0.64
1486,不可能,אפשרי,adjectives,0.64
1487,保持,להשאיל,verbs,0.55
1488,更改,להשתנות,verbs,3.16
1489,激情,רגש,nouns,3.14
1490,律师,גלריה,nouns,0.0
1491,两次,תמיד,adverbs,0.45
1492,演员,טלויזיה,nouns,0.97
1493,防御,לשמור,verbs,4.1
1494,后缀,מוספית,nouns,2.78
1495,主要地,סופני,adverbs,0.0
1496,自己,ביטחון,nouns,0.63
1497,田,שיבולת שועל,nouns,1.13
1498,床,חדר,nouns,0.49
1499,船,עוגן,nouns,0.97
1500,合理的解释,לטעון,verbs,2.99
1501,瓶子,קנקן,nouns,3.53
1502,被动地,במרץ,adverbs,0.43
1503,伤心,מצחיק,adjectives,0.55
1504,组合,איחוד,nouns,2.72
1505,脏,דביק,adjectives,0.77
1506,断绝亲子关系 or...,לתת,verbs,0.45
1507,带来,להתלונן,verbs,0.09
1508,衣服,כפתור,nouns,0.88
1509,穿着衣服的,מכוסה,adjectives,2.68
1510,弯曲,ישר,adjectives,0.59
1511,丰富,שפע,nouns,3.79
1512,拒绝,לקבל,verbs,0.66
1513,合法,לא חוקי,adjectives,0.59
1514,聚酯纤维,כותנה,nouns,1.2
1515,货车,חבילה,nouns,0.39
1516,草药,מריחואנה,nouns,2.82
1517,享受,לבדר,verbs,1.35
1518,杯子,כף,nouns,0.8
1519,男孩,חייל,nouns,1.58
1520,安慰,להשפיל,verbs,0.44
1521,考试,סילבוס,nouns,0.78
1522,玻璃,תג,nouns,0.24
1523,叫喊,לצעוק,verbs,3.92
1524,发送,להגיע,verbs,0.45
1525,硬币,תשלום,nouns,1.45
1526,草莓,דובדבן,nouns,1.67
1527,尺寸,סנט,nouns,0.1
1528,女演员,שחקן,nouns,3.38
1529,老师,חבר,nouns,0.86
1530,窗帘,מוט,nouns,0.83
1531,做,להפסיק,verbs,0.35
1532,其他,הפוך,adjectives,0.43
1533,沉闷,משעמם,adjectives,2.04
1534,善良,נדיב,adjectives,1.7
1535,矿,סלע,nouns,1.71
1536,大自然,צמחייה,nouns,2.06
1537,年轻,עצבני,adjectives,0.2
1538,公平,באופן לא הוגן,adverbs,0.68
1539,制服,קרושה,nouns,0.38
1540,傻笑,לצחוק,verbs,3.75
1541,成为,לארגן,verbs,0.55
1542,生活,לשרוד,verbs,2.58
1543,想,להצדיק,verbs,0.88
1544,机灵,ערמומי,adjectives,2.4
1545,弯曲,תוקפני,adjectives,0.14
1546,品质,מטרייה,nouns,0.34
1547,坚固地,ברוגע,adverbs,0.33
1548,穆斯林,בישוף,nouns,1.02
1549,打中,לפספס,verbs,0.68
1550,按下,לשחרר,verbs,0.45
1551,书,תאונה,nouns,0.0
1552,自行车,חדר שינה,nouns,0.15
1553,疯狂,מעולה,adjectives,0.48
1554,给予,להשאיל,verbs,2.41
1555,跳跃,גדר,nouns,0.35
1556,挤压,לחבק,verbs,0.72
1557,字典,הגדרה,nouns,1.12
1558,重要,הכרחי,adjectives,3.56
1559,走,לשלוח,verbs,0.39
1560,薪水,עמלה,nouns,0.96
1561,书,תורה,nouns,1.98
1562,考古学,אנתרופולוגיה,nouns,1.41
1563,陷害,מכה,nouns,0.04
1564,获得,לגנוב,verbs,1.33
1565,护士,מדען,nouns,0.34
1566,傲慢,גאה,adjectives,3.31
1567,才能,יכולת,nouns,5.0
1568,铅笔,סיפור,nouns,0.43
1569,船,מנוע,nouns,0.79
1570,岩浆,הר געש,nouns,1.58
1571,软管,גינה,nouns,0.6
1572,发热,שפעת,nouns,1.79
1573,浮动,לשיר,verbs,0.2
1574,地区,פינה,nouns,0.88
1575,婴儿,מבוגר,nouns,0.97
1576,流言蜚语,חדשות,nouns,2.19
1577,从不,בנדיבות,adverbs,0.45
1578,等待,להישאר,verbs,1.74
1579,大厦,חדר,nouns,0.79
1580,击剑,התעמלות,nouns,1.1
1581,枪,פרווה,nouns,0.0
1582,女儿,אבא,nouns,0.79
1583,地窖,דלת,nouns,0.63
1584,苹果,אור,nouns,0.09
1585,淹,להציל,verbs,0.6
1586,撤退,לעזוב,verbs,3.42
1587,半学年,תקופה,nouns,3.08
1588,必然,בעצם,adverbs,0.53
1589,本地,בוודאי,adverbs,0.1
1590,预测,לשער,verbs,4.26
1591,保留,לשכוח,verbs,0.54
1592,自豪的,בענווה,adverbs,0.72
1593,遇见,לברך,verbs,0.68
1594,水,הכתרה,nouns,0.1
1595,批评,טיעון,nouns,1.35
1596,呼吸,לחנוק,verbs,0.82
1597,飞行,תעופה,nouns,2.95
1598,疯,משוגע,adjectives,5.04
1599,拥有,לקחת,verbs,1.08
1600,象征,סימן,nouns,4.85
1601,血液,וירוס,nouns,0.64
1602,杆,דגל,nouns,1.39
1603,意见,בחירה,nouns,1.2
1604,伙伴,בחור,nouns,1.83
1605,保持,לתת,verbs,0.39
1606,幼儿床,מיטה,nouns,3.34
1607,允许,ללכת,verbs,0.05
1608,甲板,קומה,nouns,2.28
1609,宪法,סנט,nouns,0.86
1610,渴,רעב,adjectives,1.66
1611,摔倒,למעוד,verbs,3.7
1612,大象,דינוזאור,nouns,0.64
1613,页,מילה,nouns,0.6
1614,满足,להבין,verbs,0.38
1615,巨大,מטומטם,adjectives,0.15
1616,大多,לעומק,adverbs,0.68
1617,苹果,מיץ,nouns,1.38
1618,空气,מולקולה,nouns,1.03
1619,沙子,רגל,nouns,0.29
1620,鹰,ציפור,nouns,2.15
1621,拒绝,לבחור,verbs,0.1
1622,尝试,לחשוב,verbs,0.53
1623,肚子,קורס,nouns,0.0
1624,温和,חד,adjectives,0.45
1625,木炭,פחם,nouns,1.84
1626,资料,ספר,nouns,1.7
1627,资本,כסף,nouns,3.98
1628,电视,שחקן,nouns,0.97
1629,马,סוסה,nouns,3.42
1630,责怪,להאשים,verbs,2.88
1631,颚,עצם,nouns,1.62
1632,纸,עץ,nouns,0.92
1633,海岸,גדה,nouns,2.96
1634,减少,לרדת,verbs,0.79
1635,惩罚,ללמד,verbs,0.78
1636,通知,לאשר,verbs,0.7
1637,方式,דרך,nouns,4.43
1638,棒球,ספה,nouns,0.1
1639,身体,זרוע,nouns,0.97
1640,滑雪,סנוברד,nouns,2.13
1641,有趣,עצוב,adjectives,0.55
1642,分钟,שנייה,nouns,2.19
1643,捕获,לחקות,verbs,0.15
1644,大致,באופן שולי,adverbs,1.45
1645,发送,לשגר,verbs,3.5
1646,导演,סינמטוגרפיה,nouns,1.19
1647,留,לקבל,verbs,0.39
1648,友好,לא סביר,adverbs,0.09
1649,乐观地,ייתכן,adverbs,0.68
1650,结婚,להתארס,verbs,2.18
1651,假,אמיתי,adjectives,0.64
1652,马上,פעם אחת,adverbs,0.2
1653,母鸡,הודו,nouns,1.94
1654,有趣,כדורגל,nouns,0.45
1655,家,מדינה,nouns,0.65
1656,王冠,מפתח,nouns,0.0
1657,假,מלאכותי,adjectives,3.3
1658,尝试,להשיג,verbs,0.86
1659,清洁,מסודר,adjectives,3.1
1660,讨论,להסביר,verbs,1.65
1661,聪明,אינטליגנטי,adjectives,5.24
1662,缺席,נוכחות,nouns,0.59
1663,磁盘,מטען,nouns,0.2
1664,生存,לחיות,verbs,2.58
1665,酱,תפוח,nouns,0.44
1666,暴力,כועס,adjectives,1.65
1667,奖学金,שכר לימוד,nouns,1.02
1668,加剧,לתקוף,verbs,0.63
1669,校园,אוניברסיטה,nouns,2.56
1670,赚,להיות ראוי,verbs,0.69
1671,词元,הברה,nouns,1.2
1672,深度地,באופן משמעותי,adverbs,2.58
1673,教堂,קתדרלה,nouns,4.88
1674,应用,גלקסי,nouns,0.3
1675,小麦,דגנים,nouns,3.13
1676,失去,לשמור,verbs,0.44
1677,秒,דקה,nouns,2.19
1678,自豪,מסכן,adjectives,0.15
1679,推,למשוך,verbs,0.72
1680,离开,לפגוש,verbs,0.53
1681,口香糖,מנטה,nouns,0.92
1682,第五,עליון,adjectives,0.29
1683,付款,לקנות,verbs,2.66
1684,狭窄,מלוכלך,adjectives,0.0
1685,借,לתת,verbs,2.41
1686,辣,חלש,adjectives,0.1
1687,船,מכונית,nouns,0.98
1688,信封,קישוט,nouns,0.52
1689,社论,חדשות,nouns,2.37
1690,公主,אי,nouns,0.3
1691,碰撞,להתנגש,verbs,3.68
1692,车,מד,nouns,0.54
1693,学习,לשכוח,verbs,0.45
1694,收到,לשלוח,verbs,0.77
1695,洞察力,אינטליגנציה,nouns,2.33
1696,副驾驶,תא הטייס,nouns,1.02
1697,实质上,אנושות,adverbs,0.28
1698,缺口,פתח,nouns,3.62
1699,怪异,מוזר,adjectives,4.63
1700,蝴蝶,ורד,nouns,0.53
1701,笔直,מעוקל,adjectives,0.59
1702,信,פסקה,nouns,0.89
1703,吸收,לסגת,verbs,0.2
1704,接受,להאמין,verbs,1.25
1705,收缩,לצמוח,verbs,0.74
1706,毁灭,לפרק,verbs,3.07
1707,鳟鱼,גיטרה,nouns,0.05
1708,说服,להתווכח,verbs,2.13
1709,频繁,בור,adjectives,0.1
1710,网球,סטטיסטיקה,nouns,0.1
1711,国王,נפוטיזם,nouns,0.78
1712,塔,פעמון,nouns,0.82
1713,章,בחירה,nouns,0.15
1714,闷,בינוני,adjectives,1.05
1715,重新安葬,קבר,nouns,1.07
1716,相像,דומה,adjectives,3.5
1717,聪明,מטומטם,adjectives,0.55
1718,歌曲,בלדה,nouns,3.59
1719,火鸡,ציפור,nouns,1.63
1720,死,להתפורר,verbs,0.43
1721,坚固,ערמומי,adjectives,0.29
1722,鸡,אורז,nouns,0.55
1723,模拟,רובוטיקה,nouns,0.88
1724,获得,למצוא,verbs,1.74
1725,宽大,צר,adjectives,0.64
1726,枪,סמל,nouns,0.34
1727,沼泽,אגם,nouns,0.92
1728,大笑,לשיר,verbs,0.35
1729,宽广,גדול,adjectives,2.74
1730,让,להרשות,verbs,4.18
1731,加,לכפול,verbs,0.88
1732,统治,לנצח,verbs,1.08
1733,说话,ללחוש,verbs,2.6
1734,证明,עובדה,nouns,1.21
1735,想像,ליצור,verbs,1.17
1736,发送,להביא,verbs,0.6
1737,井然有序,מבולגן,adjectives,0.64
1738,运动鞋,מדליה,nouns,0.55
1739,新闻,מאמר מערכת,nouns,2.37
1740,半岛,אי,nouns,3.12
1741,获得,להצטרף,verbs,0.2
1742,没有覆蓋的,מכוסה,adjectives,0.59
1743,毛,אישה,nouns,0.2
1744,夏天,חורף,nouns,0.74
1745,豆,בייקון,nouns,0.5
1746,平面,סדין,nouns,0.14
1747,门,מרתף,nouns,0.63
1748,锡,אלומיניום,nouns,1.31
1749,完成,לסיים לימודים,verbs,2.03
1750,相信,להרגיש,verbs,1.21
1751,智力,היגיון,nouns,2.9
1752,毯,עץ,nouns,0.15
1753,暴力,קיצוני,adjectives,1.88
1754,红酒,ברנדי,nouns,2.51
1755,警告,לעצור,verbs,0.49
1756,完成,לפתור,verbs,1.77
1757,订婚,להתחתן,verbs,2.18
1758,发光,לזרוח,verbs,3.96
1759,降落,לצמצם,verbs,0.79
1760,海,צונאמי,nouns,1.33
1761,候选人,מנצח,nouns,1.69
1762,吸收,ללמוד,verbs,2.35
1763,三文治,ארוחה,nouns,0.89
1764,参议院,חוקה,nouns,0.86
1765,鸢尾花,אצטילכולין,nouns,0.3
1766,百科全书,מילון,nouns,2.06
1767,圣歌,כבוש,nouns,0.25
1768,大学,כיתה,nouns,0.79
1769,政治家,נשיא,nouns,2.59
1770,三角洲,ים,nouns,0.89
1771,哥哥,ילד,nouns,2.39
1772,恶意软件,תולעת,nouns,1.3
1773,想要,להשאיל,verbs,0.24
1774,建造,לעשות,verbs,2.53
1775,牛奶,מיץ,nouns,1.07
1776,戒除,לעשות,verbs,0.35
1777,臭氧,אטמוספירה,nouns,3.02
1778,大气层,זיהום,nouns,0.39
1779,鼻子,גרון,nouns,0.74
1780,冲洗,לרחוץ,verbs,5.02
1781,刀口,דשא,nouns,0.25
1782,外国人,חייזר,nouns,3.01
1783,出租车,מונית,nouns,5.66
1784,章,זנב,nouns,0.2
1785,阳光,שמיים,nouns,1.16
1786,抱怨,להביא,verbs,0.09
1787,说,לבטא,verbs,3.79
1788,沐浴,בלון,nouns,0.05
1789,离开,לקחת,verbs,0.15
1790,宠物,חתול,nouns,3.03
1791,疾病,סכנה,nouns,0.82
1792,身体,עצב,nouns,1.41
1793,幻灯片,מצביע,nouns,0.29
1794,哭,לייבב,verbs,5.31
1795,教练,שחקן,nouns,0.65
1796,大规模,גדול,adjectives,3.91
1797,公寓,בית,nouns,4.33
1798,察觉,לשמוע,verbs,1.44
1799,紧张,בטוח,adjectives,0.15
1800,字母,עט,nouns,0.4
1801,收入,מס,nouns,0.92
1802,长凳,כיסא,nouns,3.17
1803,直觉,חוש,nouns,4.34
1804,词缀,סיומת,nouns,2.78
1805,主要,לרוב,adverbs,4.25
1806,肉,לחם,nouns,0.54
1807,跑,לרכב,verbs,0.68
1808,政府,לטאה,nouns,0.05
1809,感染,נטייה,nouns,0.05
1810,注意,מודעות,nouns,2.06
1811,汽车,משאית,nouns,2.86
1812,文章,ספר,nouns,2.68
1813,逻辑,אינטליגנציה,nouns,2.9
1814,老鼠,סיפון,nouns,0.05
1815,戏法,אקדח,nouns,0.15
1816,带来,לשלוח,verbs,0.6
1817,不需要,הכרחי,adjectives,0.64
1818,哨,לעצור,verbs,0.1
1819,总统,ראש,nouns,1.95
1820,指甲,אגודל,nouns,1.03
1821,教堂,מקהלה,nouns,0.84
1822,选举,לדחות,verbs,0.1
1823,声明,להודיע,verbs,4.24
1824,金,אבץ,nouns,1.26
1825,房子,דירה,nouns,4.33
1826,类似,זהה,adjectives,3.5
1827,全球化,ויזה,nouns,0.71
1828,呕吐,לסגור,verbs,0.05
1829,盒子,כובע,nouns,0.05
1830,羊,טלה,nouns,3.93
1831,偷,לרכוש,verbs,1.33
1832,上面,תחתית,nouns,0.55
1833,钟,מגדל,nouns,0.82
1834,节奏,מנגינה,nouns,3.52
1835,公共汽车,מונית,nouns,2.19
1836,不合理,באופן לא הוגן,adverbs,2.25
1837,面包,קמח,nouns,1.61
1838,机器,מחשב,nouns,2.62
1839,平凡,רגיל,adjectives,5.25
1840,蠕虫,נוזקה,nouns,1.3
1841,装饰,קיר,nouns,0.67
1842,男人,מנצח,nouns,0.58
1843,办公室,עובד,nouns,0.78
1844,快,זריז,adjectives,5.0
1845,检查,לחקור,verbs,3.11
1846,汤,סעודה,nouns,1.13
1847,任务,כביש,nouns,0.0
1848,国王,נסיך,nouns,2.15
1849,图解,תרשים,nouns,3.84
1850,好心地,באדיבות,adverbs,4.37
1851,球,כדורעף,nouns,2.92
1852,流行,מוכר,adjectives,3.97
1853,违反,פשע,nouns,2.73
1854,貂,שמן,nouns,0.15
1855,十年,מאה,nouns,0.89
1856,坏,שקרן,adjectives,0.91
1857,圣人,חוטא,nouns,0.49
1858,鼻子,פה,nouns,0.65
1859,文化,חברה,nouns,1.39
1860,窗口,ענן,nouns,0.3
1861,阻碍,לשאוף,verbs,0.1
1862,瞄准,להכות,verbs,1.21
1863,之前,אחרי,adverbs,0.68
1864,鸟,הודו,nouns,1.63
1865,幼儿床,מיטת תינוק,nouns,3.65
1866,谨慎,דאגה,nouns,2.93
1867,偷,לתת,verbs,0.58
1868,珍贵,קדוש,adjectives,1.77
1869,机器人技术,סימולציה,nouns,0.88
1870,完成,להפוך,verbs,0.52
1871,哲学家,מרוץ,nouns,0.0
1872,猛烈地,בעצב,adverbs,0.59
1873,合法,בטוח,adjectives,0.73
1874,需要,לברר,verbs,0.69
1875,推,להאשים,verbs,0.38
1876,总是,פעמיים,adverbs,0.45
1877,新鲜,ישן,adjectives,0.59
1878,片,שדה תעופה,nouns,0.1
1879,教,להעניש,verbs,0.78
1880,判断,להחליט,verbs,2.45
1881,帅哥,בחור,nouns,1.21
1882,减肥,סלט,nouns,0.97
1883,河流,ים,nouns,2.15
1884,打,מסגרת,nouns,0.04
1885,薄荷,מסטיק,nouns,0.92
1886,雷达,ג'ויסטיק,nouns,0.15
1887,粘性,התזה,nouns,0.29
1888,拯救,להושיע,verbs,5.21
1889,征服,קרב,nouns,1.23
1890,一次,מיידית,adverbs,0.2
1891,非一般,נדיר,adjectives,4.39
1892,水,קרח,nouns,2.34
1893,新娘,חתן,nouns,1.13
1894,小学生,נשיא,nouns,0.2
1895,毁灭,להרוג,verbs,2.54
1896,离开,ללכת,verbs,3.44
1897,大海,נהר,nouns,2.15
1898,变成,להראות,verbs,0.18
1899,交换,מטבע,nouns,1.2
1900,正式地,חשוב,adverbs,0.95
1901,詞,עמוד,nouns,0.6
1902,学生,מורה,nouns,0.97
1903,传说,מוסר,nouns,0.15
1904,器官,כבד,nouns,2.17
1905,进入,לחוב,verbs,0.0
1906,决定,לתאר,verbs,0.2
1907,僵硬,קל,adjectives,0.49
1908,闪电攻击,מתקפה,nouns,3.38
1909,谦虚,גמיש,adjectives,0.42
1910,知道,להבין,verbs,2.79
1911,电影,תיאטרון,nouns,1.85
1912,丈夫,גבר,nouns,2.95
1913,重要地,באמת,adverbs,0.3
1914,做,לקרות,verbs,0.65
1915,信念,רושם,nouns,0.64
1916,打算,לנסות,verbs,1.26
1917,海,חוף,nouns,2.42
1918,女孩,ילדה,nouns,3.46
1919,帮手,מורה,nouns,1.21
1920,管理,עכבר,nouns,0.0
1921,混合,להכות,verbs,0.05
1922,眼睛,דמעה,nouns,0.97
1923,留,להמתין,verbs,1.74
1924,日期,יומן,nouns,2.12
1925,烘烤,לטגן,verbs,1.55
1926,女人,גבר,nouns,0.98
1927,鸵鸟,פרדס,nouns,0.1
1928,拿,למסור,verbs,0.59
1929,毯子,מיטה,nouns,0.74
1930,拥有,לספוג,verbs,0.33
1931,肉,בקר,nouns,3.07
1932,日出,שקיעה,nouns,1.27
1933,宾客,חבר,nouns,2.64
1934,懊恼,כעס,nouns,2.73
1935,游戏,טריק,nouns,1.07
1936,降低,להקטין,verbs,3.76
1937,似乎,להפוך,verbs,0.18
1938,地心引力,מטאור,nouns,0.5
1939,许多,גודש,nouns,3.79
1940,野兽,חיה,nouns,3.38
1941,鸟,נץ,nouns,2.15
1942,飞机,שדה תעופה,nouns,1.25
1943,敬礼,להופיע,verbs,0.3
1944,岩石,מכרה,nouns,1.71
1945,煮熟的,מורתח,adjectives,2.88
1946,任务,עבודה,nouns,3.58
1947,遇见,לעזוב,verbs,0.53
1948,木,שמיכה,nouns,0.15
1949,走,להתחיל,verbs,0.24
1950,借,לשמור,verbs,0.55
1951,改变,להתחלף,verbs,3.16
1952,宣告,להצהיר,verbs,4.24
1953,消失,למצוא,verbs,0.5
1954,电影,ניהיליזם,nouns,0.43
1955,绞刑,להרוג,verbs,2.25
1956,糟糕,מעולה,adjectives,0.45
1957,图像,השתקפות,nouns,2.44
1958,日历,תאריך,nouns,2.12
1959,喝,לערבב,verbs,0.45
1960,总统,מצלמה,nouns,0.05
1961,毁灭,בנייה,nouns,0.64
1962,稍后,לעולם לא,adverbs,0.44
1963,非常,בבהירות,adverbs,0.15
1964,借,לחוב,verbs,1.03
1965,推荐,לקבל,verbs,0.69
1966,天文学家,גלקסיה,nouns,0.84
1967,香槟酒,בירה,nouns,2.33
1968,统计资料,טניס,nouns,0.1
1969,吸引,להכות,verbs,0.45
1970,牛,בקר,nouns,3.72
1971,带来,לשאת,verbs,2.5
1972,承认,להכחיש,verbs,0.68
1973,接受,להכחיש,verbs,0.2
1974,听,לשמוע,verbs,4.04
1975,手掌,אצבע,nouns,1.76
1976,叔叔,גבר,nouns,1.89
1977,白天,לילה,nouns,0.5
1978,绝望,אומללות,nouns,2.68
1979,虫害,מדביר,nouns,0.78
1980,羞耻,עצוב,adjectives,0.69
1981,天空,יקום,nouns,2.17
1982,三明治,בשר,nouns,0.73
1983,美丽地,באלגנטיות,adverbs,2.69
1984,观看,להתבונן,verbs,4.88
1985,赢,לשלוט,verbs,1.08
1986,地毯,בית,nouns,0.55
1987,大规模,בפתיחות,adverbs,0.8
1988,老鼠,מיכל,nouns,0.0
1989,足球,כדורגל,nouns,3.63
1990,危险,מחלה,nouns,0.82
1991,草,שורש,nouns,0.83
1992,穿,לקרוע,verbs,0.24
1993,小亭,טלפון,nouns,0.3
1994,有时,באופן אחיד,adverbs,0.25
1995,男人,דוד,nouns,1.89
1996,窗口,גג,nouns,0.69
1997,温和,בינוני,adjectives,3.3
1998,电影,אופרה,nouns,1.46
1999,旋律,קצב,nouns,3.52
2000,说谎,להעמיד פנים,verbs,2.74
2001,总统,זיהום,nouns,0.05
2002,对手,מתנגד,nouns,4.55
2003,消逝,להיעלם,verbs,4.13
2004,薪水,כסף,nouns,3.93
2005,极好,משוגע,adjectives,0.48
2006,轻轻的,בנחישות,adverbs,0.2
2007,决定,לבחור,verbs,3.56
2008,假设,לחזות,verbs,4.26
2009,当然,ברור,adverbs,3.06
2010,安全,נוחות,nouns,0.49
2011,电动,מתוק,adjectives,0.0
2012,政治家,שוטר,nouns,0.39
2013,衣服,אריג,nouns,2.33
2014,算术,היגיון,nouns,1.69
2015,想要,לחשוק,verbs,4.14
2016,借,להתחנן,verbs,0.55
2017,星,אסטרואיד,nouns,2.45
2018,城镇,עיר,nouns,3.61
2019,和平地,בהרס,adverbs,0.2
2020,火山,מגמה,nouns,1.58
2021,汽车,מעלית,nouns,0.4
2022,实现,להצליח,verbs,2.05
2023,脸颊,לשון,nouns,0.65
2024,步行,לעמוד,verbs,0.83
2025,智力,תובנה,nouns,2.33
2026,不久,מיד,adverbs,1.81
2027,球拍,כדור,nouns,0.83
2028,雪茄,קופסה,nouns,0.39
2029,某些,עצבני,adjectives,0.15
2030,花费,לחסוך,verbs,0.82
2031,救,לטבוע,verbs,0.6
2032,闻,לקלקל,verbs,0.05
2033,家牛,פרה,nouns,3.72
2034,得罪,להעליב,verbs,3.26
2035,牙齿,פה,nouns,1.12
2036,分子,מטריצה,nouns,0.51
2037,马车,עגלה,nouns,3.62
2038,游标,שבבים,nouns,0.2
2039,弯曲,עקום,adjectives,3.98
2040,风暴,ענן,nouns,1.51
2041,流,להיסחף,verbs,2.55
2042,奇怪,ביזארי,adjectives,4.97
2043,幸福,עצב,nouns,0.55
2044,孩子,בת,nouns,3.35
2045,学习,להקשיב,verbs,1.08
2046,完成,להתחרות,verbs,0.1
2047,农业,מונוקלטורה,nouns,1.14
2048,抓住,לרדוף,verbs,1.99
2049,每周,חודשי,adjectives,1.62
2050,资产,מנייה,nouns,2.77
2051,笨,טיפש,adjectives,5.31
2052,钱,יהלום,nouns,1.1
2053,男子,אבא,nouns,2.73
2054,高高兴兴,נמרצות,adverbs,0.62
2055,天空,חלום,nouns,0.49
2056,摄影,במאי,nouns,1.19
2057,打鼾,להתעורר,verbs,0.63
2058,医生,רופא,nouns,5.01
2059,王子,מלך,nouns,2.15
2060,漂移,לזרום,verbs,2.55
2061,演员,שיר,nouns,0.58
2062,笔记本,אקדח,nouns,0.0
2063,需求,להתווכח,verbs,0.54
2064,赢,להביס,verbs,4.38
2065,自由,חרות,nouns,4.89
2066,大风,שמיכה,nouns,0.4
2067,手臂,וריד,nouns,0.6
2068,状况,מצב,nouns,4.74
2069,巫师,כבל,nouns,0.15
2070,工具,עבודה,nouns,0.58
2071,暴风雨,הוריקן,nouns,3.12
2072,功课,חיבור,nouns,1.3
2073,团结,לחלק,verbs,0.68
2074,原子,מולקולה,nouns,2.53
2075,解释,להוכיח,verbs,2.54
2076,枪,שחר,nouns,0.0
2077,伤心,גאה,adjectives,0.39
2078,树,סירה,nouns,0.55
2079,汽车,טנק,nouns,1.07
2080,坏,בינוני,adjectives,0.39
2081,喝,לגדל,verbs,0.0
2082,赞成,להרשות,verbs,4.26
2083,合作伙伴,ילד,nouns,0.72
2084,查询,לחשוב,verbs,0.69
2085,缺乏信心,תלותי,adjectives,0.7
2086,服装,כדור,nouns,0.24
2087,卖,לסחור,verbs,3.41
2088,联合,קנה סוכר,nouns,0.25
2089,有礼貌地,בחשאי,adverbs,0.42
2090,埋葬,לכסות,verbs,2.58
2091,警察,פוליטיקאי,nouns,0.39
2092,进入,ללכת,verbs,0.8
2093,谦虚,טהור,adjectives,1.05
2094,乙酰胆碱,איריס,nouns,0.3
2095,无助,פגיע,adjectives,2.6
2096,通常,באופן לא סדיר,adverbs,0.68
2097,车,סירה,nouns,0.98
2098,金属,פח,nouns,2.21
2099,脏,מדהים,adjectives,0.15
2100,风格,אלגנטיות,nouns,1.91
2101,徘徊,לחפש,verbs,0.73
2102,脚,ראש,nouns,0.64
2103,谢绝,לקבל,verbs,0.63
2104,医生,מזג,nouns,0.0
2105,舞蹈,שמלה,nouns,0.44
2106,大,רחב,adjectives,2.74
2107,日期,יום הולדת,nouns,1.52
2108,尾巴,פרק,nouns,0.2
2109,病菌,פתוגן,nouns,3.38
2110,无家可归,מיליונר,nouns,0.45
2111,装作,לשקר,verbs,2.74
2112,工作,כלי,nouns,0.58
2113,开始,להפסיק,verbs,0.5
2114,失败,פשיטת רגל,nouns,1.21
2115,普通,מדהים,adjectives,0.4
2116,资料,עיתון,nouns,1.61
2117,获得,לקצור,verbs,2.42
2118,不同,סופית,adverbs,0.1
2119,区域,שטח,nouns,4.94
2120,派对,מסיכה,nouns,0.54
2121,撞击,להתרסק,verbs,3.68
2122,日落,חוט,nouns,0.0
2123,容易,קשה,adjectives,0.59
2124,授粉,אבקן,nouns,1.36
2125,黎明,יום,nouns,2.37
2126,作家,כישרון,nouns,0.65
2127,松动,גמיש,adjectives,1.76
2128,粘人,חסר ביטחון,adjectives,0.7
2129,卧室,בטן,nouns,0.05
2130,恐吓,לרדוף,verbs,0.57
2131,灯,שד,nouns,0.45
2132,议会,קונגרס,nouns,3.42
2133,成功,להיכשל,verbs,0.68
2134,舌头,שריר,nouns,0.89
2135,牛肉,בשר,nouns,3.07
2136,服从,להקשיב,verbs,2.96
2137,教堂,צריח,nouns,1.36
2138,柑橘,תפוז,nouns,3.19
2139,断绝亲子关系,להזניח,verbs,0.5
2140,蜜糖,מחלבה,nouns,0.43
2141,哭,לצחוק,verbs,0.63
2142,波浪,מזג אוויר,nouns,0.34
2143,一般,באופן חריג,adverbs,0.45
2144,领导,מנהל,nouns,2.6
2145,体操,סיוף,nouns,1.1
2146,建造,הרס,nouns,0.64
2147,防守,להרוג,verbs,0.58
2148,失败,להצליח,verbs,0.68
2149,门,פעמון,nouns,0.55
2150,身体,בטן,nouns,1.81
2151,黏,רטוב,adjectives,1.55
2152,高兴,שמח,adjectives,5.42
2153,判决书,משפט,nouns,2.01
2154,晚餐,מרק,nouns,1.13
2155,想像,להתחזות,verbs,0.59
2156,数,ספרה,nouns,4.88
2157,可能,באופטימיות,adverbs,0.68
2158,游泳,להיפגש,verbs,0.05
2159,农药,מזיק,nouns,0.78
2160,最近,באופן מציאותי,adverbs,0.1
2161,心脏,ניתוח,nouns,0.54
2162,恢复,להביא,verbs,0.65
2163,身体,חזה,nouns,1.8
2164,建议,לייעץ,verbs,3.31
2165,脆弱,נוח,adjectives,0.19
2166,戒指,אירוסין,nouns,1.64
2167,污染,אטמוספירה,nouns,0.39
2168,帽子,קופסה,nouns,0.05
2169,雨,טפטוף,nouns,3.23
2170,码,אינץ',nouns,2.33
2171,窄小,רחב,adjectives,0.64
2172,豆,אורז,nouns,0.97
2173,大薄片,מטוס,nouns,0.14
2174,听,ללמוד,verbs,1.08
2175,游戏,כיף,nouns,0.88
2176,争论,לנמק,verbs,2.99
2177,看,לחפש,verbs,1.45
2178,蛋白质,ידית,nouns,0.0
2179,选择,לרצות,verbs,0.96
2180,接受,להמליץ,verbs,0.69
2181,公主,לחמניה,nouns,0.0
2182,肉,בייקון,nouns,2.79
2183,批评,לשנוא,verbs,0.47
2184,精确地,במדוייק,adverbs,5.13
2185,证明,להסביר,verbs,2.54
2186,工人,מכונאי,nouns,2.13
2187,存款,אדם חסכן,nouns,0.78
2188,包皮,ברית מילה,nouns,1.17
2189,老板,מנהל,nouns,4.93
2190,男孩,אורז,nouns,0.2
2191,模式,אופנה,nouns,0.39
2192,肉,כריך,nouns,0.73
2193,偷偷,בבטחה,adverbs,0.45
2194,失去,לבשל,verbs,0.0
2195,床,חדר שינה,nouns,1.11
2196,故障,מערכת,nouns,0.2
2197,白兰地酒,אלכוהול,nouns,3.07
2198,广口瓶,בקבוק,nouns,3.53
2199,放,לתת,verbs,0.54
2200,侮辱,לפגוע,verbs,3.26
2201,强度,סבולת,nouns,2.63
2202,捏,לחבוט,verbs,0.43
2203,无实体,רוחני,adjectives,2.17
2204,芥末,גרגיר,nouns,0.97
2205,掩饰,לכסות,verbs,3.5
2206,球,כפפה,nouns,0.59
2207,头,רגל,nouns,0.64
2208,惩罚,לציית,verbs,0.49
2209,外交,הדיינות,nouns,1.81
2210,仆人,עבד,nouns,3.93
2211,掩盖,להגן,verbs,1.39
2212,脖子,גב,nouns,0.97
2213,寻求,מטרה,nouns,1.1
2214,单种栽培,חקלאות,nouns,1.14
2215,相机,נשיא,nouns,0.05
2216,人,דולר,nouns,0.05
2217,成功,לנסות,verbs,0.98
2218,作者,קורא,nouns,0.78
2219,洞,הסכם,nouns,0.0
2220,头,כתף,nouns,0.79
2221,用拳猛击,לצבוט,verbs,0.43
2222,承认,להסכים,verbs,3.68
2223,步行,לצלוע,verbs,2.02
2224,犯罪,הפרה,nouns,2.73
2225,火,אפוקליפסה,nouns,0.91
2226,相反,אחר,adjectives,0.43
2227,国王,שליט,nouns,4.65
2228,家具,דירה,nouns,0.55
2229,争论,להוכיח,verbs,1.71
2230,红色,כחול,adjectives,0.84
2231,小孩,מבוגר,nouns,0.97
2232,文学,מילה,nouns,1.75
2233,羞耻,בר מזל,adjectives,0.1
2234,正牙医生,רופא,nouns,3.02
2235,房间,בניין,nouns,0.79
2236,死亡,טרגדיה,nouns,2.33
2237,手臂,רגל,nouns,1.18
2238,船,עץ,nouns,0.55
2239,结婚,להצטרף,verbs,0.39
2240,非自然,בטבעיות,adverbs,0.63
2241,深度,גודל,nouns,1.36
2242,目标,מנצח,nouns,0.5
2243,开心,צעיר,adjectives,0.39
2244,听,להבין,verbs,1.58
2245,合作,להצטרף,verbs,0.87
2246,借,לרצות,verbs,0.24
2247,走开,לעזוב,verbs,3.44
2248,保持,להפסיד,verbs,0.44
2249,说服,להתווכח,verbs,2.04
2250,小说,סופר,nouns,0.8
2251,有意义地,במיוחד,adverbs,2.8
2252,不确定,מפוחד,adjectives,1.11
2253,借款人,אשראי,nouns,1.16
2254,试着,להתכוון,verbs,1.26
2255,学院,מקצוע,nouns,0.65
2256,阳光,תפוח,nouns,0.09
2257,分析,להשוות,verbs,2.37
2258,电话,קורבן,nouns,0.15
2259,探索,לגלות,verbs,2.76
2260,手套,כדור,nouns,0.59
2261,头盔,נשק,nouns,0.89
2262,之后,לפני,adverbs,0.68
2263,幼苗,עלה,nouns,1.31
2264,等待,לעזוב,verbs,0.38
2265,擦,להתדרדר,verbs,0.0
2266,周末,שבוע,nouns,1.98
2267,进入,לעזוב,verbs,0.63
2268,密码,סמל,nouns,0.7
2269,可靠地,באופן סביל,adverbs,0.5
2270,外国人,מתרגם,nouns,0.48
2271,灰尘,מטאטא,nouns,0.83
2272,司机,טייס,nouns,1.92
2273,清醒,לנחור,verbs,0.63
2274,月,אוגוסט,nouns,2.4
2275,害怕,עצבני,adjectives,1.5
2276,拖着脚走,לרכב,verbs,0.4
2277,建立,לחבר,verbs,1.65
2278,忘记,לסלוח,verbs,1.18
2279,突变体,סוציוביולוגיה,nouns,0.63
2280,锌,זהב,nouns,1.26
2281,使满意,להסכים,verbs,1.5
2282,母鸡,ציפור,nouns,1.87
2283,运动员,אצן,nouns,2.79
2284,摇床,עריסה,nouns,3.65
2285,肢体,רגל,nouns,2.45
2286,岛,חצי אי,nouns,3.12
2287,溅,צמיגות,nouns,0.29
2288,平淡,משועמם,adjectives,2.04
2289,钢笔,אלפבית,nouns,0.4
2290,搏斗,לחלוק,verbs,0.75
2291,救,להגן,verbs,2.48
2292,挂,להניח,verbs,1.01
2293,大灾难,תאונה,nouns,3.6
2294,不同意,להסכים,verbs,0.68
2295,猫,כלב,nouns,0.97
2296,身体,כתף,nouns,1.17
2297,完全必要,הכרחי,adjectives,5.28
2298,贫穷,גאה,adjectives,0.15
2299,小学生,סטודנט,nouns,4.6
2300,害怕,לא בטוח,adjectives,1.11
2301,平庸,משעמם,adjectives,1.05
2302,奇怪,תמוה,adjectives,5.13
2303,优雅,סגנון,nouns,1.91
2304,慷慨地,לעולם לא,adverbs,0.45
2305,站立,לצעוד,verbs,0.83
2306,黎明,אקדח,nouns,0.0
2307,和声,פסנתר,nouns,0.78
2308,理想地,מכנית,adverbs,0.24
2309,公开,חבוי,adjectives,0.59
2310,信息,אנטרופיה,nouns,1.08
2311,服从,להעניש,verbs,0.49
2312,棉,פוליאסטר,nouns,1.2
2313,行李,הקפת כדור הארץ,nouns,0.1
2314,臀部,שפה,nouns,0.7
2315,说服,לרדוף,verbs,0.34
2316,街,מכונית,nouns,0.69
2317,法官,בית משפט,nouns,1.26
2318,支气管炎,פרצטמול,nouns,0.74
2319,蠢,מטומטם,adjectives,5.31
2320,天气,גל,nouns,0.34
2321,等待,להפסיק,verbs,1.68
2322,门,חלון,nouns,0.97
2323,剧院,סרט,nouns,1.85
2324,装作,להראות,verbs,0.69
2325,旅行,מסע,nouns,4.14
2326,装作,לדמיין,verbs,0.59
2327,技巧,אינטליגנציה,nouns,1.98
2328,签证,גלובליזם,nouns,0.71
2329,裙子,שעון,nouns,0.25
2330,岛,חוף,nouns,1.29
2331,机灵,מטומטם,adjectives,0.54
2332,活动,גמיש,adjectives,0.68
2333,小心地,בזהירות,adverbs,4.08
2334,坚硬,קשיח,adjectives,3.64
2335,停,לשרוק,verbs,0.1
2336,狡诈,לא אמין,adjectives,2.09
2337,大,ענק,adjectives,3.91
2338,人,ילד,nouns,2.18
2339,私人的,ציבורי,adjectives,0.59
2340,柔韧,גדול,adjectives,0.24
2341,柄,חלבון,nouns,0.0
2342,对手,יריב,nouns,4.55
2343,强大,חלש,adjectives,0.5
2344,腿,זרוע,nouns,1.18
2345,黎明,לילה,nouns,0.8
2346,苹果,רוטב,nouns,0.44
2347,杀,להילחם,verbs,1.14
2348,画画,מהומה,nouns,0.15
2349,地板,סיפון,nouns,2.28
2350,放,לקבל,verbs,0.4
2351,显然,כביכול,adverbs,1.21
2352,床,רהיט,nouns,2.83
2353,写,לשרבט,verbs,3.13
2354,除,לכפול,verbs,1.08
2355,带来,להגיע,verbs,1.11
2356,英寸,יארד,nouns,2.33
2357,学校,חוק,nouns,0.68
2358,尖,קהה,adjectives,0.89
2359,依赖,לסמוך,verbs,3.69
2360,贫穷,בודד,adjectives,0.89
2361,存在,דלת,nouns,0.15
2362,家长,מבוגר,nouns,2.54
2363,订婚,טבעת,nouns,1.64
2364,屏幕,פונולוגיה,nouns,0.15
2365,猎鹰,עיט,nouns,2.99
2366,积极地,כנראה,adverbs,0.75
2367,退出,לספוג,verbs,0.2
2368,传染,חולי,nouns,1.69
2369,强调,נינוח,adjectives,0.5
2370,发炎,מחלה,nouns,2.66
2371,便条,משימה,nouns,0.57
2372,忽略,לבקש,verbs,0.44
2373,叶,נבט,nouns,1.31
2374,血液学,פתולוגיה,nouns,2.19
2375,摇动,לאסוף,verbs,0.15
2376,男孩,ילד,nouns,3.44
2377,意料之外,לא צפוי,adjectives,5.29
2378,断绝亲子关系,להתכחש,verbs,1.69
2379,座位,שיפוע,nouns,0.14
2380,盐,מים,nouns,0.73
2381,小麦粉,לחם,nouns,1.61
2382,减去,להפסיד,verbs,1.91
2383,两次,פעם אחת,adverbs,1.17
2384,风,סופה,nouns,2.66
2385,宇宙,שמיים,nouns,2.17
2386,小木屋,בקתה,nouns,3.31
2387,故事,נושא,nouns,1.02
2388,神经心理学,פרפסיכולוגיה,nouns,0.97
2389,射线,שמש,nouns,1.44
2390,明亮,כוכב,nouns,0.83
2391,争论,לדרוש,verbs,0.54
2392,困难,קל,adjectives,0.54
2393,小心地,בבטחה,adverbs,2.33
2394,神经,מעי,nouns,0.39
2395,离开,להתעלם,verbs,0.63
2396,分子,אטום,nouns,2.53
2397,监狱,בחירה,nouns,0.39
2398,勺子,כוס,nouns,0.8
2399,洗手间,חדר שינה,nouns,0.73
2400,水,בצורת,nouns,0.39
2401,神经,מוח,nouns,1.26
2402,动物,אדם,nouns,1.7
2403,一致地,לפעמים,adverbs,0.25
2404,知道,להאמין,verbs,0.91
2405,完美地,באמת,adverbs,0.93
2406,背景,טפט,nouns,3.1
2407,玩具,קובייה,nouns,0.84
2408,合作,להשתתף,verbs,1.11
2409,律师,תובע,nouns,1.98
2410,能力,כוח,nouns,2.81
2411,想,לנסות,verbs,0.53
2412,电梯,מכונית,nouns,0.4
2413,简单,פגיע,adjectives,0.19
2414,似乎,להתחזות,verbs,0.69
2415,真实,מזוייף,adjectives,0.64
2416,椅子,ספה,nouns,2.24
2417,电,תיבה,nouns,0.24
2418,电池,אנרגיה,nouns,1.92
2419,编译器,פונקציה,nouns,1.27
2420,球,תותח,nouns,0.5
2421,高度,המרה,nouns,0.49
2422,女人,משימה,nouns,0.0
2423,接受,לאשר,verbs,3.68
2424,征服,מסע,nouns,0.88
2425,得到,לקנות,verbs,1.01
2426,激进,אלים,adjectives,1.88
2427,续集,מצלמה,nouns,0.04
2428,抓住,לקבל,verbs,0.64
2429,锁起来,תא,nouns,1.35
2430,果园,יען,nouns,0.1
2431,害羞,מפוחד,adjectives,1.35
2432,天气,ענן,nouns,1.69
2433,赢得,להשיג,verbs,1.94
2434,甲板,סירה,nouns,1.21
2435,墙壁,קישוט,nouns,0.67
2436,心情,רגש,nouns,3.19
2437,裙带关系,מלך,nouns,0.78
2438,醋,סלט,nouns,0.64
2439,否认,להודות,verbs,0.68
2440,校验,להגיד,verbs,0.4
2441,募捐活动,ארוע,nouns,1.43
2442,厂,מכונית,nouns,0.54
2443,幸福,מזל,nouns,0.96
2444,故事,עפרון,nouns,0.43
2445,鸡尾酒,אלכוהול,nouns,2.98
2446,优雅地,יפה,adverbs,2.69
2447,操纵杆,רדאר,nouns,0.15
2448,刺激,להרגיז,verbs,4.74
2449,制服,חסר צורה,adjectives,0.1
2450,奇怪地,באופן חריג,adverbs,4.21
2451,符号,קוד,nouns,2.66
2452,有时,בוודאי,adverbs,0.05
2453,高兴,כועס,adjectives,0.78
2454,理解,לדעת,verbs,2.79
2455,车,צופר,nouns,0.74
2456,手臂,גוף,nouns,0.97
2457,才能,יכולת,nouns,4.19
2458,紧紧,בנחישות,adverbs,2.92
2459,离开,להיכנס,verbs,0.63
2460,伞,תנור חימום,nouns,0.6
2461,肩,ראש,nouns,0.79
2462,条件,חוזה,nouns,1.83
2463,警长,שוטר,nouns,4.11
2464,偷,לקנות,verbs,0.63
2465,灾难,מוות,nouns,2.24
2466,决定,לחשוב,verbs,0.68
2467,地区,אזור,nouns,4.85
2468,欲望,לרצות,verbs,4.14
2469,难看,מבולגן,adjectives,0.87
2470,消失,להיכחד,verbs,4.13
2471,小马,סוס,nouns,2.83
2472,床,מרפאה,nouns,0.72
2473,无知,אינטליגנציה,nouns,0.45
2474,今天晚上,היום,adverbs,1.93
2475,末期地,בעיקר,adverbs,0.0
2476,宽,טרי,adjectives,0.0
2477,非法,חוקי,adjectives,0.59
2478,多面体,שחקן,nouns,0.6
2479,汽车旅馆,אכסניה,nouns,4.03
2480,女英雄,גיבור,nouns,3.8
2481,汽车,צינור,nouns,0.29
2482,电话,תא,nouns,0.3
2483,果汁,תפוח,nouns,1.38
2484,选择,להצביע,verbs,3.01
2485,依靠,להיכשל,verbs,0.29
2486,电影,פילם,nouns,3.74
2487,懒,עסוק,adjectives,0.45
2488,电梯,לגרור,verbs,1.48
2489,想,לברר,verbs,0.69
2490,律师,משפטן,nouns,3.79
2491,吸收,להחזיק,verbs,0.33
2492,枯燥,משמים,adjectives,3.91
2493,宗教,חילוניות,nouns,0.6
2494,大炮,רובה,nouns,2.17
2495,老鹰,בז,nouns,2.99
2496,电缆,קוסם,nouns,0.15
2497,亿万富翁,חסר בית,nouns,0.45
2498,酒,מאה,nouns,0.0
2499,罐,בקבוק,nouns,2.22
2500,谷物,חיטה,nouns,3.13
2501,爬,לטייל,verbs,1.13
2502,坠落,להיפצע,verbs,1.02
2503,海军,צבא,nouns,3.61
2504,海滩,ים,nouns,2.42
2505,天神,רוח,nouns,0.55
2506,饮品,בירה,nouns,2.27
2507,顶,צד,nouns,0.39
2508,忽略,לחקור,verbs,0.25
2509,比较,לנתח,verbs,2.37
2510,蜥蜴,נחש,nouns,1.41
2511,肚子,וריד,nouns,0.54
2512,气旋,טייפון,nouns,3.79
2513,大,לאומי,adjectives,0.35
2514,董事,בוס,nouns,4.93
2515,咖啡,פול,nouns,0.88
2516,满足,לרצות,verbs,3.78
2517,页,פסקה,nouns,1.6
2518,退出,לדחות,verbs,0.61
2519,神话,סאטירה,nouns,0.73
2520,球,תחפושת,nouns,0.24
2521,容易,מורכב,adjectives,0.54
2522,闻名,מפורסם,adjectives,3.97
2523,错误,מדוייק,adjectives,0.59
2524,除法,כפל,nouns,1.41
2525,参加竞选,קוף,nouns,0.0
2526,老鼠,הנהלה,nouns,0.0
2527,小心地,באופן מסוכן,adverbs,0.63
2528,机械师,עובד,nouns,2.13
2529,沙文主义,דעה קדומה,nouns,1.89
2530,段,מכתב,nouns,0.89
2531,崇拜,להתפעל,verbs,4.22
2532,种子,מטחנה,nouns,0.54
2533,确定,לחזות,verbs,0.59
2534,饥饿,עייף,adjectives,0.68
2535,很少地,לרוב,adverbs,1.03
2536,穿,לשחוק,verbs,0.39
2537,牛排,בשר,nouns,3.79
2538,歌曲,מבצע,nouns,0.58
2539,歌剧,קולנוע,nouns,1.46
2540,燕麦,שדה,nouns,1.13
2541,路,כביש מהיר,nouns,3.96
2542,酒店,דירה,nouns,1.17
2543,怪诞,מוזר,adjectives,4.97
2544,演员,פאון,nouns,0.6
2545,贫困,עושר,nouns,0.5
2546,喜悦,גאווה,nouns,1.91
2547,带来,להחזיר,verbs,0.65
2548,主意,דעה,nouns,3.21
2549,卖,להזכיר,verbs,0.0
2550,自行车,עור,nouns,0.1
2551,汽车,גשר,nouns,0.49
2552,原子,פחמן,nouns,1.13
2553,州,בית,nouns,0.65
2554,状态,ילד,nouns,0.14
2555,枪,סכין,nouns,1.94
2556,谨慎地,בנימוס,adverbs,0.42
2557,晚上,שחר,nouns,0.8
2558,选择,להחליט,verbs,3.56
2559,意外,אסון,nouns,3.6
2560,总统,פוליטיקאי,nouns,2.59
2561,麻布,בד,nouns,2.55
2562,电动机,סירה,nouns,0.79
2563,冷,רגיל,adjectives,0.2
2564,部,סולטן,nouns,0.55
2565,胎压计,מכונית,nouns,0.54
2566,学生,פרופסור,nouns,0.73
2567,安慰,בטיחות,nouns,0.49
2568,烟斗,סיגר,nouns,2.36
2569,攻击,בליץ,nouns,3.38
2570,简直,לכאורה,adverbs,0.9
2571,愉快,נפלא,adjectives,2.83
2572,不清楚,מעורפל,adjectives,3.89
2573,高高兴兴地,בבטחה,adverbs,0.43
2574,价值观,אמונה,nouns,2.88
2575,作者,יוצר,nouns,3.95
2576,奇怪,ערמומי,adjectives,0.67
2577,最近,בזמן האחרון,adverbs,5.63
2578,钥匙,מנעול,nouns,1.16
2579,复诊,מטופל,nouns,0.73
2580,母马,סוס,nouns,3.42
2581,一般,באופן שגרתי,adverbs,4.2
2582,不公平地,ללא הגיון,adverbs,2.25
2583,头,אף,nouns,0.79
2584,创造者,מחבר,nouns,3.95
2585,智力,מיומנות,nouns,1.98
2586,豆,קפה,nouns,0.88
2587,普通,קר,adjectives,0.2
2588,给予,להכחיש,verbs,0.05
2589,老师,עוזר,nouns,1.21
2590,坏,מצוין,adjectives,0.39
2591,电池,תיאטרון,nouns,0.0
2592,杀,להגן,verbs,0.58
2593,新,ישן,adjectives,0.64
2594,妻子,אמבטיה,nouns,0.05
2595,必须,חיוני,adjectives,5.28
2596,弱,חזק,adjectives,0.5
2597,冬天,עונה,nouns,1.98
2598,在别处,בבית,adverbs,0.73
2599,靠不住的,ערמומי,adjectives,2.09
2600,到达,לעזוב,verbs,0.58
2601,文章,שיעורי בית,nouns,1.3
2602,提醒,להגיד,verbs,2.31
2603,班,צבא,nouns,1.27
2604,英雄,גיבורה,nouns,3.8
2605,军士,אקדח,nouns,0.34
2606,立即,בקרוב,adverbs,1.81
2607,宫殿,גורד שחקים,nouns,1.03
2608,弱,חריף,adjectives,0.1
2609,好心地,בנדיבות,adverbs,2.57
2610,停,להזהיר,verbs,0.49
2611,坚固地,ברכות,adverbs,0.2
2612,顽固,טיפש,adjectives,1.27
2613,教学大纲,מבחן,nouns,0.78
2614,轻蔑,לעגני,adjectives,4.08
2615,赛跑运动员,ספורטאי,nouns,2.79
2616,电影,פופקורן,nouns,0.72
2617,骨头,ברך,nouns,1.43
2618,覆盖着,לבוש,adjectives,2.68
2619,公开地,בעוצמה,adverbs,0.8
2620,谦逊地,בגאווה,adverbs,0.72
2621,威胁,סכנה,nouns,3.87
2622,学费,מלגה,nouns,1.02
2623,新郎,כלה,nouns,1.13
2624,内疚,רע,adjectives,0.49
2625,编剧,טלויזיה,nouns,0.93
2626,鸡,סעודה,nouns,0.54
2627,砖,קיר,nouns,1.17
2628,剧院,סוללה,nouns,0.0
2629,床,כיסא,nouns,0.78
2630,决定,לשפוט,verbs,2.45
2631,声明放弃,לנשל,verbs,1.69
2632,音系学,מסך,nouns,0.15
2633,迅速,זריז,adjectives,5.2
2634,肌肉,לשון,nouns,1.11
2635,准确地,נמרצות,adverbs,0.97
2636,方法,אופן,nouns,4.43
2637,战斗,לוחמנות,nouns,3.05
2638,携带,להביא,verbs,2.5
2639,唇,פה,nouns,1.93
2640,蟋蟀,אוהד,nouns,0.3
2641,锚,סירה,nouns,0.97
2642,培根,שעועית,nouns,0.5
2643,伤害,לתקוף,verbs,3.04
2644,疯狂,שמח,adjectives,0.78
2645,瓶子,פחית,nouns,2.22
2646,瘦,צנום,adjectives,4.58
2647,尖,חלק,adjectives,0.54
2648,迷惑,ללמוד,verbs,0.3
2649,雾气,ענן,nouns,1.95
2650,脆弱,חסר אונים,adjectives,2.6
2651,谨慎地,בקפידה,adverbs,4.08
2652,强大,חזק,adjectives,4.83
2653,狡猾,פיקח,adjectives,2.4
2654,牙,פטיש,nouns,0.0
2655,绑,לשזור,verbs,2.6
2656,雕塑,אנדרטה,nouns,4.73
2657,描绘,להודיע,verbs,0.45
2658,安排,לצרוך,verbs,0.15
2659,乏味,מוגן,adjectives,0.1
2660,增加,לצמוח,verbs,1.16
2661,战役,כיבוש,nouns,1.23
2662,朋友,אורח,nouns,2.64
2663,手机,טלפון,nouns,4.42
2664,肩,גוף,nouns,1.17
2665,从不,בכנות,adverbs,0.0
2666,银行家,פרקליט,nouns,0.69
2667,跛行,ללכת,verbs,2.02
2668,沙漠,דיונה,nouns,2.46
2669,得到,לשים,verbs,0.4
2670,走,להיכנס,verbs,0.8
2671,蚕,זחל,nouns,2.2
2672,讨厌,להינות,verbs,0.29
2673,羞愧,צער,nouns,1.05
2674,手,אגודל,nouns,1.03
2675,赶,להזדרז,verbs,4.65
2676,跟随,לרדוף,verbs,2.41
2677,谦逊地,בעוני,adverbs,0.25
2678,正常,משונה,adjectives,0.59
2679,创建,לצלול,verbs,0.1
2680,意识,עניין,nouns,2.06
2681,组织,לאסוף,verbs,1.54
2682,讨论,טיעון,nouns,2.92
2683,车,מונית,nouns,3.08
2684,避免,לדחות,verbs,1.18
2685,军队,יחידה,nouns,1.27
2686,告诉,להזכיר,verbs,2.31
2687,身体,דם,nouns,1.01
2688,锤,שיניים,nouns,0.0
2689,骨头,לסת,nouns,1.62
2690,手稿,מאמר,nouns,2.74
2691,词,ספרות,nouns,1.75
2692,足球,כיף,nouns,0.45
2693,排外主义,גזענות,nouns,2.79
2694,忘记,להזכיר,verbs,0.68
2695,奇怪,משונה,adjectives,4.63
2696,乐队,תזמורת,nouns,3.85
2697,原谅,לקבל,verbs,2.02
2698,费用,תשלום,nouns,2.41
2699,低语,לדבר,verbs,2.6
2700,不耐烦地,בערך,adverbs,0.1
2701,犯罪者,פושע,nouns,5.21
2702,午饭,כריך,nouns,0.89
2703,腿,גף,nouns,2.45
2704,刺激,לנחש,verbs,0.1
2705,游行,המון,nouns,0.94
2706,朋友,מורה,nouns,0.86
2707,拉比,מורה,nouns,1.47
2708,审查,חופש,nouns,0.55
2709,讽刺,מיתוס,nouns,0.73
2710,有时候,לעיתים קרובות,adverbs,1.94
2711,门,מסדרון,nouns,0.88
2712,克服,לשלוט,verbs,0.49
2713,打扰,להחמיר,verbs,0.1
2714,获胜者,מועמד,nouns,1.69
2715,杀,לתלות,verbs,2.25
2716,诈骗,פשע,nouns,2.56
2717,沟通,להתפלל,verbs,0.97
2718,季节,חורף,nouns,1.98
2719,想,לבחור,verbs,0.96
2720,尖叫,לצרוח,verbs,3.92
2721,无礼,ביקורתי,adjectives,0.82
2722,同音词,פוטופון,nouns,0.5
2723,装饰,מעטפה,nouns,0.52
2724,闻名,לאומי,adjectives,0.6
2725,愉快,משמח,adjectives,4.21
2726,这里,עכשיו,adverbs,2.45
2727,离开,להמתין,verbs,0.38
2728,毛毛虫,תולעת משי,nouns,2.2
2729,早餐,בייקון,nouns,0.92
2730,大厦,פסל,nouns,0.25
2731,抖动,לבחוש,verbs,2.15
2732,收费,לתעב,verbs,0.4
2733,手稿,ספר,nouns,1.25
2734,古老,חדש,adjectives,0.59
2735,篮子,כדור,nouns,0.55
2736,无辜,חופשי,adjectives,0.15
2737,破产,כישלון,nouns,1.21
2738,戒除,להתחיל,verbs,0.5
2739,分化,למות,verbs,0.43
2740,暖炉,מטרייה,nouns,0.6
2741,床,שמיכה,nouns,0.74
2742,充分,בעיקרון,adverbs,0.78
2743,房间,אמבטיה,nouns,0.7
2744,女人,ג'ינס,nouns,0.34
2745,大小,עומק,nouns,1.36
2746,强大,עוצמתי,adjectives,4.83
2747,美,סונטה,nouns,0.24
2748,脑,עצם,nouns,1.26
2749,小牛,שור,nouns,2.89
2750,听,לציית,verbs,2.96
2751,家伙,שותף,nouns,1.83
2752,使心烦,לדכא,verbs,1.58
2753,铝,מתכת,nouns,2.6
2754,出现,להפוך,verbs,0.23
2755,工作,הנהלה,nouns,0.82
2756,基质,מולקולה,nouns,0.51
2757,女王,דבורה,nouns,0.6
2758,狐狸,כלב,nouns,1.31
2759,大气层,אוזון,nouns,3.02
2760,灵活,רפוי,adjectives,1.76
2761,描绘,להחליט,verbs,0.2
2762,鼻子,ראש,nouns,0.79
2763,枪,מחברת,nouns,0.0
2764,滑雪板,סקי,nouns,2.13
2765,任务,קש,nouns,0.0
2766,偷,לקחת,verbs,1.65
2767,不诚实,ישר,adjectives,0.55
2768,喉,לשון,nouns,0.96
2769,粗鲁,תוקפני,adjectives,1.19
2770,接受,למסור,verbs,0.5
2771,和蔼,אכזרי,adjectives,0.4
2772,音乐,מנגינה,nouns,3.62
2773,假日,לוח שנה,nouns,1.02
2774,国民,מוכר,adjectives,0.6
2775,感觉到,להאמין,verbs,1.21
2776,汽车,רחוב,nouns,0.69
2777,态度,אמון,nouns,0.98
2778,行政管理,הנהלה,nouns,3.01
2779,检察官,עורך דין,nouns,1.98
2780,允许,להפריך,verbs,0.1
2781,字,רמז,nouns,0.44
2782,电梯,תיבה,nouns,0.3
2783,日落,זריחה,nouns,1.27
2784,中性,הססני,adjectives,0.92
2785,衬衣,קרדיגן,nouns,1.68
2786,成为,להשיג,verbs,0.52
2787,尝试,להצליח,verbs,0.98
2788,死气沉沉的,באושר,adverbs,0.33
2789,牛,סוס,nouns,1.07
2790,古怪,מוזר,adjectives,5.13
2791,覆盖着的,חשוף,adjectives,0.59
2792,放走,לתפוס,verbs,0.64
2793,照耀,לזהור,verbs,3.96
2794,沙发,מיטה,nouns,1.56
2795,僧侣,כומר,nouns,3.08
2796,非自然,באופן שלילי,adverbs,0.59
2797,运送,לשאת,verbs,1.68
2798,帽子,מעיל,nouns,1.19
2799,月亮,פלנטה,nouns,2.37
2800,参与,להגיד,verbs,0.3
2801,武士,גבר,nouns,1.18
2802,白兰地,יין,nouns,2.51
2803,标识,מועדון,nouns,0.0
2804,小孩,נערה,nouns,3.46
2805,注意,זהירות,nouns,2.93
2806,分离,לפצל,verbs,2.59
2807,一餐,מותן,nouns,0.4
2808,成年人,ילד,nouns,0.97
2809,熵,מידע,nouns,1.08
2810,收集,לנער,verbs,0.15
2811,开心,משוגע,adjectives,0.91
2812,家伙,חתיך,nouns,1.21
2813,目标,חץ,nouns,1.11
2814,枫木,אלון,nouns,2.18
2815,内疚,כן,adjectives,0.34
2816,威士忌酒,שמפניה,nouns,2.38
2817,城堡,קיר,nouns,0.97
2818,出口,זכות בחירה,nouns,0.18
2819,营地,ביתן,nouns,0.74
2820,尊严,סמל,nouns,0.65
2821,娱乐,להנות,verbs,1.35
2822,大概,בהחלט,adverbs,0.75
2823,罕见,יוצא דופן,adjectives,4.39
2824,忘记,לשמור,verbs,0.54
2825,蓝色,אדום,adjectives,0.84
2826,读,לנשוך,verbs,0.0
2827,非常好,מלוכלך,adjectives,0.15
2828,严肃,מצחיק,adjectives,0.45
2829,病原,חיידק,nouns,3.38
2830,伪装,להסוות,verbs,3.5
2831,碱,חומצה,nouns,0.73
2832,新,חדש,adjectives,3.06
2833,旧,מעורבב,adjectives,0.0
2834,疼痛,נזק,nouns,1.31
2835,财富,תהילה,nouns,1.35
2836,草,טחב,nouns,1.72
2837,罗盘,פיל,nouns,0.04
2838,奇怪,רגיל,adjectives,0.55
2839,山羊,פרה,nouns,1.07
2840,巧克力,פאי,nouns,0.72
2841,奖章,מאמנים,nouns,0.55
2842,携带,לקחת,verbs,2.36
2843,扭曲,מעוקל,adjectives,3.98
2844,卧室,מיטה,nouns,1.11
2845,平淡,מלהיב,adjectives,0.54
2846,小旅馆,מוטל,nouns,4.03
2847,河谷,נהר,nouns,1.46
2848,作证,לשפוט,verbs,0.59
2849,婴儿,בת,nouns,2.96
2850,文章,עיתון,nouns,1.99
2851,膝盖,זרוע,nouns,0.93
2852,枪,תעלול,nouns,0.15
2853,白天,שחר,nouns,2.37
2854,印象,אמונה,nouns,0.64
2855,培根,ארוחה,nouns,0.92
2856,椅子,מיטה,nouns,0.78
2857,侵蚀,ללבוש,verbs,0.39
2858,菜单,הזמנה,nouns,1.32
2859,新鲜,חדש,adjectives,3.75
2860,身体,לבנים,nouns,0.2
2861,帮助,להגן,verbs,1.29
2862,盒子,מקור,nouns,0.0
2863,打招呼,להיפגש,verbs,0.68
2864,下面,פסגה,nouns,0.55
2865,书,סיפור,nouns,2.38
2866,啤酒,שמפניה,nouns,2.33
2867,水平,ניקוד,nouns,0.81
2868,电车,רכבת,nouns,2.11
2869,理解,לקרוא,verbs,0.87
2870,卧室,אופניים,nouns,0.15
2871,指控,לשקר,verbs,0.54
2872,阳光,קרן,nouns,1.44
2873,精灵,מנורה,nouns,0.45
2874,部长,רב,nouns,0.55
2875,暴风雪,גשם,nouns,1.17
2876,上衣,כובע,nouns,1.19
2877,追逐,לעקוב,verbs,2.41
2878,国民,גדול,adjectives,0.35
2879,乐队,ליקר,nouns,0.0
2880,离开,להצטרף,verbs,0.68
2881,逮捕,לחשוד,verbs,0.58
2882,法律,לימודים,nouns,0.68
2883,白色,צר,adjectives,0.18
2884,哨兵,גבר,nouns,1.3
2885,狗,חתול,nouns,0.97
2886,放开,ללחוץ,verbs,0.45
2887,程序,אוכל,nouns,0.25
2888,电脑,מכונה,nouns,2.62
2889,骑,לרוץ,verbs,0.68
2890,人类学,ארכיאולוגיה,nouns,1.41
2891,智慧,אינטליגנציה,nouns,4.55
2892,笨,חכם,adjectives,0.55
2893,单身牢房,חדר,nouns,2.69
2894,煮,לאבד,verbs,0.0
2895,洗澡,מנזר,nouns,0.0
2896,戏法,גודל,nouns,0.0
2897,财富,עוני,nouns,0.5
2898,球状物,כדור,nouns,3.35
2899,走,להגיע,verbs,0.88
2900,谦逊,צנוע,adjectives,5.54
2901,学习,לחנך,verbs,2.08
2902,对乙酰氨基酚,ברונכיטיס,nouns,0.74
2903,精彩,מצוין,adjectives,4.26
2904,累,רעב,adjectives,0.68
2905,桥,קלף,nouns,0.88
2906,锁,מפתח,nouns,1.16
2907,任务,אישה,nouns,0.0
2908,毛,אקדח,nouns,0.0
2909,橙子,פרי הדר,nouns,3.19
2910,唱,לרחף,verbs,0.2
2911,眼泪,עין,nouns,0.97
2912,怒视,לפזול,verbs,0.93
2913,坏,מושחת,adjectives,2.51
2914,捕获,לתפוס,verbs,4.61
2915,走,למכור,verbs,0.05
2916,牛肉,בקר,nouns,3.35
2917,扫帚,אבק,nouns,0.83
2918,妻子,אמא,nouns,2.38
2919,说服,לנסות,verbs,0.92
2920,吞,לשתות,verbs,1.45
2921,神,טרף,nouns,0.05
2922,元,אנשים,nouns,0.05
2923,诚实地,לעולם לא,adverbs,0.0
2924,电动,מכני,adjectives,1.88
2925,紧张,מפוחד,adjectives,1.5
2926,一次,פעמיים,adverbs,1.17
2927,恳求,להתחנן,verbs,4.3
2928,年轻,שמח,adjectives,0.39
2929,微妙地,בקול רם,adverbs,0.2
2930,儿童,בן,nouns,3.44
2931,可笑,משעמם,adjectives,0.45
2932,酒,קוקטייל,nouns,2.98
2933,手提电脑,מחשב נישא,nouns,4.89
2934,焦躁不安,צעיר,adjectives,0.2
2935,探路者,קשת,nouns,0.24
2936,类别,כאוס,nouns,0.1
2937,小,עצום,adjectives,0.59
2938,门,כניסה,nouns,3.22
2939,心灵,חסר גוף,adjectives,2.17
2940,想,להחליט,verbs,0.68
2941,窗台,הר,nouns,0.2
2942,发现,לנבוע,verbs,0.48
2943,交换,תחליף,nouns,4.22
2944,基本上,לחלוטין,adverbs,0.78
2945,肌肉,זרוע,nouns,1.29
2946,毁灭,ליצור,verbs,0.68
2947,伞,קליבר,nouns,0.34
2948,老师,תלמיד,nouns,0.97
2949,奴隶,משרת,nouns,3.93
2950,球,סל,nouns,0.55
2951,凯旋,ניצחון,nouns,4.12
2952,能量,סוללה,nouns,1.92
2953,肉桂,ממתק,nouns,0.69
2954,大厅,מעבר,nouns,0.64
2955,开口,מרווח,nouns,3.62
2956,大致,בגסות,adverbs,1.41
2957,算术,קצב,nouns,0.15
2958,礼物,סופר,nouns,0.65
2959,不道德,פלילי,adjectives,2.19
2960,机械,חשמלי,adjectives,1.88
2961,市长,מנהיג,nouns,3.73
2962,同意,לקבל,verbs,3.26
2963,付款,עמלה,nouns,2.41
2964,有趣,רציני,adjectives,0.45
2965,母亲,רעיה,nouns,2.38
2966,正牙医生,רופא,nouns,4.7
2967,取得,לרכוש,verbs,3.58
2968,蔗糖,פחמימה,nouns,2.73
2969,出租车,טקסי,nouns,5.66
2970,读,להבין,verbs,0.87
2971,章节,לילה,nouns,0.05
2972,真诚地,לרוב,adverbs,0.05
2973,欠,להלוות,verbs,1.03
2974,通常,לעיתים נדירות,adverbs,1.03
2975,容器,עכבר,nouns,0.0
2976,美人,גיל,nouns,0.68
2977,屋,אסם,nouns,0.93
2978,微妙地,כרגע,adverbs,0.0
2979,自豪,חזק,adjectives,0.43
2980,年级,לימודים,nouns,1.35
2981,飞机,מסוק,nouns,2.67
2982,钟,דלת,nouns,0.55
2983,真实,שקרן,adjectives,0.55
2984,恶化,לנגב,verbs,0.0
2985,失去,לקבל,verbs,0.58
2986,金属,אלומיניום,nouns,2.6
2987,字典,אנציקלופדיה,nouns,2.06
2988,甘蔗,קומביין,nouns,0.25
2989,付款,לטפל,verbs,0.29
2990,汽车,אופניים,nouns,1.13
2991,受害者,טלפון,nouns,0.15
2992,大,גמיש,adjectives,0.24
2993,侵蚀,לאפשר,verbs,0.05
2994,巧妙,בבגרות,adverbs,0.82
2995,拒绝,לדחות,verbs,4.68
2996,幸运,מובך,adjectives,0.1
2997,湖,ביצה,nouns,0.92
2998,明亮地,מאוד,adverbs,0.15
2999,徽章,זכוכית,nouns,0.24
3000,信念,ערך,nouns,2.88
3001,通常,בכנות,adverbs,0.05
3002,演出,להצדיע,verbs,0.3
3003,责怪,לדחוף,verbs,0.38
3004,拥抱,לחנוק,verbs,0.35
3005,棚屋,מקלט,nouns,1.21
3006,阿姨,אחיין,nouns,0.79
3007,屋,שטיח,nouns,0.55
3008,地板,תקרה,nouns,0.65
3009,静脉,בחירה,nouns,0.04
3010,年,יום הולדת,nouns,1.02
3011,韵律,חשבון,nouns,0.15
3012,高速公路,כביש,nouns,3.96
3013,数学家,הצגה,nouns,0.05
3014,糟糕,רע,adjectives,3.77
3015,鸟,תרנגולת,nouns,1.87
3016,共和国,דוכס,nouns,0.45
3017,哭泣,לבכות,verbs,5.41
3018,协议,חור,nouns,0.0
3019,易损坏,נוקשה,adjectives,0.3
3020,连接,להפריד,verbs,0.68
3021,安全地,בזהירות,adverbs,2.33
3022,运气,שמחה,nouns,0.96
3023,警察,שריף,nouns,4.11
3024,发展,דשן,nouns,0.93
3025,坏,נורא,adjectives,3.77
3026,法庭,שופט,nouns,1.26
3027,饮食,תפוח,nouns,0.86
3028,段,עמוד,nouns,1.6
3029,从不,לאחר מכן,adverbs,0.44
3030,残酷,נחמד,adjectives,0.4
3031,理想地,באופן מציאותי,adverbs,0.59
3032,现实,הזיה,nouns,1.2
3033,杂,ישן,adjectives,0.0
3034,乐趣,משחק,nouns,0.88
3035,便宜货,אגורה,nouns,0.29
3036,云,סערה,nouns,1.51
3037,休会,לסיים,verbs,0.44
3038,智力,בורות,nouns,0.45
3039,钻石,כסף,nouns,1.1
3040,人,בלון,nouns,0.1
3041,纯,צנוע,adjectives,1.05
3042,警察,טייס,nouns,0.65
3043,元,מיליונר,nouns,0.6
3044,短,ארוך,adjectives,0.59
3045,极好,רע,adjectives,0.39
3046,流体,זרבובית,nouns,0.45
3047,新,לא משומש,adjectives,3.82
3048,冰雹,גשם,nouns,2.13
3049,马,כלב,nouns,1.06
3050,云,ערפל,nouns,2.62
3051,扼杀,להכריע,verbs,0.29
3052,优胜者,נוכחות,nouns,0.0
3053,容易,קשה,adjectives,0.55
3054,病理学,המטולוגיה,nouns,2.19
3055,布,פשתן,nouns,2.55
3056,看来,בוודאי,adverbs,1.21
