ID,CMN,CYM,PoS,score
1,城镇,dinas,nouns,3.11
2,成熟地,yn gyfiawn,adverbs,0.84
3,足球,hwyl,nouns,0.2
4,调查,archwilio,verbs,3.21
5,事实,prawf,nouns,0.81
6,飞机场,darn,nouns,0.0
7,粘性,sblash,nouns,0.04
8,允许,cyfreithiol,adjectives,2.47
9,母亲,gwraig,nouns,2.04
10,坦白,gwadu,nouns,0.15
11,男人,ewythr,nouns,1.64
12,戏法,gêm,nouns,0.82
13,评估,dadansoddi,verbs,4.17
14,追求,archwilio,verbs,0.18
15,半岛,ynys,nouns,3.26
16,保龄,bowliwr,nouns,1.25
17,不清楚,amwys,adjectives,4.44
18,犯罪,lladrad,nouns,2.73
19,钱,arian parod,nouns,4.0
20,吉他,brithyll,nouns,0.0
21,座舱,cyd-beilot,nouns,0.32
22,恶魔,angel,nouns,0.18
23,胸部,corff,nouns,1.5
24,神经,perfedd,nouns,0.24
25,牛肉,gwartheg,nouns,2.96
26,钱,diemwnt,nouns,1.04
27,离开,disgwyl,verbs,0.18
28,选举权,allanfa,nouns,0.23
29,家伙,partner,nouns,1.64
30,苹果,deiet,nouns,0.71
31,说谎,esgus,verbs,1.79
32,高速公路,car,nouns,0.45
33,古老,modern,adjectives,0.0
34,尾巴,bowlen,nouns,0.0
35,木,blanced,nouns,0.0
36,积极地,yn hapus,adverbs,0.32
37,看来,yn syml,adverbs,0.7
38,坏,ofnadwy,adjectives,3.52
39,说话,clywed,verbs,0.57
40,有趣,difrifol,adjectives,0.0
41,拿,gadael,verbs,0.05
42,歌曲,stori,nouns,0.68
43,笨,enfawr,adjectives,0.04
44,学生,disgybl,nouns,4.45
45,庆祝,seremoni,nouns,2.19
46,行星,lleuad,nouns,2.46
47,打中,methu,verbs,0.23
48,厨房,drws,nouns,0.1
49,停止,rheoli,verbs,0.29
50,鸵鸟,perllan,nouns,0.0
51,打碎,torri,verbs,4.16
52,成年人,rhiant,nouns,2.49
53,小心地,yn ddiogel,adverbs,2.27
54,摩天大楼,palas,nouns,0.28
55,武士,dyn,nouns,0.43
56,借,gwerthu,verbs,0.43
57,跳跃,ffens,nouns,0.0
58,雷达,ffon reoli,nouns,0.1
59,普通,anhygoel,adjectives,0.0
60,手臂,garddwrn,nouns,0.7
61,沟通,gweddïo,verbs,0.72
62,阳光,awyr,nouns,0.8
63,裙带关系,brenin,nouns,0.33
64,糖,mêl,nouns,2.17
65,大,trwm,adjectives,0.72
66,饮品,cwrw,nouns,2.42
67,讨厌,beirniadu,verbs,0.68
68,庆祝,syfrdanu,verbs,0.23
69,发抖,rhewi,verbs,0.98
70,沙拉,finegr,nouns,0.29
71,步行,sefyll,verbs,0.63
72,资本,arian,nouns,3.27
73,携带,dod â,verbs,2.45
74,年,pen-blwydd,nouns,0.86
75,怀疑,arestio,verbs,0.23
76,天花板,llawr,nouns,0.1
77,米饭,cyw iâr,nouns,0.1
78,罗盘,eliffant,nouns,0.04
79,草莓,ceirios,nouns,1.27
80,拒绝,osgoi,verbs,1.18
81,呕吐,cau,verbs,0.0
82,疯狂,ardderchog,adjectives,0.23
83,信念,blodyn,nouns,0.09
84,鸟,iâr,nouns,1.97
85,电影,ffilm,nouns,4.09
86,镜片,camera,nouns,1.13
87,找到,lleoli,verbs,1.21
88,羞愧,diymhongar,adjectives,0.18
89,刀口,glaswellt,nouns,0.3
90,马,ci,nouns,0.86
91,演出,cyfarch,verbs,0.0
92,血液学,patholeg,nouns,1.94
93,元,pobl,nouns,0.0
94,自豪,gwael,adjectives,0.1
95,坏,canolig,adjectives,0.15
96,云,tarth,nouns,2.44
97,马上,unwaith,adverbs,0.55
98,走,mynd i mewn,verbs,1.5
99,摔碎,chwalu,verbs,4.16
100,脸颊,tafod,nouns,0.35
101,显然,yn lleol,adverbs,0.0
102,异常地,fel arfer,adverbs,0.15
103,血液,corff,nouns,0.96
104,携带,dosbarthu,verbs,2.68
105,岛,llynges,nouns,0.15
106,受伤,troi drosodd,verbs,0.04
107,毯,tymestl,nouns,0.0
108,公寓,gwesty,nouns,0.46
109,四轮货运马车,cynhwysydd,nouns,0.09
110,依赖,ymddiried,verbs,4.04
111,大方,cyfeillgar,adjectives,2.25
112,平庸,diflas,adjectives,0.51
113,减少,disgyn,verbs,0.44
114,成年人,gwarcheidwad,nouns,2.02
115,读,cnoi,verbs,0.0
116,说服,dadlau,verbs,1.98
117,鼻子,pen,nouns,0.54
118,做,ennill,verbs,0.18
119,火鸡,aderyn,nouns,2.08
120,地板,dec,nouns,2.18
121,神职人员,mynach,nouns,2.27
122,建造,dinistr,nouns,0.18
123,聚酯纤维,cotwm,nouns,1.25
124,操纵杆,radar,nouns,0.1
125,报纸,gwybodaeth,nouns,1.42
126,死气沉沉的,yn hapus,adverbs,0.18
127,任务,ynys,nouns,0.0
128,地区,parth,nouns,4.97
129,图解,siart,nouns,3.64
130,争论,cwyno,verbs,1.59
131,花,llwyn,nouns,0.87
132,稻草,tasg,nouns,0.0
133,分子,aer,nouns,0.43
134,合法,anghyfreithlon,adjectives,0.14
135,锤,dannedd,nouns,0.0
136,弯曲,ongl,nouns,1.15
137,草原,dôl,nouns,3.31
138,工具,swydd,nouns,0.18
139,决定,dewis,verbs,4.06
140,肘,asgwrn,nouns,0.83
141,调查,canlyn,verbs,0.18
142,便条,aseiniad,nouns,0.53
143,球,sffer,nouns,4.05
144,衣服,cadach,nouns,1.13
145,流言蜚语,newyddion,nouns,2.49
146,安全,diflas,adjectives,0.0
147,河,nant,nouns,3.88
148,朋友,mam,nouns,0.73
149,观看,arsylwi,verbs,3.68
150,母马,ceffyl,nouns,4.07
151,监护人,mam,nouns,2.56
152,冷静地,yn gynnil,adverbs,0.57
153,第五,da,adjectives,0.04
154,胎压计,car,nouns,0.18
155,雕塑,cerflun,nouns,5.23
156,无知,deallusrwydd,nouns,0.05
157,行李,cylchfordaith,nouns,0.0
158,布料,dillad,nouns,1.13
159,注意,pwyll,nouns,3.23
160,眼泪,llygad,nouns,0.68
161,杀,dinistrio,verbs,3.19
162,未预见到,annisgwyl,adjectives,4.69
163,乐队,gwirod,nouns,0.0
164,枫树,coeden,nouns,3.58
165,保留,anghofio,verbs,0.09
166,甲板,cwch,nouns,0.96
167,懊恼,dicter,nouns,1.98
168,未公开,amlwg,adjectives,0.09
169,创造性地,yn wreiddiol,adverbs,0.7
170,韵律,cerdd,nouns,0.78
171,肌肉,tafod,nouns,1.31
172,发动机,peiriant,nouns,3.13
173,汽车,stryd,nouns,0.48
174,熵,gwybodaeth,nouns,0.38
175,忘记,dysgu,verbs,0.15
176,屋,carped,nouns,0.2
177,安慰,bychanu,verbs,0.09
178,踝,asgwrn,nouns,0.88
179,兴奋,wedi ei dychryn,adjectives,1.23
180,等待,ymadael,verbs,0.18
181,棒球,brawdgarwch,nouns,0.0
182,疾病,perygl,nouns,0.33
183,粗暴,oeraidd,adjectives,0.39
184,男人,brawdgarwch,nouns,1.23
185,精灵,lamp,nouns,0.0
186,选择,pennod,nouns,0.04
187,宠物,cath,nouns,3.03
188,拥有,cymryd,verbs,0.68
189,煮,cymysgu,verbs,0.58
190,气球,pobl,nouns,0.0
191,枯燥,llwm,adjectives,3.35
192,晚上,gwawr,nouns,0.2
193,薄雾,cwmwl,nouns,3.06
194,优雅地,yn hyfryd,adverbs,2.9
195,窗,drws,nouns,0.63
196,卡,pont,nouns,0.18
197,恶意软件,mwydyn,nouns,0.46
198,天空,breuddwyd,nouns,0.19
199,病人,sesiwn,nouns,0.18
200,当然,weithiau,adverbs,0.0
201,僧侣,croes,nouns,0.39
202,牛油,tatws,nouns,0.24
203,读者,awdur,nouns,0.38
204,糟糕,drwg,adjectives,3.52
205,连接,gwahanu,verbs,0.23
206,伤心,ofnadwy,adjectives,1.27
207,岛,gorynys,nouns,3.26
208,罕见,hurt,adjectives,0.0
209,篱笆,neidio,nouns,0.0
210,犹豫,llidiog,adjectives,0.28
211,大声地,yn dawel,adverbs,0.0
212,监狱,bar,nouns,0.38
213,一致地,weithiau,adverbs,0.0
214,椅子,soffa,nouns,2.39
215,叔叔,cefnder,nouns,0.48
216,谦虚,pur,adjectives,1.1
217,老鹰,hebog,nouns,2.79
218,伤害,cwympo,verbs,1.08
219,戒指,dyweddïad,nouns,1.39
220,白色,cul,adjectives,0.18
221,罪人,sant,nouns,0.39
222,滑雪板,sgïo,nouns,1.63
223,乱,hyll,adjectives,0.92
224,教练,chwaraewr,nouns,0.2
225,坚硬,gwydn,adjectives,2.94
226,理解,gwybod,verbs,2.94
227,结婚,dyweddïo,verbs,1.73
228,律师,oriel,nouns,0.0
229,给,amherchnogi,verbs,0.5
230,教室,cyntedd,nouns,0.29
231,安然,yn ddigynnwrf,adverbs,2.6
232,欠,mynd i mewn,verbs,0.1
233,裙子,gwyliadwraeth,nouns,0.0
234,悄悄地,yn naturiol,adverbs,0.38
235,木,papur,nouns,0.43
236,尺寸,tric,nouns,0.0
237,减肥,salad,nouns,0.68
238,苹果,losin,nouns,0.2
239,异常,yn rhyfedd,adverbs,3.81
240,目标,saeth,nouns,0.67
241,人们,parti,nouns,0.64
242,任务,swydd,nouns,3.23
243,正牙医生,deintydd,nouns,3.94
244,灵活,symudol,adjectives,1.07
245,雪,storm,nouns,0.96
246,手术,algebra,nouns,0.2
247,恢复,dod â,verbs,0.04
248,台风,seiclon,nouns,3.54
249,见面,casglu,verbs,0.72
250,毁灭,pydru,verbs,1.97
251,苹果,saws,nouns,0.29
252,男人,merch,nouns,0.54
253,自由,gwerddon,nouns,0.39
254,肉,brechdan,nouns,0.33
255,牙齿,asgwrn,nouns,0.72
256,香芹,myffin,nouns,0.05
257,胆大,balchder,adjectives,0.96
258,闷,canolig,adjectives,0.51
259,发生,gwneud,verbs,0.35
260,抖动,cymysgu,verbs,1.9
261,作证,barnu,verbs,0.49
262,碟,bowlen,nouns,1.56
263,尊严,arwyddluniau,nouns,0.0
264,秘书,menyw,nouns,0.52
265,主教,archesgob,nouns,3.63
266,相机,gweithiwr,nouns,0.04
267,死亡,claddedigaeth,nouns,0.92
268,满足,deall,verbs,0.53
269,主板,mamfwrdd,nouns,2.94
270,两次,unwaith,adverbs,0.62
271,肝,ysgyfaint,nouns,0.77
272,大笑,canu,verbs,0.2
273,游戏,gweithred,nouns,0.1
274,干旱,dŵr,nouns,0.1
275,争论,mynychu,verbs,0.09
276,美丽地,yn gain,adverbs,2.9
277,三文治,cinio,nouns,0.64
278,货币,cydsyniad,nouns,0.04
279,抓住,hel,verbs,1.74
280,广口瓶,potel,nouns,3.53
281,食物,rhaglen,nouns,0.05
282,课程,stumog,nouns,0.0
283,盐,dŵr,nouns,0.38
284,统计资料,tenis,nouns,0.0
285,厂,car,nouns,0.14
286,资料,llyfr,nouns,1.4
287,船,angor,nouns,0.78
288,理解,bodloni,verbs,0.53
289,辣,gwan,adjectives,0.0
290,练习,ailadrodd,verbs,1.27
291,脾气,meddyg,nouns,0.0
292,联合,cansen siwgr,nouns,0.0
293,出席,danfon,verbs,0.0
294,信,paragraff,nouns,0.54
295,骨头,gwddf,nouns,0.29
296,士兵,heddwch,nouns,0.15
297,高度,tröedigaeth,nouns,0.04
298,手册,teithlyfr,nouns,2.26
299,说明,clariffeio,verbs,3.82
300,鳟鱼,gitâr,nouns,0.0
301,充电器,disg,nouns,0.04
302,审判,dyfarniad,nouns,1.86
303,电脑,disg,nouns,0.68
304,愤怒,petrusgar,adjectives,0.28
305,桥,cerdyn,nouns,0.18
306,门,ffenestr,nouns,0.63
307,哨兵,dyn,nouns,1.3
308,团结,rhannu,verbs,0.23
309,有时,pryd bynnag,adverbs,0.43
310,不定期地,fel arfer,adverbs,0.28
311,生物学,anatomeg,nouns,2.72
312,声明,cyhoeddi,verbs,4.49
313,候选人,enillydd,nouns,1.49
314,比较,dadansoddi,verbs,2.42
315,陷害,ergyd,nouns,0.04
316,给,cadw,verbs,0.14
317,教堂,cebl,nouns,0.0
318,工作者,cyflogwr,nouns,0.43
319,意料之外,anrhagweledig,adjectives,4.69
320,喉,tafod,nouns,0.61
321,山,silff,nouns,0.0
322,篱笆,rheilffordd,nouns,0.05
323,职业,coleg,nouns,0.2
324,盗窃,trosedd,nouns,2.73
325,公寓,dodrefn,nouns,0.34
326,大炮,gwn,nouns,2.01
327,不显眼地,yn amlwg,adverbs,0.18
328,字典,gwyddoniadur,nouns,1.71
329,煤,siarcol,nouns,2.65
330,机器人技术,efelychiad,nouns,0.43
331,奇怪地,yn anarferol,adverbs,3.81
332,恶魔,anghenfil,nouns,2.56
333,低语,siarad,verbs,2.6
334,装饰,amlen,nouns,0.32
335,诗人,newyddiadurwr,nouns,0.2
336,柠檬,afal,nouns,0.69
337,深度地,yn ystyrlon,adverbs,1.82
338,无礼,beirniadol,adjectives,0.82
339,火车,tram,nouns,2.41
340,沙拉,deiet,nouns,0.68
341,玩,brwydro,verbs,0.28
342,重新安葬,bedd,nouns,0.82
343,搂抱,coflaid,verbs,4.49
344,广场,map,nouns,0.18
345,沈闷,diflas,adjectives,3.35
346,制服,anwybodus,adjectives,0.0
347,绿洲,rhyddid,nouns,0.39
348,巧妙的,yn ddigynnwrf,adverbs,0.57
349,娱乐,mwynhau,verbs,1.05
350,次要,sylweddol,adjectives,0.09
351,老鼠,rheoli,nouns,0.0
352,果汁,llwy,nouns,0.05
353,交流,teledu,nouns,0.45
354,失去,coginio,verbs,0.0
355,积极地,yn oddefol,adverbs,0.18
356,收到,rhoi,verbs,0.05
357,面包,caws,nouns,0.43
358,男人,person dan amheuaeth,nouns,0.63
359,幻想,realiti,nouns,0.84
360,借,cadw,verbs,0.1
361,吸血鬼,ystlum,nouns,0.78
362,打破,cracio,verbs,2.3
363,种子,mwstard,nouns,0.43
364,锡,metel,nouns,2.71
365,清洁,taclus,adjectives,2.55
366,坏,anfoesol,adjectives,3.06
367,精彩,hyfryd,adjectives,2.67
368,信用,benthyciwr,nouns,1.01
369,必须,hanfodol,adjectives,5.17
370,枪,sarsiant,nouns,0.29
371,故事,llyfr,nouns,2.33
372,科学家,nyrs,nouns,0.29
373,教,cosbi,verbs,0.33
374,不耐烦地,yn fras,adverbs,0.2
375,加冕礼,dŵr,nouns,0.04
376,总统,disgybl,nouns,0.05
377,狭窄,brwnt,adjectives,0.0
378,发出气味,drewi,verbs,3.27
379,程序,bwyd,nouns,0.05
380,呛,anadlu,verbs,0.87
381,兄弟会,pêl-fas,nouns,0.0
382,狮子,cath,nouns,1.56
383,放,cael,verbs,0.15
384,锚,cwch,nouns,0.78
385,得罪,sarhau,verbs,2.76
386,星,disgleirdeb,nouns,0.69
387,笨,smart,adjectives,0.04
388,钥匙,clo,nouns,0.96
389,生病,gorffwyll,adjectives,0.6
390,钱,cyfalaf,nouns,3.27
391,降落,encilio,verbs,0.34
392,苹果,heulwen,nouns,0.09
393,保护,cadw,verbs,0.73
394,尖顶,capel,nouns,0.41
395,摇铃,sŵn,nouns,0.8
396,恳求,erfyn,verbs,4.0
397,放走,dal,verbs,0.69
398,零,anfeidredd,nouns,0.0
399,虫害,plaladdwr,nouns,0.63
400,毁灭,lladd,verbs,3.19
401,雨,lluwchwynt,nouns,0.81
402,说话,cydnabod,verbs,0.38
403,宽广,cul,adjectives,0.14
404,粘人,ansicr,adjectives,0.45
405,摄影,cyfarwyddwr,nouns,1.04
406,西洋棋,gwirio,nouns,0.09
407,傍晚,cyfnos,nouns,4.36
408,案件,trydan,nouns,0.04
409,捏碎,clecian,verbs,1.7
410,剧院,ffilm,nouns,1.46
411,钢琴,harmoni,nouns,0.78
412,开心,ifanc,adjectives,0.2
413,车,cab,nouns,3.77
414,头脑,niwrosis,nouns,0.69
415,学生,athro,nouns,0.58
416,存在,enillydd,nouns,0.0
417,学习,drysu,verbs,0.0
418,支气管炎,parasetamol,nouns,0.24
419,关键,pwysig,adjectives,4.42
420,年龄,harddwch,nouns,0.38
421,雨,niwl,nouns,1.31
422,米饭,ffa,nouns,0.63
423,走,gwerthu,verbs,0.0
424,古老,newydd,adjectives,0.09
425,忘记,cadw,verbs,0.09
426,契约,cytundeb,nouns,4.97
427,酒店,fflat,nouns,0.46
428,付款,prynu,verbs,2.76
429,伤害,profocio,verbs,0.72
430,炒,pobi,verbs,1.15
431,知道,rhoi,verbs,0.0
432,溪流,afon,nouns,3.88
433,混合,curo,verbs,0.55
434,拒绝,rhoi,verbs,0.0
435,狡猾,clyfar,adjectives,1.35
436,匆忙,rhuthro,verbs,4.7
437,大气层,llygredd,nouns,0.69
438,旅程,pleserdaith,nouns,3.59
439,日落,bwrdd,nouns,0.0
440,朋友,dyn,nouns,0.99
441,驾驶,stopio,verbs,0.1
442,容器,gwythïen,nouns,0.0
443,冷静地,yn heddychlon,adverbs,2.6
444,一分钱,maint,nouns,0.0
445,航空,hedfaniad,nouns,3.05
446,普通,oer,adjectives,0.0
447,接受,argymell,verbs,0.34
448,高速公路,tasg,nouns,0.0
449,到达,gadael,verbs,0.18
450,成熟,yn graff,adverbs,0.63
451,不公平,yn deg,adverbs,0.23
452,消失,darganfod,verbs,0.05
453,鸡,stêc,nouns,0.54
454,灵魂,brawd,nouns,0.0
455,门,porth,nouns,3.87
456,修道院,cawod,nouns,0.0
457,海滩,ynys,nouns,1.19
458,外国人,cyfieithydd,nouns,0.33
459,美人,oedran,nouns,0.38
460,电视,cyfathrebu,nouns,0.45
461,依靠,dibynnu ar,verbs,4.04
462,电视,sinema,nouns,1.78
463,侧面,top,nouns,0.34
464,外交,trafodaeth,nouns,2.11
465,街,ale,nouns,3.04
466,游戏,hwyl,nouns,0.82
467,野兽,anifail,nouns,3.33
468,杀,amddiffyn,verbs,0.48
469,猛烈地,yn drist,adverbs,0.19
470,协议,dadl,nouns,0.28
471,时代,degawd,nouns,0.74
472,疼痛,niwed,nouns,1.31
473,演员,actores,nouns,3.68
474,腿,braich,nouns,0.57
475,疯狂,balch ,adjectives,0.28
476,可悲的是,yn wallgof,adverbs,0.19
477,财富,bri,nouns,0.37
478,乘法,rhaniad,nouns,0.85
479,作家,nofel,nouns,0.7
480,审查,rhyddid,nouns,0.1
481,椅子,telesgop,nouns,0.0
482,提高,codi,verbs,3.72
483,真实,ffug,adjectives,0.18
484,一分钱,gwraig,nouns,0.23
485,贡献,cynnig,nouns,2.42
486,船,car,nouns,0.58
487,装饰,wal,nouns,0.47
488,合法,caniataëdig,adjectives,2.47
489,岩浆,llosgfynydd,nouns,1.83
490,机场,awyren,nouns,1.5
491,选择,penderfynu,verbs,4.06
492,困难,ymdrech,nouns,0.69
493,书,stori,nouns,2.33
494,国王,neigaredd,nouns,0.33
495,大规模,enfawr,adjectives,3.44
496,允许,rhoi,verbs,1.05
497,战斗,rhyfelgarwch,nouns,2.5
498,直升机,awyren,nouns,2.83
499,天神,ysbryd,nouns,0.65
500,云,storm,nouns,0.86
501,二极管,cynhwysor,nouns,0.33
502,悲伤,hapusrwydd,nouns,0.2
503,包装纸,harbwr,nouns,0.0
504,伟大,drwg,adjectives,0.0
505,不同,arferol,adjectives,0.35
506,溺爱,arogli,verbs,0.0
507,留,cael,verbs,0.04
508,找到,dianc,verbs,0.05
509,侧面,gwaelod,nouns,0.59
510,简单,hawdd,adjectives,3.78
511,工作,tasg,nouns,3.23
512,显然,yn gyfrinachgar,adverbs,0.18
513,工作者,swyddfa,nouns,0.53
514,检察官,cyfreithiwr,nouns,2.23
515,宣告,dweud ar goedd,verbs,4.49
516,借,eisiau,verbs,0.24
517,儿子,tad,nouns,0.68
518,猴子,ymgyrch,nouns,0.0
519,无礼,amrwd,adjectives,0.53
520,豆,bacwn,nouns,0.1
521,元,miliwnydd,nouns,0.35
522,之后,cyn,adverbs,0.23
523,敬礼,perfformio,verbs,0.0
524,线索,gair,nouns,0.29
525,雨,cenllysg,nouns,1.67
526,自由,sensoriaeth,nouns,0.1
527,云,llyn,nouns,0.2
528,说明,trafod,verbs,1.8
529,混乱,dosbarth,nouns,0.05
530,迅速,clou,adjectives,4.54
531,捕获,dynwared,verbs,0.0
532,活塞,injan,nouns,1.89
533,工作者,camera,nouns,0.04
534,蝴蝶,rhosyn,nouns,0.48
535,开襟毛衣,crys,nouns,1.13
536,分数,graddio,verbs,2.75
537,明显,nodadwy,adjectives,4.14
538,监控,sgrîn,nouns,0.67
539,完成,gohirio,verbs,0.44
540,纯,diymhongar,adjectives,1.1
541,正常,rhyfedd,adjectives,0.09
542,获得,darganfod,verbs,1.89
543,雕像,cerflunwaith,nouns,5.23
544,晚上,pennod,nouns,0.0
545,艺术家,gwaith celf,nouns,1.06
546,有时,yn unffurf,adverbs,0.0
547,悬崖,bryn,nouns,1.07
548,平滑,miniog,adjectives,0.24
549,马赛克,basilica,nouns,0.35
550,西方,gogledd,nouns,0.64
551,箭头,targed,nouns,0.67
552,真实,anonest,adjectives,0.1
553,来,dod â,verbs,1.81
554,发送,mynd  ,verbs,0.6
555,子程序,casglwr,nouns,0.36
556,描绘,hysbysu,verbs,0.15
557,杯子,llwy,nouns,0.55
558,交换,arian cyfred,nouns,0.8
559,分界线,ffin,nouns,3.64
560,授粉,brigeryn,nouns,0.96
561,严肃,doniol,adjectives,0.0
562,一餐,canol,nouns,0.0
563,墙,bricsen,nouns,0.92
564,云,tywydd,nouns,1.59
565,培根,cig,nouns,2.94
566,天气,eira,nouns,1.42
567,服从,cosbi,verbs,0.29
568,发烧,salwch,nouns,2.88
569,减少,crebachu,verbs,3.13
570,必须,diangen,adjectives,0.09
571,母鸡,aderyn,nouns,1.97
572,尝试,llwyddo,verbs,0.58
573,标志,symbol,nouns,4.7
574,圣经,llyfr,nouns,2.18
575,家牛,iogwrt,nouns,0.33
576,人类学,archeoleg,nouns,1.26
577,印象,cred,nouns,0.79
578,女孩,dyn,nouns,0.54
579,迷惑,dysgu,verbs,0.0
580,妻子,mam,nouns,2.04
581,帮手,athro,nouns,1.46
582,枪,pobl,nouns,0.05
583,女人,tasg,nouns,0.0
584,获得,ymuno,verbs,0.15
585,矬小,go fach,adjectives,2.67
586,文学,llyfr,nouns,2.15
587,理论,cemeg,nouns,0.52
588,侵蚀,caniatáu,verbs,0.0
589,柑橘,oren,nouns,3.24
590,单身牢房,ystafell,nouns,2.13
591,可行,amhosib,adjectives,0.48
592,安全,cysur,nouns,0.6
593,定义,geiriadur,nouns,1.22
594,传说,moesol,nouns,0.2
595,正式,yn gryf,adverbs,0.42
596,行动,gêm,nouns,0.1
597,紧张地,yn bryderus,adverbs,3.61
598,电池,theatr,nouns,0.0
599,虚无主义,ffilm,nouns,0.28
600,拿,dwyn,verbs,1.7
601,身体,dillad isaf,nouns,0.1
602,照耀,tywynnu,verbs,4.21
603,便宜,heb fod yn ddrud,adjectives,4.05
604,肩,corff,nouns,0.71
605,伤害,cicio,verbs,1.21
606,上校,deintydd,nouns,0.09
607,悬崖,cynffon,nouns,0.0
608,习语,gair,nouns,1.27
609,航空学,afioneg,nouns,3.75
610,明亮地,yn ysgafn,adverbs,0.0
611,鼻子,ceg,nouns,0.34
612,分化,marw,verbs,0.18
613,提高,yfed,verbs,0.0
614,强调,wedi ymlacio,adjectives,0.0
615,湖,gwern,nouns,0.88
616,磁盘,gwefrydd,nouns,0.04
617,伤心地,yn emosiynol,adverbs,1.51
618,植物群,natur,nouns,1.91
619,英雄,arwres,nouns,3.9
620,结构,topoleg,nouns,0.75
621,水手,capten,nouns,0.74
622,生活,goroesi,verbs,2.92
623,自豪,cryf,adjectives,0.63
624,公共汽车,cerbyd,nouns,3.0
625,很少,byth,adverbs,2.74
626,锌,aur,nouns,0.61
627,讨厌,dirmygu,verbs,2.3
628,歌手,staff,nouns,0.18
629,影片,fideo,nouns,4.09
630,不同,cytuno,verbs,0.0
631,床,cadair,nouns,0.48
632,疾病,canser,nouns,3.5
633,好斗,brwydr,nouns,2.5
634,毯子,gwely,nouns,0.6
635,忘记,gwybod,verbs,0.05
636,闻名,cenedlaethol,adjectives,0.0
637,羊,gwartheg,nouns,1.03
638,退出,amsugno,verbs,0.4
639,运动鞋,medal,nouns,0.2
640,征服,emyn,nouns,0.0
641,大厦,cerflunydd,nouns,0.15
642,笔直,crwm,adjectives,0.14
643,糟糕,gwych,adjectives,0.04
644,蜥蜴,llywodraeth,nouns,0.0
645,暴动,llun,nouns,0.04
646,总统,maer,nouns,1.9
647,毛线衣,cotwm,nouns,0.52
648,查询,meddwl,verbs,0.64
649,奇怪,cyfrwys,adjectives,0.32
650,面包,cig,nouns,0.19
651,社会生物学,mwtant,nouns,0.33
652,门,brawdgarwch,nouns,0.0
653,牛肉,cig,nouns,3.22
654,带来,dod,verbs,1.81
655,财富,enwogrwydd,nouns,0.85
656,手机,pîn-afal,nouns,0.0
657,淫贱,brwnt,adjectives,0.32
658,脏,rhad,adjectives,0.32
659,杯子,côn,nouns,0.51
660,女人,dyn,nouns,0.28
661,关闭,chwydu,verbs,0.0
662,魔鬼,duw,nouns,0.45
663,尾巴,clogwyn,nouns,0.0
664,需要,holi,verbs,0.14
665,巨大,bach,adjectives,0.14
666,直觉,synnwyr,nouns,3.94
667,奇特地,yn rhyfeddol,adverbs,3.64
668,危险,afiechyd,nouns,0.33
669,申请,ymgeisydd,nouns,1.54
670,午饭,brechdan,nouns,0.64
671,树,deilen,nouns,0.83
672,窗帘,gwialen,nouns,0.14
673,浪费,poeni,verbs,0.0
674,得到,prynu,verbs,0.81
675,拉,gwthio,verbs,0.28
676,安慰,diogelwch,nouns,0.6
677,澄清,egluro,verbs,3.82
678,硬件,cas,nouns,0.09
679,完成,cyflawn,adjectives,5.16
680,钩针编织,gwisg unffurf,nouns,0.23
681,打招呼,cyfarfod,verbs,0.83
682,发动机,modur,nouns,3.17
683,选举,gwrthod,verbs,0.0
684,走廊,cyntedd,nouns,4.18
685,正式地,yn bwysig,adverbs,1.65
686,乞求,pledio,verbs,4.0
687,和蔼,creulon,adjectives,0.0
688,晚餐,pryd bwyd,nouns,3.28
689,恐吓,aflonyddu,verbs,1.08
690,月亮,planed,nouns,2.46
691,偷偷,yn hyderus,adverbs,0.15
692,通知,portreadu,verbs,0.15
693,打赌,gamblo,verbs,5.13
694,代码,symbol,nouns,2.5
695,充分,yn sylfaenol,adverbs,0.23
696,糖果,afal,nouns,0.2
697,碗,cynffon,nouns,0.0
698,解剖学,bioleg,nouns,2.72
699,死亡,trychineb,nouns,2.04
700,政治家,plismon,nouns,0.15
701,傻,hurt,adjectives,5.04
702,赢家,nod,nouns,0.05
703,偷,cymryd,verbs,1.7
704,大,eang,adjectives,3.44
705,探路者,saethydd,nouns,0.18
706,杀,brwydro,verbs,1.08
707,地带,ardal,nouns,4.97
708,眉头,llygad,nouns,0.78
709,海滩,creigres,nouns,0.44
710,流体,ffroenell,nouns,0.0
711,想,myfyrio,verbs,3.92
712,军队,lleng,nouns,3.98
713,沉思,meddwl,verbs,3.92
714,完全地,yn llwyr,adverbs,4.97
715,选择,etholiad,nouns,2.81
716,火鸡,iâr,nouns,2.13
717,选择,ethol,verbs,3.26
718,弯曲,syth,adjectives,0.14
719,学校,gradd,nouns,0.95
720,偷,rhoi,verbs,0.23
721,酸,sylfaen,nouns,0.14
722,玩具,ciwb,nouns,0.14
723,文章,gwaith cartref,nouns,1.35
724,内疚,onest,adjectives,0.1
725,同意,anghytuno,verbs,0.23
726,懒,prysur,adjectives,0.04
727,问,gweddïo,verbs,0.97
728,单种栽培,amaethyddiaeth,nouns,0.79
729,头脑,ymennydd,nouns,4.22
730,车,cwch,nouns,0.58
731,忘记,atgoffa,verbs,0.23
732,神经官能症,meddwl,nouns,0.69
733,小行星,seren,nouns,2.5
734,皮肤,beic,nouns,0.0
735,非一般,prin,adjectives,4.24
736,学校,cyfraith,nouns,0.33
737,草,gwraidd,nouns,0.38
738,句法,prif air,nouns,0.38
739,锁,allwedd,nouns,0.96
740,大炮,pêl,nouns,0.3
741,理想地,yn fecanyddol,adverbs,0.09
742,父亲,brawd,nouns,0.64
743,翻译者,tramorwr,nouns,0.33
744,港口,papur lapio,nouns,0.0
745,星星,planed,nouns,2.79
746,偷,caffael,verbs,1.14
747,容器,wagen,nouns,0.09
748,鸟,twrci,nouns,2.08
749,可靠地,yn fras,adverbs,0.09
750,强大,nerthol,adjectives,4.53
751,发展,codi arian,nouns,0.24
752,好心地,yn hael,adverbs,2.77
753,圣歌,gwellt,nouns,0.0
754,公主,brenin,nouns,0.45
755,地区,cornel,nouns,0.68
756,门,seler,nouns,0.28
757,不诚实,onest,adjectives,0.1
758,剑,gorsedd,nouns,0.57
759,货车,car,nouns,2.21
760,裁判官,barnwr,nouns,3.92
761,冰,eira,nouns,2.77
762,通常,anaml,adverbs,0.23
763,现金,arian,nouns,4.0
764,电池,egni,nouns,2.26
765,似乎,esgus,verbs,0.29
766,享受,diddanu,verbs,1.05
767,做,gadael,verbs,0.0
768,酒吧,carchar,nouns,0.38
769,晚上,dydd ,nouns,0.1
770,羞耻,poenus,adjectives,0.29
771,农业,ungnwd,nouns,0.79
772,雪茄,pibell,nouns,1.26
773,慷慨地,byth,adverbs,0.0
774,自由,liberti,nouns,4.84
775,片,maes awyr,nouns,0.0
776,剑,amgylchedd,nouns,0.18
777,杜松子酒,wisgi,nouns,1.82
778,码,metr,nouns,1.69
779,心情,emosiwn,nouns,2.79
780,钱,cyflog,nouns,3.58
781,参议院,cyfansoddiad,nouns,0.81
782,长凳,cadair,nouns,3.37
783,按下,rhyddhau,verbs,0.05
784,薪水,arian,nouns,3.58
785,确定,siwr,adjectives,5.54
786,否认,dweud celwydd,verbs,0.42
787,走,dechrau,verbs,0.29
788,非自然,yn negyddol,adverbs,0.39
789,意外,trychineb,nouns,3.15
790,叶,eginblanhigyn,nouns,1.01
791,离开,anwybyddu,verbs,0.68
792,国王,tywysoges,nouns,0.45
793,降低,lleihau,verbs,4.36
794,金属,alwminiwm,nouns,2.95
795,人,poblogaeth,nouns,2.33
796,扭曲,crwm,adjectives,2.73
797,离开,cymryd,verbs,0.05
798,完成,llwyddo,verbs,3.08
799,有意义,yn ddwfn,adverbs,1.82
800,大致,yn ddiamynedd,adverbs,0.2
801,地板,drws,nouns,0.05
802,撕开,gwisgo,verbs,0.09
803,教学大纲,arholiad,nouns,0.48
804,主题,stori,nouns,0.82
805,跟随,ymlid,verbs,2.26
806,戏法,bàth,nouns,0.0
807,很少地,fel arfer,adverbs,0.23
808,老师,myfyriwr,nouns,0.57
809,惩罚,bwrw,verbs,0.45
810,怪诞,anarferol,adjectives,4.02
811,目前,yn ofalus,adverbs,0.0
812,肚子,corff,nouns,1.42
813,人,dimai,nouns,0.0
814,代替,adfer,verbs,0.05
815,有趣,pêl-droed,nouns,0.2
816,厨房,ystafell ymolchi,nouns,0.54
817,小心地,yn beryglus,adverbs,0.23
818,乏味,diogel,adjectives,0.0
819,旧,cymysg,adjectives,0.1
820,大风,blanced,nouns,0.0
821,帮手,morwyn,nouns,2.22
822,疯狂,hapus,adjectives,0.46
823,法庭,barnwr,nouns,0.86
824,美,soned,nouns,0.2
825,使心烦,anghefnogi,verbs,1.54
826,导演,sinematograffeg,nouns,1.04
827,香槟,wisgi,nouns,1.83
828,犯罪,twyll,nouns,2.71
829,警察,gwleidydd,nouns,0.15
830,恶化,sychu,verbs,0.3
831,猫,cwningen,nouns,0.78
832,承认,siarad,verbs,0.38
833,静脉,stumog,nouns,0.29
834,有趣,trist,adjectives,0.04
835,成长,crebachu,verbs,0.14
836,重要,angenrheidiol,adjectives,3.51
837,老鼠,cynhwysydd,nouns,0.0
838,毕业,gorffen,verbs,1.78
839,乐队,cerddorfa,nouns,3.5
840,区域,ardal,nouns,5.24
841,十字架,mynach,nouns,0.39
842,炒,berwi,verbs,0.92
843,明亮地,yn fawr,adverbs,0.05
844,轻松,llonydd,adjectives,1.0
845,大致,yn fras,adverbs,0.6
846,亲王国,dugiaeth,nouns,1.67
847,主力舰,cadlong,nouns,3.17
848,提醒,anghofio,verbs,0.23
849,喜爱,casáu,verbs,0.09
850,拿,meddu ar,verbs,0.68
851,原谅,deall,verbs,0.67
852,河,dyffryn,nouns,1.31
853,和平,milwr,nouns,0.15
854,枪,canon,nouns,2.01
855,脖子,braich,nouns,0.24
856,无助,anghenus,adjectives,0.83
857,乱,glân,adjectives,0.04
858,自信,hunan,nouns,0.33
859,离开,ymuno,verbs,0.23
860,沙发,gwely,nouns,0.76
861,柄,protein,nouns,0.0
862,认识到,darganfod,verbs,3.76
863,一分钱,pobl,nouns,0.0
864,短,hir,adjectives,0.14
865,牙,morthwyl,nouns,0.0
866,门,cloch,nouns,0.2
867,衣服,botwm,nouns,0.33
868,当然,yn amlwg,adverbs,2.61
869,大致地,yn hawdd,adverbs,0.05
870,加入,atodi,verbs,1.01
871,接受,gwrthod,verbs,0.25
872,两次,wastad,adverbs,0.2
873,小麦粉,bara,nouns,1.36
874,望远镜,cadair,nouns,0.0
875,忘记,maddau,verbs,0.88
876,内疚,drwg,adjectives,0.65
877,肚子,cwrs,nouns,0.0
878,溶解,toddi,verbs,3.51
879,乐队,dygnwch,nouns,0.0
880,和声,piano,nouns,0.78
881,带来,cwyno,verbs,0.09
882,角度,pellter,nouns,0.18
883,理解,darllen,verbs,0.67
884,胜利者,dyn,nouns,0.28
885,酱,afal,nouns,0.29
886,女人,ysgrifennydd,nouns,0.52
887,船,dec,nouns,0.96
888,果汁,llaeth,nouns,0.77
889,追逐,dal,verbs,1.74
890,发展,gwrtaith,nouns,0.68
891,两次,sawl,adverbs,0.29
892,脆弱,diymadferth,adjectives,1.75
893,高速公路,ffordd,nouns,3.92
894,钟,drws,nouns,0.2
895,种族,penwythnos,nouns,0.0
896,刺激,diflas,adjectives,0.14
897,马,ebol,nouns,3.63
898,轨,ffens,nouns,0.05
899,花朵,dygnwch,nouns,0.33
900,手臂,cangen,nouns,0.65
901,沐浴,gwraig,nouns,0.0
902,病毒,gwaed,nouns,0.39
903,未成熟的,anghyfrifol,adjectives,1.86
904,准许,cymeradwyo,verbs,3.21
905,火,apocalyps,nouns,0.76
906,旧,newydd,adjectives,0.14
907,原木,pren,nouns,3.94
908,帽子,cot,nouns,1.08
909,踝,ffenestr,nouns,0.0
910,根,glaswellt,nouns,0.38
911,需求,ceryddu,verbs,0.24
912,关键地,yn hanfodol,adverbs,0.28
913,画画,terfysg,nouns,0.04
914,听,deall,verbs,1.23
915,能力,cymhwysedd,nouns,4.59
916,遇见,gadael,verbs,0.23
917,雇主,gweithiwr,nouns,0.43
918,确定,proffwydo,verbs,0.49
919,自然地,yn annaturiol,adverbs,0.23
920,心理学,gwyddoniaeth,nouns,2.41
921,毛,gwn,nouns,0.05
922,实质上,yn feirniadol,adverbs,0.28
923,草,mwsogl,nouns,1.52
924,公国,tywysogaeth,nouns,1.67
925,竞争,gorffen,verbs,0.0
926,信封,addurn,nouns,0.32
927,体操,ffensio,nouns,0.66
928,迅速,cyflym,adjectives,5.2
929,酒,wisgi,nouns,2.97
930,幸福,heddwch,nouns,1.69
931,忽略,gofyn,verbs,0.09
932,想要,dymuno,verbs,4.39
933,肠子,nerf,nouns,0.24
934,流星,disgyrchiant,nouns,0.3
935,说服,ceisio,verbs,0.32
936,失败,llwyddo,verbs,0.23
937,细胞质,digid,nouns,0.0
938,静脉,braich,nouns,0.24
939,获得,dwyn,verbs,1.14
940,说,gwirio,verbs,0.15
941,表哥,ewythr,nouns,0.48
942,女孩,morwyn,nouns,2.4
943,大多,yn ddwfn,adverbs,0.33
944,困难,hawdd,adjectives,0.07
945,救,amddiffyn,verbs,2.53
946,非常,yn llachar,adverbs,0.05
947,稻草,emyn,nouns,0.0
948,决定,meddwl,verbs,1.18
949,进入,gadael,verbs,0.28
950,哭,wylo,verbs,5.5
951,羊,oen,nouns,3.83
952,脑,nerf,nouns,1.36
953,米,iard,nouns,1.69
954,哲学家,rasio,nouns,0.0
955,诚实,euog,adjectives,0.1
956,带来,danfon,verbs,0.65
957,篮球,pêl-fas,nouns,1.37
958,稻草,gwraig,nouns,0.09
959,鸡,reis,nouns,0.1
960,阻碍,ymdrechu,verbs,0.15
961,听,canfod,verbs,0.79
962,作家,cyfansoddwr,nouns,2.88
963,窗台,mynydd,nouns,0.0
964,肉,gwaed,nouns,0.68
965,教授,meddyg,nouns,0.76
966,频繁,cyfartaledd,adjectives,0.63
967,面具,parti,nouns,0.24
968,检查,ymchwilio,verbs,3.21
969,聪慧,hurt,adjectives,0.09
970,符号,cod,nouns,2.5
971,牛,ceffyl,nouns,0.63
972,大,hawdd,adjectives,0.0
973,朋友,athro,nouns,0.71
974,磁盘,cyfrifiadur,nouns,0.68
975,长,byr,adjectives,0.14
976,医生,ffisigwr,nouns,4.71
977,罐子,cwpan,nouns,1.6
978,下面,ochr,nouns,0.59
979,州,cartref,nouns,0.0
980,购买,dwyn,verbs,0.33
981,狡猾,rhyfedd,adjectives,0.32
982,锁起来,cell,nouns,1.54
983,手腕,llaw,nouns,1.8
984,使气馁,tramgwyddo,verbs,1.54
985,道德,chwedl,nouns,0.2
986,棒球,pêl-fasged,nouns,1.37
987,唇,ceg,nouns,2.53
988,同音词,ffotoffon,nouns,0.15
989,收缩,lleihau,verbs,3.13
990,屏蔽,bwcler,nouns,0.89
991,出席,dadlau,verbs,0.09
992,大方,braf,adjectives,1.45
993,训斥,mynnu,verbs,0.24
994,无聊,wedi blino,adjectives,0.44
995,保持,benthyg,verbs,0.1
996,累,diflas,adjectives,0.44
997,电梯,cludo,verbs,1.38
998,平庸,drwg,adjectives,0.15
999,观察,gwylio,verbs,3.68
1000,抽屉,dillad,nouns,0.34
1001,退休,tynnu'n ôl,verbs,1.11
1002,刺激,dyfalu,verbs,0.04
1003,烟斗,sigâr,nouns,1.26
1004,段,llythyr,nouns,0.54
1005,僵硬,hawdd,adjectives,0.09
1006,确定,gwacáu,verbs,0.0
1007,珍珠,arian,nouns,0.15
1008,餐,cinio,nouns,3.0
1009,私人,personol,adjectives,4.04
1010,大声地,yn gynnil,adverbs,0.0
1011,窗口,ffêr,nouns,0.0
1012,角,ardal,nouns,0.68
1013,参与,dweud,verbs,0.0
1014,衬衣,cardigan,nouns,1.13
1015,狗,cath,nouns,0.78
1016,轻信,twp,adjectives,0.68
1017,字母,pen,nouns,0.0
1018,谷仓,tŷ,nouns,0.48
1019,猫,anifail anwes,nouns,3.03
1020,潜水,creu,verbs,0.0
1021,糖果,sinamon,nouns,0.49
1022,球,canon,nouns,0.3
1023,派对,mwgwd,nouns,0.24
1024,合作,cymryd rhan,verbs,1.27
1025,花园,pibell,nouns,0.0
1026,创建,dinistrio,verbs,0.23
1027,饥饿,wedi blino,adjectives,0.33
1028,大灾变,tân,nouns,0.76
1029,蚕,lindys,nouns,2.05
1030,蜜糖,siwgr,nouns,2.17
1031,监护人,oedolyn,nouns,2.02
1032,电梯,blwch,nouns,0.0
1033,大笑,crio,verbs,0.28
1034,愉快,gwych,adjectives,2.67
1035,不昂贵,rhad,adjectives,4.05
1036,暴风雪,glaw,nouns,0.81
1037,电视,sgriptiwr,nouns,0.43
1038,字,geiriadur,nouns,1.07
1039,私人的,cyhoeddus,adjectives,0.14
1040,杀,crogi,verbs,2.6
1041,男人,gŵr,nouns,3.55
1042,尝试,argyhoeddi,verbs,0.32
1043,耐力,band,nouns,0.0
1044,晚餐,brecwast,nouns,0.86
1045,通知,hysbysu,verbs,3.83
1046,休会,gorffen,verbs,0.44
1047,使满意,cytuno,verbs,1.35
1048,柔韧,mawr,adjectives,0.24
1049,肘,ffêr,nouns,0.68
1050,伤心,balch,adjectives,0.24
1051,暴风雨,corwynt,nouns,2.92
1052,猎狗,cadno,nouns,0.77
1053,讨论,egluro,verbs,1.8
1054,混合,troelli,verbs,3.27
1055,失去,cadw,verbs,0.29
1056,毁灭,adeiladwaith,nouns,0.18
1057,最佳,pumed,adjectives,0.04
1058,困扰,dychryn,verbs,1.08
1059,了解,gwrando,verbs,1.23
1060,吸收,meddu ar,verbs,0.38
1061,身体,braich,nouns,0.68
1062,宪法,senedd,nouns,0.81
1063,电影,teledu,nouns,1.78
1064,说,mynegi,verbs,3.54
1065,警察,cyd-beilot,nouns,0.1
1066,长大,anaeddfed,adjectives,0.23
1067,棚屋,lloches,nouns,1.27
1068,人,balŵn,nouns,0.0
1069,追逐,dilyn,verbs,2.26
1070,杂,hen,adjectives,0.1
1071,悲剧,angau,nouns,1.73
1072,心烦,cywilydd,adjectives,0.29
1073,起源,dechrau,verbs,3.81
1074,活动,hyblyg,adjectives,1.07
1075,软管,gardd,nouns,0.0
1076,奇怪,cyffredin,adjectives,0.04
1077,走道,neuadd,nouns,0.14
1078,实际地,yn ddelfrydol,adverbs,0.54
1079,兄弟会,drws,nouns,0.0
1080,巧妙,yn aeddfed,adverbs,0.63
1081,粗糙,hyll,adjectives,0.28
1082,星期,penwythnos,nouns,1.94
1083,离开,aros,verbs,0.14
1084,管理,gweinyddiaeth,nouns,3.01
1085,现代,hynafol,adjectives,0.0
1086,用拳猛击,pinsio,verbs,0.73
1087,雇主,gweithiwr,nouns,0.35
1088,死,datgymalu,verbs,0.18
1089,头,trwyn,nouns,0.54
1090,停,rhybuddio,verbs,0.7
1091,谷物,gwenith,nouns,2.63
1092,判断,tystio,verbs,0.49
1093,车,medrydd,nouns,0.18
1094,无助,yn agored i niwed,adjectives,1.75
1095,通常,yn ddiffuant,adverbs,0.2
1096,男人,menyw,nouns,0.28
1097,舱,gwersyll,nouns,0.54
1098,说谎,cyhuddo,verbs,0.43
1099,萤幕,monitor,nouns,0.67
1100,皇帝,cyfansoddiad,nouns,0.1
1101,鹰,aderyn,nouns,2.09
1102,蠢,hurt,adjectives,5.56
1103,电话,stondin,nouns,0.0
1104,母亲,ffrind,nouns,0.73
1105,留,gadael,verbs,0.14
1106,拒绝,etholi,verbs,0.0
1107,异族,alltud,nouns,3.62
1108,重要地,yn wir,adverbs,0.35
1109,购买,nôl rhywbeth,verbs,0.81
1110,付款,ceiniog,nouns,0.9
1111,洞察力,ffaith,nouns,0.49
1112,小提琴,offeryn,nouns,2.92
1113,鼓,gitâr,nouns,0.68
1114,貂,olew,nouns,0.0
1115,赌,betio,verbs,5.13
1116,轻松,dan straen,adjectives,0.0
1117,薄荷,amgueddfa,nouns,0.0
1118,收集,trefnu,verbs,1.0
1119,大规模,yn agored,adverbs,0.8
1120,逃走,ffoi,verbs,5.37
1121,牛,gafr,nouns,0.82
1122,遇见,cyfarch,verbs,0.83
1123,主要地,yn derfynol,adverbs,0.4
1124,强烈地,yn swyddogol,adverbs,0.42
1125,滑雪,eirfwrdd,nouns,1.63
1126,日志,fformiwla,nouns,0.4
1127,房屋,allwedd,nouns,0.15
1128,绝望,trallod,nouns,2.78
1129,男孩,partner,nouns,0.28
1130,运送,derbyn,verbs,0.05
1131,喝醉,sobr,adjectives,0.14
1132,探索,darganfod,verbs,2.46
1133,马,caseg,nouns,4.07
1134,不需要,angenrheidiol,adjectives,0.09
1135,嘴巴,gwefus,nouns,2.53
1136,脊柱,corff,nouns,0.98
1137,力量,gallu,nouns,2.35
1138,拒绝,osgoi,verbs,1.43
1139,麻布,ffabrig,nouns,2.5
1140,沙子,troed,nouns,0.1
1141,网球,ystadegau,nouns,0.0
1142,艺术品,artist,nouns,1.06
1143,鸢尾花,asetylocolin,nouns,0.05
1144,慷慨地,yn garedig,adverbs,2.77
1145,鼻子,gwddf,nouns,0.29
1146,暖炉,ymbarél,nouns,0.04
1147,成年人,plentyn,nouns,0.68
1148,怪异,anarferol,adjectives,4.13
1149,实现,ceisio,verbs,0.86
1150,幻灯片,pwyntydd,nouns,0.09
1151,天花板,eglwys gadeiriol,nouns,0.1
1152,风暴,cwmwl,nouns,0.86
1153,社会,diwylliant,nouns,1.14
1154,舒服地,yn hawdd,adverbs,1.33
1155,船,modur,nouns,0.54
1156,好斗,crwm,adjectives,0.09
1157,贫困,cyfoeth,nouns,0.2
1158,洞,cytundeb,nouns,0.0
1159,咖啡,ffa,nouns,0.58
1160,擦,dirywio,verbs,0.3
1161,牛仔裤,menyw,nouns,0.1
1162,特别,gwerthfawr,adjectives,1.27
1163,疯狂,gwallgof,adjectives,4.69
1164,同意,gwahaniaethu,verbs,0.0
1165,许多,digonedd,nouns,4.24
1166,果园,estrys,nouns,0.0
1167,牛奶,sudd,nouns,0.77
1168,清醒,meddw,adjectives,0.14
1169,想要,benthyg,verbs,0.24
1170,北,de,nouns,0.49
1171,发现,tarddu,verbs,0.34
1172,态度,hyder,nouns,1.23
1173,人,gwn,nouns,0.05
1174,人物,person,nouns,3.68
1175,新,heb ei ddefnyddio,adjectives,3.97
1176,屏幕,ffonoleg,nouns,0.0
1177,眼睛,ael,nouns,0.78
1178,起泡,darlun,nouns,0.0
1179,推,beio,verbs,0.23
1180,星系,ap,nouns,0.0
1181,枫木,derwen,nouns,2.03
1182,树,cwch,nouns,0.0
1183,喜悦,balchder,nouns,1.76
1184,乘,rhannu,verbs,0.57
1185,诗,rhythm,nouns,0.78
1186,原木,bàth,nouns,0.0
1187,装作,portreadu,verbs,0.35
1188,肚子,ystafell wely,nouns,0.0
1189,头,ewin,nouns,0.05
1190,闪电攻击,ymosodiad,nouns,3.38
1191,声望,cyfoeth,nouns,0.37
1192,巧克力,pastai,nouns,0.38
1193,多面体,actor,nouns,0.0
1194,交付,cymryd,verbs,0.24
1195,房间,adeilad,nouns,0.64
1196,牛,dafad,nouns,1.03
1197,难以置信地,yn dynn,adverbs,0.0
1198,手臂,gwddf,nouns,0.24
1199,弯曲,ymosodol,adjectives,0.09
1200,嘴巴,trwyn,nouns,0.34
1201,象征,arwydd,nouns,4.7
1202,使气馁,annog,verbs,0.18
1203,整齐,glân,adjectives,2.55
1204,脖子,asgwrn cefn,nouns,0.68
1205,说服,canlyn,verbs,0.29
1206,神经,ymennydd,nouns,1.36
1207,得到,caffael,verbs,4.27
1208,兔子,cath,nouns,0.78
1209,积极地,yn gywir,adverbs,0.72
1210,早餐,swper,nouns,0.92
1211,争论,dadlau,verbs,3.19
1212,自豪,trist,adjectives,0.24
1213,海报,papur,nouns,1.55
1214,泥,baw,nouns,4.95
1215,疯,sâl,adjectives,0.6
1216,喷嘴,hylif,nouns,0.0
1217,阿姨,ewythr,nouns,1.27
1218,读,deall,verbs,0.67
1219,允许,gwrthbrofi,verbs,0.0
1220,正常,yn wahanol,adjectives,0.35
1221,连接,ymuno,verbs,1.01
1222,爆玉米花,sinema,nouns,0.57
1223,纸,poster,nouns,1.55
1224,任务,priffordd,nouns,0.0
1225,军士,gwn,nouns,0.29
1226,无家可归,biliwnydd,nouns,0.05
1227,靠不住的,cyfeiliornus,adjectives,1.69
1228,建议,argymell,verbs,3.91
1229,脚,llaw,nouns,0.43
1230,订婚,modrwy,nouns,1.39
1231,霸权,hollalluogrwydd,nouns,1.32
1232,难以置信,cyffredin,adjectives,0.0
1233,公开,heb ei ddatgelu,adjectives,0.09
1234,硬币,taliad,nouns,0.9
1235,蚂蚁,hedfan,nouns,0.32
1236,山羊,buwch,nouns,0.82
1237,不同意,cytuno,verbs,0.23
1238,容器,llygoden,nouns,0.0
1239,海军,ynys,nouns,0.15
1240,进入,mynd,verbs,1.5
1241,雾气,cwmwl,nouns,2.35
1242,提醒,gwerthu,verbs,0.0
1243,射线,heulwen,nouns,1.78
1244,注意,ymwybyddiaeth,nouns,2.51
1245,王子,brenin,nouns,1.55
1246,云,ffenestr,nouns,0.0
1247,威士忌酒,jin,nouns,1.82
1248,骗局,llygredd,nouns,1.18
1249,气球,bàth,nouns,0.0
1250,纸,cardbord,nouns,2.65
1251,逻辑,rhifyddeg,nouns,1.44
1252,懒,gwerthfawr,adjectives,0.04
1253,女王,gwenynen,nouns,0.05
1254,器官,afu,nouns,2.12
1255,逻辑,deallusrwydd,nouns,2.54
1256,教堂,seren,nouns,0.41
1257,醋,salad,nouns,0.29
1258,接受,gwadu,verbs,0.1
1259,乞求,benthyg,verbs,0.9
1260,混乱,yn heddychlon,adverbs,0.0
1261,电容器,deuod,nouns,0.33
1262,赢,curo,verbs,4.33
1263,赢得,cyflawni,verbs,2.15
1264,汽车,tanc,nouns,0.72
1265,标识,clwb,nouns,0.0
1266,借,erfyn,verbs,0.9
1267,交流,sgwrs,nouns,4.46
1268,蔑视,casáu,verbs,2.3
1269,壁橱,dillad,nouns,0.68
1270,年轻,aflonydd,adjectives,0.15
1271,预测,cymylog,nouns,0.04
1272,男孩,plentyn,nouns,2.63
1273,骑,rhedeg,verbs,0.23
1274,收到,danfon,verbs,0.37
1275,雕塑家,plasty,nouns,0.15
1276,同意,dadlau,verbs,0.23
1277,线,machlud haul,nouns,0.0
1278,人口,pobl,nouns,2.33
1279,正义,tribiwnlys,nouns,0.85
1280,暴力,meddal,adjectives,0.0
1281,地心引力,meteor,nouns,0.3
1282,放,hongian,verbs,0.56
1283,不道德,drwg,adjectives,3.06
1284,正义,dde,nouns,0.33
1285,普通,rhyfedd,adjectives,0.04
1286,街,car,nouns,0.48
1287,珍贵,sanctaidd,adjectives,1.52
1288,拥抱,cwtsh,verbs,4.49
1289,头,ysgwydd,nouns,0.54
1290,基质,moleciwl,nouns,0.56
1291,听,ufuddhau,verbs,2.31
1292,做,digwydd,verbs,0.35
1293,裂开,torri,verbs,2.3
1294,离开,crwydro,verbs,0.49
1295,混乱,hysteria,nouns,2.27
1296,画,creu,verbs,0.09
1297,从不,yn ddiweddarach,adverbs,0.19
1298,描绘,penderfynu,verbs,0.0
1299,军队,llynges,nouns,3.81
1300,判决书,prawf,nouns,1.86
1301,男人,rhyfelwr,nouns,0.43
1302,名誉,cyfoeth,nouns,0.85
1303,蚂蚁,gwenynen,nouns,0.68
1304,灵活,llac,adjectives,1.31
1305,危害,poen,nouns,1.31
1306,决定,barnu,verbs,2.9
1307,脚趾,bys,nouns,0.18
1308,征服,taith,nouns,0.43
1309,向外,sy'n dod i mewn,adjectives,0.04
1310,可怕,gwael,adjectives,0.77
1311,狡诈,annibynadwy,adjectives,1.69
1312,饼干,tywysoges,nouns,0.0
1313,祈祷,cyfathrebu,verbs,0.72
1314,仪式,dathliad,nouns,2.19
1315,电影,theatr,nouns,1.46
1316,白兰地酒,alcohol,nouns,2.97
1317,中性,llonydd,adjectives,0.59
1318,香槟酒,cwrw,nouns,1.88
1319,给,gosod,verbs,0.79
1320,毛毛虫,pryf sidan,nouns,2.05
1321,任务,menyw,nouns,0.0
1322,打,denu,verbs,0.0
1323,校验,dweud,verbs,0.15
1324,责怪,gwthio,verbs,0.23
1325,信念,argraff,nouns,0.79
1326,不同,yn derfynol,adverbs,0.0
1327,减少,gostwng,verbs,4.36
1328,签证,bydiaeth,nouns,0.46
1329,辣,da,adjectives,0.0
1330,泥土,mwd,nouns,4.95
1331,公平,yn annheg,adverbs,0.23
1332,竿,llen,nouns,0.14
1333,电话,dioddefwr,nouns,0.0
1334,叔叔,modryb,nouns,1.27
1335,上衣,het,nouns,1.08
1336,谴责,gwrthod,verbs,0.19
1337,王座,cleddyf,nouns,0.57
1338,击中,cosbi,verbs,0.45
1339,带来,cario ,verbs,2.45
1340,压抑,ymwrthod,verbs,0.1
1341,赚,creu,verbs,0.18
1342,拇指,llaw,nouns,0.73
1343,流,drifftio,verbs,2.55
1344,病菌,pathogen,nouns,3.83
1345,手,bawd,nouns,0.73
1346,坏,gwych,adjectives,0.0
1347,检查,gwyddbwyll,nouns,0.09
1348,出席,casglu,verbs,0.38
1349,电动机,injan,nouns,3.17
1350,极好,drwg  ,adjectives,0.09
1351,信息,entropi,nouns,0.38
1352,脏,anhygoel,adjectives,0.0
1353,联合,cyfuniad,nouns,2.38
1354,电梯,car,nouns,0.1
1355,散热器,synhwyrydd,nouns,0.28
1356,粗鲁,ymosodol,adjectives,1.19
1357,不同,dadlau,verbs,0.48
1358,旅行,taith,nouns,3.59
1359,断绝亲子关系 or...,rhoi,verbs,0.5
1360,邮包,lori,nouns,0.39
1361,鼓,corn,nouns,0.2
1362,创造者,awdur,nouns,3.55
1363,推荐,cynghori,verbs,3.91
1364,电缆,capel,nouns,0.0
1365,植物,amaethyddiaeth,nouns,0.94
1366,裙子,dawnsio,nouns,0.24
1367,想像,creu,verbs,0.77
1368,亿万富翁,digartref,nouns,0.05
1369,字,papur newydd,nouns,1.12
1370,营地,caban,nouns,0.54
1371,盒子,stondin,nouns,0.05
1372,公开地,yn enfawr,adverbs,0.8
1373,身体,stumog,nouns,1.42
1374,必须,pwysig,adjectives,3.51
1375,偶然,yn rheolaidd,adverbs,0.62
1376,床,soffa,nouns,0.76
1377,作业,nodyn,nouns,0.53
1378,没用过,newydd,adjectives,3.97
1379,军团,byddin,nouns,3.98
1380,苔藓,glaswellt,nouns,1.52
1381,星系,seryddwr,nouns,0.24
1382,游标,sglodion,nouns,0.04
1383,重大,eilradd,adjectives,0.09
1384,管弦乐队,band,nouns,3.5
1385,政府,madfall,nouns,0.0
1386,班级,coleg,nouns,0.69
1387,合唱,canwr,nouns,1.32
1388,副驾驶,talwrn,nouns,0.32
1389,代数,gweithredu,nouns,0.2
1390,锁匙,coron,nouns,0.0
1391,下面,top,nouns,0.2
1392,病理学,haematoleg,nouns,1.94
1393,谦虚,cywilydd,adjectives,0.18
1394,男孩,brawd,nouns,1.89
1395,自由,diniwed,adjectives,0.04
1396,进入,bod yn ddyledus,verbs,0.1
1397,察觉,clywed,verbs,0.79
1398,优胜者,pencampwr,nouns,5.42
1399,日落,codiad haul,nouns,0.83
1400,游泳,cyfarfod,verbs,0.0
1401,移动,gwehyddu,verbs,0.0
1402,清醒,chwyrnu,verbs,0.23
1403,经常,yn anaml,adverbs,0.23
1404,贫穷,balchder,adjectives,0.1
1405,简直,mae'n debyg,adverbs,0.7
1406,鸟,gwalch,nouns,2.09
1407,笔记本,gwn,nouns,0.0
1408,徽章,urddas,nouns,0.0
1409,女人,jîns,nouns,0.1
1410,出口,pleidlais,nouns,0.23
1411,哭泣,crio,verbs,5.5
1412,词缀,ôl-ddodiad,nouns,3.03
1413,判断,penderfynu,verbs,2.9
1414,使心烦,brifo,verbs,0.04
1415,收到,cyflawni,verbs,0.1
1416,踝,penelin,nouns,0.68
1417,门,presenoldeb,nouns,0.0
1418,和平,hapusrwydd,nouns,1.69
1419,给,caniatáu,verbs,1.05
1420,被动,treisgar,adjectives,0.0
1421,做,llunio,verbs,3.13
1422,智力,sgil,nouns,2.13
1423,飞机,hofrennydd,nouns,2.83
1424,电影,popcorn,nouns,0.57
1425,给,gwybod,verbs,0.0
1426,天使,cythraul,nouns,0.18
1427,壁,castell,nouns,0.57
1428,汽车,beic,nouns,0.78
1429,参与,cydweithredu,verbs,1.27
1430,作家,anrheg,nouns,0.0
1431,故事,pwnc,nouns,0.82
1432,舌头,boch,nouns,0.35
1433,小牛,tarw,nouns,2.49
1434,世纪,gwirod,nouns,0.0
1435,记者,bardd,nouns,0.2
1436,高高兴兴,yn weithredol,adverbs,0.32
1437,打鼾,deffro,verbs,0.23
1438,尖,ysgafn,adjectives,0.05
1439,批评,dadl,nouns,1.35
1440,大麻,perlysieuyn,nouns,2.27
1441,军官,dirprwy,nouns,1.13
1442,准确地,yn weithredol,adverbs,0.72
1443,失败,dibynnu,verbs,0.24
1444,混合,coginio,verbs,0.58
1445,出租车,tacsi,nouns,5.8
1446,通知,cydnabod,verbs,0.35
1447,尖,diflas,adjectives,0.19
1448,选择,gwythïen,nouns,0.04
1449,病原,germ,nouns,3.83
1450,奇怪,rhyfeddol,adjectives,4.02
1451,旗,polyn,nouns,0.98
1452,身体,asgwrn cefn,nouns,0.98
1453,大概,yn gadarnhaol,adverbs,0.45
1454,经济,ecosystem,nouns,0.05
1455,达到,cyflawni,verbs,3.08
1456,害羞,drud,adjectives,0.0
1457,蝙蝠,sugnwr gwaed,nouns,0.78
1458,教授,myfyriwr,nouns,0.58
1459,容易,anodd,adjectives,0.09
1460,狂怒,dicter,nouns,3.95
1461,打印,anwybyddu,verbs,0.0
1462,戒除,gwneud,verbs,0.0
1463,非法,anfoesol,adjectives,2.04
1464,腰部,pryd bwyd,nouns,0.0
1465,盒子,het,nouns,0.0
1466,智力,mewnwelediad,nouns,2.43
1467,分子,atom,nouns,2.13
1468,混乱,anarchiaeth,nouns,3.6
1469,募捐,datblygiad,nouns,0.24
1470,新郎,priodferch,nouns,1.13
1471,飓风,storm,nouns,2.92
1472,草地,glaswelltir,nouns,3.31
1473,残酷,braf,adjectives,0.0
1474,海岸,traeth,nouns,2.45
1475,非常好,brwnt,adjectives,0.0
1476,酒,canrif,nouns,0.0
1477,猎鹰,eryr,nouns,2.79
1478,困难,hawdd,adjectives,0.09
1479,城堡,wal,nouns,0.57
1480,手术,calon,nouns,0.19
1481,坠落,brifo ,verbs,1.08
1482,刀,gwn,nouns,1.4
1483,续集,camera,nouns,0.04
1484,制服,crosio,nouns,0.23
1485,警察,siryf,nouns,3.11
1486,果汁,ysgytlaeth,nouns,0.73
1487,宫殿,nendwr,nouns,0.28
1488,糟糕,yn ddarostyngedig,adverbs,0.05
1489,歌手,corws,nouns,1.32
1490,无知,rheolaidd,adjectives,0.04
1491,乱七八糟,trefnus,adjectives,0.18
1492,轻视,dirmygus,adjectives,4.17
1493,终末,yn wahanol,adverbs,0.0
1494,考古学,anthropoleg,nouns,1.26
1495,分子,matrics,nouns,0.56
1496,主机板,prif fwrdd,nouns,2.94
1497,冬天,haf,nouns,0.45
1498,威士忌酒,siampên,nouns,1.83
1499,纸,pren,nouns,0.43
1500,洗澡,mynachlog,nouns,0.0
1501,八月,mis,nouns,2.35
1502,门,llawr,nouns,0.05
1503,菠萝,ffôn clyfar,nouns,0.0
1504,加,lluosi,verbs,1.13
1505,笨,clyfar,adjectives,0.09
1506,出现,dod yn,verbs,0.83
1507,语言,cyfathrebu,nouns,1.27
1508,窗口,cwmwl,nouns,0.0
1509,漫游,crwydro,verbs,3.45
1510,铝,tun,nouns,1.42
1511,微妙地,ar hyn o bryd,adverbs,0.0
1512,开始,gadael,verbs,0.0
1513,试着,bwriadu,verbs,1.46
1514,立方体,dis,nouns,2.63
1515,怒视,ciledrych,verbs,0.18
1516,辩解,gwirio,verbs,0.48
1517,稍后,byth,adverbs,0.19
1518,易损坏,oeraidd,adjectives,0.1
1519,副手,swyddog,nouns,1.13
1520,饥饿,sychedig,adjectives,1.71
1521,挂,rhoi,verbs,0.56
1522,从不,prin,adverbs,2.74
1523,肉,stêc,nouns,3.59
1524,犯罪,ymosodiad,nouns,1.6
1525,离开,ymddangos,verbs,0.05
1526,自行车,ystafell wely,nouns,0.0
1527,词,llenyddiaeth,nouns,1.65
1528,从不,yn hael,adverbs,0.0
1529,篮子,pêl,nouns,0.1
1530,承认,hysbysu,verbs,0.35
1531,合作,ymuno,verbs,0.97
1532,老板,cyfarwyddwr,nouns,3.58
1533,争论,perswadio,verbs,1.98
1534,贫困,diymadferth,adjectives,0.83
1535,飞机,maes awyr,nouns,1.5
1536,容易,syml,adjectives,3.78
1537,牙医,cyrnol,nouns,0.09
1538,搏斗,lladd,verbs,1.08
1539,谢绝,cymryd,verbs,0.23
1540,争论,beirniadaeth,nouns,1.35
1541,故障,system,nouns,0.0
1542,花朵,bwlb,nouns,0.3
1543,叔叔,dyn,nouns,1.64
1544,校验,cyfiawnhau,verbs,0.48
1545,父亲,mab,nouns,0.68
1546,模式,ffasiwn,nouns,0.1
1547,重要的,yn swyddogol,adverbs,1.65
1548,付款,trin,verbs,0.09
1549,墙壁,addurn,nouns,0.47
1550,环球航行,bagiau,nouns,0.0
1551,小圆盾,tarian,nouns,0.89
1552,收缩,tyfu,verbs,0.14
1553,一般,fel mater o drefn,adverbs,4.04
1554,全然地,yn gyfan gwbl,adverbs,4.97
1555,走廊,drws,nouns,0.33
1556,杂乱无章,trefnu,verbs,0.23
1557,男孩,cyflwr,nouns,0.14
1558,简单,anodd,adjectives,0.14
1559,球状物,pêl,nouns,4.05
1560,音节,lema,nouns,0.5
1561,水晶,gwydr,nouns,1.6
1562,给,dwyn,verbs,0.23
1563,故事,cân,nouns,0.68
1564,小巷,bowlen,nouns,0.0
1565,生态系统,economi,nouns,0.05
1566,啤酒,siampên,nouns,1.88
1567,轻微,yn gyfan gwbl,adverbs,0.05
1568,累,newynog,adjectives,0.33
1569,完美地,yn wir,adverbs,0.58
1570,给予,gwrthod,verbs,0.0
1571,膝盖,braich,nouns,0.53
1572,书,llawysgrif,nouns,1.2
1573,原木,pren,nouns,3.59
1574,自然地,yn dawel,adverbs,0.38
1575,穿,rhwygo,verbs,0.09
1576,演员,cân,nouns,0.63
1577,安排,angen,verbs,0.0
1578,容易,gwydn,adjectives,0.04
1579,手臂,coes,nouns,0.57
1580,卧室,stumog,nouns,0.0
1581,岛,tywysoges,nouns,0.0
1582,冷淡,bregus,adjectives,0.1
1583,改变,newid,verbs,3.26
1584,策略家,cynllwyniwr,nouns,3.31
1585,复诊,claf,nouns,0.18
1586,点菜,bwydlen,nouns,0.93
1587,空出,troi allan,verbs,0.43
1588,扼杀,coflaid,verbs,0.1
1589,来,mynychu,verbs,3.09
1590,乙酰胆碱,iris,nouns,0.05
1591,图表,graff,nouns,3.64
1592,手臂,cyhyr,nouns,0.89
1593,葬礼,marwolaeth,nouns,0.92
1594,沐浴,ystafell,nouns,0.24
1595,创建,plymio,verbs,0.0
1596,开始,dechrau,verbs,5.08
1597,传播,iro,verbs,0.41
1598,肚子,gwythïen,nouns,0.29
1599,忽略,argraffu,verbs,0.0
1600,编剧,teledu,nouns,0.43
1601,原子,moleciwl,nouns,2.13
1602,加入,cymryd rhan,verbs,3.99
1603,木炭,glo,nouns,2.65
1604,管理,swydd,nouns,0.43
1605,对乙酰氨基酚,bronceitus,nouns,0.24
1606,毛,menyw,nouns,0.05
1607,手臂,gwythïen,nouns,0.24
1608,手表,sgert,nouns,0.0
1609,周末,ras,nouns,0.0
1610,主要,y rhan fwyaf,adverbs,3.55
1611,成为,cyflawni,verbs,0.77
1612,海岸,lan,nouns,2.81
1613,覆盖着,gwisgedig,adjectives,1.98
1614,国民,mawr,adjectives,0.3
1615,丰富,digon,nouns,4.24
1616,音乐,alaw,nouns,3.37
1617,公主,ynys,nouns,0.0
1618,页,paragraff,nouns,0.85
1619,优雅,steil,nouns,2.11
1620,苦难,anobaith,nouns,2.78
1621,歌曲,perfformiwr,nouns,0.63
1622,茅屋,caban,nouns,3.01
1623,钝,miniog,adjectives,0.19
1624,肉,cig eidion,nouns,3.22
1625,问,cynorthwyo,verbs,0.24
1626,限制,lleihau,verbs,2.92
1627,扼杀,llosgi,verbs,0.98
1628,马车,wagen,nouns,3.87
1629,打败,ennill,verbs,4.33
1630,非法,cyfreithlon,adjectives,0.14
1631,小学生,llywydd,nouns,0.05
1632,说谎,gwrthod,verbs,0.42
1633,技巧,deallusrwydd,nouns,2.13
1634,阵列,rhestr,nouns,0.73
1635,年级,ysgol,nouns,0.95
1636,房间,gwely,nouns,0.2
1637,情况,cyflwr,nouns,3.11
1638,坏,anonest,adjectives,1.26
1639,接受,dosbarthu,verbs,0.05
1640,三明治,cig,nouns,0.33
1641,预言家,offeiriad,nouns,0.83
1642,发送,dod â,verbs,0.65
1643,安全,cyfreithiol,adjectives,0.73
1644,种族主义,senoffobia,nouns,3.29
1645,学院,proffesiwn,nouns,0.2
1646,医生,tymer,nouns,0.0
1647,书,beibl,nouns,2.18
1648,坚固地,yn feddal,adverbs,0.2
1649,日出,machlud haul,nouns,0.83
1650,十四行诗,harddwch,nouns,0.2
1651,公爵,gweriniaeth,nouns,0.05
1652,指甲,bawd,nouns,0.72
1653,苹果,lemwn,nouns,0.69
1654,划分,uno,verbs,0.23
1655,形象,syniad,nouns,0.45
1656,分析,gwerthuso,verbs,4.17
1657,井井有条,anhrefnu,verbs,0.23
1658,纽扣,dillad,nouns,0.33
1659,灯泡,blodyn,nouns,0.3
1660,全球化,fisa,nouns,0.46
1661,仆人,caethwas,nouns,2.78
1662,实现,derbyn,verbs,0.1
1663,功课,traethawd,nouns,1.35
1664,空气,heliwm,nouns,2.67
1665,肌肉,braich,nouns,0.89
1666,法官,ynad,nouns,3.92
1667,风格,ceinder,nouns,2.11
1668,便士,bargen,nouns,0.49
1669,木材,log,nouns,3.59
1670,没打中,ergydio,verbs,0.23
1671,新鲜,eang,adjectives,0.05
1672,公共的,preifat,adjectives,0.14
1673,音系学,sgrîn,nouns,0.0
1674,讨论,dadl,nouns,3.42
1675,申请人,cais,nouns,1.54
1676,突变体,bioleg gymdeithasol,nouns,0.33
1677,穿着衣服的,wedi ei orchuddio,adjectives,1.98
1678,逃跑,dianc,verbs,5.37
1679,深深地,yn bennaf,adverbs,0.33
1680,海军,byddin,nouns,3.81
1681,声明放弃,amherchnogi,verbs,1.54
1682,建造,gwneuthurio,verbs,3.13
1683,鸡,cinio,nouns,0.54
1684,歌手,actor,nouns,1.78
1685,脚,pen,nouns,0.29
1686,雨,glaw mân,nouns,3.58
1687,樱桃,mefus,nouns,1.27
1688,灰濛蒙,rhagolwg,nouns,0.04
1689,满足,plesio,verbs,3.92
1690,劝告,awgrymu,verbs,2.85
1691,大小,anferthedd,nouns,2.49
1692,昂贵,swil,adjectives,0.0
1693,唱,chwerthin,verbs,0.2
1694,借,rhoi,verbs,1.74
1695,球,maneg,nouns,0.14
1696,骑,cymysgu,verbs,0.0
1697,日历,gwyliau,nouns,0.63
1698,拿,dosbarthu,verbs,0.24
1699,停,gyrru,verbs,0.1
1700,独特,cyferbyn,adjectives,0.5
1701,轻蔑,gwawdlyd,adjectives,4.17
1702,冰雹,glaw,nouns,1.67
1703,行星,seren,nouns,2.79
1704,煮熟的,wedi'i ferwi,adjectives,2.38
1705,脊柱,gwddf,nouns,0.68
1706,完成,datrys,verbs,0.97
1707,坦克,car,nouns,0.72
1708,拒绝,collfarnu,verbs,0.19
1709,蓝色,coch,adjectives,0.44
1710,膝盖,asgwrn,nouns,1.53
1711,先生,gwraig,nouns,0.43
1712,安全地,yn hapus,adverbs,0.23
1713,经常地,yn achlysurol,adverbs,0.62
1714,拒绝,derbyn,verbs,0.19
1715,无辜,am ddim,adjectives,0.04
1716,覆盖着的,datgelwyd,adjectives,0.09
1717,容易,hyblyg,adjectives,0.82
1718,事件,digwyddiad codi arian,nouns,1.68
1719,奖学金,hyfforddiant,nouns,0.81
1720,工人,peiriannydd,nouns,2.23
1721,戏法,maint,nouns,0.0
1722,完成,dod yn,verbs,0.77
1723,甜,trydanol,adjectives,0.0
1724,男人,enillydd,nouns,0.28
1725,相机,llywydd,nouns,0.0
1726,大,braisg,adjectives,3.81
1727,门口,drws,nouns,3.87
1728,真诚地,yn onest,adverbs,4.29
1729,报纸,gair,nouns,1.12
1730,洗手间,cegin,nouns,0.54
1731,水,sychder,nouns,0.1
1732,盒子,sigâr,nouns,0.04
1733,阳光,afal,nouns,0.09
1734,血液,cnawd,nouns,0.68
1735,主教,mwslim,nouns,0.52
1736,灯,ysbryd,nouns,0.0
1737,差数,gweddill,nouns,2.88
1738,知道,anghofio,verbs,0.05
1739,完成,ennill,verbs,2.15
1740,伤害,ymosod,verbs,3.09
1741,手稿,llyfr,nouns,1.2
1742,枪,cyllell,nouns,1.4
1743,帝制,democratiaeth,nouns,0.2
1744,冻结,crynnu,verbs,0.98
1745,坏,ardderchog,adjectives,0.09
1746,喇叭,car,nouns,0.29
1747,腐烂,dinistrio,verbs,1.97
1748,冰,dŵr,nouns,2.04
1749,保持,coleddu,verbs,0.82
1750,禁止,stopio,verbs,3.5
1751,拯救,achub,verbs,4.71
1752,天气,ton,nouns,0.04
1753,铝,metel,nouns,2.95
1754,分离,ymadael,verbs,2.04
1755,书,gwybodaeth,nouns,1.4
1756,搅拌,cymysgu,verbs,3.27
1757,不公平地,yn afresymol,adverbs,3.25
1758,诚实地,yn ddiffuant,adverbs,4.29
1759,敌意,ymosodedd,nouns,1.77
1760,灵活,diymhongar,adjectives,0.52
1761,平均,rheolaidd,adjectives,0.63
1762,收到,cymryd,verbs,1.92
1763,收入,treth,nouns,0.62
1764,峡谷,dyffryn,nouns,3.54
1765,商业,diwydiant,nouns,1.41
1766,男人,gwyliwr,nouns,1.3
1767,气旋,teiffŵn,nouns,3.54
1768,世纪,flwyddyn,nouns,1.6
1769,不可能,yn gyfeillgar,adverbs,0.09
1770,决定,portreadu,verbs,0.0
1771,甲板,llawr,nouns,2.18
1772,数学家,sioe,nouns,0.0
1773,伞,gwresogydd,nouns,0.04
1774,主意,cynllun,nouns,2.81
1775,大象,cwmpawd,nouns,0.04
1776,小亭,ffôn,nouns,0.0
1777,学习,anghofio,verbs,0.15
1778,牧师,proffwyd,nouns,0.83
1779,在家里,i ffwrdd,adverbs,0.38
1780,毁灭,arbed,verbs,0.14
1781,老鼠,dec,nouns,0.0
1782,负责可靠地,yn annibynnol,adverbs,0.6
1783,肉,bacwn,nouns,2.94
1784,徘徊,rhodio,verbs,3.45
1785,电动机,cwch,nouns,0.54
1786,组合,undeb,nouns,2.38
1787,画廊,cyfreithiwr,nouns,0.0
1788,身体,gwaed,nouns,0.96
1789,好,sbeislyd,adjectives,0.0
1790,老师,cynorthwy-ydd,nouns,1.46
1791,夏天,gaeaf,nouns,0.45
1792,交流,iaith,nouns,1.27
1793,妻子,dimai,nouns,0.23
1794,时装,modd,nouns,0.1
1795,真实地,yn berffaith,adverbs,0.58
1796,同意,derbyn,verbs,3.21
1797,伤心,doniol,adjectives,0.04
1798,詞,tudalen,nouns,0.4
1799,受害者,ffôn,nouns,0.0
1800,弱,pwerus,adjectives,0.0
1801,怪兽,cythraul,nouns,2.56
1802,狭窄,hir,adjectives,0.34
1803,焦躁不安,ifanc,adjectives,0.15
1804,伟大,ofnadwy,adjectives,0.04
1805,理想地,yn realistig,adverbs,0.54
1806,胜利,goruchafiath,nouns,4.12
1807,屋,ysgubor,nouns,0.48
1808,写,sgriblo,verbs,3.23
1809,手机,ffôn,nouns,4.47
1810,新,ffres,adjectives,4.0
1811,教堂,côr,nouns,0.39
1812,肌肉,asgwrn,nouns,0.38
1813,手套,pêl,nouns,0.14
1814,电脑,peiriant,nouns,2.37
1815,珍爱,cadw,verbs,0.82
1816,臭氧,awyrgylch,nouns,2.17
1817,车,priffordd,nouns,0.45
1818,晚餐,cyw iâr,nouns,0.54
1819,衣服,cwpwrdd,nouns,0.68
1820,权利,cyfiawnder,nouns,0.33
1821,蔑视,llenwi,verbs,0.0
1822,薄雾,glaw,nouns,1.31
1823,优胜者,presenoldeb,nouns,0.0
1824,不公平,creulon,adjectives,1.13
1825,在场,absenoldeb,nouns,0.54
1826,乳制品,mêl,nouns,0.28
1827,砖,wal,nouns,0.92
1828,土豆,menyn,nouns,0.24
1829,防守,lladd,verbs,0.48
1830,门,cegin,nouns,0.1
1831,面包,blawd,nouns,1.36
1832,锁匙,tŷ,nouns,0.15
1833,评分,marcio,verbs,2.75
1834,大脑,meddwl,nouns,4.22
1835,电话,ffôn symudol,nouns,4.47
1836,数,digid,nouns,4.97
1837,擦亮,hysbysu,verbs,0.0
1838,晚餐,cawl,nouns,0.88
1839,协议,twll,nouns,0.0
1840,意识,sylw,nouns,2.51
1841,木,carreg,nouns,0.1
1842,静脉,dewis,nouns,0.04
1843,现实地,yn ddiweddar,adverbs,0.0
1844,针织套衫,siaced,nouns,2.44
1845,乐观地,o bosibl,adverbs,0.83
1846,微妙地,yn uchel,adverbs,0.0
1847,疏忽,difeddiannu,verbs,0.15
1848,服装,pêl,nouns,0.1
1849,出租车,car,nouns,3.77
1850,大致,yn amlwg,adverbs,0.48
1851,赞成,caniatáu,verbs,3.21
1852,撤退,gadael,verbs,3.17
1853,偷,prynu,verbs,0.33
1854,派,siocled,nouns,0.38
1855,停止,gwahardd,verbs,3.5
1856,困难,caled,adjectives,4.78
1857,反驳,caniatáu,verbs,0.0
1858,灾难,marwolaeth,nouns,2.04
1859,旗,banereg,nouns,0.67
1860,钱,perl,nouns,0.15
1861,雪,iâ,nouns,2.77
1862,娱乐,plesio,verbs,1.36
1863,雪,tywydd,nouns,1.42
1864,电车,trên,nouns,2.41
1865,水,halen,nouns,0.38
1866,听,dysgu,verbs,0.57
1867,善良,hael,adjectives,1.45
1868,完全必要,angenrheidiol,adjectives,5.17
1869,笨,prin,adjectives,0.0
1870,尾巴,pennod,nouns,0.0
1871,狡猾,gwydn,adjectives,0.04
1872,骨头,ffêr,nouns,0.88
1873,蠕虫,malware,nouns,0.46
1874,灌木,blodyn,nouns,0.87
1875,不经常,yn aml,adverbs,0.23
1876,依靠,methu,verbs,0.24
1877,茶,lemwn,nouns,0.39
1878,羞愧,tristwch,nouns,1.15
1879,一次,yn syth,adverbs,0.55
1880,保龄球选手,bowlio,nouns,1.25
1881,地板,nenfwd,nouns,0.1
1882,门,coridor,nouns,0.33
1883,环境,cleddyf,nouns,0.18
1884,可靠,yn gyfrifol,adverbs,3.63
1885,呼吸,tagu,verbs,0.87
1886,缺乏信心,anghenus,adjectives,0.45
1887,软线,gwifren,nouns,1.44
1888,外套,siwmper,nouns,2.44
1889,资料,papur newydd,nouns,1.42
1890,解决,gorffen,verbs,0.97
1891,害怕,yn ansicr,adjectives,1.46
1892,氦气,aer,nouns,2.67
1893,智慧,deallusrwydd,nouns,3.66
1894,接受,cydnabod,verbs,3.04
1895,国境,terfyn,nouns,3.64
1896,花,cred,nouns,0.09
1897,血液,firws,nouns,0.39
1898,小心地,yn ochelgar,adverbs,3.78
1899,豆,coffi,nouns,0.58
1900,碳,atom,nouns,0.57
1901,甘蔗,cyfuniad,nouns,0.0
1902,快,buan,adjectives,4.54
1903,冬天,tymor,nouns,2.33
1904,自行车,croen,nouns,0.0
1905,意志,bwriad,nouns,1.51
1906,评估,dysgu,verbs,0.57
1907,手,ewin,nouns,0.73
1908,骨髓,gwaed,nouns,0.48
1909,选择,barn,nouns,1.1
1910,发动机,piston,nouns,1.89
1911,救,boddi,verbs,0.1
1912,否认,cyfaddef,verbs,0.18
1913,歇斯底里,dryswch,nouns,2.27
1914,车辆,bws,nouns,3.0
1915,方案,syniad,nouns,2.81
1916,巨大,hurt,adjectives,0.04
1917,字典,gair,nouns,1.07
1918,总是,dwywaith,adverbs,0.2
1919,贪污,twyll,nouns,1.18
1920,动物,bwystfil,nouns,3.33
1921,国王,tywysog,nouns,1.55
1922,知会,cyhoeddi,verbs,3.83
1923,妻子,bàth,nouns,0.0
1924,癌症,salwch,nouns,3.5
1925,才能,gallu,nouns,4.59
1926,保持,colli,verbs,0.29
1927,被动地,yn weithredol,adverbs,0.18
1928,相机,dilyniant,nouns,0.04
1929,绞刑,lladd,verbs,2.6
1930,数字,cytoplasm,nouns,0.0
1931,口香糖,mintys poethion,nouns,0.52
1932,培根,ffa,nouns,0.1
1933,血液,mêr,nouns,0.48
1934,米,modfedd,nouns,1.63
1935,收集,ysgwyd,verbs,0.04
1936,开心,siriol,adjectives,5.42
1937,游戏,tric,nouns,0.82
1938,律师,erlynydd,nouns,2.23
1939,参加竞选,mwnci,nouns,0.0
1940,进来,rhadlon,adjectives,0.04
1941,使满意,diddanu,verbs,1.36
1942,水,iâ,nouns,2.04
1943,抱怨,dod â,verbs,0.09
1944,大夫,meddyg,nouns,4.71
1945,丑陋,amrwd,adjectives,0.28
1946,放,rhoi,verbs,0.79
1947,精确,anghywir,adjectives,0.14
1948,书,pwnc,nouns,1.3
1949,建议,cynghori,verbs,2.85
1950,长笛,cerddoriaeth,nouns,1.15
1951,钢笔,yr wyddor,nouns,0.0
1952,床,ysbyty,nouns,0.57
1953,舞蹈,ffrog,nouns,0.24
1954,手臂,pen-glin,nouns,0.53
1955,部,swltan,nouns,0.15
1956,温和,miniog,adjectives,0.05
1957,白天,nos,nouns,0.1
1958,小巷,stryd,nouns,3.04
1959,生物学,biotop,nouns,0.79
1960,赢,llwyddo,verbs,3.92
1961,聚集,mynychu,verbs,0.38
1962,日历,dyddiad,nouns,2.46
1963,章,cynffon,nouns,0.0
1964,指南,llawlyfr,nouns,2.26
1965,信心十足地,yn gyfrinachol,adverbs,0.15
1966,天空,haul,nouns,0.8
1967,完结,wedi gorffen,adjectives,5.16
1968,显微镜,biolegydd,nouns,0.49
1969,电视,actor,nouns,0.82
1970,减少,gwlychu,verbs,0.0
1971,光标,sleid,nouns,0.09
1972,开始,mynd  ,verbs,0.29
1973,沙发,pêl-fas,nouns,0.0
1974,小孩,oedolyn,nouns,0.68
1975,共和国,dug,nouns,0.05
1976,推,tynnu,verbs,0.28
1977,撤离,pennu,verbs,0.0
1978,每月,wythnosol,adjectives,1.27
1979,演员,teledu,nouns,0.82
1980,乐趣,gêm,nouns,0.82
1981,旗帜学,baner,nouns,0.67
1982,攻击,blits,nouns,3.38
1983,能力,nerth,nouns,2.35
1984,外国人,estron,nouns,3.62
1985,总和,undeb,nouns,0.37
1986,罕见,anarferol,adjectives,4.24
1987,钻石,arian,nouns,1.04
1988,吸收,tynnu'n ôl,verbs,0.4
1989,出现,gadael,verbs,0.05
1990,排外主义,hiliaeth,nouns,3.29
1991,自信,agwedd,nouns,1.23
1992,岛,tasg,nouns,0.0
1993,模拟,roboteg,nouns,0.43
1994,重,mawr,adjectives,0.72
1995,害怕,swil,adjectives,1.46
1996,小马,ceffyl,nouns,3.63
1997,目标,cwest,nouns,1.55
1998,快,chwim,adjectives,5.2
1999,眼睛,deigryn,nouns,0.68
2000,派对,pobl,nouns,0.64
2001,争论,cytuno,verbs,0.23
2002,剩余,gwahaniaeth,nouns,2.88
2003,文学,gair,nouns,1.65
2004,奶昔,sudd,nouns,0.73
2005,诈骗,trosedd,nouns,2.71
2006,国会,senedd,nouns,2.56
2007,离开,mynd i mewn,verbs,0.28
2008,立即,yn fuan,adverbs,1.96
2009,真诚地,fel arfer,adverbs,0.2
2010,种子,melin,nouns,0.19
2011,兄弟会,dynion,nouns,1.23
2012,儿子,bachgen,nouns,3.4
2013,喝,llyncu,verbs,1.92
2014,有时,yn sicr,adverbs,0.0
2015,喉咙,trwyn,nouns,0.29
2016,欺骗,cafflo,verbs,3.37
2017,合唱团,eglwys,nouns,0.39
2018,奇怪,arferol,adjectives,0.09
2019,武器,helmed,nouns,0.54
2020,大自然,fflora,nouns,1.91
2021,幼稚,diniwed,adjectives,4.41
2022,知道,deall,verbs,2.94
2023,水,coroni,nouns,0.04
2024,航空电子学,awyrennaeth,nouns,3.75
2025,牙医,orthodontydd,nouns,3.94
2026,蜥蜴,crocodeil,nouns,0.72
2027,工作,rheolaeth,nouns,0.43
2028,哥哥,tad,nouns,0.64
2029,才能,gallu,nouns,4.24
2030,管理,llygoden,nouns,0.0
2031,神圣,gwerthfawr,adjectives,1.52
2032,油,minc,nouns,0.0
2033,受惊,wedi cyffroi,adjectives,1.23
2034,黎明,nos,nouns,0.2
2035,得到,aros,verbs,0.04
2036,运输,codi,verbs,1.38
2037,沐浴,log,nouns,0.0
2038,公主,priodferch,nouns,0.54
2039,喝,codi,verbs,0.0
2040,愤怒,treisgar,adjectives,1.46
2041,搏斗,chwarae,verbs,0.28
2042,欲望,eisiau,verbs,4.39
2043,芝士,bara,nouns,0.43
2044,玻璃,bathodyn,nouns,0.04
2045,割礼,blaengroen,nouns,0.77
2046,大象,deinosor,nouns,0.19
2047,喇叭,drwm,nouns,0.2
2048,天文,enfawr,adjectives,0.24
2049,故事,pensil,nouns,0.29
2050,杯子,jar,nouns,1.6
2051,问,anwybyddu,verbs,0.09
2052,椅子,gwely,nouns,0.48
2053,球,basged,nouns,0.1
2054,戏法,gwn,nouns,0.04
2055,孩子气,ffôl,adjectives,2.5
2056,保护,gorchuddio,verbs,1.09
2057,大厦,ystafell,nouns,0.64
2058,坏,brawychus,adjectives,0.77
2059,锥形蛋筒,cwpan,nouns,0.51
2060,启,cychwyn,verbs,5.08
2061,需要,trefnu,verbs,0.0
2062,头脑风暴,telesgop,nouns,0.0
2063,哨,stopio,verbs,0.05
2064,模仿,dal,verbs,0.0
2065,艰难,anodd,adjectives,4.78
2066,大厅,eil,nouns,0.14
2067,完全地,o ychydig,adverbs,0.05
2068,可靠地,yn oddefol,adverbs,0.1
2069,卧室,gwely,nouns,1.36
2070,牛扒,cyw iâr,nouns,0.54
2071,有价值,arbennig,adjectives,1.27
2072,肝脏,organ,nouns,2.12
2073,赚,haeddu,verbs,0.94
2074,母鸡,twrci,nouns,2.13
2075,父亲,rhiant,nouns,3.58
2076,汽车,modur,nouns,5.41
2077,家,cyflwr,nouns,0.0
2078,大气层,osôn,nouns,2.17
2079,兄弟,chwaer,nouns,1.94
2080,舌头,gwddf,nouns,0.61
2081,宽大,cul,adjectives,0.18
2082,组织,dod yn,verbs,0.0
2083,抓住,cipio,verbs,3.6
2084,苗条,tenau,adjectives,4.17
2085,闻,difetha,verbs,0.0
2086,侄子,modryb,nouns,0.58
2087,赛跑运动员,athletwr,nouns,3.08
2088,自豪的,yn ddarostyngedig,adverbs,0.28
2089,矩阵,fector,nouns,1.2
2090,拥有,amsugno,verbs,0.38
2091,摇动,casglu,verbs,0.04
2092,个人,preifat,adjectives,4.04
2093,大教堂,nenfwd,nouns,0.1
2094,这里,nawr,adverbs,2.05
2095,洞察力,deallusrwydd,nouns,2.43
2096,奇怪,rhyfedd,adjectives,4.13
2097,冷静地,yn gadarn,adverbs,0.78
2098,小山,clogwyn,nouns,1.07
2099,打算,ymgeisio,verbs,1.46
2100,蜜蜂,morgrugyn,nouns,0.68
2101,试验,prawf,nouns,4.29
2102,狭窄,gwyn,adjectives,0.18
2103,小学生,myfyriwr,nouns,4.45
2104,沐浴,balŵn,nouns,0.0
2105,得到,colli,verbs,0.23
2106,新鲜,hen,adjectives,0.09
2107,大,cenedlaethol,adjectives,0.3
2108,加,adeiladu,verbs,1.05
2109,页,gair,nouns,0.4
2110,通常,yn afreolaidd,adverbs,0.28
2111,苏丹,gweinidogaeth,nouns,0.15
2112,书,damwain,nouns,0.0
2113,给予,benthyg,verbs,1.74
2114,棒,rhagorol,adjectives,5.38
2115,成功,ennill,verbs,3.92
2116,段,tudalen,nouns,0.85
2117,戒除,dechrau,verbs,0.0
2118,支持者,criced,nouns,0.05
2119,完成,cystadlu,verbs,0.0
2120,脏,gludiog,adjectives,0.62
2121,主题,llyfr,nouns,1.3
2122,咬,darllen,verbs,0.0
2123,相反,unigryw,adjectives,0.5
2124,大,hyblyg,adjectives,0.24
2125,人,cymeriad,nouns,3.68
2126,光线电话机,homoffon,nouns,0.15
2127,开心,gwallgof,adjectives,0.46
2128,海,delta,nouns,0.69
2129,承认,gwrthod,verbs,0.18
2130,加剧,ymosod,verbs,0.28
2131,暴力,blin,adjectives,1.46
2132,饮食,afal,nouns,0.71
2133,捕获,dal,verbs,3.6
2134,选择,pigo,verbs,3.92
2135,做,dinistrio,verbs,0.14
2136,渴,newynog,adjectives,1.71
2137,钱包,bag,nouns,1.35
2138,逃逸,darganfod,verbs,0.05
2139,公牛,llo,nouns,2.49
2140,获得,cael,verbs,4.22
2141,离开,cyfarfod,verbs,0.23
2142,旋律,cerddoriaeth,nouns,3.37
2143,猫,llygoden,nouns,0.43
2144,瞇,tywynnu,verbs,0.18
2145,踢,niweidio,verbs,1.21
2146,款待,talu,verbs,0.09
2147,自豪地,yn heddychlon,adverbs,0.14
2148,平面,cynfas,nouns,0.14
2149,教,addysgu,verbs,3.94
2150,袋,pwrs,nouns,1.35
2151,内衣褲,corff,nouns,0.1
2152,男子,tad,nouns,2.17
2153,状态,sefyllfa,nouns,3.11
2154,枪,tric,nouns,0.04
2155,似乎,dod yn,verbs,0.79
2156,攻击,trosedd,nouns,1.6
2157,床,ystafell,nouns,0.2
2158,拿,derbyn,verbs,1.92
2159,杂志,erthygl,nouns,2.44
2160,便宜货,ceiniog,nouns,0.49
2161,望远镜,trafod syniadau,nouns,0.0
2162,大小,dyfnder,nouns,1.01
2163,主意,barn,nouns,3.21
2164,把握,gwasgu,verbs,2.59
2165,相机,lens,nouns,1.13
2166,财富,tlodi,nouns,0.2
2167,天花板,to,nouns,3.79
2168,讽刺,chwedl,nouns,0.33
2169,离开,cyrraedd,verbs,0.18
2170,应用,galaeth,nouns,0.0
2171,成为,trefnu,verbs,0.0
2172,避难所,cwt,nouns,1.27
2173,帽子,blwch  ,nouns,0.0
2174,死亡,trasiedi,nouns,1.73
2175,认真地,yn bwysig,adverbs,1.36
2176,天神,offeiriad,nouns,0.54
2177,锡,alwminiwm,nouns,1.42
2178,顶,ochr,nouns,0.34
2179,音乐,ffliwt,nouns,1.15
2180,餐,swper,nouns,3.28
2181,卖,benthyg,verbs,0.43
2182,祈祷,gofyn,verbs,0.97
2183,可笑,diflas,adjectives,0.05
2184,视力,canfyddiad,nouns,0.73
2185,案件,caledwedd,nouns,0.09
2186,描绘,esgus,verbs,0.35
2187,保持,dal gafael,verbs,3.89
2188,开心,blin,adjectives,0.05
2189,脖子,asgwrn,nouns,0.29
2190,聚集,cyfarfod,verbs,0.72
2191,假,go iawn,adjectives,0.18
2192,轻轻地,yn llachar,adverbs,0.0
2193,现在,yma,adverbs,2.05
2194,说话,sibrwd,verbs,2.6
2195,飑,gwynt,nouns,2.71
2196,笨,hydwyll,adjectives,0.68
2197,评论说,beirniadu,verbs,1.12
2198,勺子,cwpan,nouns,0.55
2199,原子,carbon,nouns,0.57
2200,农药,pla,nouns,0.63
2201,蜜糖,cynnyrch llaeth,nouns,0.28
2202,作曲家,awdur,nouns,2.88
2203,坚固,cyfrwys,adjectives,0.04
2204,棉,siwmper,nouns,0.52
2205,路,priffordd,nouns,3.92
2206,地图,sgwâr,nouns,0.18
2207,威胁,perygl,nouns,3.71
2208,威力,cryfder,nouns,3.79
2209,稀有,ecsotig,adjectives,0.65
2210,积极地,yn debygol,adverbs,0.45
2211,肉桂,losin,nouns,0.49
2212,臀部,gwefus,nouns,0.1
2213,贫穷,unig,adjectives,0.24
2214,射手,arloeswr,nouns,0.18
2215,球,gwisg,nouns,0.1
2216,事实,mewnwelediad,nouns,0.49
2217,明天,heno,adverbs,0.34
2218,家伙,ffrind,nouns,0.99
2219,章节,nos,nouns,0.0
2220,季节,gaeaf,nouns,2.33
2221,保护,arbed,verbs,2.53
2222,之前,ar ôl,adverbs,0.23
2223,谦虚,hyblyg,adjectives,0.52
2224,重要的,o ddifrif,adverbs,1.36
2225,王冠,allwedd,nouns,0.0
2226,其他,gyferbyn,adjectives,0.64
2227,威士忌酒,alcohol,nouns,2.97
2228,速度,post,nouns,0.0
2229,残忍,annheg,adjectives,1.13
2230,搅拌,ysgwyd,verbs,1.9
2231,成功,ceisio,verbs,0.58
2232,国民,yn hysbys,adjectives,0.0
2233,精确地,yn anghywir,adverbs,0.18
2234,飞行,awyrennu,nouns,3.05
2235,拇指,ewin,nouns,0.72
2236,任务,gwellt,nouns,0.0
2237,家牛,cig eidion,nouns,2.96
2238,火山,magma,nouns,1.83
2239,手臂,asgwrn,nouns,1.03
2240,深度,maint,nouns,1.01
2241,指甲,llaw,nouns,0.73
2242,衣服,drôr,nouns,0.34
2243,平淡,cyffrous,adjectives,0.14
2244,女仆,cynorthwy-ydd,nouns,2.22
2245,变成,ymddengys,verbs,0.79
2246,批评,crybwyll,verbs,1.12
2247,警长,plisman,nouns,3.11
2248,编织,symud,verbs,0.0
2249,总统,camera,nouns,0.0
2250,距离,safbwynt,nouns,0.18
2251,撤退,disgyn,verbs,0.34
2252,地板,to,nouns,0.24
2253,记得,meddwl,verbs,0.58
2254,柔软,treisgar,adjectives,0.0
2255,奴隶,gwas,nouns,2.78
2256,新,hen,adjectives,0.14
2257,疾病,twymyn,nouns,2.88
2258,日期,pen-blwydd,nouns,1.32
2259,电线,llinyn,nouns,1.44
2260,凯旋,buddugoliaeth,nouns,4.12
2261,非自然,yn naturiol,adverbs,0.23
2262,看来,yn amlwg,adverbs,1.35
2263,恢复,amnewid,verbs,0.05
2264,人,doler,nouns,0.0
2265,算术,rhesymeg,nouns,1.44
2266,击中,anelu,verbs,1.5
2267,蛇,madfall,nouns,1.16
2268,谦逊地,yn falch,adverbs,0.28
2269,绑,nyddu,verbs,1.55
2270,维他命,haearn,nouns,0.81
2271,谦逊地,yn wael,adverbs,0.05
2272,大致,yn ddibynadwy,adverbs,0.09
2273,棒球,soffa,nouns,0.0
2274,危险地,yn ofalus,adverbs,0.23
2275,想,cofio,verbs,0.58
2276,出租车,cab,nouns,5.8
2277,父亲,dyn,nouns,2.17
2278,找到,caffael,verbs,1.89
2279,幸运,cywilydd,adjectives,0.04
2280,心脏,llawdriniaeth,nouns,0.19
2281,逮捕,amau,verbs,0.23
2282,生气,hapus,adjectives,0.05
2283,家伙,styden,nouns,0.71
2284,走,danfon,verbs,0.6
2285,酸奶,gwartheg,nouns,0.33
2286,品质,ymbarél,nouns,0.04
2287,碗,plât,nouns,1.56
2288,恐龙,eliffant,nouns,0.19
2289,米饭,bachgen,nouns,0.0
2290,溶解,cymysgu,verbs,1.18
2291,小亭,blwch,nouns,0.05
2292,球,pêl-foli,nouns,3.02
2293,担心,gwastraffu,verbs,0.0
2294,周末,wythnos,nouns,1.94
2295,狐狸,ci hela,nouns,0.77
2296,玫瑰,pili-pala,nouns,0.48
2297,脚,tywod,nouns,0.1
2298,使惊奇,dathlu,verbs,0.23
2299,手,troed,nouns,0.43
2300,保持,rhoi,verbs,0.14
2301,防御,diogelu,verbs,4.15
2302,邮件,cyflymder,nouns,0.0
2303,挑选,dewis,verbs,3.92
2304,冷静,niwtral,adjectives,0.59
2305,礼物,awdur,nouns,0.0
2306,拓扑,strwythur,nouns,0.75
2307,雾,cymyl,nouns,2.52
2308,电,cas,nouns,0.04
2309,学习,gwrando,verbs,0.57
2310,不道德,anghyfreithlon,adjectives,2.04
2311,十,cyfnod,nouns,0.74
2312,云,niwl,nouns,3.06
2313,聪明,hurt,adjectives,0.04
2314,手指,blaen,nouns,0.18
2315,山谷,ceunant,nouns,3.54
2316,可能,yn obeithiol,adverbs,0.83
2317,握紧,cydio,verbs,2.59
2318,叫喊,dadlau,verbs,1.45
2319,电动,melys,adjectives,0.0
2320,了解,maddau,verbs,0.67
2321,淋透,lleihau,verbs,0.0
2322,新娘,priodfab,nouns,1.13
2323,飞机,jet,nouns,4.07
2324,状况,sefyllfa,nouns,5.24
2325,肯定,sicr,adjectives,5.54
2326,尖,llyfn,adjectives,0.24
2327,加入,caffael,verbs,0.15
2328,毯,pren,nouns,0.0
2329,井然有序,anniben,adjectives,0.18
2330,保留,cadw,verbs,3.89
2331,阿姨,nai,nouns,0.58
2332,单身牢房,carchariad,nouns,1.54
2333,在别处,adref,adverbs,0.38
2334,钟,twr,nouns,0.47
2335,海岸,gynfad,nouns,0.1
2336,显著的,amlwg,adjectives,4.14
2337,获胜者,ymgeisydd,nouns,1.49
2338,医生,athro,nouns,0.76
2339,对抗,cythruddo,verbs,1.84
2340,强大,gwan,adjectives,0.0
2341,系统,nam,nouns,0.0
2342,羞耻,lwcus,adjectives,0.04
2343,椅子,mainc,nouns,3.37
2344,情绪,angerdd,nouns,3.59
2345,肩,pen,nouns,0.54
2346,保护,amddiffyn,verbs,4.15
2347,磨坊,hedyn,nouns,0.19
2348,接受,credu,verbs,1.25
2349,儿子,brawd,nouns,0.86
2350,促进,dyrchafu,verbs,1.86
2351,走廊,ystafell ddosbarth,nouns,0.29
2352,字典,diffiniad,nouns,1.22
2353,粗糙地,yn arw,adverbs,0.6
2354,轻轻的,yn uchel,adverbs,0.0
2355,英寸,metr,nouns,1.63
2356,创建,dychmygu,verbs,0.77
2357,神经心理学,paraseicoleg,nouns,1.32
2358,大薄片,awyren,nouns,0.14
2359,货车,parsel,nouns,0.39
2360,船,coeden,nouns,0.0
2361,最近,newydd,adjectives,2.81
2362,力量,cadernid,nouns,3.79
2363,拒绝,tynnu'n ôl,verbs,1.42
2364,原谅,anghofio,verbs,0.88
2365,黄昏,noswaith,nouns,4.36
2366,今天,heno,adverbs,1.93
2367,相信,gwybod,verbs,1.41
2368,脆弱,hawdd,adjectives,0.14
2369,生气,cynddaredd,nouns,3.95
2370,本地,yn amlwg,adverbs,0.0
2371,四轮货运马车,cerbyd,nouns,3.87
2372,驱逐,gadael,verbs,0.43
2373,地毯,tŷ,nouns,0.2
2374,骨头,penelin,nouns,0.83
2375,给予,cyfraniad,nouns,2.42
2376,文章,newyddiadur,nouns,2.44
2377,叶,coeden,nouns,0.83
2378,无畏舰,llong ryfel,nouns,3.17
2379,来,cyrraedd,verbs,2.11
2380,税,incwm,nouns,0.62
2381,借,rhoddi,verbs,2.13
2382,吉他,drwm,nouns,0.68
2383,鳄鱼,madfall,nouns,0.72
2384,宣布,dweud yn gyhoeddus,verbs,4.32
2385,暗礁,traeth,nouns,0.44
2386,成功,methu,verbs,0.23
2387,姊妹,brawd,nouns,1.94
2388,攻击,gwaethygu,verbs,0.28
2389,豆,reis,nouns,0.63
2390,心靈,duw,nouns,0.65
2391,小麦,grawnfwyd,nouns,2.63
2392,伞,calibr,nouns,0.04
2393,大多,yn bennaf,adverbs,3.55
2394,铁,fitamin,nouns,0.81
2395,愤怒,rhwystredigaeth,nouns,1.98
2396,身体,ysgwydd,nouns,0.71
2397,学习,gwerthuso,verbs,0.57
2398,窗口,to,nouns,0.19
2399,床,ystafell wely,nouns,1.36
2400,百万富翁,doler,nouns,0.35
2401,批评,anghwrtais,adjectives,0.82
2402,协议,cyfamod,nouns,4.97
2403,错误,yn fanwl gywir,adjectives,0.14
2404,追求,perswadio,verbs,0.29
2405,有攻击性的,anghwrtais,adjectives,1.19
2406,啜,yfed,verbs,1.92
2407,布,lliain,nouns,2.5
2408,找到,diflannu,verbs,0.05
2409,黏,brwnt,adjectives,0.62
2410,牧师,duw,nouns,0.54
2411,重复,ymarfer,verbs,1.27
2412,简单,anystwyth,adjectives,0.09
2413,给予,benthyca,verbs,2.13
2414,明亮,seren,nouns,0.69
2415,友善,hael,adjectives,2.25
2416,发现,archwilio,verbs,2.46
2417,僧侣,offeiriad,nouns,2.27
2418,早餐,bacwn,nouns,0.57
2419,笨,deallus,adjectives,0.09
2420,熔化,hydoddi,verbs,3.51
2421,漂移,llifo,verbs,2.55
2422,布,dillad,nouns,2.03
2423,跑,reidio,verbs,0.23
2424,购买,talu,verbs,2.76
2425,测试,treial,nouns,4.29
2426,海,tsunami,nouns,1.48
2427,强大,pwerus,adjectives,4.53
2428,显然,yn fras,adverbs,0.48
2429,安全地,yn ofalus,adverbs,2.27
2430,文化,cymdeithas,nouns,1.14
2431,首词,cystrawen,nouns,0.38
2432,幼苗,deilen,nouns,1.01
2433,默默地,yn oddefol,adverbs,0.92
2434,橙子,sitrws,nouns,3.24
2435,叫喊,sgrechian,verbs,3.72
2436,骨头,gên,nouns,1.32
2437,监狱,dewis,nouns,0.04
2438,异国情调,prin,adjectives,0.65
2439,涂抹,lledaenu,verbs,0.41
2440,无政府,anhrefn,nouns,3.6
2441,运气,hapusrwydd,nouns,0.81
2442,显然,mae'n debyg,adverbs,1.35
2443,喷气式飞机,awyren,nouns,4.07
2444,争论,gwahaniaethu,verbs,0.48
2445,发送,mynychu,verbs,0.0
2446,允许,erydu,verbs,0.0
2447,新娘,tywysoges,nouns,0.54
2448,卧室,beic,nouns,0.0
2449,高兴,gwallgof,adjectives,0.28
2450,意图,ewyllys,nouns,1.51
2451,吉他,ffidil,nouns,0.82
2452,借款人,credyd,nouns,1.01
2453,南,gogledd,nouns,0.49
2454,自豪,beiddgar,adjectives,0.96
2455,募捐活动,digwyddiad,nouns,1.68
2456,快乐,hapus,adjectives,5.42
2457,雪崩,eira,nouns,1.52
2458,汽车,lori,nouns,2.21
2459,尖叫,gweiddi,verbs,3.72
2460,苍蝇,morgrugyn,nouns,0.32
2461,自由,rhyddid,nouns,4.84
2462,键盘,golau,nouns,0.04
2463,群落生境,bioleg,nouns,0.79
2464,知觉,gweledigaeth,nouns,0.73
2465,未成形,unffurf,adjectives,0.0
2466,得到,rhoi,verbs,0.15
2467,尝试,ffynnu,verbs,0.86
2468,蛋白质,handlen,nouns,0.0
2469,董事,bòs,nouns,3.58
2470,站立,cerdded,verbs,0.63
2471,状态,bachgen,nouns,0.14
2472,肺,afu,nouns,0.77
2473,证明,ffaith,nouns,0.81
2474,煮沸,ffrio,verbs,0.92
2475,化学,theori,nouns,0.52
2476,收费,dirmygu,verbs,0.0
2477,运动员,rhedwr,nouns,3.08
2478,旧,ffres,adjectives,0.09
2479,避免,gwrthod,verbs,1.43
2480,分离,cysylltu,verbs,0.23
2481,枪,gwawr,nouns,0.0
2482,牛排,cig,nouns,3.59
2483,游行,band,nouns,0.63
2484,前进,hyrwyddo,verbs,1.86
2485,章,dewis,nouns,0.04
2486,书,llenyddiaeth,nouns,2.15
2487,意见,syniad,nouns,3.21
2488,生日,blwyddyn,nouns,0.86
2489,拖着脚走,reidio,verbs,0.0
2490,想,ceisio,verbs,0.43
2491,马,bustach,nouns,0.63
2492,排球,pêl,nouns,3.02
2493,日期,calendr,nouns,2.46
2494,座位,banc,nouns,0.14
2495,极好,gwych,adjectives,5.38
2496,同意,plesio,verbs,1.35
2497,编织,clymu,verbs,1.55
2498,机器,injan,nouns,3.13
2499,神,ysglyfaeth,nouns,0.0
2500,行政管理,rheolaeth,nouns,3.01
2501,哥哥,mab,nouns,0.86
2502,盒子,ffynhonnell,nouns,0.0
2503,新,hynafol,adjectives,0.09
2504,歌剧,sinema,nouns,0.8
2505,哥哥,bachgen,nouns,1.89
2506,毁灭,creu,verbs,0.23
2507,运送,cludo,verbs,2.68
2508,演员,polyhedron,nouns,0.0
2509,松动,hyblyg,adjectives,1.31
2510,友好,yn annhebygol,adverbs,0.09
2511,副驾驶,plisman,nouns,0.1
2512,起源,darganfod,verbs,0.34
2513,公式,log,nouns,0.4
2514,大规模,mawr,adjectives,3.81
2515,狀師,cyfreithiwr,nouns,3.65
2516,查询,angen,verbs,0.14
2517,正直地,yn aeddfed,adverbs,0.84
2518,不准确地,yn union,adverbs,0.18
2519,机械地,yn ddelfrydol,adverbs,0.09
2520,污染,awyrgylch,nouns,0.69
2521,给予,derbyn,verbs,0.05
2522,办公室,gweithiwr,nouns,0.53
2523,海滩,arfordir,nouns,2.45
2524,手臂,corff,nouns,0.68
2525,徘徊,gadael,verbs,0.49
2526,戏弄,niweidio,verbs,0.72
2527,海,traeth,nouns,2.17
2528,定理,theori,nouns,3.66
2529,紧紧地,yn anhygoel,adverbs,0.0
2530,预测,pennu,verbs,0.49
2531,机灵,cyfrwys,adjectives,1.35
2532,名单,arae,nouns,0.73
2533,尝试,meddwl,verbs,0.43
2534,感染,ffurfdroad,nouns,0.0
2535,举起,dyrchafu,verbs,3.72
2536,教堂,mosäig,nouns,0.35
2537,手腕,braich,nouns,0.7
2538,沙发,cadair,nouns,2.39
2539,大主教,esgob,nouns,3.63
2540,玻璃,crisial,nouns,1.6
2541,屋顶,nenfwd,nouns,3.79
2542,退出,gwrthod,verbs,1.42
2543,屋顶,ffenestr,nouns,0.19
2544,机灵,hurt,adjectives,0.09
2545,包皮,enwaediad,nouns,0.77
2546,降落,lleihau,verbs,0.44
2547,女演员,actor,nouns,3.68
2548,取得,dod i feddiant,verbs,4.18
2549,女佣,merch,nouns,2.4
2550,听见,siarad,verbs,0.57
2551,后缀,atodiad,nouns,3.03
2552,吸引,taro,verbs,0.0
2553,过道,coridor,nouns,4.18
2554,机械师,gweithiwr,nouns,2.23
2555,酒,band,nouns,0.0
2556,算术,rhythm,nouns,0.04
2557,參加,cydweithredu,verbs,0.97
2558,惩罚,dysgu,verbs,0.33
2559,生物学家,microsgop,nouns,0.49
2560,亲密,personol,adjectives,0.6
2561,夺取,cymryd,verbs,2.06
2562,演员,canwr,nouns,1.78
2563,田,ceirchen,nouns,0.33
2564,帅哥,dyn,nouns,0.71
2565,悲伤,cywilydd,nouns,1.15
2566,停,chwibanu,verbs,0.05
2567,颚,asgwrn,nouns,1.32
2568,想,ymholi,verbs,0.64
2569,坚固地,yn ddigynnwrf,adverbs,0.78
2570,公主,bisged,nouns,0.0
2571,员工,cyflogwr,nouns,0.35
2572,诚实地,byth,adverbs,0.0
2573,河谷,afon,nouns,1.31
2574,车,car,nouns,5.41
2575,发送,derbyn,verbs,0.37
2576,大规模,seryddol,adjectives,0.24
2577,宪法,ymerawdwr,nouns,0.1
2578,家牛,buwch,nouns,4.17
2579,灰尘,ysgubell,nouns,0.28
2580,嫌疑人,dyn,nouns,0.63
2581,尺寸,dimai,nouns,0.0
2582,衣服,ffabrig,nouns,2.03
2583,作弊,twyllo,verbs,3.37
2584,舌头,cyhyrau,nouns,0.84
2585,金属,tun,nouns,2.71
2586,混合,hydoddi,verbs,1.18
2587,神话,dychan,nouns,0.33
2588,接受,cytuno,verbs,3.21
2589,容器,potel,nouns,2.66
2590,个人,agos,adjectives,0.6
2591,相信,derbyn,verbs,1.25
2592,电缆,dewin,nouns,0.0
2593,帮助,amddiffyn,verbs,1.15
2594,石,pren,nouns,0.1
2595,唇,clun,nouns,0.1
2596,穆斯林,esgob,nouns,0.52
2597,长,cul,adjectives,0.34
2598,坏,euog,adjectives,0.65
2599,说,cymryd rhan,verbs,0.0
2600,拿,ymaflyd,verbs,2.06
2601,碱,asid,nouns,0.14
2602,带来,adfer,verbs,0.04
2603,赛跑,athronydd,nouns,0.0
2604,半学年,tymor,nouns,4.22
2605,狭窄,eang,adjectives,0.14
2606,坟墓,beddrod,nouns,0.82
2607,房间,cell,nouns,2.13
2608,球拍,pêl,nouns,0.63
2609,从不,yn onest,adverbs,0.0
2610,感情上,yn drist,adverbs,1.51
2611,月,awst,nouns,2.35
2612,烘烤,ffrio,verbs,1.15
2613,节约,gwario,verbs,0.37
2614,芥末,hedyn,nouns,0.43
2615,遇见,nofio,verbs,0.0
2616,疯,gorffwyll,adjectives,4.69
2617,有礼貌地,yn gyfrinachgar,adverbs,0.32
2618,能力,cymhwysedd,nouns,4.24
2619,汽车,ffatri,nouns,0.14
2620,换算,uchder,nouns,0.04
2621,地窖,drws,nouns,0.28
2622,资产,stoc,nouns,2.97
2623,日落,llinyn,nouns,0.0
2624,光,bysellfwrdd,nouns,0.04
2625,教育,tiwtora,verbs,3.94
2626,未成熟的,wedi tyfu,adjectives,0.23
2627,指甲,pen,nouns,0.05
2628,球,raced,nouns,0.63
2629,自豪,llawenydd,nouns,1.76
2630,嘴巴,dant,nouns,0.82
2631,失去,cael,verbs,0.23
2632,情感,hwyliau,nouns,2.79
2633,来,mynd  ,verbs,0.63
2634,浮动,canu,verbs,0.0
2635,笨,twp,adjectives,5.56
2636,字,cliw,nouns,0.29
2637,开始,tarddu,verbs,3.81
2638,不诚实,drwg,adjectives,1.26
2639,走,dod,verbs,0.63
2640,珍贵,diog,adjectives,0.04
2641,更改,adnewid,verbs,3.26
2642,一次,dwywaith,adverbs,0.62
2643,离开,gwahanu,verbs,2.04
2644,伙伴,dyn,nouns,1.64
2645,类别,anhrefn,nouns,0.05
2646,创建,tynnu,verbs,0.09
2647,新鲜,newydd,adjectives,4.0
2648,家长,tad,nouns,3.58
2649,冷静,wedi ymlacio,adjectives,1.0
2650,坚强,balch ,adjectives,0.63
2651,孩子,bachgen,nouns,2.63
2652,不确定,ofnus,adjectives,1.46
2653,淹,arbed,verbs,0.1
2654,毁灭,adeiladu,verbs,0.23
2655,幸福,tristwch,nouns,0.2
2656,宽,ffres,adjectives,0.05
2657,女英雄,arwr,nouns,3.9
2658,总统,llygredd,nouns,0.0
2659,汽车,pibell,nouns,0.04
2660,小炮舰,arfordir,nouns,0.1
2661,爸爸,mam,nouns,1.08
2662,保留,dinistrio,verbs,0.14
2663,草药,mariwana,nouns,2.27
2664,花费,arbed,verbs,0.37
2665,猎物,duw,nouns,0.0
2666,感觉,greddf,nouns,3.94
2667,本来,yn greadigol,adverbs,0.7
2668,岛,traeth,nouns,1.19
2669,溅,gludedd,nouns,0.04
2670,水煮,wedi'i goginio,adjectives,2.38
2671,兄弟,enaid,nouns,0.0
2672,表,machlud haul,nouns,0.0
2673,捏,bwrw,verbs,0.73
2674,打,ffrâm,nouns,0.04
2675,末期地,yn bennaf,adverbs,0.4
2676,今天晚上,heddiw,adverbs,1.93
2677,指控,dweud celwydd,verbs,0.43
2678,帮忙,gofyn,verbs,0.24
2679,桥,car,nouns,0.24
2680,控制,stopio,verbs,0.29
2681,乐队,parêd,nouns,0.63
2682,惩罚,ufuddhau,verbs,0.29
2683,小说,awdur,nouns,0.7
2684,出租车,bws,nouns,1.44
2685,打,cymysgu,verbs,0.55
2686,分析,cymharu,verbs,2.42
2687,屋顶,llawr,nouns,0.24
2688,阴谋家,strategydd,nouns,3.31
2689,组织,casglu,verbs,1.0
2690,忽略,gadael,verbs,0.68
2691,目标,enillydd,nouns,0.05
2692,枪,llyfr nodiadau,nouns,0.0
2693,短小,corachaidd,adjectives,2.67
2694,纸币,taliad,nouns,0.6
2695,硬纸板,papur,nouns,2.65
2696,多,dwywaith,adverbs,0.29
2697,洞,gwraig,nouns,0.32
2698,天文学家,galaeth,nouns,0.24
2699,老鼠,cath,nouns,0.43
2700,北方,gorllewin,nouns,0.64
2701,破产,methiant,nouns,0.85
2702,方式,ffordd,nouns,4.08
2703,减少,cyfyngu,verbs,2.92
2704,果汁,afal,nouns,1.18
2705,警告,stopio,verbs,0.7
2706,粗糙,anghwrtais,adjectives,0.53
2707,年轻,hapus,adjectives,0.2
2708,瞄准,taro,verbs,1.5
2709,努力,blaengau,verbs,0.15
2710,努力,anhawster,nouns,0.69
2711,新闻,clecs,nouns,2.49
2712,头,troed,nouns,0.29
2713,刺激,poenydio,verbs,3.64
2714,表达,dweud,verbs,3.54
2715,现实,ffantasi,nouns,0.84
2716,头盔,arf,nouns,0.54
2717,灵活的,elastig,adjectives,2.92
2718,装作,dweud celwydd,verbs,1.79
2719,服从,gwrando,verbs,2.31
2720,害羞,ofnus,adjectives,1.46
2721,容易,mawr,adjectives,0.0
2722,十年,canrif,nouns,0.29
2723,肚子,canol,nouns,1.49
2724,击剑,gymnasteg,nouns,0.66
2725,没有覆蓋的,wedi ei orchuddio,adjectives,0.09
2726,三角洲,môr,nouns,0.69
2727,订婚,priodi,verbs,1.73
2728,因式分解,dadelfennu,nouns,2.02
2729,静脉,llong,nouns,0.0
2730,宗教,seciwlarydd,nouns,0.6
2731,承认,derbyn,verbs,3.04
2732,阳光,pelydr,nouns,1.78
2733,频繁,anwybodus,adjectives,0.04
2734,草,llafn,nouns,0.3
2735,蜥蜴,neidr,nouns,1.16
2736,加,rhannu,verbs,0.28
2737,批评,casáu,verbs,0.68
2738,滨,arfordir,nouns,2.81
2739,保持,amddiffyn,verbs,0.73
2740,天气,cwmwl,nouns,1.59
2741,大学,dosbarth,nouns,0.69
2742,加剧,trafferthu,verbs,0.35
2743,勺子,sudd,nouns,0.05
2744,来源,blwch,nouns,0.0
2745,盒子,lifft,nouns,0.0
2746,主意,delwedd,nouns,0.45
2747,模糊,aneglur,adjectives,4.44
2748,笨,ffôl,adjectives,5.04
2749,被动地,yn dawel,adverbs,0.92
2750,情况,amgylchiad,nouns,5.24
2751,抱怨,dadlau,verbs,1.59
2752,辩论,gwrthddadlau,verbs,3.19
2753,缺席,presenoldeb,nouns,0.54
2754,货币,cyfnewid,nouns,0.8
2755,定位,darganfod,verbs,1.21
2756,忍耐力,blodyn,nouns,0.33
2757,真实地,yn bwysig,adverbs,0.35
2758,猫,ci,nouns,0.78
2759,焦急地,yn nerfus,adverbs,3.61
2760,公共汽车,cab,nouns,1.44
2761,传感器,rheiddiadur,nouns,0.28
2762,法律,ysgol,nouns,0.33
2763,女士,gŵr bonheddig,nouns,0.43
2764,词性变化,haint,nouns,0.0
2765,侵略,gelyniaeth,nouns,1.77
2766,允许,mynd  ,verbs,0.0
2767,骨头,dannedd,nouns,0.72
2768,骨头,braich,nouns,1.03
2769,女儿,tad,nouns,0.49
2770,湖,cwmwl,nouns,0.2
2771,民主,brenhiniaeth,nouns,0.2
2772,发光,disgleirio,verbs,4.21
2773,家长,oedolyn,nouns,2.49
2774,金,sinc,nouns,0.61
2775,圣歌,concwest,nouns,0.0
2776,银行家,cyfreithiwr,nouns,0.49
2777,卖,mynd,verbs,0.0
2778,成年人,babi,nouns,0.38
2779,智力,anwybodaeth,nouns,0.05
2780,博物馆,mintys,nouns,0.0
2781,死,claddu,verbs,1.59
2782,松饼,persli,nouns,0.05
2783,放开,gwasgu,verbs,0.05
2784,棉,polyester,nouns,1.25
2785,每周,misol,adjectives,1.27
2786,剧院,batri,nouns,0.0
2787,重要,hanfodol,adjectives,4.42
2788,苹果,sudd,nouns,1.18
2789,车,corn,nouns,0.29
2790,猫,llew,nouns,1.56
2791,惯例,rheol,nouns,2.63
2792,混合,yfed,verbs,0.15
2793,牙齿,ceg,nouns,0.82
2794,俱乐部,nod,nouns,0.0
2795,世俗主义,crefydd,nouns,0.6
2796,喝,cymysgu,verbs,0.15
2797,羊肉,dafad,nouns,3.83
2798,冠军,enillydd,nouns,5.42
2799,保护,cynorthwyo,verbs,1.15
2800,合法,diogel,adjectives,0.73
2801,妻子,gwellt,nouns,0.09
2802,瓶子,jar,nouns,3.53
2803,员工,canwr,nouns,0.18
2804,小木屋,bwthyn,nouns,3.01
2805,不同意,brwydro,verbs,0.45
2806,市长,llywydd,nouns,1.9
2807,能量,batri,nouns,2.26
2808,地区,rhanbarth,nouns,5.24
2809,肥料,twf,nouns,0.68
2810,学费,ysgoloriaeth,nouns,0.81
2811,暴力,goddefol,adjectives,0.0
2812,侮辱,digio,verbs,2.76
2813,年,canrif,nouns,1.6
2814,负责任,yn ddibynadwy,adverbs,3.63
2815,争论,cytundeb,nouns,0.28
2816,蟋蟀,cefnogwr,nouns,0.05
2817,梦想,awyr,nouns,0.19
2818,作者,darllenydd,nouns,0.38
2819,农业,planhigyn,nouns,0.94
2820,煮,colli,verbs,0.0
2821,瘦,main,adjectives,4.17
2822,队长,morwr,nouns,0.74
2823,某些,nerfus,adjectives,0.0
2824,世纪,degawd,nouns,0.29
2825,搏斗,anghytuno,verbs,0.45
2826,智力,doethineb,nouns,3.66
2827,学期,semester,nouns,4.22
2828,谈判,diplomyddiaeth,nouns,2.11
2829,树枝,braich,nouns,0.65
2830,新,diweddar,adjectives,2.81
2831,喧闹声,rhuglen,nouns,0.8
2832,银行,sedd,nouns,0.14
2833,听,clywed,verbs,3.63
2834,晚饭,pryd bwyd,nouns,3.0
2835,抓住,rhyddhau,verbs,0.69
2836,危险,bygythiad,nouns,3.71
2837,救援,arbed,verbs,4.71
2838,完成,graddio,verbs,1.78
2839,柠檬,te,nouns,0.39
2840,理论,theorem,nouns,3.66
2841,污染,llywydd,nouns,0.0
2842,插图,pothell,nouns,0.0
2843,烧伤,mygu,verbs,0.98
2844,红色,glas,adjectives,0.44
2845,啤酒,diod,nouns,2.42
2846,不可能,dichonadwy,adjectives,0.48
2847,旅程,concwest,nouns,0.43
2848,行动,cwrs,nouns,0.18
2849,腰,stumog,nouns,1.49
2850,宣告,datgan,verbs,4.32
2851,毛毛雨,glaw,nouns,3.58
2852,作者,crëwr,nouns,3.55
2853,生存,byw,verbs,2.92
2854,律师,atwrnai,nouns,3.65
2855,微晶片,cyrchwr,nouns,0.04
2856,打扰,gwaethygu,verbs,0.35
2857,酒,brandi,nouns,2.97
2858,瓶子,cynhwysydd,nouns,2.66
2859,每当,weithiau,adverbs,0.43
2860,韵律,rhifyddeg,nouns,0.04
2861,河流,môr,nouns,1.65
2862,除,ychwanegu,verbs,0.28
2863,开朗,braf,adjectives,1.79
2864,付款,nodyn,nouns,0.6
2865,和平地,yn ddi-drefn,adverbs,0.0
2866,寻求,nod,nouns,1.55
2867,软管,car,nouns,0.04
2868,杆,baner,nouns,0.98
2869,通灵研究,niwroseicoleg,nouns,1.32
2870,天真,naïf,adjectives,4.41
2871,乐器,ffidil,nouns,2.92
2872,不久,ar unwaith,adverbs,1.96
2873,海啸,môr,nouns,1.48
2874,规则,confensiwn,nouns,2.63
2875,选举,dewis,nouns,3.04
2876,全能,goruchafiaeth,nouns,1.32
2877,假日,calendr,nouns,0.63
2878,唱,arnofio,verbs,0.0
2879,蕊,peilliad,nouns,0.96
2880,友好,rhadlon,adjectives,1.79
2881,使满意,bodloni,verbs,3.92
2882,皮炎,ecsema,nouns,3.63
2883,医院,gwely,nouns,0.57
2884,脏,cul,adjectives,0.0
2885,碗,ale,nouns,0.0
2886,房间,bàth,nouns,0.24
2887,扫帚,llwch,nouns,0.28
2888,走,caniatáu,verbs,0.0
2889,合作伙伴,bachgen,nouns,0.28
2890,匆匆地写,ysgrifennu,verbs,3.23
2891,发出恶臭,ogleuo,verbs,3.27
2892,一般,yn anarferol,adverbs,0.15
2893,骨头,pen-glin,nouns,1.53
2894,交谈,cyfathrebu,nouns,4.46
2895,弯曲,cam,adjectives,2.73
2896,塔,cloch,nouns,0.47
2897,早餐,cinio,nouns,0.86
2898,股票,ased,nouns,2.97
2899,冷,cyffredin,adjectives,0.0
2900,地震,cryndod,nouns,3.65
2901,床,blanced ,nouns,0.6
2902,宽广,mawr,adjectives,3.44
2903,海滩,môr,nouns,2.17
2904,赶,brysio,verbs,4.7
2905,汽车,pont,nouns,0.24
2906,丈夫,dyn,nouns,3.55
2907,相反,arall,adjectives,0.64
2908,强硬,caled,adjectives,2.94
2909,字,ymadrodd,nouns,1.27
2910,装作,ymddangos,verbs,0.29
2911,科学,seicoleg,nouns,2.41
2912,无穷,sero,nouns,0.0
2913,建立,ychwanegu,verbs,1.05
2914,争论,gweiddi,verbs,1.45
2915,菜单,trefn,nouns,0.93
2916,高高兴兴地,yn angheuol,adverbs,0.18
2917,汤,cinio,nouns,0.88
2918,简单,caled,adjectives,0.04
2919,角度,cromlin,nouns,1.15
2920,沐浴,tric,nouns,0.0
2921,铅笔,stori,nouns,0.29
2922,难看,anniben,adjectives,0.92
2923,母亲,tad,nouns,1.08
2924,显然,yn sicr,adverbs,2.61
2925,震,daeargryn,nouns,3.65
2926,孤独,gwael,adjectives,0.24
2927,意见,dewis,nouns,1.1
2928,容易地,yn fras,adverbs,0.05
2929,值得,ennill,verbs,0.94
2930,枯燥,doniol,adjectives,0.05
2931,男孩子,mab,nouns,3.4
2932,发现,sylweddoli,verbs,3.76
2933,幸福,lwc,nouns,0.81
2934,家具,fflat,nouns,0.34
2935,量,maint,nouns,2.49
2936,电影,nihiliaeth,nouns,0.28
2937,播放机,hyfforddwraig,nouns,0.2
2938,木,log,nouns,3.94
2939,学生,athro,nouns,0.57
2940,听见,gwrando,verbs,3.63
2941,谨慎地,yn gwrtais,adverbs,0.32
2942,否认,cyffes,nouns,0.15
2943,议会,cyngres,nouns,2.56
2944,断绝亲子关系,esgeuluso,verbs,0.15
2945,忽略,archwilio,verbs,0.05
2946,声明放弃,gormesu,verbs,0.1
2947,沼泽,llyn,nouns,0.88
2948,卖,atgoffa,verbs,0.0
2949,自行车,car,nouns,0.78
2950,律师,banciwr,nouns,0.49
2951,甲板,llygoden,nouns,0.0
2952,被动地,yn ddibynadwy,adverbs,0.1
2953,激情,emosiwn,nouns,3.59
2954,轻轻的,yn gadarn,adverbs,0.2
2955,并发,arian cyfred,nouns,0.04
2956,星,asteroid,nouns,2.5
2957,不负责任,anaeddfed,adjectives,1.86
2958,老师,ffrind,nouns,0.71
2959,建造,dinistrio,verbs,0.23
2960,女人,ffwr,nouns,0.05
2961,培根,brecwast,nouns,0.57
2962,护士,gwyddonydd,nouns,0.29
2963,节目,mathemategydd,nouns,0.0
2964,风暴,eira,nouns,0.96
2965,法官,llys,nouns,0.86
2966,最近,yn realistig,adverbs,0.0
2967,讨厌,mwynhau,verbs,0.09
2968,巫师,cebl,nouns,0.0
2969,百科全书,geiriadur,nouns,1.71
2970,容易,caled,adjectives,0.09
2971,燕麦,cae,nouns,0.33
2972,断绝亲子关系,ymwrthod,verbs,1.54
2973,课程,gweithred,nouns,0.18
2974,大灾难,damwain,nouns,3.15
2975,參加,gadael,verbs,0.23
2976,容易地,yn gyfforddus,adverbs,1.33
2977,身体,brest,nouns,1.5
2978,手,garddwrn,nouns,1.8
2979,窄小,eang,adjectives,0.18
2980,男孩,reis,nouns,0.0
2981,天神,diafol,nouns,0.45
2982,法庭,cyfiawnder,nouns,0.85
2983,树木,masarnen,nouns,3.58
2984,和平地,yn falch,adverbs,0.14
2985,城市,tref,nouns,3.11
2986,薄荷,gwm,nouns,0.52
2987,除法,lluosiad,nouns,0.85
2988,参与,ymuno,verbs,3.99
2989,智力,rhesymeg,nouns,2.54
2990,上面,gwaelod,nouns,0.2
2991,歌谣,cân,nouns,3.65
2992,紧张,yn sicr,adjectives,0.0
2993,不合理,yn annheg,adverbs,3.25
2994,意外,llyfr,nouns,0.0
2995,徽章,gwydr,nouns,0.04
2996,离开,encilio,verbs,3.17
2997,清洁,anniben,adjectives,0.04
2998,今天晚上,yfory,adverbs,0.34
2999,考试,maes llafur,nouns,0.48
3000,乘,ychwanegu,verbs,1.13
3001,立方体,tegan,nouns,0.14
3002,困难,syml,adjectives,0.09
3003,选择,carchar,nouns,0.04
3004,基本上,yn llawn,adverbs,0.23
3005,向量,matrics,nouns,1.2
3006,机器,cyfrifiadur,nouns,2.37
3007,灵活,hawdd,adjectives,0.82
3008,歌曲,baled,nouns,3.65
3009,妻子,twll,nouns,0.32
3010,父亲,merch,nouns,0.49
3011,编译器,isrwtîn,nouns,0.36
3012,傻,plentynaidd,adjectives,2.5
3013,成为,ymddangos,verbs,0.83
3014,大海,afon,nouns,1.65
3015,知道,credu,verbs,1.41
3016,退出,ymddeol,verbs,1.11
3017,忙碌,diog,adjectives,0.04
3018,到达,dod,verbs,2.11
3019,常规地,fel arfer,adverbs,4.04
3020,湿疹,dermatitis,nouns,3.63
3021,分解,ffactorio,nouns,2.02
3022,枪,ffwr,nouns,0.05
3023,可怕,trist,adjectives,1.27
3024,牛,gwartheg,nouns,4.17
3025,风,sgol,nouns,2.71
3026,想,dewis,verbs,0.86
3027,想,penderfynu,verbs,1.18
3028,折断,crensian,verbs,1.7
3029,汽车,lifft,nouns,0.1
3030,弱,sbeislyd,adjectives,0.0
3031,蜜蜂,brenhines,nouns,0.05
3032,小,enfawr,adjectives,0.14
3033,雪茄,bwlch,nouns,0.04
3034,骰子,ciwb,nouns,2.63
3035,选择,eisiau,verbs,0.86
3036,雪,eirlithriad,nouns,1.52
3037,令人惊讶,yn anhygoel,adverbs,3.64
3038,晚餐,brecwast,nouns,0.92
3039,羞辱,cysuro,verbs,0.09
3040,攻击,niweidio,verbs,3.09
3041,母亲,gwarcheidwad,nouns,2.56
3042,婴儿,oedolyn,nouns,0.38
3043,争论,trafodaeth,nouns,3.42
3044,小提琴,gitâr,nouns,0.82
3045,自己,hyder,nouns,0.33
3046,方法,modd,nouns,4.08
3047,知会,sgleinio,verbs,0.0
3048,巨大,mawr,adjectives,3.44
3049,鼓励,anghefnogi,verbs,0.18
3050,谨慎,gofal,nouns,3.23
3051,拥抱,mygu,verbs,0.1
3052,独立地,yn gyfrifol,adverbs,0.6
3053,有弹性,hyblyg,adjectives,2.92
3054,毁灭,creu,verbs,0.14
3055,探索,anwybyddu,verbs,0.05
3056,掩盖,amddiffyn,verbs,1.09
3057,生日,dyddiad,nouns,1.32
3058,奖章,hyfforddwyr,nouns,0.2
3059,圣人,pechadur,nouns,0.39
3060,数字,rhif,nouns,4.97
3061,负面地,yn annaturiol,adverbs,0.39
3062,高高兴兴地,yn ddiogel,adverbs,0.23
3063,存在,drws,nouns,0.0
3064,极好,gwallgof,adjectives,0.23
3065,工业,busnes,nouns,1.41
3066,冷淡,garw,adjectives,0.39
3067,避免,gwrthod,verbs,1.18
3068,推荐,derbyn,verbs,0.34
3069,联合,swm,nouns,0.37
3070,词元,sillaf,nouns,0.5
3071,出席,dod,verbs,3.09
3072,失败,methdaliad,nouns,0.85
3073,黎明,gwn,nouns,0.0
3074,简单,yn agored i niwed,adjectives,0.14
3075,空气,moleciwl,nouns,0.43
3076,埋葬,marw,verbs,1.59
3077,狗,ceffyl,nouns,0.86
3078,谨慎地,yn ofalus,adverbs,3.78
3079,除,lluosi,verbs,0.57
3080,橡木,masarnen,nouns,2.03
3081,哭,chwerthin,verbs,0.28
3082,电影,opera,nouns,0.8
3083,波浪,tywydd,nouns,0.04
3084,工作,offeryn,nouns,0.18
3085,肉,bara,nouns,0.19
