ID,CYM,YUE,PoS,score
1,campws,大學,nouns,1.83
2,cam,彎曲,adjectives,2.73
3,plentyn,男孩,nouns,1.79
4,gwialen,窗帘,nouns,0.14
5,byth,誠實地,adverbs,0.0
6,enillydd,候選人,nouns,0.81
7,mwd,泥土,nouns,5.27
8,ynys,海灘,nouns,0.96
9,gwneud,戒除,verbs,0.04
10,cymeradwyo,准許,verbs,2.98
11,miniog,鈍,adjectives,0.19
12,poblogaeth,人,nouns,2.55
13,claf,複診,nouns,0.32
14,gorchuddio,保護,verbs,0.86
15,mab,父親,nouns,1.45
16,asgwrn,手臂,nouns,0.98
17,buwch,山羊,nouns,1.73
18,stêc,雞,nouns,0.49
19,cynhwysydd,老鼠,nouns,0.0
20,teithlyfr,手冊,nouns,2.4
21,drud,害羞,adjectives,0.0
22,o bosibl,八成,adverbs,1.4
23,gadael,做,verbs,0.04
24,braich,樹枝,nouns,0.6
25,artist,藝術品,nouns,1.06
26,barnwr,裁判官,nouns,4.2
27,go fach,矬小,adjectives,3.21
28,senoffobia,種族主義,nouns,3.88
29,ymosodiad,閃電攻擊,nouns,3.19
30,yn bendant,肯定地,adverbs,5.18
31,cawod,修道院,nouns,0.0
32,mwydyn,惡意軟件,nouns,0.09
33,yfed,混合,verbs,0.2
34,ffurfdroad,感染,nouns,0.09
35,sylweddoli,發現,verbs,3.49
36,dyffryn,峽谷,nouns,3.68
37,athro,學生,nouns,0.8
38,ffôn clyfar,菠蘿,nouns,0.0
39,dod,出席,verbs,2.91
40,dillad,大褸,nouns,1.98
41,priodferch,公主,nouns,0.73
42,degawd,世紀,nouns,0.75
43,anghwrtais,好鬥,adjectives,0.64
44,derbyn,實現,verbs,0.24
45,bar,籠子,nouns,0.33
46,rheilffordd,籬笆,nouns,0.05
47,lleng,軍隊,nouns,3.43
48,crebachu,成長,verbs,0.05
49,actor,歌手,nouns,1.69
50,seicoleg,科學,nouns,1.45
51,yfed,提高,verbs,0.0
52,hyll,亂,adjectives,0.96
53,darllen,咬,verbs,0.09
54,deallusrwydd,技巧,nouns,1.94
55,gweithiwr,僱主,nouns,0.53
56,madfall,鱷魚,nouns,1.5
57,de,北,nouns,1.04
58,cysylltu,分離,verbs,0.05
59,melin,種子,nouns,0.24
60,medi,獲得,verbs,0.79
61,menyw,牛仔褲,nouns,0.14
62,seciwlarydd,宗教,nouns,0.69
63,dweud celwydd,指控,verbs,0.39
64,dyn,武士,nouns,0.65
65,atom,碳,nouns,0.98
66,blwch,資源,nouns,0.04
67,proffwydo,確定,verbs,0.45
68,disgyrchiant,流星,nouns,0.57
69,rhyfedd,狡猾,adjectives,0.41
70,newyddiadur,文章,nouns,2.58
71,benthyciwr,信用,nouns,0.73
72,haeddu,賺,verbs,0.39
73,mynychu,發送,verbs,0.09
74,prif air,句法,nouns,0.43
75,cytuno,拗撬,verbs,0.05
76,priodferch,新郎,nouns,2.13
77,derbyn,發送,verbs,0.1
78,trafodaeth,外交,nouns,2.33
79,gwyddoniadur,字典,nouns,2.08
80,gludiog,濕,adjectives,0.93
81,parth,地區,nouns,4.65
82,diymadferth,貧困,adjectives,1.05
83,styfnig,蠢,adjectives,0.33
84,alcohol,啤酒,nouns,3.44
85,hyfforddi,學習,verbs,3.7
86,diflas,沉悶,adjectives,3.56
87,caniatáu,侵蝕,verbs,0.0
88,gwan,辣,adjectives,0.04
89,fel arfer,異常地,adverbs,0.15
90,dinistrio,腐爛,verbs,0.88
91,cyfuniad,甘蔗,nouns,0.0
92,bacwn,豆,nouns,0.1
93,brwnt,淫賤,adjectives,0.28
94,mawr,國民,adjectives,0.3
95,gwahaniaeth,剩餘,nouns,3.06
96,caled,簡單,adjectives,0.04
97,presenoldeb,優勝者,nouns,0.04
98,swydd,管理,nouns,0.52
99,tŷ,穀倉,nouns,0.56
100,hysbysu,描繪,verbs,0.15
101,corff,血液,nouns,0.86
102,drwm,喇叭,nouns,0.43
103,tric,尺寸,nouns,0.0
104,fflat,家具,nouns,0.48
105,arian cyfred,交換,nouns,0.57
106,dweud,校驗,verbs,0.15
107,rhesymoli,拗撬,verbs,0.34
108,deall,掌握,verbs,0.93
109,salad,醋,nouns,0.43
110,anonest,壞,adjectives,1.4
111,heno,今天,adverbs,1.11
112,yn gadarn,冷靜地,adverbs,1.01
113,llinyn,電線,nouns,1.07
114,gwydn,堅硬,adjectives,3.13
115,chwerthin,哭,verbs,0.15
116,gwerthfawr,神聖,adjectives,1.39
117,profocio,傷害,verbs,0.54
118,balchder,喜悅,nouns,2.03
119,braf,大方,adjectives,1.49
120,dysgu,迷惑,verbs,0.0
121,cod,符號,nouns,1.51
122,tymor,冬天,nouns,2.38
123,ewin,手,nouns,0.86
124,pwerus,強大,adjectives,5.03
125,rhaniad,乘法,nouns,1.35
126,crëwr,作者,nouns,3.37
127,deffro,打鼻鼾,verbs,0.05
128,yn arw,粗糙地,adverbs,0.88
129,rhaglen,食物,nouns,0.05
130,gohirio,完成,verbs,0.39
131,cefndir,牆紙,nouns,1.59
132,cyffes,否認,nouns,0.38
133,mam,爸爸,nouns,1.67
134,canfyddiad,視力,nouns,0.95
135,noswaith,日落,nouns,3.53
136,yn unffurf,有時,adverbs,0.04
137,gêm,樂趣,nouns,0.82
138,lori,郵包,nouns,0.44
139,handlen,蛋白質,nouns,0.04
140,prif fwrdd,主機板,nouns,3.17
141,yn aml,不經常,adverbs,0.1
142,yn ddiffuant,誠實地,adverbs,4.38
143,cyfiawnder,權利,nouns,0.33
144,lluosi,加,verbs,1.27
145,arwyddluniau,尊嚴,nouns,0.28
146,llywodraeth,蜥蜴,nouns,0.04
147,ffôl,孩子氣,adjectives,2.28
148,pibell,雪茄,nouns,0.48
149,rhoi,放,verbs,0.97
150,coginio,混合,verbs,0.63
151,unwaith,兩次,adverbs,0.39
152,oedolyn,小孩,nouns,0.68
153,sinema,爆谷,nouns,0.67
154,dod â,抱怨,verbs,0.0
155,erydu,褪色,verbs,1.83
156,synhwyrydd,散熱器,nouns,0.46
157,benthyg,乞求,verbs,0.67
158,hapus,快樂,adjectives,5.1
159,oriel,律師,nouns,0.0
160,pont,汽車,nouns,0.29
161,pêl-fas,沙發,nouns,0.0
162,drws,門口,nouns,3.96
163,marw,分化,verbs,0.05
164,top,側面,nouns,0.43
165,crebachu,減少,verbs,3.0
166,gwaed,肉,nouns,0.68
167,hen,雜,adjectives,0.24
168,plentyn,男孩子,nouns,2.13
169,sbeislyd,好,adjectives,0.04
170,clywed,聽,verbs,3.5
171,main,瘦,adjectives,4.36
172,llew,貓,nouns,1.92
173,ffenestr,雲,nouns,0.0
174,glaw,毛毛雨,nouns,4.04
175,coridor,門,nouns,0.33
176,cynddaredd,生氣,nouns,4.04
177,tref,城市,nouns,2.88
178,gwifren,軟線,nouns,1.07
179,proffwyd,牧師,nouns,0.97
180,crwm,直,adjectives,0.18
181,noswaith,黃昏,nouns,4.31
182,pen,腳,nouns,0.34
183,encilio,離開,verbs,3.45
184,dermatitis,濕疹,nouns,3.76
185,tynnu'n ôl,退休,verbs,0.38
186,syth,彎曲,adjectives,0.18
187,gŵr bonheddig,女士,nouns,0.71
188,gwyn,狹窄,adjectives,0.0
189,nerf,腸子,nouns,0.29
190,atgoffa,忘記,verbs,0.1
191,anniben,清潔,adjectives,0.09
192,codi,運輸,verbs,0.88
193,cardbord,紙,nouns,2.42
194,bydysawd,天空,nouns,1.49
195,miniog,平滑,adjectives,0.15
196,atwrnai,律師,nouns,4.33
197,hynafol,新,adjectives,0.09
198,canol,一餐,nouns,0.0
199,rhwygo,穿,verbs,0.0
200,torri,打碎,verbs,4.2
201,modur,汽車,nouns,5.5
202,afal,飲食,nouns,0.63
203,symbol,標誌,nouns,4.11
204,mintys poethion,口香糖,nouns,0.38
205,goleddfu,偏見,verbs,3.68
206,cab,車,nouns,4.14
207,deintydd,上校,nouns,0.04
208,llawr,天花板,nouns,0.23
209,tywydd,雪,nouns,0.78
210,bara,小麥粉,nouns,0.82
211,siwr,自信,adjectives,4.34
212,pensil,故事,nouns,0.15
213,pîn-afal,手機,nouns,0.0
214,targed,箭頭,nouns,0.8
215,bregus,冷淡,adjectives,0.1
216,offeiriad,天神,nouns,0.72
217,twrci,母雞,nouns,2.09
218,rhybuddio,停,verbs,0.74
219,yn anarferol,一般,adverbs,0.15
220,danfon,出席,verbs,0.09
221,dechrau,戒除,verbs,0.04
222,yfory,今晚,adverbs,0.34
223,yn annheg,不合理,adverbs,3.93
224,asgwrn,肌肉,nouns,0.38
225,llwy,杯子,nouns,1.0
226,pla,農藥,nouns,0.81
227,brawdgarwch,門,nouns,0.0
228,cyrnol,牙醫,nouns,0.04
229,presenoldeb,門,nouns,0.0
230,adeiladwaith,毀滅,nouns,0.18
231,cegin,洗手間,nouns,0.63
232,adeilad,房間,nouns,0.69
233,wythnos,週末,nouns,2.21
234,asgwrn cefn,頸,nouns,1.63
235,cyfnos,傍晚,nouns,4.31
236,plisman,警長,nouns,3.06
237,blodyn,燈泡,nouns,0.3
238,datgelwyd,冚住,adjectives,0.04
239,yn ystyrlon,特別,adverbs,1.05
240,balch,傷心,adjectives,0.1
241,benthyg,保持,verbs,0.1
242,diflannu,消逝,verbs,4.97
243,diog,珍貴,adjectives,0.04
244,eliffant,指南針,nouns,0.04
245,bwthyn,小木屋,nouns,3.29
246,llywydd,相機,nouns,0.0
247,canwr,員工,nouns,0.18
248,darllenydd,作者,nouns,0.38
249,ras,週末,nouns,0.0
250,ffoi,逃走,verbs,5.18
251,archeoleg,人類學,nouns,1.98
252,diymhongar,羞愧,adjectives,0.18
253,duw,心靈,nouns,0.65
254,personol,私人,adjectives,3.81
255,negyddol,從未,adjectives,0.66
256,cwympo,傷害,verbs,0.98
257,yn amlwg,本地,adverbs,0.09
258,busnes,公司,nouns,3.01
259,newynog,累,adjectives,0.38
260,cwch,樹,nouns,0.04
261,dathlu,使驚奇,verbs,0.04
262,lladd,毀滅,verbs,2.69
263,brechdan,午飯,nouns,1.01
264,gwehyddu,移動,verbs,0.0
265,cyfoeth,貧困,nouns,0.34
266,braich,手腕,nouns,1.02
267,anghwrtais,噪,adjectives,0.38
268,corn,鼓,nouns,0.43
269,nodadwy,明顯,adjectives,4.5
270,penderfynu,判斷,verbs,2.9
271,magma,火山,nouns,1.96
272,siarad,聽見,verbs,0.44
273,gwn,戲法,nouns,0.0
274,atgoffa,賣,verbs,0.0
275,byddin,軍團,nouns,3.43
276,gyrrwr,飛行員,nouns,3.37
277,blaen,手指,nouns,0.37
278,tybio,假扮,verbs,0.57
279,cyw iâr,牛扒,nouns,0.49
280,llenyddiaeth,書,nouns,2.65
281,poblogaidd,聞名,adjectives,1.99
282,diniwed,自由,adjectives,0.0
283,awyr,陽光,nouns,0.8
284,cyfrifiadur,磁盘,nouns,1.04
285,crwm,歪斜,adjectives,2.73
286,glo,木炭,nouns,3.28
287,da,辣,adjectives,0.04
288,nendwr,宮殿,nouns,0.24
289,mwgwd,派對,nouns,0.29
290,ffin,分界線,nouns,3.92
291,gofal,謹慎,nouns,3.5
292,rhadlon,進來,adjectives,0.04
293,cangen,手臂,nouns,0.6
294,cydnabod,說話,verbs,0.38
295,gair,字典,nouns,1.21
296,castell,壁,nouns,0.43
297,saws,蘋果,nouns,0.38
298,bachgen,狀態,nouns,0.04
299,petrusgar,憤怒,adjectives,0.23
300,llyn,雲,nouns,0.33
301,pêl-droed,有趣,nouns,0.33
302,delwedd,主意,nouns,0.49
303,anaml,平時,adverbs,0.1
304,cryfder,威力,nouns,3.93
305,sgïo,滑雪板,nouns,1.31
306,anaeddfed,長大,adjectives,0.1
307,tymor,半學年,nouns,4.63
308,troelli,混合,verbs,3.73
309,emyn,征服,nouns,0.0
310,ceisio,說服,verbs,0.04
311,melys,電動,adjectives,0.0
312,lleoli,搵到,verbs,1.08
313,tram,火車,nouns,2.82
314,anhawster,努力,nouns,0.65
315,marw,埋葬,verbs,1.05
316,llwch,掃帚,nouns,0.56
317,drwg  ,極好,adjectives,0.04
318,cymryd rhan,說,verbs,0.0
319,yn fras,不耐煩地,adverbs,0.38
320,geiriadur,字,nouns,1.21
321,gwadu,接受,verbs,0.6
322,machlud haul,傍晚,nouns,3.53
323,enfawr,天文,adjectives,0.38
324,cyfrwys,奇怪,adjectives,0.41
325,hwyl,遊戲,nouns,0.82
326,trosedd,攻擊,nouns,1.6
327,tŷ,地毯,nouns,0.38
328,corwynt,暴風雨,nouns,3.24
329,parêd,人群,nouns,1.45
330,cwyno,帶來,verbs,0.0
331,yn oddefol,靜靜地,adverbs,0.92
332,cyfreithiol,允許,adjectives,2.92
333,bys,腳趾,nouns,0.37
334,system,故障,nouns,0.04
335,lluosi,除,verbs,0.39
336,dewis,挑選,verbs,4.33
337,mathemategydd,節目,nouns,0.04
338,caniataëdig,合法,adjectives,2.92
339,yn angheuol,高高興興地,adverbs,0.04
340,rhagfarn,沙文主義,nouns,2.94
341,dwywaith,一次,adverbs,0.39
342,cig,麵包,nouns,0.28
343,tad,女兒,nouns,0.72
344,cyhoeddi,通知,verbs,4.73
345,masarnen,橡木,nouns,2.35
346,gwely,毯子,nouns,0.64
347,cadw,給,verbs,0.14
348,cwningen,貓,nouns,1.32
349,tymer,醫生,nouns,0.18
350,dosbarthu,攜帶,verbs,3.04
351,caniatáu,讓,verbs,2.36
352,gair,習語,nouns,1.4
353,casáu,喜愛,verbs,0.09
354,arall,相反,adjectives,0.59
355,gwybod,理解,verbs,2.65
356,amgueddfa,薄荷,nouns,0.04
357,sinematograffeg,導演,nouns,1.08
358,offeiriad,預言家,nouns,0.97
359,gwael,自豪,adjectives,0.05
360,yn weithredol,高高興興,adverbs,0.46
361,sero,無窮,nouns,0.23
362,beirniadaeth,爭論,nouns,1.98
363,canfod,聽,verbs,0.6
364,wagen,容器,nouns,0.04
365,mynd  ,發送,verbs,0.55
366,rhyfedd,正常,adjectives,0.09
367,arbennig,有價值,adjectives,1.36
368,llythyr,段,nouns,0.45
369,symud,編織,verbs,0.0
370,gofyn,幫忙,verbs,0.15
371,ymgeisio,打算,verbs,0.83
372,hysteria,混亂,nouns,2.13
373,olew,貂,nouns,0.04
374,maes awyr,飛機,nouns,1.27
375,cythraul,天使,nouns,0.18
376,derbyn,推介,verbs,0.2
377,deiet,沙拉,nouns,0.68
378,machlud haul,日出,nouns,0.87
379,ecosystem,經濟,nouns,0.18
380,awyren,直升機,nouns,2.69
381,cwch,甲板,nouns,1.05
382,soffa,椅子,nouns,2.84
383,gwawr,晚上,nouns,0.38
384,sylweddol,次要,adjectives,0.14
385,ysgol,法律,nouns,0.33
386,dwywaith,總是,adverbs,0.34
387,wylo,哭,verbs,5.28
388,diflas,累,adjectives,0.39
389,enfawr,小,adjectives,0.1
390,ffens,跳躍,nouns,0.0
391,fel arfer,真誠地,adverbs,0.43
392,ffrog,舞蹈,nouns,0.15
393,cig eidion,肉,nouns,3.04
394,siarad,承認,verbs,0.38
395,cwmpawd,大象,nouns,0.04
396,coron,锁匙,nouns,0.04
397,ciwb,玩具,nouns,0.14
398,plymio,創建,verbs,0.04
399,twll,妻子,nouns,0.0
400,gair,文學,nouns,1.92
401,gwartheg,乳酪,nouns,0.23
402,dechrau,走,verbs,0.2
403,gwallgof,高興,adjectives,0.28
404,doethineb,智力,nouns,3.7
405,llinyn,日落,nouns,0.0
406,gogledd,南,nouns,1.04
407,heno,明天,adverbs,0.34
408,ysgwydd,身體,nouns,0.71
409,byddin,海軍,nouns,3.58
410,cwch,車,nouns,0.63
411,fector,矩陣,nouns,0.93
412,cyffredin,冷,adjectives,0.0
413,buddugoliaeth,凱旋,nouns,3.93
414,gwely,醫院,nouns,0.48
415,hawdd,生硬,adjectives,0.0
416,pêl,排球,nouns,2.79
417,dde,正義,nouns,0.33
418,gweithiwr,辦公室,nouns,0.53
419,gwisgedig,冚住,adjectives,1.03
420,cân,故事,nouns,0.58
421,pobl,槍,nouns,0.33
422,barnwr,法庭,nouns,0.91
423,croen,自行車,nouns,0.04
424,tywysoges,餅乾,nouns,0.0
425,car,船,nouns,0.63
426,anghwrtais,批評,adjectives,0.82
427,llonydd,輕鬆,adjectives,0.64
428,hyblyg,謙虛,adjectives,0.34
429,ffasiwn,模式,nouns,0.05
430,yn sicr,有時,adverbs,0.0
431,ecsema,皮炎,nouns,3.76
432,o ddifrif,重要的,adverbs,2.5
433,pwrs,袋,nouns,2.22
434,stryd,汽車,nouns,0.67
435,deallusrwydd,邏輯,nouns,2.41
436,mam,朋友,nouns,0.78
437,car,喇叭,nouns,0.29
438,hen,新,adjectives,0.09
439,trafod,說明,verbs,1.21
440,cynnig,貢獻,nouns,2.55
441,tywydd,雲,nouns,0.82
442,tagu,呼吸,verbs,0.92
443,awyren,大薄片,nouns,0.36
444,bedd,重新安葬,nouns,1.0
445,diymhongar,靈活,adjectives,0.34
446,braich,骨頭,nouns,0.98
447,ffôl,笨,adjectives,4.77
448,absenoldeb,在场,nouns,0.54
449,yn gyfan gwbl,全然地,adverbs,4.79
450,misol,每週,adjectives,1.18
451,maddau,赦免,verbs,2.65
452,fel arfer,不定期地,adverbs,0.23
453,deallusrwydd,無知,nouns,0.1
454,gitâr,鱒魚,nouns,0.0
455,croes,僧侣,nouns,0.39
456,bychanu,安慰,verbs,0.0
457,stôl,椅子,nouns,3.63
458,cyfarfod,聚集,verbs,0.81
459,erthygl,雜誌,nouns,2.58
460,barn,選擇,nouns,1.01
461,dianc,逃跑,verbs,5.18
462,yn heddychlon,混亂,adverbs,0.0
463,balch ,堅強,adjectives,0.53
464,yn weithredol,被動地,adverbs,0.04
465,ffenestr,屋頂,nouns,0.42
466,carped,屋,nouns,0.38
467,cyfaddef,否認,verbs,0.04
468,cnoi,搏鬥,verbs,0.28
469,allwedd,王冠,nouns,0.04
470,etholiad,選擇,nouns,2.63
471,chwim,快,adjectives,5.38
472,cyflwr,男孩,nouns,0.04
473,yn falch,和平地,adverbs,0.33
474,cyd-beilot,警察,nouns,0.1
475,twp,笨,adjectives,5.29
476,gorllewin,北,nouns,0.6
477,brwnt,黏,adjectives,0.57
478,aderyn,鷹,nouns,2.78
479,nos,白天,nouns,0.24
480,cryndod,地震,nouns,3.42
481,dewis,選舉,nouns,2.63
482,gadael,參加,verbs,0.05
483,diangen,必須,adjectives,0.04
484,eira,風暴,nouns,0.92
485,ffynnu,嘗試,verbs,0.63
486,blaengau,努力,verbs,0.15
487,diafol,天神,nouns,0.45
488,crebachu,消失,verbs,1.42
489,gwrthod,譴責,verbs,0.15
490,anobaith,苦難,nouns,3.42
491,dadlau,出席,verbs,0.04
492,rheoli,停止,verbs,0.43
493,rheoli,老鼠,nouns,0.04
494,caets,柵欄,nouns,0.33
495,lluwchwynt,雨,nouns,1.63
496,yn feirniadol,實質上,adverbs,0.28
497,cul,寬大,adjectives,0.14
498,seiclon,颱風,nouns,3.5
499,potel,容器,nouns,2.83
500,hyrwyddo,前進,verbs,1.46
501,cyfarch,見面,verbs,0.96
502,tun,鋁,nouns,2.19
503,yn gywir,積極地,adverbs,0.95
504,anwybyddu,問,verbs,0.0
505,liberti,自由,nouns,5.12
506,pren,原木,nouns,4.17
507,meddu ,保持,verbs,2.08
508,gorsedd,劍,nouns,0.35
509,gadael,到達,verbs,0.05
510,ifanc,焦躁不安,adjectives,0.2
511,dŵr,乾旱,nouns,0.05
512,arbed,毀滅,verbs,0.1
513,ansicr,黏人,adjectives,0.63
514,sibrwd,說話,verbs,1.69
515,nofio,見面,verbs,0.04
516,methiant,破產,nouns,0.95
517,coflaid,扼殺,verbs,0.15
518,gwych,愉快,adjectives,2.76
519,ffantasi,現實,nouns,0.67
520,adfer,代替,verbs,0.46
521,nenfwd,大教堂,nouns,0.1
522,salwch,癌症,nouns,3.37
523,cytundeb,洞,nouns,0.0
524,cath,寵物,nouns,2.71
525,dosbarth,大學,nouns,0.65
526,unig,貧窮,adjectives,0.1
527,corff,肩,nouns,0.71
528,newydd,舊,adjectives,0.09
529,arbed,花费,verbs,0.05
530,angor,船,nouns,0.82
531,ffrind,老師,nouns,0.76
532,diflas,刺激,adjectives,0.23
533,ceisio,成功,verbs,0.54
534,tad,哥哥,nouns,1.27
535,fflora,大自然,nouns,1.64
536,cyrraedd,離開,verbs,0.05
537,hurt,稀罕,adjectives,0.14
538,ceisio,想,verbs,0.52
539,gwleidydd,警察,nouns,0.15
540,bowliwr,保齡球,nouns,1.56
541,yn gynnil,大聲地,adverbs,0.04
542,lluosiad,除法,nouns,1.35
543,ymddangos,成為,verbs,0.79
544,car,單車,nouns,1.33
545,anghofio,保留,verbs,0.04
546,gwraig,母親,nouns,2.27
547,cytundeb,爭論,nouns,0.14
548,amherchnogi,給,verbs,0.55
549,brwydro,不同意,verbs,0.45
550,côn,杯子,nouns,0.15
551,rhedeg,騎,verbs,0.14
552,yn llwyr,完全地,adverbs,4.79
553,niwl,雲,nouns,2.83
554,weithiau,一致地,adverbs,0.04
555,modur,引擎,nouns,4.22
556,sgrîn,音系學,nouns,0.0
557,esgusodi,原諒,verbs,2.65
558,gwaed,骨髓,nouns,0.62
559,pathogen,病菌,nouns,3.6
560,llyfr,主題,nouns,0.33
561,prynu,偷,verbs,0.05
562,creu,毀滅,verbs,0.1
563,gaeaf,夏天,nouns,0.49
564,casáu,蔑視,verbs,2.12
565,gwely,房間,nouns,0.33
566,derbyn,攞,verbs,2.88
567,ystafell ddosbarth,走廊,nouns,0.2
568,rhoi,掛,verbs,0.51
569,dimai,尺寸,nouns,0.04
570,anwybyddu,打印,verbs,0.0
571,meddal,暴力,adjectives,0.0
572,cerdyn,橋,nouns,0.0
573,pur,謙虛,adjectives,0.79
574,caban,茅屋,nouns,3.29
575,swper,餐,nouns,3.06
576,yn fras,大致,adverbs,0.88
577,papur lapio,港口,nouns,0.04
578,stopio,禁止,verbs,3.27
579,dewis,監獄,nouns,0.0
580,tacsi,的士,nouns,5.85
581,tristwch,幸福,nouns,0.29
582,ergyd,陷害,nouns,0.14
583,gwm,薄荷,nouns,0.38
584,gwybod,忘記,verbs,0.1
585,lamp,精靈,nouns,0.09
586,ymadrodd,字,nouns,1.4
587,blin,開心,adjectives,0.18
588,monitor,螢幕,nouns,0.53
589,ffilm,電影,nouns,4.32
590,planed,星星,nouns,2.15
591,stumog,睡房,nouns,0.04
592,ardal,角,nouns,0.49
593,ffenestr,門,nouns,0.77
594,eang,窄小,adjectives,0.14
595,esgob,大主教,nouns,3.54
596,golau,鍵盤,nouns,0.09
597,newyddiadurwr,詩人,nouns,0.24
598,lemwn,蘋果,nouns,0.92
599,trosedd,盜竊,nouns,2.73
600,llwybr,隧道,nouns,0.91
601,hyll,粗糙,adjectives,0.46
602,mariwana,草藥,nouns,2.04
603,yn gyfrinachgar,明顯地,adverbs,0.04
604,yn bwysig,真實地,adverbs,0.57
605,afiechyd,危險,nouns,0.46
606,perllan,鴕鳥,nouns,0.0
607,synnwyr,直覺,nouns,3.94
608,coginio,炒,verbs,1.41
609,salwch,傳染病,nouns,3.89
610,cyfiawnhau,校驗,verbs,0.39
611,gynfad,海岸,nouns,0.1
612,gwddf,脊柱,nouns,1.63
613,traeth,島,nouns,0.96
614,cig,三明治,nouns,0.24
615,llawdriniaeth,心臟,nouns,0.46
616,derbyn,同意,verbs,3.35
617,bwcler,屏蔽,nouns,0.93
618,cwympo,絆倒,verbs,4.44
619,crwt,女兒,nouns,1.55
620,diod,啤酒,nouns,2.29
621,gadael,進入,verbs,0.15
622,band,管弦樂隊,nouns,3.37
623,cytuno,不同,verbs,0.04
624,organ,肝臟,nouns,2.12
625,cynffon,章,nouns,0.04
626,cymryd,謝絕,verbs,0.05
627,llyfr,意外,nouns,0.0
628,hael,友善,adjectives,1.94
629,cynffon,碗,nouns,0.0
630,eilradd,重大,adjectives,0.14
631,pêl-fas,兄弟會,nouns,0.14
632,portreadu,通知,verbs,0.15
633,cymysgu,聯合,verbs,3.56
634,hurt,醒目,adjectives,0.28
635,caffael,偷,verbs,0.72
636,cymryd,交付,verbs,0.65
637,hawdd,靈活,adjectives,1.69
638,dugiaeth,親王國,nouns,1.36
639,rhanbarth,地區,nouns,4.74
640,gafr,牛,nouns,1.73
641,perfedd,神經,nouns,0.29
642,daeargryn,震,nouns,3.42
643,rheol,慣例,nouns,2.81
644,cwrs,行動,nouns,0.28
645,camera,續集,nouns,0.04
646,cinio,雞,nouns,0.54
647,symudol,靈活,adjectives,2.26
648,diymhongar,純,adjectives,0.79
649,hurt,巨大,adjectives,0.09
650,person dan amheuaeth,男人,nouns,0.53
651,athro,教練,nouns,3.64
652,clywed,說話,verbs,0.44
653,ffres,寬,adjectives,0.05
654,dynion,兄弟會,nouns,1.55
655,cas,電,nouns,0.0
656,deinosor,大象,nouns,0.28
657,undeb,組合,nouns,2.74
658,yn uchel,微妙地,adverbs,0.04
659,dinistrio,創建,verbs,0.1
660,priffordd,路,nouns,3.68
661,pennu,撤離,verbs,0.0
662,arferol,不同,adjectives,0.39
663,cyfarwyddwr,攝影,nouns,1.08
664,tatws,牛油,nouns,0.15
665,gostwng,减少,verbs,4.27
666,ysgol,年級,nouns,0.68
667,derbyn,運送,verbs,0.05
668,prin,非一般,adjectives,4.01
669,hysbysu,承認,verbs,0.63
670,yn naturiol,非自然,adverbs,0.1
671,blodyn,忍耐力,nouns,0.15
672,mawr,寬廣,adjectives,3.25
673,llaw,腳,nouns,1.11
674,onest,內疚,adjectives,0.18
675,enfawr,笨,adjectives,0.09
676,perlysieuyn,大麻,nouns,2.04
677,nam,系統,nouns,0.04
678,carchariad,單身牢房,nouns,1.54
679,ceryddu,需求,verbs,0.15
680,myffin,香芹,nouns,0.1
681,fel arfer,很少地,adverbs,0.1
682,eglwys gadeiriol,天花板,nouns,0.1
683,cwpan,罐子,nouns,1.69
684,yn wir,完美地,adverbs,0.54
685,yn annaturiol,自然地,adverbs,0.1
686,yn annhebygol,友好,adverbs,0.0
687,bachgen,哥哥,nouns,2.25
688,maddau,忘記,verbs,0.65
689,llwyddo,完成,verbs,3.5
690,deall,聽,verbs,0.64
691,amlwg,未公開,adjectives,0.09
692,sawl,兩次,adverbs,0.29
693,agos,個人,adjectives,0.6
694,gwn,人,nouns,0.33
695,llyfr nodiadau,手提電腦,nouns,0.76
696,gorffwyll,瘋,adjectives,4.78
697,yn wallgof,可悲的是,adverbs,0.15
698,amnewidyn,交換,nouns,3.5
699,nihiliaeth,電影,nouns,0.09
700,llyfr,話題,nouns,0.3
701,semester,學期,nouns,4.63
702,camera,鏡片,nouns,1.31
703,eira,冰,nouns,3.27
704,ystafell wely,床,nouns,1.77
705,anghofio,學習,verbs,0.2
706,afal,陽光,nouns,0.0
707,ar frys,迅速地,adverbs,4.41
708,gaeaf,季節,nouns,2.38
709,tanc,汽車,nouns,0.77
710,ysbryd,燈,nouns,0.09
711,cywilydd,悲傷,nouns,1.83
712,nod,俱樂部,nouns,0.04
713,cadw,珍愛,verbs,0.65
714,theori,定理,nouns,3.92
715,iâ,水,nouns,2.04
716,gadael,開始,verbs,0.04
717,dysgu,聽,verbs,0.48
718,hyblyg,容易,adjectives,1.69
719,awyren,機場,nouns,1.27
720,cerddorfa,樂隊,nouns,3.37
721,cymysgu,騎,verbs,0.0
722,dillad,鈕扣,nouns,0.51
723,cael,失去,verbs,0.1
724,ysgwyd,攪拌,verbs,1.23
725,dod,到達,verbs,1.88
726,llygad,眼淚,nouns,0.77
727,sffer,球,nouns,3.96
728,gorynys,島,nouns,2.44
729,pleidlais,出口,nouns,0.1
730,wedi'i ferwi,煮好,adjectives,1.47
731,brawychus,壞,adjectives,0.49
732,cadw,失去,verbs,0.24
733,argraff,信念,nouns,0.88
734,plât,碗,nouns,1.83
735,cyflawni,達到,verbs,3.5
736,ystafell ymolchi,廚房,nouns,0.63
737,sicr,肯定,adjectives,5.5
738,pobi,炒,verbs,1.88
739,llygredd,騙局,nouns,0.96
740,offeryn,工作,nouns,0.14
741,cul,寬廣,adjectives,0.18
742,seren,教堂,nouns,0.37
743,lwc,幸福,nouns,0.85
744,dadlau,抱怨,verbs,0.64
745,anghofio,提醒,verbs,0.1
746,bargeinio,賣,verbs,0.85
747,ffa,咖啡,nouns,0.68
748,cinio,餐,nouns,3.0
749,ymwrthod,壓抑,verbs,0.24
750,mawr,容易,adjectives,0.0
751,anrhydedd,敬重,nouns,2.71
752,llidiog,猶豫,adjectives,0.23
753,nodyn,付款,nouns,0.33
754,ynys,任務,nouns,0.0
755,cydweithredu,參與,verbs,1.08
756,mwstard,種子,nouns,0.7
757,cysuro,羞辱,verbs,0.0
758,ychwanegu,乘,verbs,1.27
759,ysgrifennu,匆匆地寫,verbs,3.37
760,amsugno,退出,verbs,0.45
761,hyfforddiant,獎學金,nouns,0.81
762,rhoi,得到,verbs,0.15
763,angenrheidiol,不需要,adjectives,0.04
764,siarad,低語,verbs,1.69
765,trosedd,詐騙,nouns,2.62
766,silff,山,nouns,0.0
767,pibell,花園,nouns,0.04
768,ymchwilio,檢查,verbs,3.89
769,gwellt,妻子,nouns,0.0
770,ysgubor,屋,nouns,0.56
771,yn ddigynnwrf,巧妙的,adverbs,0.76
772,enaid,兄弟,nouns,0.0
773,rhuthro,匆忙,verbs,4.93
774,llaeth,果汁,nouns,0.73
775,storm,颶風,nouns,3.24
776,dychan,神話,nouns,0.43
777,pryd bwyd,腰部,nouns,0.0
778,mynnu,訓斥,verbs,0.15
779,map,廣場,nouns,0.23
780,clariffeio,說明,verbs,3.92
781,pobl,元,nouns,0.0
782,morgrugyn,蜜蜂,nouns,1.27
783,yn hysbys,國民,adjectives,0.0
784,sleid,光標,nouns,0.14
785,arwres,英雄,nouns,3.9
786,yn realistig,最近,adverbs,0.32
787,barnu,決定,verbs,2.9
788,gwraig,老公,nouns,2.09
789,bowlio,保齡球選手,nouns,1.56
790,rheolaidd,無知,adjectives,0.04
791,yn sylfaenol,充分,adverbs,0.36
792,ifanc,開心,adjectives,0.2
793,yn oddefol,積極地,adverbs,0.04
794,parsel,貨車,nouns,0.44
795,lleihau,降落,verbs,0.35
796,niwtral,冷靜,adjectives,0.78
797,dinistrio,保留,verbs,0.1
798,swil,昂貴,adjectives,0.0
799,dewis,章,nouns,0.04
800,annheg,殘忍,adjectives,1.22
801,anelu,打中,verbs,1.1
802,diffiniad,字典,nouns,1.45
803,parti,人們,nouns,0.86
804,gweithiwr,機器匠,nouns,2.0
805,yn ddigynnwrf,堅固地,adverbs,1.01
806,môr,河流,nouns,1.69
807,portreadu,決定,verbs,0.0
808,gwely,睡房,nouns,1.77
809,yn wahanol,終末,adverbs,0.04
810,cymysgu,攪拌,verbs,3.73
811,casglu,見面,verbs,0.81
812,biolegydd,顯微鏡,nouns,0.77
813,chwaer,兄弟,nouns,1.63
814,bwydlen,點菜,nouns,0.61
815,hylif,噴嘴,nouns,0.14
816,gadael,見面,verbs,0.05
817,ymlid,跟隨,verbs,2.08
818,gwadu,坦白,nouns,0.38
819,balŵn,人,nouns,0.0
820,gwydn,容易,adjectives,0.18
821,argyhoeddi,拗撬,verbs,0.43
822,sillaf,詞元,nouns,0.46
823,gadael,徘徊,verbs,0.54
824,canon,球,nouns,0.39
825,ceirchen,田,nouns,0.51
826,blaengroen,割禮,nouns,1.27
827,sudd,蘋果,nouns,0.81
828,sarsiant,槍,nouns,0.48
829,dewis,想,verbs,0.59
830,ceiniog,付款,nouns,0.63
831,trafodaeth,爭論,nouns,3.46
832,cydymaith,夥伴,nouns,3.74
833,gwych,精彩,adjectives,4.64
834,cadlong,主力艦,nouns,3.22
835,alwminiwm,錫,nouns,2.19
836,plentynaidd,傻,adjectives,2.28
837,cynhesu,再熱,nouns,2.78
838,gwrthod,避免,verbs,0.79
839,brwnt,非常好,adjectives,0.0
840,yn heddychlon,自豪地,adverbs,0.33
841,blwch  ,帽子,nouns,0.0
842,sychedig,飢餓,adjectives,1.84
843,digio,侮辱,verbs,3.13
844,dinistrio,做,verbs,0.18
845,cinio,湯,nouns,1.24
846,papur,海報,nouns,1.83
847,penelin,踝,nouns,0.72
848,cyrraedd,來,verbs,1.88
849,ymosodiad,犯罪,nouns,1.6
850,nos,章節,nouns,0.0
851,casglu,组织,verbs,1.08
852,yn naturiol,悄悄地,adverbs,0.38
853,gwych,攞命,adjectives,0.09
854,hyfforddwr,老師,nouns,3.64
855,cael,獲得,verbs,4.27
856,gwrando,學習,verbs,0.48
857,hapus,嬲,adjectives,0.18
858,beibl,書,nouns,1.41
859,anghofio,原諒,verbs,0.65
860,te,檸檬,nouns,0.48
861,polyhedron,演員,nouns,0.28
862,haematoleg,病理學,nouns,2.17
863,nerth,能力,nouns,2.49
864,newydd,沒用過,adjectives,4.38
865,canwr,演員,nouns,1.69
866,geneth,小孩,nouns,1.88
867,athro,醫生,nouns,0.62
868,awdur,作曲家,nouns,2.74
869,brest,身體,nouns,1.36
870,yn berffaith,真實地,adverbs,0.54
871,swper,早餐,nouns,1.5
872,maint,一分錢,nouns,0.04
873,balch ,瘋狂,adjectives,0.28
874,cyfansoddwr,作家,nouns,2.74
875,ffôn symudol,電話,nouns,4.38
876,gwahaniaethu,同意,verbs,0.04
877,hyblyg,鬆動,adjectives,0.95
878,trefnu,收集,verbs,1.08
879,derbyn,原諒,verbs,0.82
880,glân,亂,adjectives,0.09
881,mynegi,說,verbs,3.13
882,geiriadur,百科全書,nouns,2.08
883,algebra,手術,nouns,0.24
884,ewyllys,意圖,nouns,1.6
885,protein,柄,nouns,0.04
886,prynu,得到,verbs,0.4
887,afal,糖果,nouns,0.24
888,anniben,核突,adjectives,0.96
889,paragraff,信,nouns,0.45
890,tröedigaeth,高度,nouns,0.04
891,gwyliadwraeth,裙子,nouns,0.09
892,capten,水手,nouns,0.88
893,brawd,兒子,nouns,0.91
894,anfeidredd,零,nouns,0.23
895,lindys,蠶,nouns,2.33
896,rheolaeth,工作,nouns,0.52
897,bydiaeth,簽證,nouns,0.28
898,gyrru,停,verbs,0.1
899,amlwg,顯著的,adjectives,4.5
900,angen,查詢,verbs,0.04
901,iâ,雪,nouns,3.27
902,hanfodol,必須,adjectives,5.08
903,esgus,假設,verbs,0.57
904,o ychydig,十足地,adverbs,0.1
905,iaith,溝通,nouns,1.63
906,canlyn,調查,verbs,0.6
907,dyn,嫌疑人,nouns,0.53
908,diddordeb,注意,nouns,1.6
909,ar hyn o bryd,微妙地,adverbs,0.18
910,gwrthod,選舉,verbs,0.0
911,ffêr,窗口,nouns,0.09
912,ceiniog,便宜貨,nouns,0.54
913,pechadur,聖,nouns,0.39
914,modd,方法,nouns,4.17
915,ardderchog,瘋狂,adjectives,0.05
916,gwahaniaethu,拗撬,verbs,0.44
917,digon,豐富,nouns,3.97
918,anfoesol,非法,adjectives,2.27
919,cemeg,理論,nouns,0.29
920,dychmygu,創建,verbs,0.49
921,soned,美,nouns,0.15
922,rhyfelgarwch,戰鬥,nouns,1.32
923,brecwast,晚餐,nouns,1.41
924,gwawr,槍,nouns,0.0
925,pastai,巧克力,nouns,0.29
926,gafael,明白,verbs,0.93
927,dymuno,想要,verbs,4.07
928,awyr,夢想,nouns,0.1
929,yn negyddol,非自然,adverbs,0.67
930,tywysoges,國王,nouns,1.49
931,gwerthu,借,verbs,0.2
932,ffres,舊,adjectives,0.0
933,disgyn,減少,verbs,0.35
934,cyhyr,手臂,nouns,0.57
935,soffa,棒球,nouns,0.0
936,mynd,進入,verbs,1.36
937,yn afreolaidd,平時,adverbs,0.23
938,maneg,球,nouns,0.14
939,oedolyn,家長,nouns,2.54
940,gwisg,球,nouns,0.1
941,modern,古老,adjectives,0.09
942,telesgop,頭腦風暴,nouns,0.04
943,ysgyfaint,肝,nouns,0.73
944,creulon,和藹,adjectives,0.0
945,canwr,合唱,nouns,0.86
946,garddwrn,手臂,nouns,1.02
947,yn ddarostyngedig,糟糕,adverbs,0.18
948,deilen,樹,nouns,1.06
949,gosod,給,verbs,0.97
950,darganfod,起源,verbs,0.48
951,arholiad,教學大綱,nouns,0.75
952,asetylocolin,鳶尾花,nouns,0.05
953,realiti,幻想,nouns,0.67
954,cadno,獵狗,nouns,1.04
955,ofnadwy,偉大,adjectives,0.09
956,adeiladu,加,verbs,0.87
957,caniatáu,走,verbs,0.0
958,bioleg gymdeithasol,突變體,nouns,0.24
959,gweiddi,尖叫,verbs,3.81
960,methu,依靠,verbs,0.2
961,dod yn,出現,verbs,0.79
962,ystafell,大厦,nouns,0.69
963,cipio,抓住,verbs,3.38
964,creu,畫,verbs,0.23
965,ceg,嘴唇,nouns,3.12
966,llyfr nodiadau,槍,nouns,0.0
967,gwasgu,把握,verbs,2.37
968,darganfod,獲得,verbs,2.08
969,haint,詞性變化,nouns,0.09
970,asgwrn,肘,nouns,0.83
971,rhesymeg,智力,nouns,2.41
972,theori,化學,nouns,0.29
973,maes awyr,片,nouns,0.0
974,ffaith,證明,nouns,0.95
975,lleihau,降低,verbs,4.27
976,angenrheidiol,重要,adjectives,3.19
977,hongian,放,verbs,0.51
978,pryf sidan,毛毛蟲,nouns,2.33
979,ystlum,吸血殭屍,nouns,1.0
980,gwaed,病毒,nouns,0.57
981,cyfrwys,堅固,adjectives,0.0
982,meteor,地心吸力,nouns,0.57
983,graddio,完成,verbs,1.01
984,pumed,最佳,adjectives,0.09
985,cebl,巫師,nouns,0.0
986,craig,礦,nouns,0.6
987,ap,星系,nouns,0.0
988,osgoi,拒絕,verbs,0.79
989,tystio,判斷,verbs,0.4
990,codi arian,發展,nouns,0.29
991,cân,演員,nouns,0.45
992,llwyddo,嘗試,verbs,0.54
993,cyflawn,完成,adjectives,4.93
994,meddyg,脾氣,nouns,0.18
995,gwirod,樂隊,nouns,0.0
996,troseddu,打稿,verbs,0.2
997,lladd,防守,verbs,0.3
998,hawdd,大,adjectives,0.0
999,machlud haul,表,nouns,0.0
1000,anodd,艱難,adjectives,5.32
1001,ymuno,離開,verbs,0.05
1002,dillad,衣櫃,nouns,0.81
1003,cyfarwyddwr,老闆,nouns,3.41
1004,bri,財富,nouns,0.1
1005,oedolyn,監護人,nouns,2.06
1006,cystadlu,完成,verbs,0.09
1007,methu,成功,verbs,0.05
1008,plesio,求情,verbs,0.23
1009,cynfas,平面,nouns,0.36
1010,cytoplasm,數字,nouns,0.0
1011,allanfa,選舉權,nouns,0.1
1012,ymennydd,頭腦,nouns,4.28
1013,merch,嬰兒,nouns,1.5
1014,gwych,壞,adjectives,0.04
1015,achub,拯救,verbs,5.03
1016,deall,讀,verbs,0.67
1017,wedi ymlacio,冷靜,adjectives,0.64
1018,bwriadu,试着,verbs,0.83
1019,anarferol,怪異,adjectives,3.81
1020,cwmni,商業,nouns,4.05
1021,lladd,絞刑,verbs,2.79
1022,gwartheg,牛,nouns,4.45
1023,ceunant,山谷,nouns,3.68
1024,brenhiniaeth,民主,nouns,0.15
1025,radar,操縱桿,nouns,0.14
1026,trwm,大,adjectives,0.82
1027,ffordd,高速公路,nouns,3.68
1028,danfon,帶來,verbs,0.69
1029,tric,沖涼,nouns,0.04
1030,yn hysbys,好,adjectives,0.5
1031,hir,短,adjectives,0.18
1032,tarfu,麻煩,verbs,0.65
1033,cyflawni,收到,verbs,0.24
1034,proffesiwn,學院,nouns,0.2
1035,cyfreithiwr,大狀,nouns,4.33
1036,enwaediad,包皮,nouns,1.27
1037,llawenydd,自豪,nouns,2.03
1038,polyester,棉,nouns,0.97
1039,caniatáu,反駁,verbs,0.0
1040,cawl,晚餐,nouns,1.24
1041,plaladdwr,蟲害,nouns,0.81
1042,anonest,真實,adjectives,0.1
1043,bod mewn dyled,借,verbs,1.18
1044,llygoden,容器,nouns,0.0
1045,myfyriwr,老師,nouns,0.8
1046,wedi ei ddiflasu,平淡,adjectives,3.56
1047,gêm,行動,nouns,0.46
1048,creigres,海灘,nouns,0.48
1049,trafferthu,打稿,verbs,0.65
1050,teithio,走,verbs,1.56
1051,newid,改變,verbs,3.44
1052,ysgytlaeth,果汁,nouns,0.87
1053,glaw,暴風雪,nouns,1.63
1054,dinas,城鎮,nouns,2.88
1055,to,天花板,nouns,3.83
1056,hapusrwydd,悲傷,nouns,0.29
1057,topoleg,結構,nouns,0.8
1058,mam,妻子,nouns,2.27
1059,ymddiried,依賴,verbs,4.32
1060,ennill,值得,verbs,0.39
1061,dod yn,似乎,verbs,1.02
1062,hyder,自己,nouns,0.37
1063,dibynnu,失敗,verbs,0.2
1064,ardderchog,壞,adjectives,0.04
1065,dilyn,追逐,verbs,2.08
1066,babi,成人,nouns,0.28
1067,crochenwaith,陶瓷,nouns,3.54
1068,erfyn,懇求,verbs,3.77
1069,biotop,生物學,nouns,0.34
1070,dod â,發送,verbs,0.69
1071,mwynhau,娛樂,verbs,1.1
1072,cymryd rhan,合作,verbs,1.08
1073,cwpan,錐形蛋筒,nouns,0.15
1074,anifail,人,nouns,0.28
1075,glaw mân,雨,nouns,4.04
1076,drwg,平庸,adjectives,0.1
1077,grawnfwyd,小麥,nouns,2.54
1078,tarian,小圆盾,nouns,0.93
1079,nerfus,某些,adjectives,0.04
1080,traeth,海,nouns,2.13
1081,yn hael,好心地,adverbs,3.17
1082,gwaith cartref,文章,nouns,1.77
1083,yn llawn,基本上,adverbs,0.36
1084,gallu,才能,nouns,4.09
1085,cymysgu,喝,verbs,0.2
1086,gogwyddo,傾向,verbs,3.68
1087,rhoi,知道,verbs,0.04
1088,cloch,塔,nouns,0.33
1089,yn amlwg,看來,adverbs,1.13
1090,canrif,十年,nouns,0.75
1091,myfyrio,想,verbs,3.78
1092,poster,紙,nouns,1.83
1093,mynd  ,來,verbs,0.54
1094,piano,和聲,nouns,0.82
1095,mygu,燒傷,verbs,1.07
1096,yn aeddfed,巧妙,adverbs,0.54
1097,prawf,試驗,nouns,4.38
1098,gwneuthurwr,創造者,nouns,4.59
1099,cymryd,收到,verbs,2.88
1100,blanced,木,nouns,0.0
1101,rhyddhau,抓住,verbs,0.78
1102,gofyn,唔睬,verbs,0.0
1103,darganfod,逃逸,verbs,0.05
1104,deallusrwydd,智慧,nouns,3.7
1105,gadael,驅逐,verbs,0.29
1106,mynydd,窗台,nouns,0.0
1107,uchder,換算,nouns,0.04
1108,morgrugyn,蒼蠅,nouns,0.41
1109,yn hapus,積極地,adverbs,0.46
1110,cadernid,力量,nouns,3.93
1111,sgrechian,叫喊,verbs,3.81
1112,ymddengys,變成,verbs,1.02
1113,argraffu,無視,verbs,0.0
1114,enillydd,男人,nouns,0.28
1115,creu,想像,verbs,0.49
1116,ceisio,實現,verbs,0.63
1117,gwisgo,撕開,verbs,0.0
1118,pren,紙,nouns,0.43
1119,cae,燕麥,nouns,0.51
1120,anferthedd,大小,nouns,3.13
1121,sychu,惡化,verbs,0.39
1122,deall,知道,verbs,2.65
1123,log,木材,nouns,3.23
1124,llygoden,甲板,nouns,0.04
1125,anifail anwes,貓,nouns,2.71
1126,storm,雲,nouns,1.27
1127,stori,書,nouns,2.55
1128,hedfaniad,航空,nouns,3.28
1129,ffilm,劇院,nouns,1.59
1130,anwybyddu,離開,verbs,0.64
1131,llyfr,文學,nouns,2.65
1132,perygl,疾病,nouns,0.46
1133,yn bryderus,緊張地,adverbs,3.33
1134,sgil,智力,nouns,1.94
1135,gwrtaith,發展,nouns,0.72
1136,braf,残酷,adjectives,0.0
1137,brawd,靈魂,nouns,0.0
1138,denu,打,verbs,0.0
1139,gair,提示,nouns,0.34
1140,treisgar,柔軟,adjectives,0.0
1141,poenydio,刺激,verbs,3.64
1142,cydsyniad,貨幣,nouns,0.0
1143,seryddol,大規模,adjectives,0.38
1144,bowlen,尾巴,nouns,0.0
1145,papur,硬紙板,nouns,2.42
1146,benthyg,賣,verbs,0.2
1147,gwellt,聖歌,nouns,0.18
1148,crwydro,搜索,verbs,1.08
1149,yn hawdd,舒服地,adverbs,1.01
1150,cyntedd,走廊,nouns,4.09
1151,pen,肩,nouns,0.73
1152,stopio,警告,verbs,0.74
1153,oeraidd,粗暴,adjectives,0.39
1154,pren,原木,nouns,3.23
1155,onest,不誠實,adjectives,0.1
1156,hyblyg,大,adjectives,0.15
1157,niweidio,戲弄,verbs,0.54
1158,ennill,做,verbs,0.0
1159,gwaed,身體,nouns,0.86
1160,reis,男孩,nouns,0.04
1161,bara,肉,nouns,0.28
1162,papur,木,nouns,0.43
1163,orthodontydd,牙醫,nouns,4.22
1164,anwybodus,制服,adjectives,0.0
1165,tad,男人,nouns,2.27
1166,graddio,分數,verbs,3.03
1167,capel,電纜,nouns,0.0
1168,wedi blino,飢餓,adjectives,0.38
1169,ceg,鼻子,nouns,0.43
1170,diweddar,新,adjectives,2.5
1171,datblygiad,募捐,nouns,0.29
1172,yn ddibynadwy,被動地,adverbs,0.1
1173,flwyddyn,世紀,nouns,1.01
1174,hael,善良,adjectives,1.49
1175,corn,車,nouns,0.29
1176,ewin,頭,nouns,0.1
1177,yn llachar,非常,adverbs,0.55
1178,cyflwr,家,nouns,0.04
1179,taliad,硬幣,nouns,0.63
1180,cytuno,不同意,verbs,0.14
1181,eang,新鮮,adjectives,0.05
1182,crio,哭泣,verbs,5.28
1183,nenfwd,屋頂,nouns,3.83
1184,tarth,雲,nouns,2.19
1185,iâr,火雞,nouns,2.09
1186,ci hela,狐狸,nouns,1.04
1187,aloi,鋼,nouns,2.64
1188,ffaith,洞察力,nouns,0.72
1189,dod yn,組織,verbs,0.09
1190,baco,香煙,nouns,3.27
1191,diflas,安全,adjectives,0.04
1192,bag,錢包,nouns,2.22
1193,gwraig,洞,nouns,0.0
1194,afon,大海,nouns,1.69
1195,mewnwelediad,事實,nouns,0.72
1196,chwedl,道德,nouns,0.24
1197,diogel,合法,adjectives,0.86
1198,ynys,公主,nouns,0.0
1199,corws,歌手,nouns,0.86
1200,pêl,球拍,nouns,0.81
1201,asgwrn,顎,nouns,1.46
1202,gwddf,鼻子,nouns,0.38
1203,yn anarferol,奇怪地,adverbs,3.5
1204,gwddf,骨頭,nouns,0.38
1205,dillad,布,nouns,1.94
1206,telesgop,椅子,nouns,0.04
1207,lloches,棚屋,nouns,1.18
1208,ysgoloriaeth,學費,nouns,0.81
1209,dirprwy,軍官,nouns,0.54
1210,llyfn,尖,adjectives,0.15
1211,cyllell,槍,nouns,1.3
1212,medrydd,車,nouns,0.05
1213,modryb,叔叔,nouns,1.23
1214,anrhagweledig,意料之外,adjectives,3.92
1215,etholi,拒絕,verbs,0.0
1216,theatr,電影,nouns,1.59
1217,sain,聲學,nouns,3.08
1218,bawd,手,nouns,1.37
1219,stryd,小巷,nouns,2.9
1220,rhoi,拒絕,verbs,0.0
1221,gwahardd,停止,verbs,3.27
1222,marcio,評分,verbs,3.03
1223,doniol,傷心,adjectives,0.04
1224,weithiau,肯定地,adverbs,0.0
1225,yn gyfrinachgar,有禮貌地,adverbs,0.59
1226,yn rhyfedd,異常,adverbs,3.5
1227,sylw,興趣,nouns,1.6
1228,yn fanwl gywir,錯誤,adjectives,0.18
1229,theorem,理論,nouns,3.92
1230,trafferthu,得罪,verbs,0.2
1231,dyn,朋友,nouns,0.85
1232,llawr,門,nouns,0.23
1233,eira,雪崩,nouns,1.88
1234,sgert,手錶,nouns,0.09
1235,morwyn,幫手,nouns,2.04
1236,car,坦克,nouns,0.77
1237,perfformio,敬禮,verbs,0.0
1238,crëwr,製作者,nouns,4.59
1239,athletwr,賽跑運動員,nouns,3.45
1240,ysgubell,灰塵,nouns,0.56
1241,cyfeiliornus,靠不住的,adjectives,1.92
1242,fformiwla,等式,nouns,3.92
1243,to,地板,nouns,0.34
1244,mynd,賣,verbs,0.04
1245,sudd,牛奶,nouns,0.73
1246,cot,帽子,nouns,0.63
1247,llac,靈活,adjectives,0.95
1248,anadlu,嗆,verbs,0.92
1249,car,電梯,nouns,0.19
1250,bàth,原木,nouns,0.0
1251,llygredd,大氣層,nouns,0.92
1252,syfrdanu,慶祝,verbs,0.04
1253,ergydio,未打中,verbs,0.1
1254,cyflog,錢,nouns,3.41
1255,ceg,牙齒,nouns,0.82
1256,troed,頭,nouns,0.34
1257,arian parod,錢,nouns,4.5
1258,goddefol,暴力,adjectives,0.04
1259,cadw,保留,verbs,4.25
1260,stopio,駕駛,verbs,0.1
1261,camera,工作者,nouns,0.18
1262,treial,測試,nouns,4.38
1263,casglwr,子程序,nouns,0.18
1264,finegr,沙拉,nouns,0.43
1265,bwlb,花朵,nouns,0.3
1266,yn ddwfn,大多,adverbs,0.56
1267,iogwrt,家牛,nouns,0.23
1268,swcros,醣類,nouns,1.65
1269,cyd-beilot,座艙,nouns,0.14
1270,amddiffyn,保持,verbs,0.88
1271,cenedlaethol,聞名,adjectives,0.0
1272,smart,笨,adjectives,0.04
1273,merch,父親,nouns,0.72
1274,rhyfedd,普通,adjectives,0.04
1275,gwthio,拉,verbs,0.18
1276,llafn,草,nouns,0.3
1277,neidr,蜥蜴,nouns,1.11
1278,bwriad,意志,nouns,1.6
1279,gweriniaeth,公爵,nouns,0.23
1280,nodyn,作業,nouns,0.53
1281,clun,嘴唇,nouns,0.19
1282,llyn,沼澤,nouns,1.92
1283,coridor,過道,nouns,4.09
1284,anarferol,怪誕,adjectives,3.88
1285,rhestr,陣列,nouns,1.08
1286,buan,快,adjectives,4.68
1287,erfyn,借,verbs,0.67
1288,meddwl,沉思,verbs,3.78
1289,hurt,蠢,adjectives,5.29
1290,plentyn,女孩,nouns,1.88
1291,twr,鐘,nouns,0.33
1292,yfed,啜,verbs,1.51
1293,brenin,公主,nouns,1.49
1294,enillydd,存在,nouns,0.04
1295,seler,門,nouns,0.19
1296,dweud,表達,verbs,3.13
1297,dug,共和國,nouns,0.23
1298,neigaredd,國王,nouns,0.2
1299,coflaid,摟抱,verbs,4.27
1300,medal,運動鞋,nouns,0.2
1301,awyrennu,飛行,nouns,3.28
1302,anatomeg,生物學,nouns,2.67
1303,mamfwrdd,主板,nouns,3.17
1304,dichonadwy,不可能,adjectives,0.44
1305,cwmwl,天氣,nouns,0.82
1306,drws,兄弟會,nouns,0.0
1307,anghyfrifol,未成熟的,adjectives,1.31
1308,anghenus,缺乏信心,adjectives,0.63
1309,chwarae,搏鬥,verbs,0.28
1310,gitâr,鼓,nouns,0.86
1311,ystafell ymolchi,睡房,nouns,1.27
1312,llosgfynydd,岩漿,nouns,1.96
1313,oeraidd,易損壞,adjectives,0.1
1314,haearn,維他命,nouns,0.54
1315,yn greadigol,本來,adverbs,0.79
1316,dechrau,起源,verbs,3.44
1317,pili-pala,玫瑰,nouns,0.24
1318,offeryn,小提琴,nouns,2.15
1319,capel,尖頂,nouns,0.37
1320,brawdgarwch,棒球,nouns,0.14
1321,yr wyddor,鋼筆,nouns,0.0
1322,democratiaeth,帝制,nouns,0.15
1323,cyfalaf,錢,nouns,3.37
1324,cyfeillgar,大方,adjectives,1.94
1325,afioneg,航空學,nouns,3.88
1326,cyfarfod,離開,verbs,0.05
1327,sefyllfa,狀況,nouns,5.38
1328,pobl,氣球,nouns,0.0
1329,losin,肉桂,nouns,0.58
1330,neuadd,走道,nouns,0.1
1331,yn aeddfed,正直地,adverbs,0.43
1332,dafad,羊肉,nouns,3.51
1333,cymharu,分析,verbs,2.73
1334,mwynhau,討厭,verbs,0.09
1335,saethydd,探路者,nouns,0.1
1336,trist,搞笑,adjectives,0.04
1337,cerddoriaeth,旋律,nouns,2.96
1338,mewnwelediad,智力,nouns,2.52
1339,damwain,大災難,nouns,3.1
1340,gwely,傢俱,nouns,2.27
1341,trydan,案件,nouns,0.0
1342,caban,營地,nouns,0.63
1343,torf,遊行,nouns,1.45
1344,yn ddiweddar,現實地,adverbs,0.32
1345,yn afresymol,不公平地,adverbs,3.93
1346,hafaliad,公式,nouns,3.92
1347,gwerthu,走,verbs,0.04
1348,danfon,發射,verbs,1.5
1349,dioddefwr,電話,nouns,0.04
1350,dysgu,教育,verbs,3.7
1351,swltan,部,nouns,0.2
1352,annibynadwy,狡詐,adjectives,1.92
1353,gallu,才能,nouns,4.11
1354,hedfan,螞蟻,nouns,0.41
1355,awyr,宇宙,nouns,1.49
1356,palas,高樓大廈,nouns,0.24
1357,hwyliau,憤怒,nouns,0.68
1358,dinistrio,建造,verbs,0.28
1359,yn onest,從未,adverbs,0.0
1360,maer,總統,nouns,2.4
1361,byth,稍後,adverbs,0.1
1362,rheolwr,領導,nouns,3.35
1363,gwthio,責怪,verbs,0.28
1364,nai,阿姨,nouns,1.04
1365,darn,飛機場,nouns,0.0
1366,yn gynnil,冷靜地,adverbs,0.76
1367,gweithred,課程,nouns,0.28
1368,trydanol,甜,adjectives,0.0
1369,yn fecanyddol,理想地,adverbs,0.18
1370,glofa,岩石,nouns,0.6
1371,corff,底衫褲,nouns,0.46
1372,bwystfil,動物,nouns,3.28
1373,cromlin,角度,nouns,1.6
1374,garw,冷淡,adjectives,0.39
1375,ffrind,傢伙,nouns,0.85
1376,cab,的士,nouns,5.85
1377,drws,廚房,nouns,0.28
1378,staff,歌手,nouns,0.18
1379,siofinist,偏見,nouns,2.94
1380,amgylchiad,情況,nouns,5.38
1381,yn sicr,當然,adverbs,5.18
1382,disgybl,總統,nouns,0.1
1383,ffres,新,adjectives,3.32
1384,rhedwr,運動員,nouns,3.45
1385,pen-glin,骨頭,nouns,1.3
1386,doniol,枯燥,adjectives,0.1
1387,oen,羊,nouns,3.51
1388,canolig,壞,adjectives,0.1
1389,hyderus,肯定,adjectives,4.34
1390,codiad haul,日落,nouns,0.87
1391,yn bennaf,大多,adverbs,3.0
1392,tegan,立方體,nouns,0.14
1393,allbriodasol,不宜說出口的,adjectives,0.23
1394,pobl,一分錢,nouns,0.14
1395,bardd,記者,nouns,0.24
1396,cerdd,韻律,nouns,0.96
1397,llwyn,花,nouns,1.46
1398,gwrthod,說謊,verbs,0.33
1399,ymosodol,彎曲,adjectives,0.0
1400,fisa,全球化,nouns,0.28
1401,ffôn,受害者,nouns,0.04
1402,lifft,盒子,nouns,0.04
1403,maint,深度,nouns,0.73
1404,llywydd,污染,nouns,0.0
1405,ystadegau,網球,nouns,0.0
1406,rhiant,大人,nouns,2.54
1407,teledu,編劇,nouns,0.56
1408,arf,頭盔,nouns,1.22
1409,unffurf,未成形,adjectives,0.0
1410,annog,使氣餒,verbs,0.0
1411,dyn,哨兵,nouns,0.8
1412,cinio,早餐,nouns,1.41
1413,yn arbennig,有意義地,adverbs,1.05
1414,cadw,保護,verbs,0.88
1415,hwyl,足球,nouns,0.33
1416,senedd,國會,nouns,2.83
1417,penderfynu,想,verbs,1.27
1418,cadair,長凳,nouns,3.18
1419,mawr,柔韌,adjectives,0.15
1420,sblash,粘性,nouns,0.0
1421,weithiau,每當,adverbs,0.38
1422,traethawd,功課,nouns,1.77
1423,ffrâm,打,nouns,0.14
1424,gwyliwr,男人,nouns,0.8
1425,popcorn,電影,nouns,0.67
1426,cydnabod,接受,verbs,2.9
1427,credyd,借款人,nouns,0.73
1428,dweud yn gyhoeddus,宣布,verbs,4.08
1429,strategydd,陰謀家,nouns,3.21
1430,car,貨車,nouns,1.98
1431,cwrw,酒,nouns,3.44
1432,cymhwysedd,能力,nouns,4.09
1433,blin,暴力,adjectives,0.82
1434,log,木,nouns,4.17
1435,cyfarfod,游泳,verbs,0.04
1436,edau,紗,nouns,3.46
1437,pryd bynnag,有時,adverbs,0.38
1438,caffael,搵到,verbs,2.08
1439,gwahanu,離開,verbs,2.54
1440,ceffyl,狗,nouns,1.18
1441,crogi,殺,verbs,2.79
1442,yn gyfrifol,獨立地,adverbs,0.69
1443,sylw,意識,nouns,2.56
1444,yn annibynnol,負責可靠地,adverbs,0.69
1445,teledu,溝通,nouns,0.49
1446,aseiniad,便條,nouns,0.53
1447,stêc,肉,nouns,3.64
1448,drws,鐘,nouns,0.48
1449,wedi ei dychryn,興奮,adjectives,1.18
1450,chwedl,諷刺,nouns,0.43
1451,mêl,糖,nouns,2.08
1452,dynwared,捕獲,verbs,0.0
1453,byth,否定,adjectives,0.66
1454,anhygoel,脏,adjectives,0.0
1455,digid,數,nouns,4.7
1456,afal,醬,nouns,0.38
1457,baner,旗幟學,nouns,0.76
1458,rhyddid,綠洲,nouns,0.35
1459,cadw,借,verbs,0.1
1460,twymyn,疾病,nouns,2.93
1461,syml,困難,adjectives,0.11
1462,ystafell wely,肚,nouns,0.04
1463,tlodi,財富,nouns,0.34
1464,rhagolwg,灰濛蒙,nouns,0.09
1465,gwaith celf,藝術家,nouns,1.06
1466,gwrthbrofi,允許,verbs,0.0
1467,ymbarél,品質,nouns,0.0
1468,potel,廣口瓶,nouns,3.13
1469,hwyliau,情感,nouns,2.79
1470,ymholi,想,verbs,0.64
1471,mynd i mewn,欠,verbs,0.1
1472,afal,檸檬,nouns,0.92
1473,edafedd,線,nouns,3.46
1474,estron,外國人,nouns,3.93
1475,byth,很少,adverbs,3.56
1476,benthyg,欠,verbs,1.18
1477,gwn,筆記本,nouns,0.0
1478,credu,知道,verbs,1.18
1479,dicter,狂怒,nouns,4.04
1480,ysgwyd,收集,verbs,0.0
1481,sâl,瘋,adjectives,0.2
1482,methu,打中,verbs,0.1
1483,euog,誠實,adjectives,0.18
1484,ffilm,虛無主義,nouns,0.09
1485,dadansoddi,比較,verbs,2.73
1486,yn bwysig,正式地,adverbs,1.56
1487,gwaelod,側面,nouns,0.68
1488,bathodyn,玻璃,nouns,0.09
1489,amddiffyn,冚住,verbs,0.86
1490,yn wael,謙遜地,adverbs,0.18
1491,yn gadarn,輕輕的,adverbs,0.24
1492,tafod,臉頰,nouns,0.53
1493,trychineb,意外,nouns,3.1
1494,cosbi,教,verbs,0.28
1495,tramorwr,翻譯者,nouns,0.29
1496,colli,煮,verbs,0.04
1497,miniog,溫和,adjectives,0.05
1498,mwtant,社會生物學,nouns,0.24
1499,anghwrtais,粗糙,adjectives,0.57
1500,gwn,毛,nouns,0.1
1501,yn wahanol,正常,adjectives,0.39
1502,wagen,馬車,nouns,4.09
1503,yn graff,成熟,adverbs,0.54
1504,car,街,nouns,0.67
1505,bwrw,懲罰,verbs,0.45
1506,esgus,描繪,verbs,0.39
1507,blanced,大風,nouns,0.0
1508,madfall,蛇,nouns,1.11
1509,llong ryfel,无畏舰,nouns,3.22
1510,yn ystyrlon,深度地,adverbs,1.27
1511,aros,離開,verbs,0.1
1512,anhrefnu,井井有條,verbs,0.1
1513,caled,困難,adjectives,5.32
1514,lleihau,淋透,verbs,0.04
1515,arferol,奇怪,adjectives,0.09
1516,gradd,學校,nouns,0.68
1517,erthygl,手稿,nouns,1.63
1518,swm,結合,nouns,0.28
1519,llawysgrif,書,nouns,1.16
1520,drws,地板,nouns,0.23
1521,merch,男人,nouns,0.72
1522,disg,電腦,nouns,1.04
1523,dŵr,加冕禮,nouns,0.0
1524,awyren,噴射機,nouns,3.98
1525,helmed,武器,nouns,1.22
1526,dadlau,同意,verbs,0.05
1527,dyweddïad,約定,nouns,0.55
1528,gwacáu,確定,verbs,0.0
1529,darganfod,探索,verbs,2.42
1530,ystafell wely,單車,nouns,0.0
1531,athro,學生,nouns,0.58
1532,modd,時裝,nouns,0.05
1533,cyflogwr,員工,nouns,0.53
1534,mynd i mewn,走,verbs,1.36
1535,stori,話題,nouns,0.96
1536,yn ysgafn,明亮地,adverbs,0.14
1537,gwraidd,草,nouns,0.43
1538,busnes,工業,nouns,2.27
1539,cenedlaethol,大,adjectives,0.3
1540,gwersyll,艙,nouns,0.63
1541,am ddim,無辜,adjectives,0.0
1542,siwmper,褸,nouns,2.31
1543,mae'n debyg,簡直,adverbs,0.52
1544,rhadlon,友好,adjectives,2.83
1545,wythnosol,每月,adjectives,1.18
1546,erlynydd,律師,nouns,3.27
1547,bws,車輛,nouns,2.59
1548,cafflo,欺騙,verbs,3.37
1549,mynd o'r golwg,消失,verbs,4.97
1550,siart,圖解,nouns,3.5
1551,parch,榮譽,nouns,2.71
1552,cryf,自豪,adjectives,0.53
1553,dal,收到,verbs,1.23
1554,unwaith,馬上,adverbs,0.64
1555,llawr,屋頂,nouns,0.34
1556,llyfr,資料,nouns,0.9
1557,cynghori,推介,verbs,3.45
1558,ystafell wely,廁所,nouns,1.27
1559,codi,提高,verbs,3.31
1560,reidio,拖著腳走,verbs,0.0
1561,gwerthu,交易,verbs,0.85
1562,unigryw,相反,adjectives,0.14
1563,cath,狗,nouns,0.87
1564,ffynhonnell,盒子,nouns,0.04
1565,trasiedi,死亡,nouns,1.19
1566,hyfforddwyr,獎章,nouns,0.2
1567,meddwl,嘗試,verbs,0.52
1568,dannedd,鎚,nouns,0.04
1569,galaeth,應用程式,nouns,0.0
1570,porth,門,nouns,3.96
1571,gwellt,任務,nouns,0.0
1572,yn drist,猛烈地,adverbs,0.15
1573,storm,雪,nouns,0.92
1574,bwrw,捏,verbs,0.87
1575,pen-blwydd,日期,nouns,1.55
1576,amrwd,無禮貌,adjectives,0.57
1577,llywydd,小學生,nouns,0.1
1578,hysbysu,通知,verbs,4.73
1579,brenhines,蜜蜂,nouns,0.05
1580,planhigyn,農業,nouns,0.8
1581,criced,支持者,nouns,0.1
1582,gair,頁,nouns,0.68
1583,sefyllfa,狀態,nouns,2.97
1584,llyfr,正文,nouns,1.0
1585,cyffrous,平淡,adjectives,0.23
1586,braf,開朗,adjectives,2.83
1587,byr,長,adjectives,0.18
1588,colli,得到,verbs,0.1
1589,brwydro,咬,verbs,0.28
1590,treth,收入,nouns,0.48
1591,bachgen,兒童,nouns,1.79
1592,ymaflyd,攞,verbs,2.11
1593,dewis,意見,nouns,1.01
1594,cynhwysydd,四輪貨運馬車,nouns,0.04
1595,ewythr,姨媽,nouns,1.23
1596,yn debygol,可能,adverbs,1.4
1597,ysgafn,尖,adjectives,0.05
1598,actor,電視,nouns,0.96
1599,pen,鼻子,nouns,0.54
1600,penelin,骨頭,nouns,0.83
1601,coffi,豆,nouns,0.68
1602,amaethyddiaeth,單一耕作,nouns,1.11
1603,salad,減肥,nouns,0.68
1604,mwsogl,草,nouns,1.97
1605,roboteg,模擬,nouns,0.38
1606,cleddyf,環境,nouns,0.0
1607,cylchfordaith,行李,nouns,0.23
1608,corff,手臂,nouns,0.86
1609,anghofio,知道,verbs,0.1
1610,poeni,浪費,verbs,0.0
1611,dyn,女人,nouns,0.42
1612,dathliad,儀式,nouns,2.37
1613,ffraeo,證明,verbs,0.0
1614,uno,劃分,verbs,0.05
1615,stopio,控制,verbs,0.43
1616,dweud,參與,verbs,0.0
1617,yn gyfforddus,容易地,adverbs,1.01
1618,annisgwyl,未預見到,adjectives,3.92
1619,yn achlysurol,經常地,adverbs,0.53
1620,sgwâr,地圖,nouns,0.23
1621,pennod,選擇,nouns,0.04
1622,ffôn,小亭,nouns,0.0
1623,ysgwydd,手臂,nouns,1.81
1624,diemwnt,錢,nouns,0.91
1625,yn annaturiol,負面地,adverbs,0.67
1626,mêr,血液,nouns,0.62
1627,niwrosis,頭腦,nouns,0.82
1628,pigo,選擇,verbs,4.33
1629,peilliad,蕊,nouns,1.05
1630,rhoi,偷,verbs,0.1
1631,yn annheg,公平,adverbs,0.1
1632,gwern,湖,nouns,1.92
1633,ymuno,連接,verbs,0.96
1634,cyrchwr,微晶片,nouns,0.04
1635,ale,街,nouns,2.9
1636,difetha,聞,verbs,0.0
1637,bawd,指甲,nouns,1.46
1638,collfarnu,拒絕,verbs,0.15
1639,archwilio,追求,verbs,0.6
1640,reis,豆,nouns,0.68
1641,amau,逮捕,verbs,0.23
1642,caws,麵包,nouns,0.57
1643,tymestl,毯,nouns,0.0
1644,cefn,尾巴,nouns,0.8
1645,prynu,付款,verbs,3.03
1646,mwslim,主教,nouns,0.24
1647,heulwen,蘋果,nouns,0.0
1648,chwerthin,傻笑,verbs,4.13
1649,tiwtora,教育,verbs,3.35
1650,gwyddonydd,護士,nouns,0.24
1651,ffatri,汽車,nouns,0.05
1652,dosbarthu,接受,verbs,0.05
1653,ungnwd,農業,nouns,1.11
1654,pêl,服裝,nouns,0.1
1655,gwan,強大,adjectives,0.04
1656,dinistrio,殺,verbs,2.69
1657,dadlau,不同,verbs,0.44
1658,mwnci,参加競選,nouns,0.09
1659,alltud,異族,nouns,3.93
1660,athronydd,賽跑,nouns,0.09
1661,presenoldeb,缺席,nouns,0.54
1662,diogel,乏味,adjectives,0.04
1663,llwy,果汁,nouns,0.23
1664,jet,飛機,nouns,3.98
1665,peiriannydd,工人,nouns,2.0
1666,tric,槍,nouns,0.0
1667,gweithred,遊戲,nouns,0.46
1668,braich,肌肉,nouns,0.57
1669,fel arfer,常規地,adverbs,3.87
1670,balchder,膽大,adjectives,1.38
1671,talwrn,副駕駛,nouns,0.14
1672,yn obeithiol,可能,adverbs,0.93
1673,tenis,統計資料,nouns,0.0
1674,cymdeithas,文化,nouns,0.92
1675,dan straen,輕鬆,adjectives,0.18
1676,dysgu,評估,verbs,0.34
1677,ystafell,沖涼,nouns,0.48
1678,dodrefn,床,nouns,2.27
1679,pren,石,nouns,0.37
1680,llyncu,喝,verbs,1.51
1681,preifat,個人,adjectives,3.81
1682,halen,水,nouns,0.2
1683,dryswch,歇斯底里,nouns,2.13
1684,bàth,氣球,nouns,0.0
1685,cyflwr,情況,nouns,2.97
1686,llong,靜脈,nouns,0.23
1687,ymgeisydd,申請,nouns,1.18
1688,rheolaidd,平均,adjectives,0.49
1689,jîns,女人,nouns,0.14
1690,anarchiaeth,混亂,nouns,3.74
1691,llynges,軍隊,nouns,3.58
1692,yn ddiffuant,平時,adverbs,0.43
1693,microsgop,生物學家,nouns,0.77
1694,meddu ar,吸收,verbs,0.29
1695,ymadael,分離,verbs,2.54
1696,awyrennaeth,航空電子學,nouns,3.88
1697,nôl rhywbeth,購買,verbs,0.4
1698,actor,女演員,nouns,3.77
1699,mynychu,拗撬,verbs,0.04
1700,hunan,自信,nouns,0.37
1701,afu,肺,nouns,0.73
1702,dal,捕獲,verbs,3.38
1703,yn feddal,堅固地,adverbs,0.24
1704,gwybod,給,verbs,0.04
1705,carbon,原子,nouns,0.98
1706,yn ddarostyngedig,自豪的,adverbs,0.18
1707,ymuno,合作,verbs,0.79
1708,pren,毯,nouns,0.0
1709,doniol,嚴肅,adjectives,0.09
1710,baglu,跌倒,verbs,4.44
1711,camera,總統,nouns,0.0
1712,cenllysg,雨,nouns,1.36
1713,gadael,允許,verbs,2.36
1714,anghorfforol,心靈,adjectives,0.71
1715,mynd  ,開始,verbs,0.2
1716,crwm,好鬥,adjectives,0.0
1717,wedi cyffroi,受驚,adjectives,1.18
1718,pêl,大炮,nouns,0.39
1719,sgriptiwr,電視,nouns,0.56
1720,cyfuniad,結合,nouns,2.74
1721,yn bwysig,認真地,adverbs,2.5
1722,gwawr,白天,nouns,1.82
1723,sesiwn,病人,nouns,0.32
1724,sudd,奶昔,nouns,0.87
1725,tywysog,國王,nouns,1.73
1726,yn dawel,自然地,adverbs,0.38
1727,duw,魔鬼,nouns,0.45
1728,danfon,接收,verbs,0.1
1729,glaw,薄霧,nouns,1.22
1730,blwch,小亭,nouns,0.05
1731,uchel,無禮貌,adjectives,0.38
1732,tad,兒子,nouns,1.45
1733,hurt,傻,adjectives,4.77
1734,yn fras,可靠地,adverbs,0.23
1735,ychydig,大致,adverbs,0.5
1736,trist,自豪,adjectives,0.1
1737,amhosib,可行,adjectives,0.44
1738,mawr,重,adjectives,0.82
1739,lens,相機,nouns,1.31
1740,gadael,撤退,verbs,3.45
1741,coch,藍色,adjectives,0.44
1742,côr,教堂,nouns,0.62
1743,ysbrydol,無實體,adjectives,0.71
1744,pellter,角度,nouns,0.33
1745,prin,異國情調,adjectives,0.74
1746,gwythïen,肚,nouns,0.29
1747,rhoi,斷絕父子關係,verbs,0.55
1748,cynllwyniwr,策略家,nouns,3.21
1749,goruchafiaeth,全能,nouns,1.27
1750,taith,征服,nouns,0.29
1751,deall,知道,verbs,3.26
1752,cinio,三文治,nouns,1.01
1753,gwallgof,瘋狂,adjectives,4.78
1754,ymennydd,神經,nouns,1.0
1755,menyn,土豆,nouns,0.15
1756,enillydd,冠軍,nouns,4.83
1757,cerddoriaeth,長笛,nouns,1.38
1758,gwirio,辯解,verbs,0.39
1759,cyfathrebu,電視,nouns,0.49
1760,ochr,頂,nouns,0.43
1761,cnawd,血液,nouns,0.68
1762,yn gyfeillgar,不會,adverbs,0.0
1763,bar,監獄,nouns,0.24
1764,mae'n debyg,明顯地,adverbs,1.13
1765,dant,嘴巴,nouns,0.82
1766,cysur,安全,nouns,0.55
1767,llenwi,蔑視,verbs,0.0
1768,pêl-fas,籃球,nouns,1.92
1769,geiriadur,定義,nouns,1.45
1770,coleg,職業,nouns,0.2
1771,corff,胸部,nouns,1.36
1772,gwefrydd,磁盤,nouns,0.0
1773,cywilydd,幸運,adjectives,0.04
1774,treisgar,嬲,adjectives,0.82
1775,masarnen,樹木,nouns,3.58
1776,dec,船,nouns,1.05
1777,metel,鋁,nouns,2.54
1778,ymosodol,無禮貌,adjectives,0.64
1779,menyw,任務,nouns,0.04
1780,jar,瓶子,nouns,3.13
1781,meddyg,大夫,nouns,4.8
1782,arbed,救援,verbs,5.03
1783,danfon,走,verbs,0.55
1784,yn derfynol,不同,adverbs,0.04
1785,yn deg,不公平,adverbs,0.1
1786,gwraig,一分錢,nouns,0.05
1787,gwybodaeth,熵,nouns,0.19
1788,tric,遊戲,nouns,0.68
1789,yn rheolaidd,偶然,adverbs,0.53
1790,cwrw,飲品,nouns,2.29
1791,rheiddiadur,傳感器,nouns,0.46
1792,morthwyl,牙,nouns,0.04
1793,anwybodaeth,智力,nouns,0.1
1794,ymddangos,假扮,verbs,0.33
1795,clymu,編織,verbs,1.15
1796,ymddeol,退出,verbs,0.38
1797,bwlch,雪茄,nouns,0.04
1798,cul,長,adjectives,0.52
1799,deiet,蘋果,nouns,0.63
1800,cyfreithiol,安全,adjectives,0.86
1801,llun,暴動,nouns,0.04
1802,siwgr,蜜糖,nouns,2.08
1803,fideo,戲,nouns,4.32
1804,papur newydd,字,nouns,0.8
1805,anaeddfed,不負責任,adjectives,1.31
1806,saeth,目標,nouns,0.8
1807,siryf,警察,nouns,3.06
1808,alcohol,白蘭地酒,nouns,2.97
1809,het,大褸,nouns,0.63
1810,rhesymol,清醒,adjectives,2.08
1811,rhythm,算術,nouns,0.0
1812,iâr,鳥,nouns,1.69
1813,eira,天氣,nouns,0.78
1814,nofel,作家,nouns,0.88
1815,sglodion,遊標,nouns,0.04
1816,cerbyd,巴士,nouns,2.59
1817,bacwn,肉,nouns,2.63
1818,ffabrig,衣服,nouns,1.94
1819,darllen,理解,verbs,0.67
1820,sugnwr gwaed,蝙蝠,nouns,1.0
1821,tudalen,段,nouns,0.57
1822,cebl,教堂,nouns,0.0
1823,gludedd,濺,nouns,0.0
1824,heb fod yn ddrud,便宜,adjectives,3.56
1825,tywysoges,島,nouns,0.0
1826,cael,留,verbs,0.55
1827,wedi tyfu,未成熟的,adjectives,0.1
1828,pibell,汽車,nouns,0.09
1829,doler,百萬富翁,nouns,0.53
1830,creu,賺,verbs,0.0
1831,derbyn,承認,verbs,2.9
1832,newydd,古老,adjectives,0.09
1833,anthropoleg,考古學,nouns,1.98
1834,mynach,神職人員,nouns,2.59
1835,arian,鑽石,nouns,0.91
1836,arbediad,儲蓄者,nouns,1.65
1837,caled,容易,adjectives,0.04
1838,gwn,黎明,nouns,0.0
1839,cyferbyn,獨特,adjectives,0.14
1840,cell,鎖起來,nouns,1.54
1841,estrys,果園,nouns,0.0
1842,gwerddon,自由,nouns,0.35
1843,moleciwl,基質,nouns,0.6
1844,terfysg,畫畫,nouns,0.04
1845,asgwrn,踝,nouns,0.88
1846,ffens,軌,nouns,0.05
1847,meddwl,查詢,verbs,0.64
1848,nant,河,nouns,3.74
1849,amlen,裝飾,nouns,0.0
1850,cwch,電動機,nouns,0.49
1851,wedi ei orchuddio,沒有冚住的,adjectives,0.04
1852,hyfforddwraig,播放機,nouns,0.2
1853,cymysg,舊,adjectives,0.24
1854,harddwch,十四行詩,nouns,0.15
1855,eirlithriad,雪,nouns,1.88
1856,crio,哭泣,verbs,4.54
1857,priffordd,車,nouns,0.85
1858,cyfarch,演出,verbs,0.0
1859,metel,錫,nouns,2.49
1860,balŵn,沖涼,nouns,0.0
1861,gwydr,徽章,nouns,0.09
1862,eirfwrdd,滑雪,nouns,1.31
1863,cred,印象,nouns,0.88
1864,aren,器官,nouns,3.03
1865,sobr,醉酒,adjectives,0.14
1866,anifail,野獸,nouns,3.28
1867,gadael,留,verbs,0.1
1868,rhad,不昂貴,adjectives,3.56
1869,dadlau,辯解,verbs,0.58
1870,peiriant,電腦,nouns,2.37
1871,tasg,工作,nouns,3.14
1872,môr,三角洲,nouns,0.87
1873,gwael,孤獨,adjectives,0.1
1874,ci,馬,nouns,1.18
1875,hedyn,芥末,nouns,0.7
1876,gwalch,鳥,nouns,2.78
1877,tasg,稻草,nouns,0.0
1878,porth,出口,nouns,2.73
1879,ysbyty,床,nouns,0.48
1880,ffug,真實,adjectives,0.18
1881,twp,頑固,adjectives,0.33
1882,blawd,麵包,nouns,0.82
1883,perfformiwr,歌曲,nouns,0.45
1884,bachgen,小孩,nouns,2.13
1885,band,遊行,nouns,0.68
1886,rhad,髒,adjectives,0.28
1887,ciledrych,怒視,verbs,0.04
1888,reidio,跑,verbs,0.14
1889,ailgynhesu,預熱,nouns,2.78
1890,ffôn,手提電話,nouns,4.38
1891,corff,肚,nouns,1.73
1892,basilica,馬賽克,nouns,0.35
1893,cymryd,奪取,verbs,2.11
1894,tasg,島,nouns,0.0
1895,natur,植物群,nouns,1.64
1896,dyweddïad,戒指,nouns,1.44
1897,blodyn,灌木,nouns,1.46
1898,cadw,擁有,verbs,2.08
1899,yn dawel,大聲地,adverbs,0.14
1900,hynafol,現代,adjectives,0.09
1901,dysgu,忘記,verbs,0.2
1902,plismon,政治家,nouns,0.15
1903,cynhwysydd,瓶子,nouns,2.83
1904,cyfreithiwr,銀行家,nouns,1.27
1905,caledwedd,案件,nouns,0.09
1906,car,高速公路,nouns,0.85
1907,tad,家長,nouns,2.95
1908,braich,身體,nouns,0.86
1909,dillad isaf,身體,nouns,0.46
1910,adnewid,更改,verbs,3.44
1911,claddu,死,verbs,1.05
1912,angen,安排,verbs,0.09
1913,cyfnewid,替換,nouns,3.5
1914,pêl-fasged,棒球,nouns,1.92
1915,eliffant,恐龍,nouns,0.28
1916,yn hapus,安全地,adverbs,0.41
1917,ymddangos,離開,verbs,0.1
1918,gorffen,競爭,verbs,0.09
1919,cot,衣服,nouns,1.98
1920,anhrefn,無政府,nouns,3.74
1921,brecwast,煙肉,nouns,0.57
1922,gwefus,臀部,nouns,0.19
1923,actores,演員,nouns,3.77
1924,gwarcheidwad,母親,nouns,2.65
1925,trefn,菜單,nouns,0.61
1926,post,速度,nouns,0.0
1927,rhif,數字,nouns,4.7
1928,newydd,最近,adjectives,2.5
1929,cefnogwr,蟋蟀,nouns,0.1
1930,goruchafiath,勝利,nouns,3.93
1931,aros,得到,verbs,0.55
1932,ffrio,烘烤,verbs,1.88
1933,dysgu,懲罰,verbs,0.28
1934,cicio,傷害,verbs,2.08
1935,llygoden,貓,nouns,0.43
1936,cynorthwyo,保護,verbs,1.92
1937,person,動物,nouns,0.28
1938,cwmwl,霧氣,nouns,2.63
1939,pryd bwyd,晚飯,nouns,3.0
1940,dinistr,建造,nouns,0.18
1941,cyngres,議會,nouns,2.83
1942,gofyn,祈禱,verbs,0.88
1943,sy'n dod i mewn,向外,adjectives,0.04
1944,gormesu,宣佈放棄,verbs,0.24
1945,baw,泥,nouns,5.27
1946,ffêr,骨頭,nouns,0.88
1947,oedolyn,嬰兒,nouns,0.28
1948,haul,天空,nouns,0.8
1949,dal,放走,verbs,0.78
1950,adfer,帶來,verbs,0.18
1951,car,軟管,nouns,0.09
1952,top,下面,nouns,0.15
1953,dal,模仿,verbs,0.0
1954,anghefnogi,失敗,verbs,0.33
1955,sgrîn,監控,nouns,0.53
1956,braisg,大,adjectives,3.49
1957,ebol,馬,nouns,3.63
1958,senedd,憲法,nouns,0.91
1959,llunio,做,verbs,3.44
1960,canu,大笑,verbs,0.38
1961,cyfarfod,打招呼,verbs,0.96
1962,matrics,向量,nouns,0.93
1963,busnes,公司,nouns,4.05
1964,greddf,感覺,nouns,3.94
1965,arwydd,象徵,nouns,4.11
1966,drws,地窖,nouns,0.19
1967,cartref,州,nouns,0.04
1968,difrifol,有趣,adjectives,0.09
1969,rhyfeddol,奇怪,adjectives,3.88
1970,bachgen,兒子,nouns,3.26
1971,angau,悲劇,nouns,1.19
1972,cath,兔子,nouns,1.32
1973,mawr,大規模,adjectives,3.49
1974,cywilydd,謙虛,adjectives,0.18
1975,persli,瑪芬,nouns,0.1
1976,moleciwl,原子,nouns,2.04
1977,tristwch,羞愧,nouns,1.83
1978,oedran,美人,nouns,0.24
1979,sensoriaeth,自由,nouns,0.1
1980,gwerthuso,分析,verbs,4.17
1981,yn wreiddiol,創造性地,adverbs,0.79
1982,cyw iâr,晚餐,nouns,0.54
1983,emyn,稻草,nouns,0.18
1984,bowlen,小巷,nouns,0.0
1985,ennill,成功,verbs,4.14
1986,ffrind,母親,nouns,0.78
1987,hysbysu,擦亮,verbs,0.0
1988,dianc,搵到,verbs,0.05
1989,afal,果汁,nouns,0.81
1990,myfyriwr,教授,nouns,0.58
1991,cyfaill,伴侶,nouns,3.74
1992,banereg,旗,nouns,0.76
1993,syniad,方案,nouns,3.44
1994,gwn,軍士,nouns,0.48
1995,ymdrech,困難,nouns,0.65
1996,trefnu,成為,verbs,0.09
1997,glaswellt,苔蘚,nouns,1.97
1998,pledio,乞求,verbs,3.77
1999,gwn,大炮,nouns,2.19
2000,yn gryf,正式,adverbs,0.42
2001,dirywio,抹,verbs,0.39
2002,bargen,便士,nouns,0.54
2003,mynachlog,沖涼,nouns,0.0
2004,heb ei ddatgelu,公開,adjectives,0.09
2005,prawf,判決書,nouns,2.5
2006,dydd ,晚上,nouns,0.24
2007,alwminiwm,金屬,nouns,2.54
2008,concwest,聖歌,nouns,0.0
2009,wedi ei orchuddio,穿著衣服的,adjectives,1.03
2010,baner,杆,nouns,0.71
2011,lleihau,收縮,verbs,3.0
2012,trafferthu,加劇,verbs,0.35
2013,yn syth,一次,adverbs,0.64
2014,sgleinio,通知,verbs,0.0
2015,blits,攻擊,nouns,3.19
2016,lema,音節,nouns,0.46
2017,bricsen,牆,nouns,1.01
2018,dur,合金,nouns,2.64
2019,dod,帶來,verbs,2.13
2020,sinamon,糖果,nouns,0.58
2021,yn heddychlon,冷靜地,adverbs,2.79
2022,talu,購買,verbs,3.03
2023,drwg,偉大,adjectives,0.04
2024,tywod,腳,nouns,0.1
2025,gwraig,沖涼,nouns,0.04
2026,cyflymder,郵件,nouns,0.0
2027,diog,忙碌,adjectives,0.09
2028,dis,立方體,nouns,2.85
2029,gardd,軟管,nouns,0.04
2030,cul,白色,adjectives,0.0
2031,ynad,法官,nouns,4.2
2032,hapus,瘋狂,adjectives,0.5
2033,gweddill,差數,nouns,3.06
2034,cymryd,離開,verbs,0.1
2035,calendr,假日,nouns,0.67
2036,ffonoleg,屏幕,nouns,0.0
2037,llenyddiaeth,詞,nouns,1.92
2038,yn hysbys,流行,adjectives,1.99
2039,gwybod,明白,verbs,3.26
2040,ysgwydd,頭,nouns,0.73
2041,yn agored,大規模,adverbs,0.53
2042,egni,電池,nouns,2.63
2043,llonydd,中性,adjectives,0.78
2044,yn debygol,積極地,adverbs,0.81
2045,siocled,派,nouns,0.29
2046,marwolaeth,葬禮,nouns,1.93
2047,cefnder,叔叔,nouns,1.07
2048,caffael,加入,verbs,0.1
2049,alaw,音樂,nouns,2.96
2050,brawd,姊妹,nouns,1.63
2051,cwmwl,湖,nouns,0.33
2052,encilio,降落,verbs,0.34
2053,yn drist,感情上,adverbs,1.37
2054,trychineb,死亡,nouns,1.45
2055,hyblyg,活動,adjectives,2.26
2056,cyfnewid,貨幣,nouns,0.57
2057,arestio,懷疑,verbs,0.23
2058,entropi,信息,nouns,0.19
2059,cydweithredu,參加,verbs,0.79
2060,gwerthu,提醒,verbs,0.0
2061,cyfreithlon,非法,adjectives,0.14
2062,modryb,侄子,nouns,1.04
2063,ynys,海軍,nouns,0.1
2064,tasg,女人,nouns,0.04
2065,banc,座位,nouns,0.05
2066,derwen,楓木,nouns,2.35
2067,yn gyfrinachol,信心十足地,adverbs,0.15
2068,mygu,擁抱,verbs,0.15
2069,tafod,喉,nouns,0.7
2070,cyflawni,贏得,verbs,1.65
2071,awdur,創造者,nouns,3.37
2072,nerfus,害怕,adjectives,3.3
2073,cerflun,雕塑,nouns,4.78
2074,gwrthod,承認,verbs,0.04
2075,cyfreithiwr,畫廊,nouns,0.0
2076,wal,裝飾,nouns,0.33
2077,eang,大,adjectives,3.25
2078,bioleg,解剖學,nouns,2.67
2079,chwilio,徘徊,verbs,1.08
2080,euog,壞,adjectives,0.88
2081,meddwl,神經官能症,nouns,0.82
2082,dewis,靜脈,nouns,0.04
2083,wedi ymlacio,強調,adjectives,0.18
2084,pont,卡,nouns,0.0
2085,wedi blino,無聊,adjectives,0.39
2086,teledu,演員,nouns,0.96
2087,darganfod,消失,verbs,0.05
2088,glaswelltir,草地,nouns,3.53
2089,rhifyddeg,韻律,nouns,0.0
2090,gwneuthurio,建造,verbs,3.44
2091,erydu,允許,verbs,0.0
2092,argymell,接受,verbs,0.2
2093,dwyn,購買,verbs,0.05
2094,gwrando,聽見,verbs,3.5
2095,egluro,討論,verbs,1.21
2096,cymysgu,打,verbs,0.55
2097,hiliaeth,排外主義,nouns,3.88
2098,cyfrifiadur,機器,nouns,2.37
2099,yn ofalus,目前,adverbs,0.18
2100,haf,冬天,nouns,0.49
2101,tywysogaeth,公國,nouns,1.36
2102,sefyll,步行,verbs,0.63
2103,llygredd,總統,nouns,0.0
2104,wal,城堡,nouns,0.43
2105,byw,生存,verbs,3.52
2106,terfyn,國境,nouns,3.92
2107,coroni,水,nouns,0.0
2108,yn ddiogel,高高興興地,adverbs,0.41
2109,harddwch,年齡,nouns,0.24
2110,firws,血液,nouns,0.57
2111,tynnu,創建,verbs,0.23
2112,diflas,尖,adjectives,0.19
2113,organ,腎,nouns,3.03
2114,gwythïen,選擇,nouns,0.04
2115,llyfr,手稿,nouns,1.16
2116,cymylog,預測,nouns,0.09
2117,parasetamol,支氣管炎,nouns,0.15
2118,prin,從未,adverbs,3.56
2119,pêl,球狀物,nouns,3.96
2120,yn gyfrifol,可靠,adverbs,3.4
2121,bod yn ddyledus,進入,verbs,0.1
2122,hir,狹窄,adjectives,0.52
2123,braich,腿,nouns,0.53
2124,lemwn,茶,nouns,0.48
2125,ffa,米飯,nouns,0.68
2126,hel,抓住,verbs,0.93
2127,cadair,床,nouns,1.21
2128,anodd,簡單,adjectives,0.18
2129,carreg,木,nouns,0.37
2130,ychwanegu,除,verbs,0.41
2131,ffêr,肘,nouns,0.72
2132,seren,明亮,nouns,1.82
2133,yn lleol,明顯地,adverbs,0.09
2134,y rhan fwyaf,主要,adverbs,3.0
2135,crocodeil,蜥蜴,nouns,1.5
2136,anghofio,無視,verbs,1.73
2137,curo,贏,verbs,3.92
2138,bwrdd,日落,nouns,0.0
2139,stumog,靜脈,nouns,0.29
2140,twf,肥料,nouns,0.72
2141,corachaidd,短小,adjectives,3.21
2142,ffa,煙肉,nouns,0.1
2143,asgwrn,牙齒,nouns,1.4
2144,braich,膝蓋,nouns,0.53
2145,coleddu,保持,verbs,0.65
2146,disgyn,撤退,verbs,0.34
2147,addysgu,教,verbs,3.35
2148,chwydu,關閉,verbs,0.0
2149,tarddu,開始,verbs,3.44
2150,ffwr,槍,nouns,0.1
2151,economi,生態系統,nouns,0.18
2152,llaw,拇指,nouns,1.37
2153,blanced ,床,nouns,0.64
2154,troi drosodd,受傷,verbs,0.14
2155,darlun,起泡,nouns,0.04
2156,prysur,懶,adjectives,0.09
2157,cyfraniad,給予,nouns,2.55
2158,anghenfil,惡魔,nouns,2.83
2159,priffordd,任務,nouns,0.0
2160,yn ddiogel,小心地,adverbs,2.59
2161,llawysgrif,文章,nouns,1.63
2162,dweud celwydd,否認,verbs,0.33
2163,gwastraffu,擔心,verbs,0.0
2164,hawdd,脆弱,adjectives,0.23
2165,esgob,穆斯林,nouns,0.24
2166,stori,鉛筆,nouns,0.15
2167,trên,電車,nouns,2.82
2168,peilot,司機,nouns,3.37
2169,drwg,不誠實,adjectives,1.4
2170,planed,月亮,nouns,2.42
2171,glaswellt,根,nouns,0.43
2172,mawr,巨大,adjectives,3.81
2173,yn anghywir,精確地,adverbs,0.04
2174,ffidil,樂器,nouns,2.15
2175,cig,牛肉,nouns,3.04
2176,jar,杯子,nouns,1.69
2177,baled,歌曲,nouns,4.23
2178,ased,股票,nouns,3.33
2179,cael,放,verbs,0.15
2180,trefnus,亂七八糟,adjectives,0.14
2181,bachgen,士兵,nouns,0.75
2182,dyrchafu,舉起,verbs,3.31
2183,enillydd,目標,nouns,0.23
2184,ynys,半島,nouns,2.44
2185,cynllun,主意,nouns,3.44
2186,clyfar,笨,adjectives,0.28
2187,canlyn,說服,verbs,0.34
2188,adeiladu,毀滅,verbs,0.28
2189,eil,大廳,nouns,0.1
2190,ale,碗,nouns,0.0
2191,yn nerfus,焦急地,adverbs,3.33
2192,pwyntydd,幻灯片,nouns,0.14
2193,cig,牛扒,nouns,3.64
2194,buwch,家牛,nouns,4.45
2195,eglwys,合唱團,nouns,0.62
2196,teiffŵn,氣旋,nouns,3.5
2197,glaswellt,刀口,nouns,0.3
2198,gwydn,狡猾,adjectives,0.0
2199,crefydd,世俗主義,nouns,0.69
2200,dyddiad,生日,nouns,1.55
2201,yn ddi-drefn,和平地,adverbs,0.0
2202,cliw,字,nouns,0.34
2203,perswadio,追求,verbs,0.34
2204,parêd,樂隊,nouns,0.68
2205,rhannu,乘,verbs,0.39
2206,arsylwi,觀看,verbs,3.68
2207,taro,瞄准,verbs,1.1
2208,acwsteg,聲音,nouns,3.08
2209,digonedd,許多,nouns,3.97
2210,stondin,電話,nouns,0.0
2211,sant,罪人,nouns,0.39
2212,diogelwch,安慰,nouns,0.55
2213,yn amlwg,不顯眼地,adverbs,0.04
2214,rhannu,團結,verbs,0.05
2215,treisgar,被動,adjectives,0.04
2216,adref,在別處,adverbs,0.29
2217,hardd,精彩,adjectives,1.21
2218,derbyn,抓住,verbs,1.23
2219,asgwrn,頸,nouns,0.38
2220,difeddiannu,疏忽,verbs,0.2
2221,pledio,請,verbs,0.23
2222,dadl,討論,nouns,3.46
2223,cystrawen,首詞,nouns,0.43
2224,ffliwt,音樂,nouns,1.38
2225,amwys,不清楚,adjectives,4.58
2226,prifysgol,校園,nouns,1.83
2227,cyw iâr,米飯,nouns,0.33
2228,troed,手,nouns,1.11
2229,menyw,男人,nouns,0.42
2230,brwydr,好鬥,nouns,1.32
2231,plasty,雕塑家,nouns,0.15
2232,yn agored i niwed,簡單,adjectives,0.23
2233,pen-glin,手臂,nouns,0.53
2234,canrif,年,nouns,1.01
2235,dyn,父親,nouns,2.27
2236,mynach,十字架,nouns,0.39
2237,afon,溪流,nouns,3.74
2238,lansio,发送,verbs,1.5
2239,gair,報紙,nouns,0.8
2240,derbyn,拒絕,verbs,0.41
2241,pwnc,故事,nouns,0.96
2242,penwythnos,種族,nouns,0.0
2243,trallod,絕望,nouns,3.42
2244,meddwl,大腦,nouns,4.28
2245,ystafell,床,nouns,0.33
2246,offeiriad,僧侶,nouns,2.59
2247,diwydiant,商業,nouns,2.27
2248,dod,走,verbs,0.54
2249,apwyntiad,訂婚,nouns,0.55
2250,disgleirio,發光,verbs,4.08
2251,dimai,人,nouns,0.14
2252,yn sicr,緊張,adjectives,0.04
2253,harbwr,包裝紙,nouns,0.04
2254,arian,資本,nouns,3.37
2255,dillad,抽屜,nouns,0.53
2256,pwysig,關鍵,adjectives,4.14
2257,log,公式,nouns,0.4
2258,cwmwl,風暴,nouns,1.27
2259,amaethyddiaeth,植物,nouns,0.8
2260,car,的士,nouns,4.14
2261,metr,碼,nouns,1.64
2262,bronceitus,對乙酰氨基酚,nouns,0.15
2263,stori,歌曲,nouns,0.58
2264,amddiffyn,幫助,verbs,1.92
2265,twyllo,作弊,verbs,3.37
2266,diflannu,收縮,verbs,1.42
2267,band,酒,nouns,0.0
2268,tywysoges,新娘,nouns,0.73
2269,raced,球,nouns,0.81
2270,dyfnder,大小,nouns,0.73
2271,meddwl,記得,verbs,0.45
2272,taro,吸引,verbs,0.0
2273,pobl,人口,nouns,2.55
2274,cariad,伴侶,nouns,4.03
2275,drws,存在,nouns,0.0
2276,archesgob,主教,nouns,3.54
2277,gwraig,稻草,nouns,0.0
2278,crwydro,離開,verbs,0.54
2279,cul,髒,adjectives,0.0
2280,cyfansoddiad,皇帝,nouns,0.23
2281,theatr,電池,nouns,0.09
2282,glas,紅色,adjectives,0.44
2283,mêl,乳製品,nouns,0.24
2284,dyn,女孩,nouns,0.72
2285,asgwrn,膝蓋,nouns,1.3
2286,yn ddiweddarach,從未,adverbs,0.1
2287,ychwanegu,建立,verbs,0.87
2288,cred,花,nouns,0.0
2289,yn emosiynol,傷心地,adverbs,1.37
2290,yn llachar,輕輕地,adverbs,0.14
2291,prin,笨,adjectives,0.14
2292,yn dynn,難以置信地,adverbs,0.14
2293,reis,雞,nouns,0.33
2294,coeden,楓樹,nouns,3.58
2295,sigâr,盒子,nouns,0.04
2296,batri,劇院,nouns,0.09
2297,cyfathrebu,偈,nouns,3.55
2298,gweithiwr,相機,nouns,0.18
2299,pwyll,注意,nouns,3.5
2300,yn union,不準確地,adverbs,0.04
2301,cwtsh,擁抱,verbs,4.27
2302,llwyddo,贏,verbs,4.14
2303,heddwch,士兵,nouns,0.15
2304,athro,朋友,nouns,0.76
2305,argyhoeddi,嘗試,verbs,0.04
2306,yn gyfiawn,成熟地,adverbs,0.43
2307,minc,油,nouns,0.04
2308,gwenith,穀物,nouns,2.54
2309,ffordd,方式,nouns,4.17
2310,cyfoeth,名譽,nouns,0.67
2311,cerdded,站立,verbs,0.63
2312,gwych,靚,adjectives,1.21
2313,cosbi,擊中,verbs,0.45
2314,yn ddwfn,有意義,adverbs,1.27
2315,bustach,馬,nouns,1.31
2316,beic,皮膚,nouns,0.04
2317,ffrio,煮沸,verbs,0.78
2318,amnewid,恢復,verbs,0.46
2319,brawd,父親,nouns,1.27
2320,yn falch,謙遜地,adverbs,0.18
2321,rinsio,洗,verbs,3.5
2322,gwerthuso,學習,verbs,0.34
2323,car,車,nouns,5.5
2324,ar ôl,之前,adverbs,0.1
2325,twnnel,路徑,nouns,0.91
2326,creu,潛水,verbs,0.04
2327,gŵr,老婆,nouns,2.09
2328,angel,惡魔,nouns,0.18
2329,caffael,得到,verbs,4.22
2330,coeden,船,nouns,0.04
2331,gêm,戲法,nouns,0.68
2332,boch,舌頭,nouns,0.53
2333,cymysgu,抖動,verbs,1.23
2334,creulon,不公平,adjectives,1.22
2335,milwr,和平,nouns,0.15
2336,corfforaeth,企業,nouns,3.01
2337,iard,米,nouns,1.64
2338,ael,眼睛,nouns,0.78
2339,brawd,男孩,nouns,2.25
2340,cas,硬件,nouns,0.09
2341,milwr,男孩,nouns,0.75
2342,eisiau,借,verbs,0.19
2343,cyn,之後,adverbs,0.1
2344,chwibanu,停,verbs,0.18
2345,drwg,內疚,adjectives,0.88
2346,pêl,籃子,nouns,0.14
2347,allanfa,門口,nouns,2.73
2348,ennill,收割,verbs,0.79
2349,nerthol,強大,adjectives,5.03
2350,siwmper,棉,nouns,0.43
2351,gwydr,水晶,nouns,2.51
2352,gadael,攞,verbs,0.1
2353,awst,月,nouns,2.28
2354,emosiwn,心情,nouns,2.79
2355,anhygoel,普通,adjectives,0.0
2356,tyfu,收縮,verbs,0.05
2357,mynd i mewn,離開,verbs,0.15
2358,cymyl,霧,nouns,1.75
2359,angenrheidiol,完全必要,adjectives,5.08
2360,paragraff,頁,nouns,0.57
2361,i ffwrdd,在家裡,adverbs,0.29
2362,cadair,望遠鏡,nouns,0.04
2363,arogli,溺愛,verbs,0.0
2364,argymell,建議,verbs,3.45
2365,cwyno,拗撬,verbs,0.64
2366,hyder,態度,nouns,1.01
2367,yn fuan,立即,adverbs,1.37
2368,arnofio,唱,verbs,0.0
2369,amrwd,核突,adjectives,0.46
2370,amgylchedd,劍,nouns,0.0
2371,derbyn,給予,verbs,0.23
2372,tad,母親,nouns,1.67
2373,aderyn,母雞,nouns,1.69
2374,bòs,董事,nouns,3.41
2375,matrics,分子,nouns,0.6
2376,creu,毀滅,verbs,0.18
2377,niwl,雨,nouns,1.22
2378,degawd,時代,nouns,0.65
2379,ffroenell,流體,nouns,0.14
2380,anwybyddu,探索,verbs,0.05
2381,anodd,容易,adjectives,0.18
2382,diplomyddiaeth,談判,nouns,2.33
2383,gwirio,說,verbs,0.15
2384,blwch,電梯,nouns,0.04
2385,bàth,妻子,nouns,0.04
2386,gweledigaeth,知覺,nouns,0.95
2387,car,胎壓計,nouns,0.05
2388,hen,新鮮,adjectives,0.0
2389,byth,慷慨地,adverbs,0.04
2390,siwr,確定,adjectives,5.5
2391,mab,哥哥,nouns,0.91
2392,allwedd,房屋,nouns,0.33
2393,personol,親密,adjectives,0.6
2394,pêl-droed,英式足球,nouns,5.54
2395,carbohydrad,蔗糖,nouns,1.65
2396,calibr,遮,nouns,0.0
2397,eginblanhigyn,葉,nouns,1.15
2398,crosio,制服,nouns,0.0
2399,arfordir,濱,nouns,2.94
2400,basged,球,nouns,0.14
2401,tenau,苗條,adjectives,4.36
2402,gwybodaeth,書,nouns,0.9
2403,gwirod,世紀,nouns,0.04
2404,gwartheg,羊,nouns,1.3
2405,gwybod,相信,verbs,1.18
2406,yn ddibynadwy,負責任,adverbs,3.4
2407,coeden,葉,nouns,1.06
2408,dilyniant,相機,nouns,0.04
2409,hawdd,困難,adjectives,0.04
2410,newydd,新鮮,adjectives,3.32
2411,ffensio,體操,nouns,0.48
2412,gweddïo,溝通,verbs,0.54
2413,mintys,博物館,nouns,0.04
2414,sedd,銀行,nouns,0.05
2415,portreadu,假扮,verbs,0.39
2416,safbwynt,距離,nouns,0.33
2417,yn syml,看來,adverbs,0.52
2418,swyddog,副手,nouns,0.54
2419,ceffyl,母馬,nouns,4.07
2420,arwr,女英雄,nouns,3.9
2421,losin,蘋果,nouns,0.24
2422,nerf,身體,nouns,0.43
2423,ysglyfaeth,神,nouns,0.0
2424,cwt,避難所,nouns,1.18
2425,beio,推,verbs,0.28
2426,yn swyddogol,重要的,adverbs,1.56
2427,swyddfa,工作者,nouns,0.53
2428,chwerthin,唱,verbs,0.38
2429,trefnu,雜亂無章,verbs,0.1
2430,amddiffyn,保護,verbs,3.88
2431,beirniadol,無禮貌,adjectives,0.82
2432,addurn,牆壁,nouns,0.33
2433,mam,監護人,nouns,2.65
2434,actor,多面體,nouns,0.28
2435,yn dawel,被動地,adverbs,0.92
2436,casglu,出席,verbs,0.33
2437,dadlau,說服,verbs,1.13
2438,deall,原諒,verbs,0.53
2439,chwaraewr,教練,nouns,0.2
2440,anarferol,罕見,adjectives,4.01
2441,bacwn,早餐,nouns,0.57
2442,lledaenu,塗抹,verbs,0.18
2443,bodloni,理解,verbs,0.3
2444,aneglur,模糊,adjectives,4.58
2445,plentyn,成人,nouns,0.68
2446,hydwyll,蠢,adjectives,1.0
2447,bachgen,米飯,nouns,0.04
2448,pen,指甲,nouns,0.1
2449,gwartheg,牛肉,nouns,2.59
2450,gweddïo,問,verbs,0.88
2451,tywynnu,瞇,verbs,0.04
2452,tynnu'n ôl,吸收,verbs,0.45
2453,moesol,傳說,nouns,0.24
2454,arweinydd,經理,nouns,3.35
2455,neidio,籬笆,nouns,0.0
2456,brechdan,肉,nouns,0.24
2457,perswadio,拗撬,verbs,1.13
2458,to,窗口,nouns,0.42
2459,golchi,沖洗,verbs,3.5
2460,gwlychu,减少,verbs,0.04
2461,sarhau,得罪,verbs,3.13
2462,gweinidogaeth,蘇丹,nouns,0.2
2463,ymgeisydd,獲勝者,nouns,0.81
2464,yn ddelfrydol,機械地,adverbs,0.18
2465,gwddf,手臂,nouns,0.43
2466,anghywir,精確,adjectives,0.18
2467,cludo,電梯,verbs,0.88
2468,twyll,犯罪,nouns,2.62
2469,dicter,心情,nouns,0.68
2470,gwn,刀,nouns,1.3
2471,ewythr,男人,nouns,1.64
2472,yn gadarnhaol,大概,adverbs,0.81
2473,gwythïen,手臂,nouns,0.29
2474,cadair,沙發,nouns,2.84
2475,delta,海,nouns,0.87
2476,awdur,禮物,nouns,0.04
2477,traeth,暗礁,nouns,0.48
2478,strwythur,拓撲,nouns,0.8
2479,rhagorol,棒,adjectives,4.64
2480,anghytuno,同意,verbs,0.14
2481,yn fras,稍微地,adverbs,0.5
2482,sgwrs,溝通,nouns,3.55
2483,coes,手臂,nouns,0.53
2484,homoffon,光線電話機,nouns,0.15
2485,diddanu,享受,verbs,1.1
2486,rhosyn,蝴蝶,nouns,0.24
2487,ymgyrch,猴子,nouns,0.09
2488,duw,獵物,nouns,0.0
2489,cynffon,懸崖,nouns,0.04
2490,polyn,旗,nouns,0.71
2491,wedi gorffen,完結,adjectives,4.93
2492,chwalu,摔碎,verbs,4.2
2493,bach,巨大,adjectives,0.1
2494,aer,分子,nouns,0.52
2495,cydnabod,通知,verbs,0.63
2496,trefnu,需要,verbs,0.09
2497,graff,圖表,nouns,3.5
2498,hyfryd,精彩,adjectives,2.76
2499,patholeg,血液學,nouns,2.17
2500,llyfr,故事,nouns,2.55
2501,gwrando,明白,verbs,0.64
2502,gorffwyll,生病,adjectives,0.2
2503,dirmygus,輕視,adjectives,3.81
2504,afu,器官,nouns,2.12
2505,caled,强硬,adjectives,3.13
2506,trwyn,喉嚨,nouns,0.38
2507,gwisg unffurf,鈎織編織,nouns,0.0
2508,heddiw,今晚,adverbs,1.11
2509,ciwb,骰子,nouns,2.85
2510,maes llafur,考試,nouns,0.75
2511,arian,現金,nouns,4.5
2512,madfall,政府,nouns,0.04
2513,sobr,理性的,adjectives,2.08
2514,dimai,妻子,nouns,0.05
2515,mynd,旅行,verbs,1.56
2516,gliniadur,筆記本,nouns,0.76
2517,oer,普通,adjectives,0.0
2518,meddw,清醒,adjectives,0.14
2519,ci,貓,nouns,0.87
2520,gorffen,畢業,verbs,1.01
2521,anghefnogi,鼓勵,verbs,0.0
2522,tun,金屬,nouns,2.49
2523,arian,珍珠,nouns,0.38
2524,fitamin,鐵,nouns,0.54
2525,gwaith llaw,傳統,nouns,0.33
2526,corff,神經,nouns,0.43
2527,gwyliau,日曆,nouns,0.67
2528,cornel,地區,nouns,0.49
2529,perl,錢,nouns,0.38
2530,stumog,身體,nouns,1.73
2531,anhrefn,類別,nouns,0.05
2532,hapusrwydd,運氣,nouns,0.85
2533,gwrthod,給予,verbs,0.0
2534,modrwy,訂婚,nouns,1.44
2535,siriol,開心,adjectives,5.1
2536,gwaelod,上面,nouns,0.15
2537,dwywaith,多,adverbs,0.29
2538,niweidio,攻擊,verbs,3.05
2539,datgan,宣告,verbs,4.08
2540,taliad,紙幣,nouns,0.33
2541,ymerawdwr,憲法,nouns,0.23
2542,cleddyf,王座,nouns,0.35
2543,holi,需要,verbs,0.04
2544,tywydd,波浪,nouns,0.04
2545,cath,老鼠,nouns,0.43
2546,sudd,匙羹,nouns,0.23
2547,da,聞名,adjectives,0.5
2548,partner,男孩,nouns,0.33
2549,deallusrwydd,洞察力,nouns,2.52
2550,sychder,水,nouns,0.05
2551,cydio,握緊,verbs,2.37
2552,efelychiad,機器人技術,nouns,0.38
2553,drewi,發出氣味,verbs,3.27
2554,stoc,資產,nouns,3.33
2555,gwallgof,極好,adjectives,0.05
2556,rhyddid,自由,nouns,5.12
2557,cwpwrdd,衣服,nouns,0.81
2558,hedyn,磨坊,nouns,0.24
2559,dewin,電纜,nouns,0.0
2560,corff,脊柱,nouns,0.57
2561,perygl,威脅,nouns,3.98
2562,symbol,密碼,nouns,1.51
2563,plisman,副駕駛,nouns,0.1
2564,cynilwr,存款,nouns,1.65
2565,cynorthwy-ydd,女僕,nouns,2.04
2566,menyw,毛,nouns,0.05
2567,colli,保持,verbs,0.24
2568,het,盒子,nouns,0.0
2569,barnu,作證,verbs,0.4
2570,môr,海嘯,nouns,1.67
2571,salwch,發燒,nouns,2.93
2572,yn bennaf,末期,adverbs,0.45
2573,anrheg,作家,nouns,0.04
2574,penderfynu,描繪,verbs,0.0
2575,cwch,錨,nouns,0.82
2576,stumog,課程,nouns,0.0
2577,mis,八月,nouns,2.28
2578,bwyd,程序,nouns,0.05
2579,gwlyb,黏,adjectives,0.93
2580,maddau,明白,verbs,0.53
2581,ogleuo,發出惡臭,verbs,3.27
2582,ennill,完成,verbs,1.65
2583,brigeryn,授粉,nouns,1.05
2584,tarddu,發現,verbs,0.48
2585,gwaethygu,攻擊,verbs,0.15
2586,da,第五,adjectives,0.09
2587,germ,病原,nouns,3.6
2588,rhyfelwr,男人,nouns,0.65
2589,sgriblo,寫,verbs,3.37
2590,carchar,酒吧,nouns,0.24
2591,cig,煙肉,nouns,2.63
2592,awdur,小說,nouns,0.88
2593,pwnc,書,nouns,0.3
2594,tŷ,鎖匙,nouns,0.33
2595,tasg,高速公路,nouns,0.0
2596,dafad,牛,nouns,1.3
2597,cyffredin,難以置信,adjectives,0.0
2598,diogelu,防御,verbs,3.88
2599,gyferbyn,其他,adjectives,0.59
2600,cythruddo,對抗,verbs,1.91
2601,llawlyfr,指南,nouns,2.4
2602,drysu,學習,verbs,0.0
2603,ffrio,煮,verbs,1.41
2604,ymosod,傷害,verbs,3.05
2605,morwr,隊長,nouns,0.88
2606,tynnu,推,verbs,0.18
2607,concwest,旅程,nouns,0.29
2608,iro,傳播,verbs,0.18
2609,dodrefn,公寓,nouns,0.48
2610,diflannu,搵到,verbs,0.05
2611,undeb,總數,nouns,0.28
2612,gweinyddiaeth,行政管理,nouns,2.79
2613,dygnwch,花朵,nouns,0.15
2614,yn ofalus,危險地,adverbs,0.14
2615,ffraeo,說服,verbs,0.43
2616,cosbi,服從,verbs,0.34
2617,môr,海灘,nouns,2.13
2618,profi,拗撬,verbs,0.0
2619,carchar,選擇,nouns,0.0
2620,caniatáu,贊成,verbs,2.98
2621,tywynnu,照耀,verbs,4.08
2622,haint,感染,nouns,3.89
2623,cofio,想,verbs,0.45
2624,iris,乙酰膽鹼,nouns,0.05
2625,priodfab,新娘,nouns,2.13
2626,eang,狹窄,adjectives,0.18
2627,yn fras,明顯地,adverbs,0.75
2628,cythraul,怪獸,nouns,2.83
2629,balchder,貧窮,adjectives,0.05
2630,darganfod,認識到,verbs,3.49
2631,arfordir,小炮艦,nouns,0.1
2632,cyfoeth,聲望,nouns,0.1
2633,yn ddigynnwrf,安然,adverbs,2.79
2634,clogwyn,尾巴,nouns,0.04
2635,codi,喝,verbs,0.0
2636,biliwnydd,無家可歸,nouns,0.1
2637,trafod syniadau,望遠鏡,nouns,0.04
2638,mynd  ,允許,verbs,0.0
2639,breuddwyd,天空,nouns,0.1
2640,cyfnod,十,nouns,0.65
2641,maint,量,nouns,3.13
2642,gadael,出現,verbs,0.1
2643,gweithredu,代數,nouns,0.24
2644,hanfodol,重要,adjectives,4.14
2645,canrif,酒,nouns,0.04
2646,pydru,毀滅,verbs,0.88
2647,gwasgu,放開,verbs,0.14
2648,duw,牧師,nouns,0.72
2649,eisiau,選擇,verbs,0.59
2650,dannedd,骨頭,nouns,1.4
2651,yn ddibynadwy,大致,adverbs,0.23
2652,ymosod,加劇,verbs,0.15
2653,brithyll,吉他,nouns,0.0
2654,cloch,門,nouns,0.48
2655,cotwm,聚酯纖維,nouns,0.97
2656,dal gafael,保持,verbs,4.25
2657,stondin,盒子,nouns,0.05
2658,dyrchafu,促進,verbs,1.46
2659,gadael,無視,verbs,0.64
2660,ffabrig,麻布,nouns,2.46
2661,cotwm,冷衫,nouns,0.43
2662,ceffyl,牛,nouns,1.31
2663,arian,工資,nouns,3.41
2664,crisial,玻璃,nouns,2.51
2665,cath,獅子,nouns,1.92
2666,cyhuddo,說謊,verbs,0.39
2667,anghrybwylladwy,婚外,adjectives,0.23
2668,llywydd,市長,nouns,2.4
2669,arian cyfred,並行性,nouns,0.0
2670,yn oddefol,可靠地,adverbs,0.1
2671,cymhwysedd,能力,nouns,4.11
2672,blodyn,信念,nouns,0.0
2673,pêl,手套,nouns,0.14
2674,machlud haul,線,nouns,0.0
2675,deigryn,眼睛,nouns,0.77
2676,bachgen,合作夥伴,nouns,0.33
2677,lliain,布,nouns,2.46
2678,cyffredin,奇怪,adjectives,0.04
2679,ofnus,緊張,adjectives,3.3
2680,gwahanu,連接,verbs,0.05
2681,swydd,工具,nouns,0.14
2682,pen-blwydd,年,nouns,0.96
2683,maint,戲法,nouns,0.0
2684,ffraeo,合理地解釋,verbs,0.34
2685,caseg,馬,nouns,4.07
2686,ongl,彎曲,nouns,1.6
2687,anwybyddu,忘記,verbs,1.73
2688,boddi,救,verbs,0.1
2689,nerf,腦,nouns,1.0
2690,cyhyrau,骨頭,nouns,0.38
2691,atom,分子,nouns,2.04
2692,yn onest,真誠地,adverbs,4.38
2693,niweidio,踢,verbs,2.08
2694,yn anaml,經常,adverbs,0.1
2695,cyfartaledd,頻繁,adjectives,0.49
2696,ffon reoli,雷達,nouns,0.14
2697,gwylio,觀察,verbs,3.68
2698,ffenestr,踝,nouns,0.09
2699,dwyn,獲得,verbs,0.72
2700,archwilio,調查,verbs,3.89
2701,agwedd,自信,nouns,1.01
2702,ffwr,女人,nouns,0.05
2703,cwpan,匙羹,nouns,1.0
2704,byd,地球,nouns,4.5
2705,ewythr,表哥,nouns,1.07
2706,llen,竿,nouns,0.14
2707,pencampwr,優勝者,nouns,4.83
2708,pwffian chwerthin,大笑,verbs,4.13
2709,ffotoffon,同音詞,nouns,0.15
2710,ymuno,獲得,verbs,0.1
2711,cyfiawnhau,拗撬,verbs,0.58
2712,syniad,形象,nouns,0.49
2713,canon,槍,nouns,2.19
2714,ysbryd,天神,nouns,0.65
2715,cynffon,後部,nouns,0.8
2716,fformiwla,日誌,nouns,0.4
2717,clou,迅速,adjectives,4.68
2718,nyddu,绑,verbs,1.15
2719,ennill,打敗,verbs,3.92
2720,dadl,批評,nouns,1.98
2721,papur wal,背景,nouns,1.59
2722,brecwast,晚餐,nouns,1.5
2723,cyflogwr,工作者,nouns,0.57
2724,cansen siwgr,聯合,nouns,0.0
2725,mab,男孩子,nouns,3.26
2726,go iawn,假,adjectives,0.18
2727,pylu,侵蝕,verbs,1.83
2728,rheolaeth,管理,nouns,2.79
2729,moleciwl,空氣,nouns,0.52
2730,braich,頸,nouns,0.43
2731,enwogrwydd,財富,nouns,0.67
2732,thema,書,nouns,0.33
2733,serameg,陶藝,nouns,3.54
2734,mynychu,聚集,verbs,0.33
2735,llygoden,管理,nouns,0.04
2736,clywed,察覺,verbs,0.6
2737,troed,沙漠,nouns,0.1
2738,ffisigwr,醫生,nouns,4.8
2739,harmoni,鋼琴,nouns,0.82
2740,glob,世界,nouns,4.5
2741,llosgi,扼殺,verbs,1.07
2742,dadansoddi,評估,verbs,4.17
2743,anghyfreithlon,不道德,adjectives,2.27
2744,sbeislyd,弱,adjectives,0.04
2745,ymwybyddiaeth,注意,nouns,2.56
2746,bara,芝士,nouns,0.57
2747,isrwtîn,編譯器,nouns,0.18
2748,yn derfynol,主要,adverbs,0.45
2749,ecsotig,稀有,adjectives,0.74
2750,meddwl,決定,verbs,1.27
2751,cerbyd,四輪貨運馬車,nouns,4.09
2752,yn garedig,慷慨地,adverbs,3.17
2753,nos,黎明,nouns,0.38
2754,yn hanfodol,關鍵地,adverbs,0.28
2755,darganfod,定位,verbs,1.08
2756,amsugno,擁有,verbs,0.29
2757,datgymalu,死,verbs,0.05
2758,blwyddyn,生日,nouns,0.96
2759,cân,歌謠,nouns,4.23
2760,enfawr,大規模,adjectives,3.81
2761,gwyddbwyll,檢查,nouns,0.0
2762,cynnyrch llaeth,蜜糖,nouns,0.24
2763,beddrod,墳墓,nouns,1.0
2764,dydd  ,黎明,nouns,1.82
2765,braich,靜脈,nouns,0.29
2766,disgwyl,離開,verbs,0.0
2767,claddedigaeth,死亡,nouns,1.93
2768,modur,船,nouns,0.49
2769,coginio,失去,verbs,0.04
2770,tudalen,詞,nouns,0.68
2771,ardal,區城,nouns,4.74
2772,botwm,衣服,nouns,0.51
2773,pwerus,弱,adjectives,0.04
2774,lifft,汽車,nouns,0.19
2775,cyfansoddiad,參議院,nouns,0.91
2776,hapus,年輕,adjectives,0.2
2777,mynychu,來,verbs,2.91
2778,gwario,保存,verbs,0.05
2779,incwm,税,nouns,0.48
2780,braich,肩膀,nouns,1.81
2781,cyfieithydd,外國人,nouns,0.29
2782,addurn,信封,nouns,0.0
2783,mainc,椅子,nouns,3.18
2784,berwi,炒,verbs,0.78
2785,casglu,搖動,verbs,0.0
2786,dadl,協議,nouns,0.14
2787,merch,孩子,nouns,1.55
2788,arae,名單,nouns,1.08
2789,yn fras,容易地,adverbs,0.37
2790,drwm,吉他,nouns,0.86
2791,casáu,批評,verbs,0.73
2792,lori,汽車,nouns,1.98
2793,awyrgylch,污染,nouns,0.92
2794,rhyddhau,按下,verbs,0.14
2795,cais,申請人,nouns,1.18
2796,cerflunwaith,雕像,nouns,4.78
2797,esgeuluso,斷絕父子關係,verbs,0.2
2798,ochr,下面,nouns,0.68
2799,gwneud,發生,verbs,0.44
2800,gwirio,西洋棋,nouns,0.0
2801,aflonydd,年輕,adjectives,0.2
2802,fel mater o drefn,一般,adverbs,3.87
2803,digartref,億萬富翁,nouns,0.1
2804,dec,老鼠,nouns,0.04
2805,marwolaeth,災難,nouns,1.45
2806,ardal,地帶,nouns,4.65
2807,cwmwl,窗口,nouns,0.0
2808,dosbarth,混亂,nouns,0.05
2809,hawdd,困難,adjectives,0.18
2810,anghyfreithlon,合法,adjectives,0.14
2811,llys,法官,nouns,0.91
2812,traddodiad,手工業,nouns,0.33
2813,beic,睡房,nouns,0.0
2814,cegin,門,nouns,0.28
2815,nod,赢家,nouns,0.23
2816,calon,手術,nouns,0.46
2817,prawf,事實,nouns,0.95
2818,dod â,恢復,verbs,0.18
2819,disg,充電器,nouns,0.0
2820,cydymaith,情人,nouns,4.03
2821,yn hawdd,大致地,adverbs,0.37
2822,bàth,房間,nouns,0.48
2823,cau,嘔吐,verbs,0.0
2824,gymnasteg,擊劍,nouns,0.48
2825,ewin,拇指,nouns,1.46
2826,rhiant,父親,nouns,2.95
2827,pothell,插圖,nouns,0.04
2828,deall,滿足,verbs,0.3
2829,brifo,搞到唔開心,verbs,0.14
2830,allwedd,鎖,nouns,1.05
2831,anghenus,無助,adjectives,1.05
2832,pryd bwyd,晚餐,nouns,3.06
2833,cerflunydd,大廈,nouns,0.15
2834,dirmygu,討厭,verbs,2.12
2835,llyfr,聖經,nouns,1.41
2836,rhythm,詩,nouns,0.96
2837,newynog,渴,adjectives,1.84
2838,ymadael,等待,verbs,0.0
2839,diflas,好笑,adjectives,0.1
2840,sanctaidd,珍貴,adjectives,1.39
2841,crio,大笑,verbs,0.15
2842,gwerthfawr,特別,adjectives,1.36
2843,archwilio,發現,verbs,2.42
2844,anwybodus,頻繁,adjectives,0.04
2845,dawnsio,裙,nouns,0.15
2846,yn realistig,理想地,adverbs,0.49
2847,brandi,酒,nouns,2.97
2848,gwenynen,女王,nouns,0.05
2849,lleuad,行星,nouns,2.42
2850,beiddgar,自豪,adjectives,1.38
2851,drws,走廊,nouns,0.33
2852,dirmygu,收費,verbs,0.0
2853,maddau,接受,verbs,0.82
2854,anniben,井然有序,adjectives,0.14
2855,gwarcheidwad,成人,nouns,2.06
2856,drws,窗,nouns,0.77
2857,doler,人,nouns,0.0
2858,siaced,針織套衫,nouns,2.31
2859,pen,字母,nouns,0.0
2860,eisiau,慾望,verbs,4.07
2861,trwyn,頭,nouns,0.54
2862,bysellfwrdd,光,nouns,0.09
2863,sioe,數學家,nouns,0.04
2864,urddas,徽章,nouns,0.28
2865,wastad,兩次,adverbs,0.34
2866,pobl,派對,nouns,0.86
2867,cyflym,迅速,adjectives,5.38
2868,bàth,戲法,nouns,0.04
2869,deilen,幼苗,nouns,1.15
2870,bowlen,碟,nouns,1.83
2871,swydd,任務,nouns,3.14
2872,cyfraith,學校,nouns,0.33
2873,pêl-foli,球,nouns,2.79
2874,dod i feddiant,取得,verbs,4.32
2875,clwb,標識,nouns,0.04
2876,benthyg,想要,verbs,0.19
2877,cwrs,肚,nouns,0.0
2878,car,廠,nouns,0.05
2879,brwnt,狹窄,adjectives,0.0
2880,llygad,眉頭,nouns,0.78
2881,yn bennaf,深深地,adverbs,0.56
2882,sgol,風,nouns,2.67
2883,canu,浮動,verbs,0.0
2884,gwythïen,容器,nouns,0.23
2885,cytuno,接受,verbs,3.35
2886,yn wir,重要地,adverbs,0.57
2887,pinsio,用拳猛擊,verbs,0.87
2888,cwmwl,薄霧,nouns,2.83
2889,dibynnu ar,依靠,verbs,4.32
2890,band,耐力,nouns,0.0
2891,gwely,椅子,nouns,1.21
2892,brysio,趕,verbs,4.93
2893,testun,書,nouns,1.0
2894,mosäig,教堂,nouns,0.35
2895,yn ofalus,安全地,adverbs,2.59
2896,yn gwrtais,謹慎地,adverbs,0.59
2897,cymeriad,人,nouns,3.68
2898,dygnwch,樂隊,nouns,0.0
2899,siarcol,煤,nouns,3.28
2900,banciwr,律師,nouns,1.27
2901,diymadferth,脆弱,adjectives,1.75
2902,yn amlwg,大致,adverbs,0.75
2903,yn gain,美麗地,adverbs,3.13
2904,cig eidion,家牛,nouns,2.59
2905,yn weithredol,準確地,adverbs,0.95
2906,gweithiwr,雇主,nouns,0.57
2907,gogledd,西方,nouns,0.6
2908,miliwnydd,元,nouns,0.53
2909,cyfuno,混合,verbs,3.56
2910,hurt,聰明,adjectives,0.04
2911,heb ei ddefnyddio,新,adjectives,4.38
2912,gwynt,颮,nouns,2.67
2913,gwerthfawr,懶,adjectives,0.04
2914,cymysgu,煮,verbs,0.63
2915,chwyrnu,醒覺,verbs,0.05
2916,yn gyfan gwbl,輕微,adverbs,0.1
2917,ymbarél,暖爐,nouns,0.04
2918,swil,害怕,adjectives,2.23
2919,dal,追逐,verbs,0.93
2920,confensiwn,規則,nouns,2.81
2921,gorffen,休會,verbs,0.39
2922,cyfreithiwr,檢察官,nouns,3.27
2923,brawdgarwch,男人,nouns,1.55
2924,nyrs,科學家,nouns,0.24
2925,rasio,哲學家,nouns,0.09
2926,yn fawr,明亮地,adverbs,0.55
2927,injan,摩打,nouns,4.22
2928,twp,輕信,adjectives,1.0
2929,goroesi,生活,verbs,3.52
2930,tsunami,海,nouns,1.67
2931,dosbarthu,攞,verbs,0.65
2932,beichio,哭,verbs,4.54
2933,cyfathrebu,祈禱,verbs,0.54
2934,sigarét,煙草,nouns,3.27
2935,car,橋,nouns,0.29
2936,archwilio,無視,verbs,0.05
2937,ceffyl,小馬,nouns,3.63
2938,trwyn,嘴巴,nouns,0.43
2939,yn agored i niwed,無助,adjectives,1.75
2940,dyfarniad,審判,nouns,2.5
2941,beirniadu,討厭,verbs,0.73
2942,dwyn,給,verbs,0.1
2943,cyntedd,課堂,nouns,0.2
2944,dôl,草原,nouns,3.53
2945,wal,磚,nouns,1.01
2946,malware,蠕蟲,nouns,0.09
2947,dyfalu,刺激,verbs,0.18
2948,damwain,書,nouns,0.0
2949,dŵr,鹽,nouns,0.2
2950,yn beryglus,小心地,adverbs,0.14
2951,canser,疾病,nouns,3.37
2952,yn hyfryd,優雅地,adverbs,3.13
2953,aderyn,火雞,nouns,2.39
2954,gên,骨頭,nouns,1.46
2955,drôr,衣服,nouns,0.53
2956,lwcus,慚愧,adjectives,0.04
2957,gwyddoniaeth,心理學,nouns,1.45
2958,rhoi,收到,verbs,0.23
2959,pennod,尾巴,nouns,0.04
2960,cnoi,讀,verbs,0.09
2961,brwydro,玩,verbs,0.28
2962,twyll,貪污,nouns,0.96
2963,atodi,加入,verbs,0.96
2964,brenin,王子,nouns,1.73
2965,anystwyth,簡單,adjectives,0.0
2966,gludiog,脏,adjectives,0.57
2967,gwaethygu,打稿,verbs,0.35
2968,gwefus,嘴巴,nouns,3.12
2969,arbed,淹,verbs,0.1
2970,rhannu,加,verbs,0.41
2971,pennod,晚上,nouns,0.0
2972,stopio,哨,verbs,0.18
2973,o bosibl,樂觀地,adverbs,0.93
2974,cadair,凳子,nouns,3.63
2975,awdur,讀者,nouns,0.38
2976,yn hapus,死氣沈沈的,adverbs,0.04
2977,person,人物,nouns,3.68
2978,bagiau,環球航行,nouns,0.23
2979,yn swyddogol,強烈地,adverbs,0.42
2980,troi allan,空出,verbs,0.29
2981,ofnus,害羞,adjectives,2.23
2982,seren,行星,nouns,2.15
2983,digwydd,做,verbs,0.44
2984,llwyddo,節約,verbs,0.05
2985,rhoi,保持,verbs,0.14
2986,clo,鎖匙,nouns,1.05
2987,beic,汽車,nouns,1.33
2988,dod â,來,verbs,2.13
2989,hollalluogrwydd,霸權,nouns,1.27
2990,gwael,可怕,adjectives,0.49
2991,ar unwaith,不久,adverbs,1.37
2992,wedi'i goginio,水煮,adjectives,1.47
2993,digid,細胞質,nouns,0.0
2994,bisged,公主,nouns,0.0
2995,arloeswr,射手,nouns,0.1
2996,lan,海岸,nouns,2.94
2997,pennu,預測,verbs,0.45
2998,cadw,忘記,verbs,0.04
2999,llaw,指甲,nouns,0.86
3000,yn uchel,輕輕的,adverbs,0.14
3001,ton,天氣,nouns,0.04
3002,yn hael,從未,adverbs,0.04
3003,yn anhygoel,緊緊地,adverbs,0.14
3004,diwylliant,社會,nouns,0.92
3005,brenin,裙帶關係,nouns,0.2
3006,pwysig,必須,adjectives,3.19
3007,rhyddid,審查,nouns,0.1
3008,yn enfawr,公開地,adverbs,0.53
3009,cynorthwyo,問,verbs,0.15
3010,bioleg,群落生境,nouns,0.34
3011,gwrthod,接受,verbs,0.14
3012,gwenynen,螞蟻,nouns,1.27
3013,yn gyflym,紧急,adverbs,4.41
3014,rhyfedd,奇怪,adjectives,3.81
3015,deallus,笨,adjectives,0.28
3016,curo,混合,verbs,0.55
3017,methu,使氣餒,verbs,0.33
3018,bygythiad,危險,nouns,3.98
3019,coleg,級數,nouns,0.65
3020,parti,面具,nouns,0.29
3021,penwythnos,星期,nouns,2.21
3022,deintydd,正牙醫生,nouns,4.22
3023,nenfwd,地板,nouns,0.23
3024,yn ddiamynedd,大致,adverbs,0.38
3025,gallu,力量,nouns,2.49
3026,socer,足球,nouns,5.54
3027,egluro,澄清,verbs,3.92
3028,gwawdlyd,輕蔑,adjectives,3.81
3029,disgleirdeb,星,nouns,1.82
3030,cyfathrebu,語言,nouns,1.63
3031,yn ddelfrydol,現實地,adverbs,0.49
3032,methdaliad,失敗,nouns,0.95
3033,hofrennydd,飛機,nouns,2.69
3034,gwraig,先生,nouns,0.71
3035,gwddf,舌頭,nouns,0.7
3036,ymdrechu,阻礙,verbs,0.15
3037,meddyg,教授,nouns,0.62
3038,ufuddhau,懲罰,verbs,0.34
3039,twrci,鳥,nouns,2.39
3040,seremoni,慶祝,nouns,2.37
3041,tân,大災變,nouns,0.48
3042,dyn,勝利者,nouns,0.28
3043,dŵr,冰,nouns,2.04
3044,anghytuno,搏鬥,verbs,0.45
3045,dyn,叔叔,nouns,1.64
3046,esgus,似乎,verbs,0.33
3047,lladrad,犯罪,nouns,2.73
3048,asgwrn cefn,身體,nouns,0.57
3049,apocalyps,火,nouns,0.48
3050,yn hyderus,偷偷,adverbs,0.15
3051,cludo,運送,verbs,3.04
3052,babi,女兒,nouns,1.5
3053,batri,能量,nouns,2.63
3054,brifo ,跌,verbs,0.98
3055,log,沖涼,nouns,0.0
3056,gwresogydd,遮,nouns,0.04
3057,glaw,冰雹,nouns,1.36
3058,twll,協議,nouns,0.0
3059,sigâr,煙鬥,nouns,0.48
3060,llynges,島,nouns,0.1
3061,amddiffyn,殺,verbs,0.3
3062,gwallgof,開心,adjectives,0.5
