ID,ENG,HEB,PoS,score
1,protestant,נוצרי,nouns,2.83
2,go,למכור,verbs,0.05
3,unfairly,בהגינות,adverbs,0.54
4,firmly,ברוגע,adverbs,0.46
5,president,זיהום,nouns,0.17
6,age,יופי,nouns,0.57
7,necessary,חשוב,adjectives,3.65
8,weekend,מרוץ,nouns,0.05
9,cinema,אופרה,nouns,1.43
10,calendar,חג,nouns,0.86
11,episode,תקופה,nouns,3.21
12,mother,רעיה,nouns,2.13
13,animal,אדם,nouns,1.01
14,fraternity,בייסבול,nouns,0.25
15,parsley,מאפין,nouns,0.4
16,furniture,מיטה,nouns,1.74
17,wall,מבצר,nouns,0.81
18,walk,לעמוד,verbs,0.84
19,book,מידע,nouns,1.16
20,dishonest,ישר,adjectives,0.54
21,freedom,חופש,nouns,5.42
22,away,בבית,adverbs,0.71
23,urgently,במהירות,adverbs,3.21
24,routinely,בדרך כלל,adverbs,4.72
25,sell,להזכיר,verbs,0.0
26,construct,להרוס,verbs,0.54
27,red,כחול,adjectives,1.06
28,floor,גג,nouns,0.85
29,rat,עכבר,nouns,2.61
30,search,לשוטט,verbs,0.98
31,haze,ענן,nouns,2.26
32,government,לטאה,nouns,0.05
33,unanticipated,לא צפוי,adjectives,5.51
34,endurance,חוזק,nouns,2.78
35,irresponsible,ילדותי,adjectives,2.5
36,angel,שד,nouns,0.77
37,mouse,מיכל,nouns,0.0
38,narrow,לבן,adjectives,0.0
39,brainstorming,טלסקופ,nouns,0.0
40,popcorn,קולנוע,nouns,0.61
41,alien,זר,nouns,2.22
42,partner,בחור,nouns,0.77
43,shower,מנזר,nouns,0.0
44,cattle,פרה,nouns,3.44
45,buddy,ידיד,nouns,4.71
46,molecule,אטום,nouns,2.19
47,come,להביא,verbs,0.29
48,endurance,רצועה,nouns,0.1
49,destroy,ליצור,verbs,0.54
50,baby,מבוגר,nouns,0.85
51,remind,להגיד,verbs,1.66
52,narrow,רחב,adjectives,0.54
53,gold,אבץ,nouns,1.16
54,begin,להפסיק,verbs,0.54
55,state,בית,nouns,0.92
56,tooth,פה,nouns,1.23
57,maple,אלון,nouns,1.57
58,bible,המנון,nouns,0.58
59,friend,בחור,nouns,1.36
60,mood,כעס,nouns,1.04
61,car,גשר,nouns,0.4
62,argue,לשכנע,verbs,1.71
63,tail,צוק,nouns,0.0
64,husband,גבר,nouns,2.26
65,shake,לבחוש,verbs,1.77
66,absorb,לסגת,verbs,0.2
67,argue,להצדיק,verbs,2.08
68,sugarcane,קומביין,nouns,0.25
69,opinion,בחירה,nouns,1.19
70,dawn,אקדח,nouns,0.0
71,ice,שלג,nouns,2.86
72,song,בלדה,nouns,3.71
73,safety,נוחות,nouns,1.26
74,worker,מעסיק,nouns,1.79
75,home,הרחק,adverbs,0.71
76,virus,דם,nouns,0.86
77,sip,לבלוע,verbs,2.63
78,program,אוכל,nouns,0.25
79,level,ניקוד,nouns,0.91
80,antecedent,עבר,nouns,2.3
81,divide,לכפול,verbs,0.96
82,beg,להפציר,verbs,4.68
83,strength,סבולת,nouns,2.78
84,gravity,מטאור,nouns,0.61
85,enter,לעזוב,verbs,0.49
86,music,מנגינה,nouns,3.07
87,liquor,יין,nouns,1.6
88,digit,מספר,nouns,5.18
89,bankruptcy,כישלון,nouns,1.32
90,stressed,נינוח,adjectives,0.54
91,bus,רכב,nouns,1.91
92,read,לנשוך,verbs,0.0
93,world,גלובוס,nouns,3.9
94,combination,איחוד,nouns,2.6
95,author,קורא,nouns,0.91
96,sculpture,אנדרטה,nouns,4.51
97,smother,לשרוף,verbs,0.35
98,decline,לקבל,verbs,0.49
99,topology,מבנה,nouns,2.26
100,massively,בפתיחות,adverbs,0.3
101,bath,עץ,nouns,0.1
102,brother,נשמה,nouns,0.1
103,liver,איבר,nouns,1.73
104,mild,בינוני,adjectives,2.23
105,boring,בינוני,adjectives,1.52
106,handicraft,מסורת,nouns,0.71
107,knee,זרוע,nouns,0.79
108,sea,חוף,nouns,1.61
109,sober,שיכור,adjectives,0.54
110,protect,להציל,verbs,2.67
111,administration,הנהלה,nouns,2.72
112,wood,קורה,nouns,2.24
113,peacefully,ברוגע,adverbs,4.75
114,negative,לעולם לא,adjectives,1.05
115,smell,לקלקל,verbs,0.09
116,easy,גמיש,adjectives,1.58
117,discover,לחקור,verbs,2.5
118,dress,ריקוד,nouns,0.35
119,joystick,רדאר,nouns,0.22
120,society,תרבות,nouns,2.3
121,box,סיגר,nouns,0.42
122,linen,בד,nouns,1.98
123,offend,להעליב,verbs,4.2
124,island,חצי אי,nouns,2.02
125,atmosphere,זיהום,nouns,0.45
126,island,נסיכה,nouns,0.3
127,generously,לעולם לא,adverbs,0.45
128,recent,רענן,adjectives,3.82
129,campaign,קוף,nouns,0.0
130,go,להגיע,verbs,0.96
131,fury,כעס,nouns,5.12
132,word,עמוד,nouns,0.87
133,president,ראש,nouns,1.64
134,bake,לטגן,verbs,1.71
135,badge,זכוכית,nouns,0.24
136,pinch,לחבוט,verbs,0.52
137,deliver,לקבל,verbs,0.5
138,liquor,להקה,nouns,0.0
139,window,קרסול,nouns,0.0
140,discover,לנבוע,verbs,0.77
141,funny,רציני,adjectives,0.45
142,breakfast,בייקון,nouns,1.01
143,newspaper,מילה,nouns,0.82
144,tongue,לחי,nouns,0.99
145,cockpit,טייס משנה,nouns,0.81
146,nose,פה,nouns,0.94
147,choir,כנסייה,nouns,0.94
148,mother,אבא,nouns,1.7
149,doctor,אורתודונט,nouns,1.91
150,wood,אבן,nouns,0.44
151,normally,באופן חריג,adverbs,0.49
152,camera,עובד,nouns,0.1
153,people,דולר,nouns,0.05
154,save,להרוס,verbs,0.3
155,locally,קרוב,adverbs,3.26
156,gulp,לגמוע,verbs,2.63
157,sergeant,אקדח,nouns,0.52
158,north,דרום,nouns,1.06
159,acknowledge,להסכים,verbs,3.36
160,ignore,לבקש,verbs,0.35
161,anarchy,כאוס,nouns,3.83
162,monk,צלב,nouns,0.71
163,dive,ליצור,verbs,0.1
164,wife,סנט,nouns,0.0
165,kill,לחנוק,verbs,1.7
166,madly,בעצב,adverbs,0.54
167,cover,להגן,verbs,1.69
168,topic,סיפור,nouns,1.2
169,election,בחירה,nouns,2.21
170,guest,חבר,nouns,2.01
171,year,יום הולדת,nouns,0.92
172,easy,נוקשה,adjectives,0.4
173,sell,ללכת,verbs,0.05
174,statue,פסל,nouns,4.51
175,assume,לחזות,verbs,0.77
176,mix,לשתות,verbs,0.45
177,reject,למנוע,verbs,0.82
178,steal,לקנות,verbs,0.46
179,inquire,לחפש,verbs,2.0
180,opera,קולנוע,nouns,1.43
181,acquire,למצוא,verbs,1.92
182,garden,צינור,nouns,0.67
183,achieve,לנסות,verbs,0.64
184,biologist,מיקרוסקופ,nouns,0.63
185,opinion,אמונה,nouns,4.01
186,cloud,ערפל,nouns,2.65
187,organize,לאסוף,verbs,1.5
188,ignorant,רגיל,adjectives,0.13
189,bed,רהיט,nouns,1.74
190,sheriff,שוטר,nouns,4.01
191,confusion,היסטריה,nouns,1.41
192,campus,אוניברסיטה,nouns,2.15
193,violent,קיצוני,adjectives,0.91
194,number,ספרה,nouns,5.18
195,poster,נייר,nouns,2.04
196,elect,לדחות,verbs,0.1
197,attempt,להתכוון,verbs,0.62
198,arrest,לחשוד,verbs,0.48
199,universe,שמיים,nouns,1.29
200,create,לדמיין,verbs,1.49
201,key,מנעול,nouns,0.94
202,prey,אל,nouns,0.05
203,fall,להיפצע,verbs,0.91
204,build,ליצור,verbs,3.89
205,happen,להתרחש,verbs,5.27
206,wrist,זרוע,nouns,1.56
207,perceive,לשמוע,verbs,1.49
208,moon,פלנטה,nouns,1.31
209,large,גמיש,adjectives,0.1
210,paper,פוסטר,nouns,2.04
211,acknowledge,להודיע,verbs,1.24
212,radiator,חיישן,nouns,0.52
213,shoulder,גוף,nouns,0.99
214,roughly,באופן שולי,adverbs,0.91
215,determine,לחזות,verbs,1.54
216,shoulder,ראש,nouns,1.16
217,president,פוליטיקאי,nouns,2.4
218,borrow,להתחנן,verbs,0.57
219,valley,נהר,nouns,1.02
220,let,להרשות,verbs,4.79
221,clarify,להגדיר,verbs,2.83
222,practice,לחזור,verbs,1.42
223,blood,וירוס,nouns,0.86
224,deliver,לשאת,verbs,1.0
225,steel,סגסוגת,nouns,2.37
226,succeed,להיכשל,verbs,0.54
227,snow,מפולת שלגים,nouns,1.67
228,polyhedron,שחקן,nouns,0.64
229,billionaire,חסר בית,nouns,0.72
230,forget,ללמוד,verbs,0.49
231,cent,רעיה,nouns,0.0
232,easy,גדול,adjectives,0.35
233,morning,יום,nouns,2.0
234,pride,שמחה,nouns,1.81
235,expensive,ביישן,adjectives,0.05
236,perfectly,באמת,adverbs,1.25
237,smart,אינטליגנטי,adjectives,5.5
238,originate,לגלות,verbs,0.77
239,scheme,רעיון,nouns,2.87
240,intelligence,בורות,nouns,0.49
241,essential,הכרחי,adjectives,5.04
242,penny,מציאה,nouns,0.36
243,hat,קופסה,nouns,0.09
244,shut,להקיא,verbs,0.05
245,army,יחידה,nouns,1.91
246,dumb,טיפש,adjectives,5.09
247,recently,כרגע,adverbs,1.67
248,book,טקסט,nouns,2.46
249,typhoon,ציקלון,nouns,4.28
250,drizzle,גשם,nouns,3.17
251,immediately,בקרוב,adverbs,2.4
252,tragedy,מוות,nouns,1.97
253,stool,כיסא,nouns,3.04
254,handle,חלבון,nouns,0.0
255,child,מבוגר,nouns,0.89
256,vulnerable,חסר אונים,adjectives,3.65
257,odd,מוזר,adjectives,5.09
258,openly,בעוצמה,adverbs,0.3
259,sly,פיקח,adjectives,2.86
260,monarchy,דמוקרטיה,nouns,1.26
261,gathering,עצרת,nouns,4.42
262,save,לאסוף,verbs,2.12
263,reheat,חימום מראש,nouns,1.88
264,negatively,באופן לא טבעי,adverbs,0.57
265,ball,מחבט,nouns,0.99
266,get,להשאיר,verbs,0.35
267,restore,להביא,verbs,0.67
268,verdict,משפט,nouns,1.8
269,pineapple,טלפון סללורי,nouns,0.0
270,complain,להביא,verbs,0.0
271,fail,לסמוך,verbs,0.2
272,beat,להצליף,verbs,3.33
273,disagree,להסכים,verbs,0.54
274,atom,פחמן,nouns,1.56
275,drive,לעצור,verbs,0.45
276,acknowledge,לדבר,verbs,0.67
277,secretary,אישה,nouns,0.74
278,bean,אורז,nouns,1.14
279,happiness,מזל,nouns,0.74
280,clean,מבולגן,adjectives,0.49
281,bad,מושחת,adjectives,2.91
282,sob,לבכות,verbs,4.59
283,horse,שור,nouns,1.19
284,construct,לעשות,verbs,3.3
285,competence,יכולת,nouns,4.41
286,burn,לחנוק,verbs,0.35
287,bring,להתלונן,verbs,0.0
288,strange,ביזארי,adjectives,5.27
289,cook,לאבד,verbs,0.0
290,protein,ידית,nouns,0.0
291,restore,לתקן,verbs,4.36
292,parade,תזמורת,nouns,1.22
293,encourage,לדכא,verbs,0.54
294,inform,להבריק,verbs,0.0
295,dignity,סמל,nouns,0.84
296,agreement,חור,nouns,0.0
297,positively,כנראה,adverbs,0.94
298,job,משימה,nouns,4.09
299,tunnel,שביל,nouns,1.02
300,omnipotence,עליונות,nouns,1.8
301,kill,להגן,verbs,0.56
302,regular,ממוצע,adjectives,3.6
303,region,שטח,nouns,4.89
304,president,תלמיד,nouns,0.2
305,seat,שיפוע,nouns,0.05
306,anthropology,ארכיאולוגיה,nouns,1.38
307,instrument,כינור,nouns,1.39
308,airport,מטוס,nouns,0.89
309,release,ללחוץ,verbs,0.45
310,easy,קשה,adjectives,0.54
311,chapter,פרק,nouns,3.21
312,sword,סביבה,nouns,0.0
313,hurry,למהר,verbs,5.0
314,acquire,להצטרף,verbs,0.3
315,avalanche,שלג,nouns,1.67
316,singer,שחקן,nouns,1.21
317,save,להושיע,verbs,5.31
318,opponent,יריב,nouns,4.74
319,boring,עייף,adjectives,0.66
320,funny,עצוב,adjectives,0.61
321,promote,להתקדם,verbs,2.24
322,pathogen,חיידק,nouns,3.78
323,forgive,להבין,verbs,0.98
324,sad,נורא,adjectives,1.47
325,quest,מטרה,nouns,1.52
326,violent,פאסיבי,adjectives,0.3
327,receive,להסכים,verbs,2.44
328,aggressive,מעוקל,adjectives,0.05
329,firmly,בחוזקה,adverbs,3.13
330,meal,מותן,nouns,0.4
331,dune,מדבר,nouns,1.86
332,navy,צבא,nouns,2.74
333,ride,לדשדש,verbs,0.4
334,sentry,גבר,nouns,0.69
335,bring,להחזיר,verbs,0.67
336,tuition,מלגה,nouns,0.99
337,milkshake,מיץ,nouns,1.34
338,miss,לפגוע,verbs,0.5
339,animal,בהמה,nouns,3.6
340,parcel,משאית,nouns,0.35
341,bush,פרח,nouns,1.85
342,city,עיירה,nouns,3.27
343,alcohol,ברנדי,nouns,1.94
344,right,צדק,nouns,1.34
345,relaxed,לחוץ,adjectives,0.54
346,nicely,באדיבות,adverbs,4.47
347,straw,רעיה,nouns,0.1
348,pay,לטפל,verbs,0.39
349,apple,ממתק,nouns,0.64
350,clever,מטומטם,adjectives,0.49
351,join,להוסיף,verbs,1.94
352,cellphone,טלפון,nouns,3.92
353,anger,מצב,nouns,1.04
354,cigarette,טבק,nouns,1.92
355,disease,זיהום,nouns,2.81
356,box,מעלית,nouns,0.34
357,understand,לסלוח,verbs,0.98
358,pray,לתקשר,verbs,0.99
359,shy,מפוחד,adjectives,1.59
360,allow,לאפשר,verbs,4.79
361,rice,ילד,nouns,0.2
362,hut,מקלט,nouns,1.81
363,afterworld,גיהנום,nouns,2.46
364,celebrate,להפתיע,verbs,0.84
365,surely,לפעמים,adverbs,0.09
366,hike,לטפס,verbs,2.23
367,television,שחקן,nouns,0.69
368,avoid,להכחיש,verbs,0.79
369,ozone,אטמוספירה,nouns,2.89
370,predict,לקבוע,verbs,1.54
371,rice,עוף,nouns,0.59
372,fraternity,דלת,nouns,0.0
373,thumb,יד,nouns,1.42
374,season,חורף,nouns,1.66
375,car,צינור,nouns,0.25
376,chips,סמן,nouns,0.15
377,send,להביא,verbs,0.59
378,guy,חבר,nouns,1.36
379,doctor,רופא,nouns,4.95
380,lazy,יקר ערך,adjectives,0.0
381,cooperate,להשתתף,verbs,2.13
382,boy,אורז,nouns,0.2
383,teeth,עצם,nouns,1.84
384,clothes,כפתור,nouns,0.96
385,battery,תיאטרון,nouns,0.0
386,put,לתת,verbs,0.56
387,tree,מייפל,nouns,2.3
388,critical,חצוף,adjectives,0.93
389,alley,קערה,nouns,0.04
390,past,קודם,nouns,2.3
391,covered,חשוף,adjectives,0.54
392,honestly,בנאמנות,adverbs,1.8
393,shame,צער,nouns,1.09
394,ugly,גס,adjectives,1.16
395,conquest,קרב,nouns,2.06
396,piston,מנוע,nouns,1.77
397,machine,מנוע,nouns,2.14
398,drawer,בגדים,nouns,0.71
399,clothes,בד,nouns,2.04
400,exchange,מטבע,nouns,1.39
401,editorial,חדשות,nouns,2.01
402,liberty,צנזורה,nouns,0.61
403,ledge,הר,nouns,0.47
404,glare,לפזול,verbs,1.29
405,coffee,פול,nouns,1.04
406,greatly,בבהירות,adverbs,0.42
407,forecast,מעונן,nouns,0.81
408,argue,לשכנע,verbs,1.98
409,brow,עין,nouns,1.17
410,known,טוב,adjectives,0.67
411,hill,צוק,nouns,1.48
412,development,גיוס כספים,nouns,0.44
413,envelope,קישוט,nouns,0.2
414,meet,לברך,verbs,1.36
415,word,רמז,nouns,0.35
416,take,לקבל,verbs,0.96
417,sunset,ערב,nouns,1.61
418,lawyer,תובע,nouns,2.7
419,kitchen,אמבטיה,nouns,1.02
420,lip,ירך,nouns,0.74
421,stubborn,טיפש,adjectives,0.56
422,legal,מותר,adjectives,4.21
423,emperor,חוקה,nouns,0.38
424,agree,לרצות,verbs,0.84
425,easily,בנוחיות,adverbs,2.3
426,fur,אקדח,nouns,0.0
427,multiply,לחלק,verbs,0.96
428,lizard,נחש,nouns,1.64
429,choice,בחירות,nouns,2.21
430,hose,גינה,nouns,0.67
431,blood,בשר,nouns,1.27
432,kindly,בצורה יפה,adverbs,4.47
433,private,אישי,adjectives,4.51
434,catastrophe,תאונה,nouns,3.67
435,brain,עצם,nouns,0.62
436,awful,מעולה,adjectives,0.44
437,effort,קושי,nouns,3.05
438,argue,לדרוש,verbs,0.59
439,energy,סוללה,nouns,1.82
440,top,תחתית,nouns,0.66
441,obviously,באופן מקומי,adverbs,0.1
442,cheerful,שמח,adjectives,5.11
443,house,מפתח,nouns,0.77
444,television,קולנוע,nouns,1.99
445,weak,חריף,adjectives,0.1
446,unmentionable,מחוץ לנישואין,adjectives,0.17
447,priest,נזיר,nouns,3.46
448,lucky,מובך,adjectives,0.05
449,hole,רעיה,nouns,0.0
450,communicate,להתפלל,verbs,0.99
451,wait,להישאר,verbs,2.26
452,guardian,מבוגר,nouns,1.07
453,man,חשוד,nouns,0.48
454,mediocre,רע,adjectives,0.81
455,actor,פאון,nouns,0.64
456,rain,ברד,nouns,2.33
457,heavy,גדול,adjectives,1.86
458,messy,מכוער,adjectives,0.98
459,fame,עושר,nouns,1.46
460,sheet,מטוס,nouns,0.0
461,rain,ערפל,nouns,1.79
462,roughly,בוודאי,adverbs,0.44
463,party,מסיכה,nouns,0.45
464,saver,חיסכון,nouns,1.52
465,crocodile,לטאה,nouns,2.4
466,fabric,בגדים,nouns,1.92
467,succeed,להשיג,verbs,2.71
468,jar,כוס,nouns,1.95
469,receive,לתפוס,verbs,1.54
470,republic,דוכס,nouns,0.49
471,cathedral,כנסייה,nouns,3.95
472,temper,דוקטור,nouns,0.0
473,paragraph,מכתב,nouns,0.92
474,weird,נורמלי,adjectives,0.54
475,cyclone,טייפון,nouns,4.28
476,attach,לצרף,verbs,4.86
477,tax,הכנסה,nouns,0.76
478,ask,להתפלל,verbs,1.79
479,borrow,לרצות,verbs,0.1
480,winter,עונה,nouns,1.66
481,physician,דוקטור,nouns,4.95
482,personal,פרטי,adjectives,4.51
483,hammer,שיניים,nouns,0.0
484,usually,בכנות,adverbs,0.05
485,pollution,נשיא,nouns,0.17
486,pathfinder,קשת,nouns,0.26
487,create,לצייר,verbs,1.67
488,sultan,כהונה,nouns,0.71
489,freeze,לרעוד,verbs,1.44
490,chase,לתפוס,verbs,1.17
491,rely,להיכשל,verbs,0.2
492,hut,ביתן,nouns,3.38
493,daughter,אבא,nouns,0.77
494,film,תיאטרון,nouns,1.75
495,assume,להתחזות,verbs,0.39
496,sea,נהר,nouns,1.79
497,champion,מנצח,nouns,4.22
498,add,לכפול,verbs,1.04
499,parapsychology,נוירופסיכולוגיה,nouns,1.61
500,culture,חברה,nouns,2.3
501,fresh,חדש,adjectives,3.29
502,cat,אריה,nouns,1.94
503,lie,להכחיש,verbs,1.27
504,doctor,פרופסור,nouns,2.58
505,lie,להעמיד פנים,verbs,3.06
506,pet,חתול,nouns,2.62
507,immoral,פלילי,adjectives,2.06
508,mark,מועדון,nouns,0.0
509,shrink,להקטין,verbs,3.63
510,hematology,פתולוגיה,nouns,1.91
511,float,לשיר,verbs,0.2
512,automobile,אוטו,nouns,5.79
513,friendly,נדיר,adjectives,0.71
514,educate,ללמוד,verbs,1.26
515,beg,לבקש,verbs,3.11
516,find,לחפש,verbs,1.71
517,keyboard,אור,nouns,0.0
518,crime,הונאה,nouns,2.3
519,print,להתעלם,verbs,0.1
520,wander,לחפש,verbs,0.98
521,cryptogram,סמל,nouns,1.84
522,article,עיתון,nouns,1.95
523,crib,מיטה,nouns,3.3
524,argument,דיון,nouns,2.14
525,crazy,חולה,adjectives,0.76
526,accept,לאשר,verbs,3.36
527,boy,שותף,nouns,0.57
528,weather,גל,nouns,0.3
529,stop,להזהיר,verbs,0.83
530,know,להבין,verbs,2.58
531,creative,חדשני,adjectives,3.87
532,owe,להיכנס,verbs,0.0
533,hit,מסגרת,nouns,0.0
534,sunrise,שקיעה,nouns,1.27
535,visa,גלובליזם,nouns,0.54
536,feel,להאמין,verbs,1.79
537,class,מכללה,nouns,1.01
538,agree,להתווכח,verbs,0.54
539,elegantly,יפה,adverbs,2.76
540,bench,כיסא,nouns,2.61
541,pottery,קרמיקה,nouns,3.6
542,dirty,דביק,adjectives,0.95
543,altitude,המרה,nouns,0.45
544,hail,גשם,nouns,2.33
545,helpless,תלותי,adjectives,2.62
546,paper,עץ,nouns,1.16
547,capacitor,דיודה,nouns,1.56
548,dominate,לנצח,verbs,1.71
549,zero,אינסוף,nouns,0.91
550,deny,להימנע,verbs,0.79
551,symbol,סימן,nouns,4.73
552,normally,באופן שגרתי,adverbs,4.72
553,demand,להתווכח,verbs,0.59
554,private,ציבורי,adjectives,0.54
555,charge,לתעב,verbs,0.4
556,blister,הדגמה,nouns,0.0
557,differently,סופית,adverbs,0.14
558,ignore,לחקור,verbs,0.25
559,literature,מילה,nouns,1.56
560,control,לעצור,verbs,0.57
561,coast,גדה,nouns,3.48
562,jumping,גדר,nouns,0.35
563,path,מנהרה,nouns,1.02
564,fact,תובנה,nouns,2.03
565,mainly,סופני,adverbs,0.04
566,ministry,סולטן,nouns,0.71
567,castle,קיר,nouns,0.81
568,sober,רציונלי,adjectives,2.26
569,foreclose,לשאוף,verbs,0.1
570,mist,גשם,nouns,1.79
571,fertilizer,צמיחה,nouns,0.84
572,flu,חום,nouns,1.71
573,spotless,נקי,adjectives,4.79
574,marginally,לחלוטין,adverbs,0.44
575,curtain,מוט,nouns,0.85
576,forget,לדעת,verbs,0.54
577,band,תזמורת,nouns,3.29
578,blizzard,גשם,nouns,1.15
579,salute,להופיע,verbs,0.3
580,candy,קינמון,nouns,0.71
581,free,תמים,adjectives,0.91
582,destroy,לבנות,verbs,0.54
583,page,מילה,nouns,0.87
584,heart,ניתוח,nouns,0.53
585,become,להראות,verbs,0.17
586,hunt,לחפש,verbs,2.62
587,skin,אופניים,nouns,0.1
588,hall,מעבר,nouns,1.59
589,speak,ללחוש,verbs,1.87
590,irritate,לנחש,verbs,0.05
591,ancient,מודרני,adjectives,0.54
592,leave,להצטרף,verbs,0.54
593,chair,שרפרף,nouns,3.04
594,actively,באופן פסיבי,adverbs,0.29
595,sweater,מעיל,nouns,2.32
596,perform,להצדיע,verbs,0.3
597,inaccurately,בדיוק,adverbs,0.54
598,caliber,מטרייה,nouns,0.3
599,insight,אינטליגנציה,nouns,2.34
600,cuddle,להתחבק,verbs,4.34
601,sucrose,פחמימה,nouns,1.98
602,psychology,מדע,nouns,1.56
603,exchange,תחליף,nouns,3.4
604,target,חץ,nouns,0.94
605,violent,כועס,adjectives,1.58
606,purgatory,העולם הבא,nouns,2.46
607,runner,ספורטאי,nouns,2.26
608,move,להתפתל,verbs,1.04
609,fabric,פשתן,nouns,1.98
610,crime,הפרה,nouns,2.42
611,smash,להרוס,verbs,3.94
612,speed,משרה,nouns,0.3
613,explore,להתעלם,verbs,0.25
614,tin,מתכת,nouns,1.66
615,strange,רגיל,adjectives,0.54
616,accept,להסכים,verbs,2.47
617,flexible,קל,adjectives,1.58
618,night,פרק,nouns,0.05
619,join,לשתף,verbs,1.44
620,soldier,ילד,nouns,0.49
621,hotel,דירה,nouns,1.23
622,judge,בית משפט,nouns,1.35
623,eagle,בז,nouns,2.59
624,weave,לנוע,verbs,1.04
625,attack,לפגוע,verbs,2.77
626,currently,לאחרונה,adverbs,1.67
627,therapy,ביהביוריזם,nouns,1.07
628,belligerence,קרב,nouns,2.51
629,syllabus,מבחן,nouns,0.96
630,bone,לסת,nouns,1.07
631,straight,מעוקל,adjectives,0.57
632,rapid,זריז,adjectives,5.57
633,listen,להבין,verbs,1.44
634,elevator,תיבה,nouns,0.34
635,hallway,מסדרון,nouns,5.76
636,disease,סכנה,nouns,0.76
637,national,מוכר,adjectives,0.6
638,communication,שפה,nouns,1.99
639,politician,שוטר,nouns,0.42
640,rose,פרפר,nouns,0.25
641,inquire,לדרוש,verbs,0.55
642,proud,נועז,adjectives,1.19
643,confuse,ללמוד,verbs,0.3
644,truly,חשוב,adverbs,0.57
645,wet,דביק,adjectives,0.82
646,possess,לקחת,verbs,1.71
647,camera,נשיא,nouns,0.05
648,destruction,בנייה,nouns,0.57
649,violin,כלי,nouns,1.39
650,crunch,לפצח,verbs,0.76
651,horse,כלב,nouns,0.72
652,cytoplasm,ספרה,nouns,0.25
653,satire,מיתוס,nouns,0.63
654,room,אמבטיה,nouns,0.72
655,achieve,להצליח,verbs,2.71
656,band,סבולת,nouns,0.1
657,clothes,אריג,nouns,1.92
658,button,בגדים,nouns,0.96
659,meet,לעזוב,verbs,0.35
660,cook,לערבב,verbs,1.01
661,mechanical,חשמלי,adjectives,0.92
662,wine,ברנדי,nouns,1.84
663,arm,כתף,nouns,1.33
664,juice,מילקשייק,nouns,1.34
665,umbrella,קליבר,nouns,0.3
666,wall,לבנה,nouns,1.16
667,die,לקבור,verbs,0.98
668,hand,ציפורן,nouns,0.74
669,divide,לאחד,verbs,0.54
670,join,לרכוש,verbs,0.3
671,ignore,לשכוח,verbs,1.08
672,hat,מעיל,nouns,0.71
673,dollar,מיליונר,nouns,0.71
674,mouth,שיניים,nouns,1.23
675,presence,מנצח,nouns,0.0
676,nihilism,סרט,nouns,0.15
677,mostly,בעיקר,adverbs,4.29
678,gunboat,חוף,nouns,0.64
679,confident,ודאי,adjectives,5.26
680,teacher,עוזר,nouns,1.88
681,marry,להתאחד,verbs,3.12
682,bone,ברך,nouns,0.94
683,head,כתף,nouns,1.16
684,religion,חילוניות,nouns,0.76
685,learn,לחנך,verbs,1.26
686,credit,לווה,nouns,0.91
687,foolish,ילדותי,adjectives,1.99
688,boy,חייל,nouns,0.49
689,vessel,וריד,nouns,1.75
690,pardon,לסלוח,verbs,5.33
691,bell,דלת,nouns,0.67
692,hip,שפה,nouns,0.74
693,dream,שמיים,nouns,0.48
694,decide,להסיק,verbs,2.04
695,woman,פרווה,nouns,0.2
696,gun,סכין,nouns,1.36
697,teach,להעניש,verbs,0.5
698,grade,לימודים,nouns,0.96
699,college,מקצוע,nouns,0.79
700,take,לגנוב,verbs,2.19
701,god,שטן,nouns,1.17
702,colonel,רופא,nouns,0.34
703,father,הורה,nouns,3.33
704,toy,קובייה,nouns,0.75
705,mud,לכלוך,nouns,3.04
706,roughly,בקלות,adverbs,0.15
707,begin,ללכת,verbs,0.92
708,teacher,תלמיד,nouns,0.91
709,boundary,גבול,nouns,4.57
710,beat,לנצח,verbs,3.69
711,intelligent,מטומטם,adjectives,0.49
712,area,אזור,nouns,4.92
713,nurse,מדען,nouns,0.36
714,matrix,מולקולה,nouns,0.14
715,intelligent,חכם,adjectives,5.5
716,income,מס,nouns,0.76
717,currently,בעדינות,adverbs,0.0
718,window,דלת,nouns,0.94
719,know,להבין,verbs,2.7
720,leg,זרוע,nouns,1.26
721,conquest,המנון,nouns,0.25
722,storm,שלג,nouns,1.74
723,choose,לרצות,verbs,0.91
724,bull,עגל,nouns,2.11
725,excited,מבוהל,adjectives,0.77
726,differ,לטעון,verbs,2.22
727,evict,להשאיר,verbs,0.77
728,sad,מצחיק,adjectives,0.61
729,performance,קמע,nouns,0.74
730,locally,בוודאי,adverbs,0.1
731,deeply,באופן משמעותי,adverbs,2.99
732,saving,אדם חסכן,nouns,1.52
733,phrase,מילה,nouns,2.16
734,speak,לאשר,verbs,0.67
735,dusk,ערב,nouns,3.69
736,belief,ערך,nouns,2.41
737,screen,פונולוגיה,nouns,0.15
738,night,שחר,nouns,0.94
739,sorrow,בושה,nouns,1.09
740,please,להפציר,verbs,0.61
741,sheep,בקר,nouns,2.07
742,hate,להינות,verbs,0.2
743,clever,ערמומי,adjectives,2.86
744,neutral,הססני,adjectives,1.87
745,helpless,פגיע,adjectives,3.65
746,goat,פרה,nouns,1.27
747,cinnamon,ממתק,nouns,0.71
748,show,מתמטיקאי,nouns,0.05
749,bury,למות,verbs,0.98
750,steal,לחטוף,verbs,2.23
751,presence,היעדרות,nouns,0.61
752,box,מקור,nouns,0.0
753,island,חוף,nouns,1.15
754,permit,לאשר,verbs,4.73
755,obey,להתנהג,verbs,1.81
756,daily,בדרך כלל,adverbs,3.21
757,steal,לרכוש,verbs,1.39
758,tough,ערמומי,adjectives,0.25
759,choice,כלא,nouns,0.35
760,cop,טייס,nouns,0.64
761,basically,לחלוטין,adverbs,0.59
762,door,חלון,nouns,0.94
763,building,חדר,nouns,1.01
764,learn,לספוג,verbs,1.83
765,incoming,יוצא,adjectives,0.59
766,nice,נדיב,adjectives,1.47
767,string,שקיעה,nouns,0.0
768,brain,תודעה,nouns,2.52
769,sign,סמל,nouns,4.73
770,poor,בודד,adjectives,0.79
771,topic,ספר,nouns,0.42
772,learn,להקשיב,verbs,1.19
773,enter,לחוב,verbs,0.0
774,myth,סאטירה,nouns,0.63
775,attack,בליץ,nouns,3.15
776,unique,הפוך,adjectives,0.54
777,accept,להמליץ,verbs,0.55
778,mouse,חולדה,nouns,2.61
779,journey,כיבוש,nouns,1.23
780,menu,הזמנה,nouns,0.91
781,belief,פרח,nouns,0.12
782,bridge,מכונית,nouns,0.4
783,box,כובע,nouns,0.09
784,sticky,מלוכלך,adjectives,0.95
785,nervous,בטוח,adjectives,0.15
786,organize,לסדר,verbs,4.99
787,judge,להחליט,verbs,2.64
788,museum,מינט,nouns,0.24
789,door,כניסה,nouns,2.36
790,creator,מחבר,nouns,3.79
791,volleyball,כדור,nouns,1.95
792,hero,גיבורה,nouns,3.42
793,clue,מילה,nouns,0.35
794,note,משימה,nouns,0.46
795,kill,להילחם,verbs,0.84
796,leave,לקחת,verbs,0.19
797,discourage,להרגיז,verbs,0.64
798,mad,שמח,adjectives,0.5
799,beautifully,באלגנטיות,adverbs,2.76
800,partner,ילד,nouns,0.57
801,stupid,מטומטם,adjectives,5.09
802,criticism,טיעון,nouns,1.73
803,magma,הר געש,nouns,1.3
804,wipe,להתדרדר,verbs,0.0
805,offering,תרומה,nouns,3.3
806,pupil,נשיא,nouns,0.2
807,shiver,לקפוא,verbs,1.44
808,fog,ענן,nouns,2.67
809,brandy,אלכוהול,nouns,1.94
810,sky,יקום,nouns,1.29
811,foreigner,מתרגם,nouns,0.45
812,send,לקבל,verbs,0.49
813,bring,לשלוח,verbs,0.59
814,profession,מכללה,nouns,0.79
815,wave,מזג אוויר,nouns,0.3
816,bunch,קהל,nouns,2.87
817,collect,לנער,verbs,0.1
818,beer,משקה,nouns,1.84
819,avoid,להתעלם,verbs,2.27
820,hallway,כיתה,nouns,0.44
821,base,חומצה,nouns,0.87
822,lawful,לא חוקי,adjectives,0.54
823,fur,אישה,nouns,0.2
824,arm,רגל,nouns,1.26
825,strength,יכולת,nouns,2.5
826,arm,עצם,nouns,0.77
827,champagne,בירה,nouns,1.6
828,word,ביטוי,nouns,2.16
829,kick,לפגוע,verbs,1.16
830,aeronautics,אוויוניקה,nouns,2.69
831,hole,הסכם,nouns,0.0
832,fashion,סגנון,nouns,3.9
833,ballad,שיר,nouns,3.71
834,man,אבא,nouns,2.46
835,make,להפוך,verbs,0.62
836,cabin,מחנה,nouns,0.99
837,confession,הכחשה,nouns,0.62
838,mist,ענן,nouns,2.63
839,carefully,בבטחה,adverbs,1.98
840,squint,לבהות,verbs,1.29
841,exit,כניסה,nouns,1.85
842,kill,לתלות,verbs,1.23
843,value,אמונה,nouns,2.41
844,ball,תותח,nouns,0.81
845,feasible,בלתי אפשרי,adjectives,0.54
846,dissolve,לערבב,verbs,1.59
847,add,לבנות,verbs,1.84
848,sunset,זריחה,nouns,1.27
849,offend,להטריד,verbs,1.83
850,push,להאשים,verbs,0.2
851,sofa,כיסא,nouns,2.5
852,lady,ג'נטלמן,nouns,0.91
853,modest,ענו,adjectives,5.4
854,unnaturally,בטבעיות,adverbs,0.49
855,beast,חיה,nouns,3.6
856,fundraiser,ארוע,nouns,1.79
857,amazingly,באופן פנטסטי,adverbs,5.39
858,arm,וריד,nouns,0.59
859,ask,להתעלם,verbs,0.35
860,movement,פעילות,nouns,2.54
861,long,צר,adjectives,1.05
862,band,מצעד,nouns,1.22
863,sword,כס,nouns,0.38
864,sticky,רטוב,adjectives,0.82
865,photophone,הומופון,nouns,0.54
866,get,לשים,verbs,0.44
867,maturely,בחוכמה,adverbs,1.67
868,demon,מלאך,nouns,0.77
869,task,עבודה,nouns,4.09
870,delightful,משמח,adjectives,3.09
871,hymn,קש,nouns,0.0
872,monster,שד,nouns,4.41
873,unhappy,משוגע,adjectives,1.02
874,hard,קל,adjectives,0.54
875,bacon,ארוחה,nouns,1.01
876,never,שלילי,adjectives,1.05
877,bowl,זנב,nouns,0.0
878,gun,פרווה,nouns,0.0
879,tsunami,ים,nouns,1.15
880,butter,תפוד,nouns,0.61
881,listen,לשמוע,verbs,4.02
882,funny,משעמם,adjectives,0.45
883,canyon,עמק,nouns,3.92
884,dumb,טיפשי,adjectives,4.37
885,loud,חצוף,adjectives,0.59
886,criticize,לשנוא,verbs,0.59
887,area,פינה,nouns,0.96
888,insane,משוגע,adjectives,5.22
889,accomplish,לנצח,verbs,2.29
890,baby,בת,nouns,2.53
891,rude,ביקורתי,adjectives,0.93
892,arrogant,גאה,adjectives,3.7
893,happily,נורא,adverbs,0.15
894,keep,להפסיד,verbs,0.35
895,agreement,חוזה,nouns,5.1
896,blanket,מיטה,nouns,1.01
897,car,מד,nouns,0.4
898,unfair,אכזר,adjectives,1.39
899,bottle,קנקן,nouns,3.05
900,player,מאמן,nouns,0.81
901,strongly,רשמית,adverbs,0.15
902,poorly, בענווה,adverbs,0.44
903,cab,מכונית,nouns,2.78
904,football,כיף,nouns,0.4
905,college,כיתה,nouns,1.01
906,mix,להתמוסס,verbs,1.59
907,other,הפוך,adjectives,0.57
908,glad,כועס,adjectives,0.5
909,trick,משחק,nouns,1.09
910,infection,חולי,nouns,2.79
911,foot,בסיס,nouns,1.74
912,attitude,אמון,nouns,1.31
913,carbon,אטום,nouns,1.56
914,sure,ודאי,adjectives,5.19
915,blue,אדום,adjectives,1.06
916,hungry,צמא,adjectives,1.18
917,chart,גרף,nouns,4.09
918,gum,מנטה,nouns,0.94
919,awful,רע,adjectives,3.99
920,fairly,באופן לא הוגן,adverbs,0.54
921,juice,חלב,nouns,1.06
922,reliably,באופן סביל,adverbs,0.5
923,powerful,עוצמתי,adjectives,5.3
924,truck,חבילה,nouns,0.35
925,magnitude,עומק,nouns,2.06
926,bottom,צד,nouns,1.04
927,bee,מלכה,nouns,0.94
928,staff,זמר,nouns,0.05
929,noise,המולה,nouns,4.13
930,ankle,עצם,nouns,1.21
931,noticeable,ברור,adjectives,3.84
932,judge,להעיד,verbs,0.84
933,cow,בקר,nouns,4.07
934,irregularly,לרוב,adverbs,0.57
935,subtract,להפסיד,verbs,2.12
936,money,משכורת,nouns,3.19
937,important,הכרחי,adjectives,3.65
938,know,לתת,verbs,0.04
939,bite,לריב,verbs,0.94
940,dictionary,מילה,nouns,1.29
941,bee,נמלה,nouns,1.11
942,nerve,מעי,nouns,0.84
943,fever,שפעת,nouns,1.71
944,shrink,להיעלם,verbs,1.44
945,graduate,לסיים,verbs,1.92
946,congress,פרלמנט,nouns,3.51
947,become,להשיג,verbs,0.19
948,bed,מרפאה,nouns,0.5
949,jeans,אישה,nouns,0.3
950,telephone,תא,nouns,0.57
951,employer,מועסק,nouns,0.96
952,scared,ביישן,adjectives,1.59
953,shoulder,זרוע,nouns,1.33
954,honestly,לעולם לא,adverbs,0.0
955,busy,עצלן,adjectives,0.4
956,seem,להתחזות,verbs,1.24
957,prove,להתווכח,verbs,1.77
958,newspaper,מידע,nouns,1.21
959,shuffle,לרכב,verbs,0.4
960,laugh,לבכות,verbs,0.49
961,night,יום,nouns,0.66
962,star,אסטרואיד,nouns,1.72
963,ideally,מכנית,adverbs,0.15
964,clothes,מגירה,nouns,0.71
965,actively,בשמחה,adverbs,0.45
966,split,לנתק,verbs,2.38
967,maker,בורא,nouns,5.37
968,try,לחשוב,verbs,0.25
969,ask,להתחנן,verbs,3.11
970,poor,גאה,adjectives,0.1
971,illustration,שלפוחית,nouns,0.0
972,big,לאומי,adjectives,0.46
973,truthful,שקרן,adjectives,0.54
974,cherry,תות,nouns,1.33
975,bed,כיסא,nouns,0.87
976,opposite,אחר,adjectives,0.57
977,ruler,מלך,nouns,3.72
978,cancer,מחלה,nouns,2.42
979,baseball,אחווה,nouns,0.25
980,violation,פשע,nouns,2.42
981,discreetly,בוודאי,adverbs,0.14
982,please,לבדר,verbs,1.19
983,crazy,מטורף,adjectives,5.22
984,strange,ערמומי,adjectives,0.42
985,rare,מטומטם,adjectives,0.1
986,death,טרגדיה,nouns,1.97
987,breathe,לחנוק,verbs,0.5
988,sadly,נורא,adverbs,0.54
989,tomb,קבורה מחדש,nouns,0.91
990,goal,מנצח,nouns,0.66
991,telephone,טלפון סלולרי,nouns,3.92
992,importantly,רשמית,adverbs,1.45
993,needy,חסר ביטחון,adjectives,1.34
994,hurt,ליפול,verbs,0.91
995,harmony,פסנתר,nouns,0.61
996,ceiling,גג,nouns,3.75
997,tail,קערה,nouns,0.0
998,realistically,לאחרונה,adverbs,0.1
999,iris,אצטילכולין,nouns,0.3
1000,cricket,אוהד,nouns,0.3
1001,dishonest,רע,adjectives,1.07
1002,sometimes,לעיתים קרובות,adverbs,1.04
1003,importantly,באמת,adverbs,0.57
1004,comprehend,לקרוא,verbs,1.44
1005,inch,מטר,nouns,1.39
1006,belief,רושם,nouns,1.66
1007,vein,זרוע,nouns,0.59
1008,formula,משוואה,nouns,4.54
1009,angry,אלים,adjectives,1.58
1010,booth,תיבה,nouns,2.38
1011,descend,לצמצם,verbs,1.04
1012,text,ספר,nouns,2.46
1013,comfort,להשפיל,verbs,0.39
1014,death,קבורה,nouns,1.68
1015,beauty,סונטה,nouns,0.32
1016,teach,לחנך,verbs,4.82
1017,glass,קריסטל,nouns,2.13
1018,cotton,סוודר,nouns,0.81
1019,road,כביש מהיר,nouns,3.95
1020,journalist,משורר,nouns,1.11
1021,job,כלי,nouns,0.48
1022,lifestyle,ציוויליזציה,nouns,0.76
1023,song,מבצע,nouns,0.59
1024,verify,להגיד,verbs,0.74
1025,cattle,כבש,nouns,2.07
1026,tightly,בנחישות,adverbs,3.13
1027,carriage,מכונית,nouns,2.27
1028,negotiation,דיפלומטיה,nouns,2.21
1029,coat,כובע,nouns,0.71
1030,accuse,לשקר,verbs,0.48
1031,actress,שחקן,nouns,3.54
1032,ball,סל,nouns,0.5
1033,great,רע,adjectives,0.49
1034,weapon,קסדה,nouns,0.94
1035,guess,להרגיז,verbs,0.05
1036,mill,זרע,nouns,0.57
1037,immature,בוגר,adjectives,0.54
1038,sell,להשאיל,verbs,0.74
1039,precisely,באופן לא מדויק,adverbs,0.54
1040,give,לנשל,verbs,0.49
1041,punch,לצבוט,verbs,0.52
1042,bird,תרנגולת,nouns,1.82
1043,stomach,מותן,nouns,1.41
1044,waste,לדאוג,verbs,0.1
1045,blade,דשא,nouns,0.59
1046,mundane,רגיל,adjectives,5.34
1047,appliance,סיר,nouns,0.84
1048,bad,איום,adjectives,3.65
1049,apocalypse,שריפה,nouns,0.69
1050,stamen,האבקה,nouns,1.34
1051,dirty,צר,adjectives,0.0
1052,bad,נורא,adjectives,3.99
1053,leave,להישאר,verbs,0.61
1054,scared,לא בטוח,adjectives,1.13
1055,sincerely,ביושר,adverbs,5.25
1056,opposite,ייחודי,adjectives,0.54
1057,contemptuous,לעגני,adjectives,4.04
1058,blend,להכות,verbs,0.21
1059,god,טרף,nouns,0.05
1060,crochet,מדים,nouns,0.15
1061,turkey,תרנגולת,nouns,1.38
1062,cooperate,להצטרף,verbs,1.44
1063,suspect,איש,nouns,0.48
1064,smooth,חד,adjectives,0.45
1065,bean,קפה,nouns,1.04
1066,whiskey,אלכוהול,nouns,1.91
1067,magnitude,מידה,nouns,4.31
1068,cheese,לחם,nouns,0.63
1069,course,בטן,nouns,0.0
1070,father,בן,nouns,1.09
1071,tedious,מוגן,adjectives,0.14
1072,arithmetic,היגיון,nouns,1.58
1073,television,תסריטאי,nouns,0.92
1074,weird,תמוה,adjectives,4.23
1075,wear,לקרוע,verbs,0.46
1076,remain,לעזוב,verbs,0.61
1077,pay,לקנות,verbs,1.91
1078,leaf,נבט,nouns,1.25
1079,learn,לבלבל,verbs,0.3
1080,way,אופן,nouns,3.92
1081,fail,להצליח,verbs,0.54
1082,illness,חום,nouns,2.22
1083,screen,מוניטור,nouns,4.18
1084,lawyer,משפטן,nouns,4.94
1085,bank,מושב,nouns,0.05
1086,acetaminophen,ברונכיטיס,nouns,0.69
1087,create,לבנות,verbs,3.89
1088,evacuate,לקבוע,verbs,0.1
1089,ball,כפפה,nouns,0.77
1090,bad,אשם,adjectives,1.14
1091,buy,לגנוב,verbs,0.46
1092,precious,עצלן,adjectives,0.0
1093,relaxed,רגוע,adjectives,4.88
1094,admit,להכחיש,verbs,0.54
1095,loop,חגורה,nouns,0.99
1096,window,גג,nouns,0.71
1097,wire,תיל,nouns,3.71
1098,inform,לעדכן,verbs,4.85
1099,charcoal,פחם,nouns,2.15
1100,win,לשלוט,verbs,1.71
1101,timber,קורה,nouns,2.31
1102,cord,כבל,nouns,3.71
1103,peppermint,מסטיק,nouns,0.94
1104,chaos,שיעור,nouns,0.1
1105,cattle,יוגורט,nouns,0.77
1106,sadly,רגשית,adverbs,1.38
1107,spirit,אל,nouns,1.71
1108,catch,לרדוף,verbs,1.17
1109,thirsty,רעב,adjectives,1.18
1110,promise,להישבע,verbs,4.92
1111,abnormally,בדרך כלל,adverbs,0.49
1112,spicy,טוב,adjectives,0.45
1113,announce,להצהיר,verbs,4.72
1114,brother,ילד,nouns,2.15
1115,baseball,ספה,nouns,0.1
1116,currency,חליפין,nouns,1.39
1117,blood,מוח,nouns,1.01
1118,gap,פתח,nouns,3.9
1119,boat,מנוע,nouns,0.96
1120,duke,רפובליקה,nouns,0.49
1121,sculptor,אחוזה,nouns,0.25
1122,vocalist,צוות,nouns,0.05
1123,assault,לעצבן,verbs,0.88
1124,cameo,הופעה,nouns,0.74
1125,crib,מיטת תינוק,nouns,4.77
1126,sly,מוזר,adjectives,0.42
1127,legend,מוסר,nouns,0.27
1128,help,לבקש,verbs,1.05
1129,smart,מטומטם,adjectives,0.54
1130,water,בצורת,nouns,0.39
1131,window,ענן,nouns,0.3
1132,mind,נוירוזה,nouns,1.02
1133,pact,תנאי,nouns,1.04
1134,lose,לבשל,verbs,0.0
1135,grass,טחב,nouns,1.71
1136,fire,אפוקליפסה,nouns,0.69
1137,foolish,מטומטם,adjectives,4.37
1138,crude,מכוער,adjectives,1.16
1139,reflection,תמונה,nouns,1.86
1140,avoid,לדחות,verbs,0.82
1141,drum,קרן,nouns,0.6
1142,friendly,לא סביר,adverbs,0.0
1143,syllable,למה,nouns,0.81
1144,intelligence,תבונה,nouns,4.53
1145,buy,לשלם,verbs,1.91
1146,accept,לסלוח,verbs,1.25
1147,leave,להופיע,verbs,0.34
1148,gun,תעלול,nouns,0.1
1149,husband,אישה,nouns,1.62
1150,story,עפרון,nouns,0.3
1151,bed,שמיכה,nouns,1.01
1152,style,אלגנטיות,nouns,2.66
1153,dreary,משעמם,adjectives,4.07
1154,ox,סוס,nouns,1.19
1155,advance,לקדם,verbs,2.24
1156,save,להגן,verbs,2.67
1157,naturally,באופן לא טבעי,adverbs,0.49
1158,madly,בקול רם,adverbs,0.48
1159,hurricane,סערה,nouns,3.46
1160,laugh,לשיר,verbs,0.51
1161,date,יומן,nouns,1.21
1162,rabbi,מורה,nouns,2.06
1163,flute,מוזיקה,nouns,1.2
1164,mouse,חתול,nouns,0.91
1165,inn,מוטל,nouns,4.11
1166,entropy,מידע,nouns,1.19
1167,tree,עלה,nouns,1.11
1168,take,למסור,verbs,0.81
1169,generous,חברותי,adjectives,0.71
1170,enter,ללכת,verbs,1.15
1171,millionaire,דולר,nouns,0.71
1172,shine,לזהור,verbs,3.91
1173,arm,שריר,nouns,1.04
1174,discourage,להיכשל,verbs,0.36
1175,word,מילון,nouns,1.29
1176,pollution,אטמוספירה,nouns,0.45
1177,men,אחוה,nouns,0.84
1178,unusual,נדיר,adjectives,4.64
1179,body,זרוע,nouns,0.91
1180,mob,קהל,nouns,4.47
1181,neck,גב,nouns,1.52
1182,innocent,חופשי,adjectives,0.91
1183,go,להיכנס,verbs,1.15
1184,zone,שטח,nouns,4.95
1185,hesitant,זועם,adjectives,0.55
1186,combat,לוחמנות,nouns,2.51
1187,closet,בגדים,nouns,0.86
1188,pearl,כסף,nouns,0.57
1189,lock-up,תא,nouns,1.69
1190,log,עץ,nouns,2.24
1191,hurt,לבעוט,verbs,1.16
1192,background,טפט,nouns,3.14
1193,danger,מחלה,nouns,0.76
1194,absence,נוכחות,nouns,0.61
1195,presence,דלת,nouns,0.15
1196,dawn,לילה,nouns,0.94
1197,orthodontist,רופא,nouns,1.91
1198,cover,להסוות,verbs,2.54
1199,fry,לבשל,verbs,2.21
1200,hose,מכונית,nouns,0.25
1201,aluminium,מתכת,nouns,1.91
1202,flower,סיגלית,nouns,1.99
1203,god,כומר,nouns,0.84
1204,nature,צמחייה,nouns,2.42
1205,arm,צוואר,nouns,0.64
1206,highway,משימה,nouns,0.0
1207,erode,לאפשר,verbs,0.05
1208,job,הנהלה,nouns,1.02
1209,naturally,בשקט,adverbs,0.24
1210,tea,לימון,nouns,0.49
1211,north,מערב,nouns,1.45
1212,actor,טלויזיה,nouns,0.69
1213,clothes,ארון,nouns,0.86
1214,reduce,לספוג,verbs,0.25
1215,borrow,למכור,verbs,0.74
1216,sing,לרחף,verbs,0.2
1217,cell,מעצר,nouns,1.69
1218,bridge,קלף,nouns,0.7
1219,sister,אח,nouns,2.29
1220,dad,אם,nouns,1.7
1221,sharp,חלק,adjectives,0.45
1222,think,לזכור,verbs,1.27
1223,bone,שיניים,nouns,1.84
1224,national,גדול,adjectives,0.46
1225,search,לצוד,verbs,2.62
1226,sunset,שולחן,nouns,0.0
1227,obey,להעניש,verbs,0.4
1228,erode,לדהות,verbs,2.62
1229,cruel,נחמד,adjectives,0.4
1230,glad,שמח,adjectives,5.22
1231,anchor,סירה,nouns,0.85
1232,baggage,הקפת כדור הארץ,nouns,0.17
1233,regular,בור,adjectives,0.13
1234,rarely,לרוב,adverbs,0.96
1235,infinity,אפס,nouns,0.91
1236,snow,תחזית,nouns,0.96
1237,battery,אנרגיה,nouns,1.82
1238,king,נסיך,nouns,2.11
1239,friend,מורה,nouns,0.6
1240,god,אב,nouns,0.54
1241,orchard,יען,nouns,0.1
1242,lip,פה,nouns,1.47
1243,beg,להשאיל,verbs,0.57
1244,rain,סופת שלגים,nouns,1.15
1245,jar,בקבוק,nouns,3.05
1246,boil,לטגן,verbs,1.62
1247,keep,להחזיק,verbs,2.94
1248,mouth,אף,nouns,0.94
1249,legal,בטוח,adjectives,0.83
1250,bicycle,חדר שינה,nouns,0.15
1251,globalism,ויזה,nouns,0.54
1252,drink,לבלוע,verbs,1.79
1253,terrible,רע,adjectives,3.65
1254,dermatitis,אקזמה,nouns,2.44
1255,flour,לחם,nouns,1.09
1256,bread,גבינה,nouns,0.63
1257,mind,מוח,nouns,2.52
1258,punish,לציית,verbs,0.4
1259,border,תחום,nouns,4.57
1260,sunshine,קרן,nouns,1.07
1261,birthday,שנה,nouns,0.92
1262,eye,גבה,nouns,1.17
1263,finger,יד,nouns,1.19
1264,cannon,כדור,nouns,0.81
1265,argument,הסכמה,nouns,0.54
1266,secretly,בבטחה,adverbs,0.72
1267,payment,הערה,nouns,0.31
1268,evening,דמדומים,nouns,3.69
1269,meter,יארד,nouns,2.51
1270,brandy,יין,nouns,1.84
1271,era,עשור,nouns,2.13
1272,mild,חד,adjectives,0.45
1273,take,לשאת,verbs,1.41
1274,cathedral,תקרה,nouns,0.4
1275,elevator,מכונית,nouns,0.44
1276,officer,סגן,nouns,1.99
1277,explain,להבהיר,verbs,4.48
1278,silkworm,זחל,nouns,2.08
1279,possess,לספוג,verbs,0.29
1280,easy,פגיע,adjectives,0.44
1281,daughter,תינוקת,nouns,2.53
1282,goal,חיפוש,nouns,1.52
1283,vulnerable,נוח,adjectives,0.44
1284,deadly,באושר,adverbs,0.15
1285,secure,מעיק,adjectives,0.14
1286,meaningfully,במיוחד,adverbs,2.26
1287,concurrency,מטבע,nouns,0.64
1288,princess,אי,nouns,0.3
1289,servant,עבד,nouns,3.79
1290,banker,פרקליט,nouns,0.87
1291,bedroom,מיטה,nouns,1.36
1292,neat,נקי,adjectives,3.25
1293,large,עצום,adjectives,4.96
1294,insight,עובדה,nouns,2.03
1295,singer,מקהלה,nouns,1.54
1296,image,רעיון,nouns,0.83
1297,friend,אמא,nouns,1.21
1298,poverty,עושר,nouns,0.61
1299,diet,סלט,nouns,1.13
1300,steal,לתת,verbs,0.44
1301,disguise,לכסות,verbs,2.54
1302,humbly,בגאווה,adverbs,0.77
1303,god,רוח,nouns,1.71
1304,car,מונית,nouns,2.78
1305,recommend,לקבל,verbs,0.55
1306,crown,מפתח,nouns,0.0
1307,exam,סילבוס,nouns,0.96
1308,reader,סופר,nouns,0.91
1309,journal,כתבה,nouns,1.95
1310,burial,מוות,nouns,1.68
1311,allow,להפריך,verbs,0.1
1312,economy,מערכת אקולוגית,nouns,0.69
1313,vexillology,דגל,nouns,1.36
1314,sometimes,בוודאי,adverbs,0.09
1315,convention,חוק,nouns,2.83
1316,proud,יהיר,adjectives,3.7
1317,flower,שיח,nouns,1.85
1318,think,לברר,verbs,1.1
1319,naive,תמים,adjectives,5.38
1320,yell,להתווכח,verbs,1.89
1321,mediocre,משעמם,adjectives,1.52
1322,cheap,מלוכלך,adjectives,0.44
1323,proud,עצוב,adjectives,0.25
1324,growth,דשן,nouns,0.84
1325,cruel,לא הוגן,adjectives,1.39
1326,modest,טהור,adjectives,0.87
1327,participate,להגיד,verbs,0.45
1328,choose,להצביע,verbs,4.0
1329,alcohol,ג'ין,nouns,2.06
1330,piano,הרמוניה,nouns,0.61
1331,passion,רגש,nouns,2.86
1332,appear,לעזוב,verbs,0.34
1333,hang,להניח,verbs,0.94
1334,whip,להכות,verbs,3.33
1335,book,סיפור,nouns,1.91
1336,cover,לקבור,verbs,2.35
1337,brightly,מאוד,adverbs,0.42
1338,remind,למכור,verbs,0.0
1339,find,לאבד,verbs,0.5
1340,fun,משחק,nouns,1.46
1341,later,לעולם לא,adverbs,0.62
1342,valuable,מיוחד,adjectives,2.82
1343,liberty,חרות,nouns,5.42
1344,hug,להחזיק,verbs,1.85
1345,map,כיכר,nouns,0.45
1346,replacement,החלפה,nouns,3.4
1347,source,קופסה,nouns,0.0
1348,retreat,לעזוב,verbs,3.16
1349,engagement,טבעת,nouns,1.71
1350,new,לא משומש,adjectives,4.27
1351,cat,עכבר,nouns,0.91
1352,mixed,ישן,adjectives,0.0
1353,honey,מחלבה,nouns,0.41
1354,old,טרי,adjectives,0.54
1355,word,ספרות,nouns,1.56
1356,racket,רעש,nouns,4.13
1357,blood,גוף,nouns,0.71
1358,chemistry,תיאוריה,nouns,0.29
1359,often,לעיתים רחוקות,adverbs,0.67
1360,seem,להפוך,verbs,0.17
1361,give,לדעת,verbs,0.04
1362,wealth,תהילה,nouns,1.46
1363,gather,לאסוף,verbs,4.92
1364,weather,ענן,nouns,1.02
1365,differ,להסכים,verbs,0.59
1366,pen,אלפבית,nouns,0.44
1367,tank,מכונית,nouns,1.06
1368,actively,במדוייק,adverbs,0.69
1369,bone,זרוע,nouns,0.77
1370,decide,לחשוב,verbs,1.22
1371,go,לאפשר,verbs,0.09
1372,wind,סופה,nouns,2.37
1373,aviation,טיסה,nouns,2.91
1374,search,לתשאל,verbs,2.0
1375,glove,כדור,nouns,0.77
1376,princess,לחמניה,nouns,0.0
1377,upset,לדכא,verbs,0.64
1378,palm,אצבע,nouns,1.19
1379,choose,להחליט,verbs,3.73
1380,uncovered,מכוסה,adjectives,0.54
1381,sound,אקוסטיקה,nouns,2.8
1382,diet,תפוח,nouns,0.69
1383,cup,כף,nouns,1.09
1384,trip,מסע,nouns,4.71
1385,doorway,דלת,nouns,2.36
1386,door,נוכחות,nouns,0.15
1387,giggle,לצחוק,verbs,4.13
1388,ignore,לעזוב,verbs,1.02
1389,scream,לצרוח,verbs,4.0
1390,business,תאגיד,nouns,3.49
1391,fee,תשלום,nouns,3.19
1392,dull,מצחיק,adjectives,0.45
1393,flexible,גדול,adjectives,0.1
1394,cinema,פופקורן,nouns,0.61
1395,door,פעמון,nouns,0.67
1396,saint,חוטא,nouns,0.53
1397,rush,להזדרז,verbs,5.0
1398,money,יהלום,nouns,0.71
1399,run,לרכב,verbs,0.69
1400,protect,לעזור,verbs,1.59
1401,seldom,לעולם לא,adverbs,2.13
1402,hound,שועל,nouns,1.33
1403,head,רגל,nouns,0.59
1404,poet,עיתונאי,nouns,1.11
1405,activity,תנועה,nouns,2.54
1406,lion,חתול,nouns,1.94
1407,begin,התחיל,verbs,5.24
1408,crime,תקיפה,nouns,2.15
1409,book,כתב יד,nouns,2.21
1410,argue,להוכיח,verbs,1.77
1411,fault,מערכת,nouns,0.32
1412,passively,באופן אמין,adverbs,0.5
1413,acoustics,קול ,nouns,2.8
1414,hospital,מיטה,nouns,0.5
1415,ball,תחפושת,nouns,0.2
1416,violent,רך,adjectives,0.35
1417,attach,להפריד,verbs,0.54
1418,horse,סוסון,nouns,2.45
1419,bring,להגיע,verbs,0.29
1420,yard,מטר,nouns,2.51
1421,roof,חלון,nouns,0.71
1422,fluid,זרבובית,nouns,0.49
1423,logic,אינטליגנציה,nouns,2.7
1424,special,בעל ערך,adjectives,2.82
1425,obvious,בולט,adjectives,3.84
1426,optimistically,ייתכן,adverbs,0.54
1427,school,חוק,nouns,0.57
1428,root,דשא,nouns,0.96
1429,walk,לצלוע,verbs,1.41
1430,jail,בחירה,nouns,0.35
1431,shrink,לצמוח,verbs,0.69
1432,adult,תינוק,nouns,0.85
1433,card,ברידג',nouns,0.7
1434,coat,בגדים,nouns,1.77
1435,destroy,להציל,verbs,0.3
1436,cat,ארנב,nouns,0.96
1437,punish,להכות,verbs,1.26
1438,perhaps,כנראה,adverbs,3.75
1439,cottage,ביתן,nouns,3.64
1440,gullible,טיפשי,adjectives,2.49
1441,coach,שחקן,nouns,0.81
1442,writer,רומן,nouns,0.91
1443,peacefully,בגאווה,adverbs,0.26
1444,topic,סולמית,nouns,0.58
1445,light,מקלדת,nouns,0.0
1446,spoon,מיץ,nouns,0.25
1447,man,לוחם,nouns,1.17
1448,uniform,קרושה,nouns,0.15
1449,legion,צבא,nouns,3.02
1450,bath,בלון,nouns,0.05
1451,car,אופניים,nouns,1.25
1452,cheek,לשון,nouns,0.99
1453,army,צי,nouns,2.74
1454,side,פסגה,nouns,0.41
1455,grass,להב,nouns,0.59
1456,apartment,רהיט,nouns,0.66
1457,sick,משוגע,adjectives,0.76
1458,lake,ביצה,nouns,1.27
1459,succeed,לנסות,verbs,1.23
1460,grass,שורש,nouns,0.96
1461,demon,מפלצת,nouns,4.41
1462,lose,לשמור,verbs,0.35
1463,discussion,טיעון,nouns,2.14
1464,holiday,לוח שנה,nouns,0.86
1465,make,לבנות,verbs,3.3
1466,date,יום הולדת,nouns,1.65
1467,bother,לפגוע,verbs,1.83
1468,mad,מעולה,adjectives,0.3
1469,car,כביש,nouns,0.85
1470,blanket,סערה,nouns,0.4
1471,yogurt,בקר,nouns,0.77
1472,tradition,עבודת יד,nouns,0.71
1473,horse,סוסה,nouns,3.08
1474,give,להניח,verbs,0.56
1475,fry,להרתיח,verbs,1.62
1476,needy,חסר ישע,adjectives,2.62
1477,cocktail,אלכוהול,nouns,2.17
1478,tough,קל,adjectives,0.54
1479,salary,עמלה,nouns,1.07
1480,dirty,זול,adjectives,0.44
1481,attend,לשלוח,verbs,0.45
1482,sand,רגל,nouns,0.25
1483,noise,רעשן,nouns,2.37
1484,club,סימן,nouns,0.0
1485,story,ספר,nouns,1.91
1486,safely,בשמחה,adverbs,0.33
1487,algebra,פעולה,nouns,0.81
1488,big,רחב,adjectives,2.41
1489,become,להופיע,verbs,0.09
1490,mood,רגש,nouns,3.25
1491,diplomacy,הדיינות,nouns,2.21
1492,harm,כאב,nouns,2.26
1493,beach,אי,nouns,1.15
1494,cat,חיית מחמד,nouns,2.62
1495,fox,כלב,nouns,1.33
1496,person,חיה,nouns,1.01
1497,behave,לציית,verbs,1.81
1498,valley,דיכאון,nouns,0.5
1499,adult,ילד,nouns,0.89
1500,seed,חרדל,nouns,1.04
1501,securely,בזהירות,adverbs,1.98
1502,gale,שמיכה,nouns,0.4
1503,waist,קיבה,nouns,1.41
1504,find,לרכוש,verbs,1.92
1505,hardware,מקרה,nouns,0.41
1506,bottle,פחית,nouns,1.6
1507,unforeseen,בלתי צפוי,adjectives,5.51
1508,terrific,רע,adjectives,0.34
1509,man,בעל,nouns,2.26
1510,slim,צנום,adjectives,5.04
1511,cat,כלב,nouns,1.06
1512,stumble,ליפול,verbs,3.82
1513,vein,בטן,nouns,0.4
1514,beer,שמפניה,nouns,1.6
1515,quickly,בדחיפות,adverbs,3.21
1516,lover,חבר,nouns,2.08
1517,drench,להקטין,verbs,0.25
1518,remain,לשמור,verbs,0.74
1519,vomit,לסגור,verbs,0.05
1520,alcohol,בירה,nouns,1.95
1521,division,כפל,nouns,1.38
1522,entertain,להנות,verbs,1.19
1523,lemon,תה,nouns,0.49
1524,muscle,לשון,nouns,1.51
1525,beverage,בירה,nouns,1.84
1526,evaluate,ללמוד,verbs,0.57
1527,shore,חוף,nouns,3.48
1528,news,רכילות,nouns,2.17
1529,dinner,תרנגולת,nouns,0.74
1530,motor,סירה,nouns,0.96
1531,odd,משונה,adjectives,4.23
1532,stop,לשרוק,verbs,0.1
1533,monk,כומר,nouns,3.46
1534,father,בן,nouns,1.31
1535,messy,מסודר,adjectives,0.54
1536,idea,תכנית,nouns,2.87
1537,boat,עוגן,nouns,0.85
1538,borrower,אשראי,nouns,0.91
1539,argue,להתווכח,verbs,2.22
1540,cook,לטגן,verbs,2.21
1541,scare,לרדוף,verbs,1.34
1542,joy,גאווה,nouns,1.81
1543,self,ביטחון,nouns,0.81
1544,gossip,חדשות,nouns,2.17
1545,make,ליצור,verbs,4.25
1546,try,לשכנע,verbs,0.71
1547,zinc,זהב,nouns,1.16
1548,decade,עידן,nouns,2.13
1549,please,להסכים,verbs,0.84
1550,nose,ראש,nouns,0.89
1551,agree,לקבל,verbs,2.47
1552,ideally,באופן מציאותי,adverbs,0.77
1553,adversary,מתנגד,nouns,4.74
1554,colt,סוס,nouns,2.45
1555,archbishop,בישוף,nouns,3.44
1556,possibly,באופטימיות,adverbs,0.54
1557,ashamed,עצוב,adjectives,0.94
1558,jacket,סוודר,nouns,2.32
1559,suspect,לעצור,verbs,0.48
1560,lose,להיכשל,verbs,2.54
1561,water,מלח,nouns,0.63
1562,weak,חזק,adjectives,0.54
1563,weekend,שבוע,nouns,1.16
1564,dog,חתול,nouns,1.06
1565,bath,חדר,nouns,0.72
1566,infection,נטייה,nouns,0.05
1567,forget,להזכיר,verbs,0.54
1568,box,תא,nouns,2.38
1569,floor,דלת,nouns,0.54
1570,make,להרוס,verbs,0.54
1571,swallow,לשתות,verbs,1.79
1572,shelter,צריף,nouns,1.81
1573,occasionally,בקביעות,adverbs,1.36
1574,manuscript,מאמר,nouns,1.92
1575,bite,לקרוא,verbs,0.0
1576,body,כתף,nouns,0.99
1577,maid,נערה,nouns,0.62
1578,explore,לגלות,verbs,2.5
1579,soon,מיד,adverbs,2.4
1580,guilty,רע,adjectives,1.14
1581,purely,לגמרי,adverbs,2.06
1582,weird,מוזר,adjectives,5.07
1583,rattle,רעש,nouns,2.37
1584,roof,תקרה,nouns,3.75
1585,herb,מריחואנה,nouns,2.34
1586,bacon,בשר,nouns,2.04
1587,machine,מחשב,nouns,2.21
1588,gift,סופר,nouns,0.65
1589,bible,ספר,nouns,1.57
1590,antagonize,לעצבן,verbs,4.61
1591,mustard,גרגיר,nouns,1.04
1592,scribble,לכתוב,verbs,2.6
1593,seedling,עלה,nouns,1.25
1594,hate,לתעב,verbs,5.3
1595,elephant,דינוזאור,nouns,0.67
1596,wide,טרי,adjectives,0.0
1597,camp,ביתן,nouns,0.99
1598,grief,ייסורים,nouns,3.08
1599,sensor,רדיאטור,nouns,0.52
1600,admire,להעריץ,verbs,3.22
1601,fence,קפיצה,nouns,0.35
1602,observe,להסתכל,verbs,5.32
1603,reburial,קבר,nouns,0.91
1604,body,גב,nouns,1.04
1605,keep,להשאיל,verbs,0.67
1606,car,מפעל,nouns,0.45
1607,never,בנדיבות,adverbs,0.45
1608,tear,עין,nouns,0.82
1609,flee,לברוח,verbs,4.95
1610,wonderful,מעולה,adjectives,4.34
1611,telescope,כיסא,nouns,0.15
1612,taxi,מונית,nouns,5.54
1613,crime,גניבה,nouns,2.26
1614,beef,בשר,nouns,2.41
1615,fraud,פשע,nouns,2.3
1616,highway,כביש,nouns,3.95
1617,do,להפסיק,verbs,0.39
1618,fail,להפסיד,verbs,2.54
1619,task,אי,nouns,0.0
1620,receive,לשלוח,verbs,0.49
1621,wander,לנדוד,verbs,4.72
1622,formula,יומן,nouns,0.28
1623,astronomer,גלקסיה,nouns,1.02
1624,forget,להתעלם,verbs,1.08
1625,kitchen,דלת,nouns,0.49
1626,combine,קנה סוכר,nouns,0.25
1627,mechanically,באופן אידיאלי,adverbs,0.15
1628,guitar,פורל,nouns,0.05
1629,archer,גשש,nouns,0.26
1630,soft,אלים,adjectives,0.35
1631,muslim,בישוף,nouns,0.81
1632,image,השתקפות,nouns,1.86
1633,bronchitis,פרצטמול,nouns,0.69
1634,hostility,תוקפנות,nouns,4.34
1635,illegal,מושחת,adjectives,2.06
1636,teacher,רב,nouns,2.06
1637,capital,כסף,nouns,3.74
1638,novel,סופר,nouns,0.91
1639,ray,שמש,nouns,1.07
1640,bone,מרפק,nouns,1.4
1641,persuade,לרדוף,verbs,0.29
1642,rude,תוקפני,adjectives,1.36
1643,understand,לקלוט,verbs,3.99
1644,break,לסדוק,verbs,3.23
1645,proud,חזק,adjectives,0.46
1646,unite,להינשא,verbs,3.12
1647,dinner,מרק,nouns,1.44
1648,app,גלקסי,nouns,0.3
1649,frustration,כעס,nouns,3.55
1650,viscosity,התזה,nouns,0.41
1651,bathroom,חדר שינה,nouns,1.01
1652,bride,חתן,nouns,1.54
1653,join,לעזוב,verbs,0.54
1654,alley,רחוב,nouns,3.23
1655,beach,ים,nouns,1.61
1656,dumb,נדיר,adjectives,0.1
1657,sheep,טלה,nouns,4.02
1658,sequel,מצלמה,nouns,0.0
1659,lightly,בבהירות,adverbs,0.97
1660,vision,תפיסה,nouns,3.22
1661,leaf,עץ,nouns,1.11
1662,dawn,יום,nouns,2.21
1663,shy,יקר,adjectives,0.05
1664,bride,נסיכה,nouns,0.69
1665,molecule,מטריצה,nouns,0.14
1666,apple,מיץ,nouns,1.04
1667,tree,סירה,nouns,0.55
1668,mutant,סוציוביולוגיה,nouns,0.4
1669,homophone,פוטופון,nouns,0.54
1670,chapter,בחירה,nouns,0.1
1671,session,מטופל,nouns,0.63
1672,decoration,קיר,nouns,0.51
1673,immoral,רע,adjectives,2.91
1674,money,הון,nouns,3.74
1675,press,לשחרר,verbs,0.45
1676,girl,עוזרת,nouns,0.62
1677,silently,באופן פסיבי,adverbs,1.32
1678,gun,מחברת,nouns,0.0
1679,strawberry,דובדבן,nouns,1.33
1680,analyze,להשוות,verbs,2.27
1681,happily,בבטחה,adverbs,0.33
1682,bed,חדר שינה,nouns,1.36
1683,bread,בשר,nouns,0.49
1684,great,נורא,adjectives,0.44
1685,swamp,אגם,nouns,1.27
1686,room,מיטה,nouns,0.64
1687,parade,המון,nouns,1.73
1688,sometimes,באופן אחיד,adverbs,0.25
1689,company,עסק,nouns,3.71
1690,modest,גמיש,adjectives,0.1
1691,hug,להתרכבל,verbs,4.34
1692,day,לילה,nouns,0.66
1693,wife,קש,nouns,0.1
1694,juice,תפוח,nouns,1.04
1695,satisfy,לרצות,verbs,3.21
1696,justice,בית דין,nouns,2.1
1697,money,פנינה,nouns,0.57
1698,discourage,לעודד,verbs,0.54
1699,companion,חבר,nouns,5.29
1700,meteor,כבידה,nouns,0.61
1701,terrific,משוגע,adjectives,0.3
1702,film,ניהיליזם,nouns,0.15
1703,alloy,פלדה,nouns,2.37
1704,create,לצלול,verbs,0.1
1705,furniture,דירה,nouns,0.66
1706,cinema,טלויזיה,nouns,1.99
1707,guitar,כינור,nouns,1.39
1708,orderly,מבולגן,adjectives,0.54
1709,rice,שעועית,nouns,1.14
1710,prove,להסביר,verbs,2.06
1711,fade,לשחוק,verbs,2.62
1712,event,התרמה,nouns,1.79
1713,stiff,קל,adjectives,0.4
1714,participate,לשתף,verbs,2.13
1715,helmet,נשק,nouns,0.94
1716,germ,פתוגן,nouns,3.78
1717,foot,יד,nouns,1.15
1718,opinion,רעיון,nouns,2.74
1719,body,בטן,nouns,1.33
1720,dictionary,הגדרה,nouns,0.99
1721,priest,אל,nouns,0.84
1722,stop,לנהוג,verbs,0.45
1723,fun,כדורגל,nouns,0.4
1724,danger,איום,nouns,4.38
1725,galaxy,אפליקציה,nouns,0.3
1726,fight,לנשוך,verbs,0.94
1727,wealth,עוני,nouns,0.61
1728,winter,קיץ,nouns,0.89
1729,coin,תשלום,nouns,1.52
1730,reap,להרוויח,verbs,2.34
1731,theatre,סוללה,nouns,0.0
1732,celebration,טקס,nouns,3.14
1733,telescope,סיעור מוחות,nouns,0.0
1734,tiny,עצום,adjectives,0.57
1735,solve,לסיים,verbs,1.99
1736,seriously,בכנות,adverbs,1.38
1737,music,חליל,nouns,1.2
1738,hit,להעניש,verbs,1.26
1739,aluminium,בדיל,nouns,1.79
1740,scholarship,שכר לימוד,nouns,0.99
1741,want,לבחור,verbs,0.91
1742,mathematician,הצגה,nouns,0.05
1743,mink,פרווה,nouns,2.55
1744,task,קש,nouns,0.0
1745,portray,להודיע,verbs,0.45
1746,convocation,אסיפה,nouns,4.42
1747,mink,שמן,nouns,0.15
1748,slide,מצביע,nouns,0.2
1749,mountain,אדן,nouns,0.47
1750,understand,להקשיב,verbs,1.44
1751,defend,לשמור,verbs,4.1
1752,new,ישן,adjectives,0.54
1753,intuition,חוש,nouns,4.64
1754,incredible,רגיל,adjectives,0.44
1755,clothes,מעיל,nouns,1.67
1756,honey,סוכר,nouns,1.29
1757,worker,משרד,nouns,0.71
1758,greet,להיפגש,verbs,1.36
1759,enjoy,לבדר,verbs,1.19
1760,creator,יוצר,nouns,5.37
1761,amorphous,חסר צורה,adjectives,5.0
1762,frame,מכה,nouns,0.0
1763,translator,זר,nouns,0.45
1764,crowd,המון,nouns,4.47
1765,snap,לחרוק,verbs,0.76
1766,sugar,דבש,nouns,1.29
1767,salad,חומץ,nouns,0.59
1768,motel,אכסניה,nouns,4.11
1769,key,כתר,nouns,0.0
1770,apple,אור,nouns,0.0
1771,notebook,אקדח,nouns,0.0
1772,crowd,מצעד,nouns,1.73
1773,foreskin,ברית מילה,nouns,1.19
1774,seriously,בחשיבות,adverbs,2.36
1775,monoculture,חקלאות,nouns,1.09
1776,chapter,לילה,nouns,0.05
1777,father,גבר,nouns,2.46
1778,alcohol,יין,nouns,1.99
1779,flower,פקעת,nouns,1.33
1780,mouth,שפה,nouns,1.47
1781,hold,לחבק,verbs,1.85
1782,require,לסדר,verbs,0.15
1783,quit,לעשות,verbs,0.39
1784,competence,יכולת,nouns,4.72
1785,condition,חוזה,nouns,1.04
1786,happy,צעיר,adjectives,0.39
1787,hug,לחנוק,verbs,0.92
1788,anger,זעם,nouns,5.12
1789,belief,דעה,nouns,4.01
1790,sacred,יקר ערך,adjectives,2.51
1791,impatient,חרד,adjectives,1.64
1792,comfortably,בקלות,adverbs,2.3
1793,speak,להקשיב,verbs,0.54
1794,tobacco,סיגריה,nouns,1.92
1795,easy,מורכב,adjectives,0.49
1796,door,קומה,nouns,0.54
1797,author,יוצר,nouns,3.79
1798,nice,אכזרי,adjectives,0.4
1799,understand,לדעת,verbs,2.7
1800,combine,לשלב,verbs,4.3
1801,straw,המנון,nouns,0.0
1802,join,לחבר,verbs,4.86
1803,stir, לנער,verbs,1.77
1804,wealth,יוקרה,nouns,2.06
1805,disk,מטען,nouns,0.27
1806,neck,עצם,nouns,0.67
1807,opening,מרווח,nouns,3.9
1808,proclaim,להודיע,verbs,4.96
1809,glow,לזרוח,verbs,3.91
1810,actor,שחקנית,nouns,3.54
1811,cube,צעצוע,nouns,0.75
1812,reality,אשליה,nouns,0.61
1813,quick,מהיר,adjectives,5.57
1814,decrease,לרדת,verbs,1.04
1815,bath,רעיה,nouns,0.05
1816,head,אף,nouns,0.89
1817,roughly,באופן אמין,adverbs,0.2
1818,leave,לנסוג,verbs,3.16
1819,predict,להניח,verbs,0.77
1820,terminally,אחרת,adverbs,0.14
1821,waist,ארוחה,nouns,0.4
1822,today,הלילה,adverbs,1.52
1823,storm,הוריקן,nouns,3.46
1824,public,פרטי,adjectives,0.54
1825,once,פעמיים,adverbs,1.35
1826,investigate,לבחון,verbs,3.7
1827,meat,לחם,nouns,0.49
1828,stupid,פתי,adjectives,2.49
1829,payment,מטבע,nouns,1.52
1830,mechanic,עובד,nouns,1.91
1831,turkey,ציפור,nouns,1.85
1832,soldier,שלום,nouns,0.4
1833,carry,להביא,verbs,2.0
1834,ugly,מבולגן,adjectives,0.98
1835,cooked,מורתח,adjectives,2.87
1836,hysteria,בלבול,nouns,1.41
1837,inquire,לחשוב,verbs,1.1
1838,notify,לתאר,verbs,0.45
1839,minor,משמעותי,adjectives,0.49
1840,bias,דעה,nouns,2.49
1841,multiplication,חילוק,nouns,1.38
1842,encyclopedia,מילון,nouns,2.08
1843,disc,מחשב,nouns,0.84
1844,loudly,נורא,adverbs,0.48
1845,archaeology,אנתרופולוגיה,nouns,1.38
1846,threat,סכנה,nouns,4.38
1847,system,אשמה,nouns,0.32
1848,argue,לצעוק,verbs,1.89
1849,precise,שגוי,adjectives,0.5
1850,deny,לתת,verbs,0.05
1851,president,מצלמה,nouns,0.05
1852,narrow,ארוך,adjectives,1.05
1853,cloth,בגדים,nouns,2.04
1854,logic,חשבון,nouns,1.58
1855,philosopher,מרוץ,nouns,0.0
1856,capability,כשירות,nouns,4.72
1857,calm,ניטרלי,adjectives,1.61
1858,swim,להיפגש,verbs,0.32
1859,separate,לחבר,verbs,0.54
1860,nephew,דודה,nouns,0.77
1861,cent,אנשים,nouns,0.65
1862,define,להבהיר,verbs,2.83
1863,become,לעשות,verbs,0.62
1864,deteriorate,לנגב,verbs,0.0
1865,bad,מצוין,adjectives,0.34
1866,create,לעשות,verbs,4.25
1867,powerful,חלש,adjectives,0.54
1868,fully,בעיקרון,adverbs,0.59
1869,log,נוסחה,nouns,0.28
1870,hypothesis,תיאוריה,nouns,4.86
1871,bread,קמח,nouns,1.09
1872,spend,לחסוך,verbs,0.54
1873,bag,ארנק,nouns,3.01
1874,know,להאמין,verbs,1.45
1875,cellar,דלת,nouns,0.49
1876,phone,קורבן,nouns,0.15
1877,stud,בחור,nouns,1.49
1878,meat,סטייק,nouns,3.44
1879,muscle,עצם,nouns,0.57
1880,science,פסיכולוגיה,nouns,1.56
1881,vinegar,סלט,nouns,0.59
1882,sauce,תפוח,nouns,0.73
1883,kidney,איבר,nouns,2.05
1884,mighty,חזק,adjectives,5.3
1885,church,מקהלה,nouns,0.94
1886,absorb,ללמוד,verbs,1.83
1887,remember,לחשוב,verbs,1.27
1888,responsibly,באופן אמין,adverbs,2.81
1889,class,כאוס,nouns,0.1
1890,fashion,צורה,nouns,1.27
1891,union,קומבינציה,nouns,2.6
1892,father,בת,nouns,0.77
1893,leave,לנדוד,verbs,0.81
1894,racket,כדור,nouns,0.99
1895,pie,שוקולד,nouns,0.77
1896,melody,מוסיקה,nouns,3.07
1897,sad,גאה,adjectives,0.25
1898,restless,צעיר,adjectives,0.24
1899,bathroom,מטבח,nouns,1.02
1900,go,לשלוח,verbs,0.51
1901,cab,אוטובוס,nouns,1.69
1902,quietly,בטבעיות,adverbs,0.24
1903,require,לברר,verbs,0.55
1904,underwear,גוף,nouns,0.35
1905,decide,לשפוט,verbs,2.64
1906,globe,עולם,nouns,3.9
1907,key,בית,nouns,0.77
1908,corridor,פרוזדור,nouns,5.76
1909,persuade,להתווכח,verbs,1.98
1910,radar,ג'ויסטיק,nouns,0.22
1911,completely,באופן שולי,adverbs,0.44
1912,body,חזה,nouns,1.23
1913,ecosystem,כלכלה,nouns,0.69
1914,truck,מכונית,nouns,2.29
1915,calmly,בשלווה,adverbs,4.75
1916,valley,קניון,nouns,3.92
1917,boat,מכונית,nouns,1.07
1918,short,ארוך,adjectives,0.54
1919,sweet,חשמלי,adjectives,0.0
1920,fur,מינק,nouns,2.55
1921,warrior,גבר,nouns,1.17
1922,prosecutor,עורך דין,nouns,2.7
1923,illegal,חוקי,adjectives,0.54
1924,lens,מצלמה,nouns,1.45
1925,strangely,באופן חריג,adverbs,4.93
1926,will,כוונה,nouns,3.99
1927,employee,מעסיק,nouns,0.96
1928,capture,לחקות,verbs,0.27
1929,metal,פח,nouns,1.66
1930,employer,עובד,nouns,1.79
1931,broom,אבק,nouns,0.77
1932,cent,גודל,nouns,0.1
1933,trout,גיטרה,nouns,0.05
1934,shapeless,אמורפי,adjectives,5.0
1935,cry,לייבב,verbs,4.59
1936,imagine,ליצור,verbs,1.49
1937,teacher,מדריך,nouns,4.27
1938,deny,לשקר,verbs,1.27
1939,perception,חזון,nouns,3.22
1940,slave,משרת,nouns,3.79
1941,sing,לצחוק,verbs,0.51
1942,bone,קרסול,nouns,1.21
1943,leave,להמתין,verbs,0.2
1944,artist,יצירה,nouns,1.14
1945,plead,להתחנן,verbs,4.68
1946,log,אמבטיה,nouns,0.1
1947,home,מדינה,nouns,0.92
1948,battle,כיבוש,nouns,2.06
1949,winner,אלוף,nouns,4.22
1950,plane,שדה תעופה,nouns,0.89
1951,conquest,מסע,nouns,1.23
1952,century,עשור,nouns,1.15
1953,bee,חרק,nouns,1.88
1954,win,להביס,verbs,3.69
1955,roughly,בקוצר רוח,adverbs,0.64
1956,syntax,מילת מפתח,nouns,0.64
1957,bizarre,מוזר,adjectives,5.27
1958,man,אישה,nouns,0.96
1959,digit,ציטופלזמה,nouns,0.25
1960,volcano,מגמה,nouns,1.3
1961,chicken,אורז,nouns,0.59
1962,nozzle,נוזל,nouns,0.49
1963,ant,דבורה,nouns,1.11
1964,game,טריק,nouns,1.09
1965,closely,באזור,adverbs,3.26
1966,man,דוד,nouns,1.09
1967,squeeze,לחבק,verbs,1.43
1968,mare,סוס,nouns,3.08
1969,retain,לשכוח,verbs,0.45
1970,choice,פרק,nouns,0.1
1971,decline,לסרב,verbs,5.04
1972,knife,אקדח,nouns,1.36
1973,surgery,לב,nouns,0.53
1974,atmosphere,אוזון,nouns,2.89
1975,smartphone,אננס,nouns,0.0
1976,softly,בקול רם,adverbs,0.29
1977,soul,אח,nouns,0.1
1978,nose,גרון,nouns,0.84
1979,avionics,אווירונאוטיקה,nouns,2.69
1980,believe,להרגיש,verbs,1.79
1981,hashtag,נושא,nouns,0.58
1982,snake,לטאה,nouns,1.64
1983,bird,נץ,nouns,2.25
1984,live,לשרוד,verbs,2.89
1985,impossible,אפשרי,adjectives,0.54
1986,clearly,בוודאי,adverbs,3.8
1987,side,תחתית,nouns,1.04
1988,fast,זריז,adjectives,5.19
1989,wonderful,יפה,adjectives,1.96
1990,hard,פשוט,adjectives,0.44
1991,car,כרכרה,nouns,2.27
1992,pest,מדביר,nouns,0.91
1993,agony,צער,nouns,3.08
1994,palace,גורד שחקים,nouns,0.96
1995,kill,להרוס,verbs,2.09
1996,lamb,כבש,nouns,4.02
1997,polyester,כותנה,nouns,1.13
1998,room,בניין,nouns,1.01
1999,monitor,מסך,nouns,4.18
2000,christian,פרוטסטנט,nouns,2.83
2001,population,אנשים,nouns,2.92
2002,literature,ספר,nouns,2.22
2003,affix,סיומת,nouns,2.36
2004,put,לקבל,verbs,0.44
2005,book,מאמר,nouns,1.34
2006,tongue,גרון,nouns,0.94
2007,inch,יארד,nouns,1.48
2008,alphabet,עט,nouns,0.44
2009,plane,סדין,nouns,0.0
2010,significant,זעיר,adjectives,0.49
2011,professor,סטודנט,nouns,0.71
2012,door,מסדרון,nouns,0.74
2013,shake,לאסוף,verbs,0.1
2014,hurt,לתקוף,verbs,2.77
2015,west,צפון,nouns,1.45
2016,chase,לעקוב,verbs,2.42
2017,minute,שנייה,nouns,1.69
2018,snore,להתעורר,verbs,0.49
2019,horn,מכונית,nouns,1.11
2020,can,בקבוק,nouns,1.6
2021,simple,קל,adjectives,4.01
2022,letter,פסקה,nouns,0.92
2023,squad,צבא,nouns,1.91
2024,surprise,לחגוג,verbs,0.84
2025,disown,לתת,verbs,0.49
2026,highway,מכונית,nouns,0.85
2027,chocolate,פאי,nouns,0.77
2028,asset,מנייה,nouns,3.27
2029,essay,שיעורי בית,nouns,2.16
2030,body,עצב,nouns,0.5
2031,grassland,אחו,nouns,2.19
2032,tired,משעמם,adjectives,0.66
2033,belly,כרס,nouns,4.04
2034,righteously,בבגרות,adverbs,0.64
2035,overt,חבוי,adjectives,0.77
2036,journey,טיול,nouns,4.71
2037,humbly,בעוני,adverbs,0.44
2038,top,צד,nouns,0.41
2039,blame,לדחוף,verbs,0.2
2040,chicken,סעודה,nouns,0.74
2041,stand,לצעוד,verbs,0.84
2042,confidence,עצמי,nouns,0.81
2043,disappear,למצוא,verbs,0.5
2044,melt,להתמוסס,verbs,2.39
2045,stop,לשלוט,verbs,0.57
2046,unnecessary,הכרחי,adjectives,0.59
2047,explain,לשוחח,verbs,1.5
2048,dull,מלהיב,adjectives,0.49
2049,car,סירה,nouns,1.07
2050,case,חומרה,nouns,0.41
2051,news,מאמר מערכת,nouns,2.01
2052,brother,אחות,nouns,2.29
2053,dull,משועמם,adjectives,1.99
2054,wonderful,מצוין,adjectives,5.05
2055,catch,לקבל,verbs,1.54
2056,cannon,רובה,nouns,2.42
2057,accept,להאמין,verbs,1.54
2058,frightened,נרגש,adjectives,0.77
2059,balloon,אנשים,nouns,0.1
2060,leave,להגיע,verbs,0.49
2061,iron,ויטמין,nouns,1.46
2062,gun,שחר,nouns,0.0
2063,carefully,בזהירות,adverbs,4.23
2064,arrange,לצרוך,verbs,0.15
2065,withdraw,לפרוש,verbs,3.42
2066,value,שיעור,nouns,1.42
2067,butterfly,ורד,nouns,0.25
2068,ordinary,מדהים,adjectives,0.44
2069,marry,להתארס,verbs,1.57
2070,exit,זכות בחירה,nouns,0.0
2071,allow,לשחוק,verbs,0.05
2072,agriculture,מונוקלטורה,nouns,1.09
2073,air,מולקולה,nouns,1.07
2074,engine,שסתום,nouns,1.77
2075,lend,לתת,verbs,2.4
2076,helper,מורה,nouns,1.88
2077,book,חיבור,nouns,1.35
2078,comprehend,לספק,verbs,0.22
2079,probably,ייתכן,adverbs,3.75
2080,piece,שדה תעופה,nouns,0.1
2081,never,בכנות,adverbs,0.0
2082,might,כוח,nouns,4.73
2083,straw,משימה,nouns,0.0
2084,simulation,רובוטיקה,nouns,1.1
2085,island,חיל הים,nouns,0.2
2086,believe,לדעת,verbs,1.45
2087,flexible,רפוי,adjectives,1.85
2088,awake,לנחור,verbs,0.49
2089,post,מהירות,nouns,0.3
2090,ankle,חלון,nouns,0.0
2091,vein,בחירה,nouns,0.0
2092,maple,עץ,nouns,2.3
2093,huge,זעיר,adjectives,0.57
2094,note,תשלום,nouns,0.31
2095,fail,לדכא,verbs,0.36
2096,believe,לקבל,verbs,1.54
2097,moss,דשא,nouns,1.71
2098,overcast,תחזית,nouns,0.81
2099,carry,לקחת,verbs,1.41
2100,chapel,צריח,nouns,1.77
2101,arm,ברך,nouns,0.79
2102,dance,שמלה,nouns,0.35
2103,microscope,ביולוג,nouns,0.63
2104,uniformly,לפעמים,adverbs,0.25
2105,cinematography,במאי,nouns,1.02
2106,book,נושא,nouns,0.48
2107,fever,מחלה,nouns,2.22
2108,meat,בייקון,nouns,2.04
2109,corridor,דלת,nouns,0.74
2110,definition,מילון,nouns,0.99
2111,insignia,כבוד,nouns,0.84
2112,companion,מאהב,nouns,2.08
2113,car,מעלית,nouns,0.44
2114,bored,משעמם,adjectives,1.99
2115,wife,אמבטיה,nouns,0.05
2116,decoration,מעטפה,nouns,0.2
2117,teacher,חבר,nouns,0.6
2118,try,להשיג,verbs,0.64
2119,balloon,אמבטיה,nouns,0.05
2120,couple,צמד,nouns,5.42
2121,bicycle,מכונית,nouns,1.25
2122,build,לחבר,verbs,1.84
2123,sandwich,בשר,nouns,0.67
2124,ceiling,רצפה,nouns,0.71
2125,prince,מלך,nouns,2.11
2126,bed,עריסה,nouns,3.3
2127,theme,ספר,nouns,0.54
2128,king,שליט,nouns,3.72
2129,people,אוכלוסייה,nouns,2.92
2130,beauty,גיל,nouns,0.57
2131,come,ללכת,verbs,0.96
2132,sandwich,ארוחה,nouns,1.69
2133,coal,אבן,nouns,2.15
2134,flag,חקר דגלים,nouns,1.36
2135,organize,להפוך,verbs,0.55
2136,honest,אשם,adjectives,0.3
2137,find,לברוח,verbs,0.4
2138,mine,סלע,nouns,1.07
2139,certain,בטוח,adjectives,5.19
2140,diamond,כסף,nouns,0.71
2141,couch,מיטה,nouns,1.76
2142,gut,עצב,nouns,0.84
2143,twice,הרבה,adverbs,1.17
2144,steal,לקחת,verbs,2.19
2145,usually,באופן לא סדיר,adverbs,0.57
2146,log,עץ,nouns,2.31
2147,court,שופט,nouns,1.35
2148,pretend,להניח,verbs,0.39
2149,long,קצר,adjectives,0.54
2150,fiction,ביוגרפיה,nouns,0.74
2151,want,להשאיל,verbs,0.1
2152,big,קל,adjectives,0.35
2153,recently,בזמן האחרון,adverbs,5.32
2154,arrive,לעזוב,verbs,0.49
2155,biscuit,נסיכה,nouns,0.0
2156,slim,צר,adjectives,3.71
2157,different,נורמלי,adjectives,0.45
2158,specially,באופן משמעותי,adverbs,2.26
2159,happy,משוגע,adjectives,0.45
2160,choke,להרוג,verbs,1.7
2161,politician,נשיא,nouns,2.4
2162,bad,שקרן,adjectives,1.07
2163,athlete,אצן,nouns,2.26
2164,decide,לתאר,verbs,0.2
2165,mix,לבשל,verbs,1.01
2166,cable,קוסם,nouns,0.15
2167,century,ליקר,nouns,0.0
2168,trick,אקדח,nouns,0.1
2169,drink,לגדל,verbs,0.0
2170,drink,לערבב,verbs,0.45
2171,nail,ראש,nouns,0.35
2172,deck,סירה,nouns,1.04
2173,guilty,כן,adjectives,0.3
2174,blanket,עץ,nouns,0.15
2175,chorus,זמר,nouns,1.54
2176,sky,חלום,nouns,0.48
2177,justify,לאמת,verbs,1.75
2178,wrathful,הססן,adjectives,0.55
2179,engine,מכונה,nouns,2.14
2180,snow,קרח,nouns,2.86
2181,water,קרח,nouns,2.17
2182,unlikely,באופן ידידותי,adverbs,0.0
2183,emergency,תאונה,nouns,2.36
2184,parent,מבוגר,nouns,1.6
2185,drunk,פיכח,adjectives,0.54
2186,booth,טלפון,nouns,0.57
2187,ignore,להדפיס,verbs,0.1
2188,supporter,קריקט,nouns,0.3
2189,thumb,ציפורן,nouns,1.19
2190,lose,להחסיר,verbs,2.12
2191,insult,לפגוע,verbs,4.2
2192,skirt,שעון,nouns,0.25
2193,south,צפון,nouns,1.06
2194,august,חודש,nouns,2.15
2195,evening,שקיעה,nouns,1.61
2196,upset,מובך,adjectives,0.94
2197,lamp,שד,nouns,0.83
2198,adult,שומר,nouns,1.07
2199,marginally,בערך,adverbs,0.91
2200,denial,וידוי,nouns,0.62
2201,stock,נכס,nouns,3.27
2202,intend,לנסות,verbs,0.62
2203,add,להצטרף,verbs,1.94
2204,boy,מצב,nouns,0.0
2205,distance,פרספקטיבה,nouns,1.59
2206,worry,לבזבז,verbs,0.1
2207,bowl,סמטה,nouns,0.04
2208,definitely,בוודאי,adverbs,5.14
2209,wallpaper,רקע,nouns,3.14
2210,throat,לשון,nouns,0.94
2211,army,לגיון,nouns,3.02
2212,disappear,להיעלם,verbs,4.96
2213,intelligence,היגיון,nouns,2.7
2214,hang,להרוג,verbs,1.23
2215,historiographer,היסטוריון,nouns,3.32
2216,gallery,עורך דין,nouns,0.0
2217,bone,שריר,nouns,0.57
2218,tool,עבודה,nouns,0.48
2219,cursor,שבבים,nouns,0.15
2220,before,אחרי,adverbs,0.54
2221,give,להשאיל,verbs,2.4
2222,adore,להתפעל,verbs,3.22
2223,declare,להודיע,verbs,4.72
2224,bedroom,אמבטיה,nouns,1.01
2225,hawk,ציפור,nouns,2.25
2226,surely,ברור,adverbs,3.5
2227,copilot,תא הטייס,nouns,0.81
2228,receive,לקחת,verbs,0.96
2229,average,רגיל,adjectives,3.6
2230,word,עיתון,nouns,0.82
2231,crystal,זכוכית,nouns,2.13
2232,outgoing,נכנס,adjectives,0.59
2233,writer,כישרון,nouns,0.65
2234,hate,לבקר,verbs,0.59
2235,island,משימה,nouns,0.0
2236,frigid,שביר,adjectives,0.3
2237,start,החל,verbs,5.24
2238,now,כאן,adverbs,2.26
2239,precious,קדוש,adjectives,2.51
2240,weep,לבכות,verbs,4.53
2241,old,חדש,adjectives,0.54
2242,firmly,ברכות,adverbs,0.2
2243,adult,הורה,nouns,1.6
2244,cradle,עריסה,nouns,4.77
2245,engage,להתחתן,verbs,1.57
2246,graph,תרשים,nouns,4.09
2247,historian,היסטוריוגרף,nouns,3.32
2248,childish,טיפשי,adjectives,1.99
2249,send,ללכת,verbs,0.51
2250,innovative,יצירתי,adjectives,3.87
2251,secularist,דת,nouns,0.76
2252,door,מרתף,nouns,0.49
2253,snow,סערה,nouns,1.74
2254,young,שמח,adjectives,0.39
2255,dumb,פיקח,adjectives,0.49
2256,dust,מטאטא,nouns,0.77
2257,reduce,להנמיך,verbs,3.93
2258,wall,קישוט,nouns,0.51
2259,learn,לשכוח,verbs,0.49
2260,softly,בנחישות,adverbs,0.2
2261,cabin,בקתה,nouns,3.64
2262,drip,לשפוך,verbs,1.74
2263,soup,סעודה,nouns,1.44
2264,ordinary,שגרתי,adjectives,5.34
2265,instantly,פעם אחת,adverbs,0.58
2266,warn,לעצור,verbs,0.83
2267,tribunal,צדק,nouns,2.1
2268,rate,ערך,nouns,1.42
2269,sweater,כותנה,nouns,0.81
2270,shield,באקלר,nouns,1.48
2271,read,להבין,verbs,1.44
2272,sincerely,ברצינות,adverbs,1.38
2273,realistically,באופן אידיאלי,adverbs,0.77
2274,navy,אי,nouns,0.2
2275,dumb,עצום,adjectives,0.14
2276,accurately,נמרצות,adverbs,0.69
2277,think,להרהר,verbs,4.79
2278,assist,לעזור,verbs,5.61
2279,candidate,מנצח,nouns,0.98
2280,crack,לשבור,verbs,3.23
2281,hear,להבחין,verbs,1.49
2282,survive,לחיות,verbs,2.89
2283,bell,מגדל,nouns,0.57
2284,princess,כלה,nouns,0.69
2285,irritate,להרגיז,verbs,4.61
2286,escape,למצוא,verbs,0.4
2287,gun,תותח,nouns,2.42
2288,reliably,בערך,adverbs,0.2
2289,enjoy,לשנוא,verbs,0.2
2290,pilot,נהג,nouns,2.24
2291,create,להרוס,verbs,0.54
2292,happy,עליז,adjectives,5.17
2293,pot,מכשיר,nouns,0.84
2294,argue,לנמק,verbs,2.96
2295,cliff,זנב,nouns,0.0
2296,elect,לבחור,verbs,4.0
2297,wrong,מדוייק,adjectives,0.5
2298,after,לפני,adverbs,0.54
2299,calendar,תאריך,nouns,1.21
2300,quit,להתחיל,verbs,0.54
2301,groom,כלה,nouns,1.54
2302,aggressive,חצוף,adjectives,1.36
2303,attorney,פרקליט,nouns,4.94
2304,theft,פשע,nouns,2.26
2305,bird,הודו,nouns,1.85
2306,pollination,אבקן,nouns,1.34
2307,accept,לקבל,verbs,2.44
2308,vitamin,ברזל,nouns,1.46
2309,dog,סוס,nouns,0.72
2310,whisper,לדבר,verbs,1.87
2311,hungry,עייף,adjectives,0.57
2312,save,לבזבז,verbs,0.54
2313,beautiful,נפלא,adjectives,1.96
2314,allowed,חוקי,adjectives,4.21
2315,withdraw,לספוג,verbs,0.2
2316,chaotically,בשלווה,adverbs,0.24
2317,suffrage,יציאה,nouns,0.0
2318,compass,פיל,nouns,0.0
2319,equation,נוסחה,nouns,4.54
2320,approve,להרשות,verbs,4.73
2321,ordinary,קר,adjectives,0.2
2322,umbrella,תנור חימום,nouns,0.55
2323,repair,לשקם,verbs,4.36
2324,raise,לשתות,verbs,0.0
2325,uncle,גבר,nouns,1.09
2326,broad,צר,adjectives,0.54
2327,collect,לאגד,verbs,4.92
2328,idea,דעה,nouns,2.74
2329,escape,להימלט,verbs,4.95
2330,cloud,אגם,nouns,0.4
2331,stomach,חדר שינה,nouns,0.05
2332,vector,מטריצה,nouns,2.3
2333,pretend,להראות,verbs,1.24
2334,guitar,תוף,nouns,1.36
2335,paper,קרטון,nouns,2.59
2336,blend,לצרף,verbs,4.3
2337,huge,גדול,adjectives,4.96
2338,woman,ג'ינס,nouns,0.3
2339,here,עכשיו,adverbs,2.26
2340,foot,ראש,nouns,0.59
2341,ancient,חדש,adjectives,0.54
2342,sly,קשוח,adjectives,0.25
2343,protect,לכסות,verbs,1.69
2344,chapter,זנב,nouns,0.2
2345,verify,להצדיק,verbs,1.75
2346,convince,לנסות,verbs,0.71
2347,bacon,שעועית,nouns,0.54
2348,multiply,להוסיף,verbs,1.04
2349,judge,להאשים,verbs,1.94
2350,senate,חוקה,nouns,0.61
2351,homeless,מיליונר,nouns,0.72
2352,generous,נחמד,adjectives,1.47
2353,tear,ללבוש,verbs,0.46
2354,proudly,בשלווה,adverbs,0.26
2355,pupil,סטודנט,nouns,5.45
2356,summer,חורף,nouns,0.89
2357,freedom,נווה מדבר,nouns,0.41
2358,oil,מינק,nouns,0.15
2359,mint,מוזיאון,nouns,0.24
2360,explain,להוכיח,verbs,2.06
2361,arm,גוף,nouns,0.91
2362,expand,לגדול,verbs,4.7
2363,deck,קומה,nouns,2.14
2364,steeple,קפלה,nouns,1.77
2365,body,דם,nouns,0.71
2366,collect,לסדר,verbs,1.5
2367,trial,פסיקה,nouns,1.8
2368,skill,אינטליגנציה,nouns,1.68
2369,prestige,עושר,nouns,2.06
2370,construction,הרס,nouns,0.57
2371,exciting,משעמם,adjectives,0.49
2372,involve,לכלול,verbs,3.2
2373,bottle,מכולה,nouns,1.3
2374,serious,מצחיק,adjectives,0.45
2375,importantly,ברצינות,adverbs,2.36
2376,pact,הסכם,nouns,5.1
2377,chest,גוף,nouns,1.23
2378,real,מזוייף,adjectives,0.54
2379,infection,מחלה,nouns,2.81
2380,pole,דגל,nouns,0.91
2381,order,תפריט,nouns,0.91
2382,water,הכתרה,nouns,0.05
2383,beef,בקר,nouns,3.44
2384,instructor,מורה,nouns,4.27
2385,chair,טלסקופ,nouns,0.15
2386,certain,עצבני,adjectives,0.15
2387,conversion,גובה,nouns,0.45
2388,humiliate,לנחם,verbs,0.39
2389,galaxy,אסטרונום,nouns,1.02
2390,fight,לחלוק,verbs,1.64
2391,demolish,לרסק,verbs,3.94
2392,win,להשיג,verbs,2.29
2393,comprehend,לדעת,verbs,2.58
2394,air,הליום,nouns,1.6
2395,bed,ספה,nouns,1.76
2396,abdomen,בטן,nouns,4.04
2397,release,לתפוס,verbs,0.54
2398,tail,פרק,nouns,0.2
2399,accident,ספר,nouns,0.0
2400,never,לאחר מכן,adverbs,0.62
2401,flight,תעופה,nouns,2.91
2402,doctor,מזג,nouns,0.0
2403,climb,לטייל,verbs,2.23
2404,terrible,עצוב,adjectives,1.47
2405,strategist,תחבולן,nouns,3.2
2406,supremacy,אומניפוטנטיות,nouns,1.8
2407,new,עתיק,adjectives,0.54
2408,independently,באופן אחראי,adverbs,1.09
2409,unnaturally,באופן שלילי,adverbs,0.57
2410,wood,שמיכה,nouns,0.15
2411,white,צר,adjectives,0.0
2412,bargain,אגורה,nouns,0.36
2413,strange,משונה,adjectives,5.07
2414,die,להתפורר,verbs,0.45
2415,priest,נביא,nouns,1.56
2416,day,בוקר,nouns,2.0
2417,gin,אלכוהול,nouns,2.06
2418,carpet,בית,nouns,0.54
2419,article,ספר,nouns,1.34
2420,pain,נזק,nouns,2.26
2421,phonology,מסך,nouns,0.15
2422,put,לתלות,verbs,0.94
2423,difficult,קל,adjectives,0.49
2424,river,ים,nouns,1.79
2425,weather,שלג,nouns,0.96
2426,coast,ספינת תותחים,nouns,0.64
2427,absorb,להחזיק,verbs,0.29
2428,circumstance,מצב,nouns,4.69
2429,democracy,מלוכה,nouns,1.26
2430,terminally,בעיקר,adverbs,0.04
2431,heroine,גיבור,nouns,3.42
2432,constitution,סנט,nouns,0.61
2433,purse,תיק,nouns,3.01
2434,lie,להאשים,verbs,0.48
2435,curved,ישר,adjectives,0.57
2436,attention,עניין,nouns,2.61
2437,house,אסם,nouns,1.07
2438,management,עכבר,nouns,0.0
2439,game,כיף,nouns,1.46
2440,dirt,בוץ,nouns,3.04
2441,cheap,בר השגה,adjectives,3.08
2442,accept,לסרב,verbs,0.49
2443,spiritual,חסר גוף,adjectives,1.19
2444,student,תלמיד,nouns,5.45
2445,apple,רוטב,nouns,0.73
2446,aisle,אולם,nouns,1.59
2447,bean,בייקון,nouns,0.54
2448,apartment,מלון,nouns,1.23
2449,head,ציפורן,nouns,0.35
2450,factory,מכונית,nouns,0.45
2451,reduce,להגביל,verbs,1.89
2452,stomach,וריד,nouns,0.4
2453,couch,בייסבול,nouns,0.1
2454,champagne,וויסקי,nouns,1.61
2455,meat,כריך,nouns,0.67
2456,remain,לקבל,verbs,0.35
2457,lake,ענן,nouns,0.4
2458,hen,ציפור,nouns,1.82
2459,vehicle,אוטובוס,nouns,1.91
2460,lonely,מסכן,adjectives,0.79
2461,planet,ירח,nouns,1.31
2462,deck,עכבר,nouns,0.05
2463,currency,תמימות דעים,nouns,0.64
2464,friend,חבר,nouns,4.71
2465,jaw,עצם,nouns,1.07
2466,car,מכונית,nouns,5.79
2467,orchestra,להקה,nouns,3.29
2468,agreement,ויכוח,nouns,0.54
2469,grasp,להבין,verbs,3.99
2470,vein,דם,nouns,1.75
2471,always,פעמיים,adverbs,0.53
2472,liquor,מאה,nouns,0.0
2473,scornful,בזוי,adjectives,4.04
2474,brightness,כוכב,nouns,1.01
2475,search,למצוא,verbs,1.71
2476,camera,עדשה,nouns,1.45
2477,spine,צוואר,nouns,1.52
2478,disintegrate,למות,verbs,0.45
2479,new,חדש,adjectives,3.82
2480,task,אישה,nouns,0.0
2481,clean,ללא רבב,adjectives,4.79
2482,cold,רגיל,adjectives,0.2
2483,elephant,מצפן,nouns,0.0
2484,lawyer,גלריה,nouns,0.0
2485,car,טנק,nouns,1.06
2486,officially,חשוב,adverbs,1.45
2487,molecule,אוויר,nouns,1.07
2488,devil,אל,nouns,1.17
2489,rain,טפטוף,nouns,3.17
2490,writer,מלחין,nouns,2.54
2491,hand,אגודל,nouns,1.42
2492,narrow,דק,adjectives,3.71
2493,choice,דעה,nouns,1.19
2494,violin,גיטרה,nouns,1.39
2495,door,מטבח,nouns,0.49
2496,happiness,עצב,nouns,0.59
2497,muscle,זרוע,nouns,1.04
2498,shirt,קרדיגן,nouns,1.46
2499,reliably,באופן אחראי,adverbs,2.81
2500,muffin,פטרוזיליה,nouns,0.4
2501,accomplish,להפוך,verbs,0.19
2502,kindly,בנדיבות,adverbs,2.79
2503,advise,להציע,verbs,3.81
2504,guy,חתיך,nouns,1.49
2505,sharp,מתון,adjectives,0.45
2506,reject,לגנות,verbs,1.9
2507,trick,גודל,nouns,0.0
2508,mayor,נשיא,nouns,1.64
2509,steak,בשר,nouns,3.44
2510,affordable,זול,adjectives,3.08
2511,narrow,מלוכלך,adjectives,0.0
2512,spoil,להריח,verbs,0.09
2513,belt,לולאה,nouns,0.99
2514,table,שקיעה,nouns,0.0
2515,house,שטיח,nouns,0.54
2516,recently,באופן מציאותי,adverbs,0.1
2517,tonight,מחר,adverbs,0.67
2518,do,לקרות,verbs,0.99
2519,undisclosed,גלוי,adjectives,0.77
2520,twice,תמיד,adverbs,0.53
2521,save,לטבוע,verbs,0.55
2522,refuse,לדחות,verbs,5.04
2523,finish,להתחרות,verbs,0.79
2524,bad,מעולה,adjectives,0.49
2525,bottom,פסגה,nouns,0.66
2526,pretend,לשקר,verbs,3.06
2527,foot,חול,nouns,0.25
2528,honestly,בכנות,adverbs,5.25
2529,elbow,עצם,nouns,1.4
2530,driver,טייס,nouns,2.24
2531,fragile,נוקשה,adjectives,0.3
2532,reef,חוף,nouns,1.34
2533,pour,לטפטף,verbs,1.74
2534,determine,לפנות,verbs,0.1
2535,yell,לצעוק,verbs,4.0
2536,orange,פרי הדר,nouns,2.94
2537,headword,תחביר,nouns,0.64
2538,strength,עוצמה,nouns,4.73
2539,dissolve,להמיס,verbs,2.39
2540,depression,עמק,nouns,0.5
2541,vanish,להיכחד,verbs,4.96
2542,locate,למצוא,verbs,4.83
2543,carefully,באופן מסוכן,adverbs,0.45
2544,pull,לדחוף,verbs,0.54
2545,violet,פרח,nouns,1.99
2546,tie,לשזור,verbs,2.61
2547,haul,להרים,verbs,2.09
2548,intention,רצון,nouns,3.99
2549,fee,משכורת,nouns,1.07
2550,ordinary,מוזר,adjectives,0.54
2551,suffix,מוספית,nouns,2.36
2552,dwarfish,זעיר,adjectives,4.38
2553,mainly,לרוב,adverbs,4.29
2554,meat,בקר,nouns,2.41
2555,drought,מים,nouns,0.39
2556,glass,תג,nouns,0.24
2557,knee,עצם,nouns,0.94
2558,fake,אמיתי,adjectives,0.54
2559,loose,גמיש,adjectives,1.85
2560,necessary,חיוני,adjectives,5.04
2561,accept,להכחיש,verbs,0.24
2562,throat,אף,nouns,0.84
2563,argue,להתלונן,verbs,1.79
2564,succeed,לנצח,verbs,2.64
2565,hug,למחוץ,verbs,1.43
2566,weekly,חודשי,adjectives,1.19
2567,tram,רכבת,nouns,2.58
2568,sonnet,יופי,nouns,0.32
2569,drift,לזרום,verbs,2.4
2570,management,משרה,nouns,1.02
2571,drum,גיטרה,nouns,1.36
2572,calmly,בנחישות,adverbs,0.46
2573,passive,אלים,adjectives,0.3
2574,messy,נקי,adjectives,0.49
2575,radical,אלים,adjectives,0.91
2576,delta,ים,nouns,1.02
2577,satisfy,להבין,verbs,0.22
2578,fall,למעוד,verbs,3.82
2579,complain,לטעון,verbs,1.79
2580,perspective,מרחק,nouns,1.59
2581,nepotism,מלך,nouns,0.76
2582,contemplate,לחשוב,verbs,4.79
2583,biography,בדיה,nouns,0.74
2584,wisdom,אינטליגנציה,nouns,4.53
2585,send,להגיע,verbs,0.45
2586,trick,אמבטיה,nouns,0.0
2587,car,רחוב,nouns,0.94
2588,gun,סמל,nouns,0.52
2589,depth,גודל,nouns,2.06
2590,environment,חרב,nouns,0.0
2591,responsibly,באופן עצמאי,adverbs,1.09
2592,confidence,גישה,nouns,1.31
2593,leave,להתעלם,verbs,1.02
2594,insect,דבורה,nouns,1.88
2595,heater,מטרייה,nouns,0.55
2596,hear,לדבר,verbs,0.54
2597,genie,מנורה,nouns,0.83
2598,wife,בעל,nouns,1.62
2599,meaningfully,לעומק,adverbs,2.99
2600,tell,להזכיר,verbs,1.66
2601,justice,זכות,nouns,1.34
2602,deeply,בעיקר,adverbs,0.66
2603,corruption,הונאה,nouns,2.83
2604,people,בלון,nouns,0.1
2605,bowl,צלחת,nouns,2.17
2606,clarify,להסביר,verbs,4.48
2607,spicy,חלש,adjectives,0.1
2608,fresh,רחב,adjectives,0.0
2609,sunset,חוט,nouns,0.0
2610,amazing,מלוכלך,adjectives,0.15
2611,crowd,חבורה,nouns,2.87
2612,wide,צר,adjectives,0.54
2613,floor,סיפון,nouns,2.14
2614,statistics,טניס,nouns,0.1
2615,cop,שריף,nouns,4.01
2616,leave,לפגוש,verbs,0.35
2617,passively,במרץ,adverbs,0.29
2618,reality,הזיה,nouns,0.84
2619,seed,מטחנה,nouns,0.57
2620,language,תקשורת,nouns,1.99
2621,square,מפה,nouns,0.45
2622,neck,זרוע,nouns,0.64
2623,flow,להיסחף,verbs,2.4
2624,become,לארגן,verbs,0.55
2625,parent,אבא,nouns,3.33
2626,give,לגנוב,verbs,0.44
2627,impatiently,בערך,adverbs,0.64
2628,anger,תסכול,nouns,3.55
2629,flower,אמונה,nouns,0.12
2630,join,להשתתף,verbs,2.92
2631,nail,אגודל,nouns,1.19
2632,subroutine,מהדר,nouns,1.21
2633,bubble,קצף,nouns,2.59
2634,express,לומר,verbs,3.76
2635,attract,להכות,verbs,0.45
2636,sinner,קדוש,nouns,0.53
2637,tongue,שריר,nouns,1.51
2638,meter,אינץ',nouns,1.39
2639,blitz,מתקפה,nouns,3.15
2640,announce,להכריז,verbs,4.96
2641,electric,מתוק,adjectives,0.0
2642,stomach,קורס,nouns,0.0
2643,dictionary,אנציקלופדיה,nouns,2.08
2644,illness,זיהום,nouns,2.79
2645,deliver,לקחת,verbs,0.81
2646,student,פרופסור,nouns,0.71
2647,bone,צוואר,nouns,0.67
2648,discuss,להסביר,verbs,1.5
2649,man,שומר,nouns,0.69
2650,truly,לחלוטין,adverbs,1.25
2651,multiple,פעמיים,adverbs,1.17
2652,bedroom,אופניים,nouns,0.15
2653,smallish,ננסי,adjectives,4.38
2654,worker,מכונאי,nouns,1.91
2655,young,עצבני,adjectives,0.24
2656,huge,מטומטם,adjectives,0.14
2657,finish,לסיים לימודים,verbs,1.92
2658,aunt,אחיין,nouns,0.77
2659,management,מנהלה,nouns,2.72
2660,metal,אלומיניום,nouns,1.91
2661,peace,חייל,nouns,0.4
2662,medium,מתון,adjectives,2.23
2663,dumb,אינטליגנטי,adjectives,0.49
2664,classroom,פרוזדור,nouns,0.44
2665,detach,לפצל,verbs,2.38
2666,punish,ללמד,verbs,0.5
2667,cloud,אובך,nouns,2.26
2668,dull,משמים,adjectives,4.07
2669,cotton,פוליאסטר,nouns,1.13
2670,difficulty,מאמץ,nouns,3.05
2671,say,לאמת,verbs,0.74
2672,often,לפעמים,adverbs,1.04
2673,sickness,סרטן,nouns,2.42
2674,mouse,סיפון,nouns,0.05
2675,loudly,בעדינות,adverbs,0.24
2676,prophet,כומר,nouns,1.56
2677,rabbit,חתול,nouns,0.96
2678,immature,חסר אחריות,adjectives,2.5
2679,plant,חקלאות,nouns,1.46
2680,think,לנסות,verbs,0.25
2681,humble,צנוע,adjectives,5.4
2682,conclude,להחליט,verbs,2.04
2683,essay,ספר,nouns,1.35
2684,accident,אסון,nouns,3.67
2685,necessary,מיותר,adjectives,0.59
2686,generously,באדיבות,adverbs,2.79
2687,basket,כדור,nouns,0.5
2688,civilization,אורח חיים,nouns,0.76
2689,treat,לשלם,verbs,0.39
2690,say,להשתתף,verbs,0.45
2691,cable, קפלה,nouns,0.0
2692,agriculture,צמח,nouns,1.46
2693,cloud,תחזית,nouns,1.02
2694,calm,נינוח,adjectives,4.88
2695,obviously,בחשאי,adverbs,0.14
2696,educate,ללמד,verbs,4.82
2697,monkey,קמפיין,nouns,0.0
2698,leader,מנהל,nouns,3.1
2699,cross,נזיר,nouns,0.71
2700,buddy,רע,nouns,5.29
2701,robotics,סימולציה,nouns,1.1
2702,deny,לקבל,verbs,0.24
2703,proud,מסכן,adjectives,0.1
2704,ceiling,קתדרלה,nouns,0.4
2705,corner,אזור,nouns,0.96
2706,failure,פשיטת רגל,nouns,1.32
2707,beach,שונית,nouns,1.34
2708,fraud,שחיתות,nouns,2.83
2709,trainers,מדליה,nouns,0.54
2710,big,כבד,adjectives,1.86
2711,steak,עוף,nouns,1.31
2712,cliff,גבעה,nouns,1.48
2713,marrow,דם,nouns,1.01
2714,chair,ספה,nouns,2.5
2715,uniform,חסר צורה,adjectives,0.1
2716,car,צופר,nouns,1.11
2717,gentleman,גברת,nouns,0.91
2718,gain,לקצור,verbs,2.34
2719,coronation,מים,nouns,0.05
2720,get,להפסיד,verbs,0.4
2721,testify,לשפוט,verbs,0.84
2722,homework,חיבור,nouns,2.16
2723,ceramic,קדרות,nouns,3.6
2724,office,עובד,nouns,0.71
2725,arrow,מטרה,nouns,0.94
2726,meet,לשחות,verbs,0.32
2727,school,ציון,nouns,0.96
2728,juice,כף,nouns,0.25
2729,pair,זוג,nouns,5.42
2730,boiled,מבושל,adjectives,2.87
2731,great,נפלא,adjectives,4.34
2732,wood,נייר,nouns,1.16
2733,bishop,מוסלמי,nouns,0.81
2734,buckler,מגן,nouns,1.48
2735,know,לשכוח,verbs,0.54
2736,loyally,בכנות,adverbs,1.8
2737,acetylcholine,איריס,nouns,0.3
2738,band,ליקר,nouns,0.0
2739,normally,יומיומי,adverbs,3.21
2740,star,בהירות,nouns,1.01
2741,woman,מזכירה,nouns,0.74
2742,borrow,לשמור,verbs,0.67
2743,monastery,מקלחת,nouns,0.0
2744,story,נושא,nouns,1.2
2745,cry,לצחוק,verbs,0.49
2746,repeat,להתאמן,verbs,1.42
2747,potato,חמאה,nouns,0.61
2748,happy,כועס,adjectives,0.54
2749,limp,ללכת,verbs,1.41
2750,gymnastics,סיוף,nouns,1.04
2751,entertain,לרצות,verbs,1.19
2752,diode,קבל,nouns,1.56
2753,replace,להחזיר,verbs,2.74
2754,hear,להקשיב,verbs,4.02
2755,bike,עור,nouns,0.1
2756,catch,ללכוד,verbs,4.65
2757,get,לקנות,verbs,1.48
2758,alcohol,קוקטייל,nouns,2.17
2759,ignorance,אינטליגנציה,nouns,0.49
2760,go,לטייל,verbs,2.22
2761,train,חשמלית,nouns,2.58
2762,candy,תפוח,nouns,0.64
2763,interest,קשב,nouns,2.61
2764,mouse,הנהלה,nouns,0.0
2765,charger,דיסק,nouns,0.27
2766,dumb,חכם,adjectives,0.54
2767,bishop,ארכיבישוף,nouns,3.44
2768,oasis,חופש,nouns,0.41
2769,flag,מוט,nouns,0.91
2770,obviously,בוודאי,adverbs,3.5
2771,obviously,בערך,adverbs,0.44
2772,case,חשמל,nouns,0.2
2773,leave,להיכנס,verbs,0.49
2774,symbol,קוד,nouns,2.08
2775,stay,להמתין,verbs,2.26
2776,clean,מסודר,adjectives,3.25
2777,theory,כימיה,nouns,0.29
2778,accurately,בדיוק,adverbs,5.02
2779,biotope,ביולוגיה,nouns,1.15
2780,woman,גבר,nouns,0.96
2781,hand,רגל,nouns,1.15
2782,mode,אופנה,nouns,1.27
2783,dollar,אנשים,nouns,0.05
2784,reject,לבחור,verbs,0.1
2785,information,ספר,nouns,1.16
2786,composer,סופר,nouns,2.54
2787,idea,תמונה,nouns,0.83
2788,people,אקדח,nouns,0.3
2789,winner,מטרה,nouns,0.66
2790,safe,חוקי,adjectives,0.83
2791,extramarital,בלתי נסלח,adjectives,0.17
2792,payment,עמלה,nouns,3.19
2793,barn,בית,nouns,1.07
2794,dirty,מדהים,adjectives,0.15
2795,tin,אלומיניום,nouns,1.79
2796,condemn,לדחות,verbs,1.9
2797,director,סינמטוגרפיה,nouns,1.02
2798,mother,חבר,nouns,1.21
2799,tennis,סטטיסטיקה,nouns,0.1
2800,undecided,ניטרלי,adjectives,1.87
2801,bury,לכסות,verbs,2.35
2802,oak,מייפל,nouns,1.57
2803,book,ספרות,nouns,2.22
2804,disown,להזניח,verbs,1.0
2805,leave,לפנות,verbs,0.77
2806,hen,הודו,nouns,1.38
2807,sun,שמיים,nouns,1.01
2808,score,שלב,nouns,0.91
2809,whiskey,שמפניה,nouns,1.61
2810,neglect,לנשל,verbs,1.0
2811,completely,אך ורק,adverbs,2.06
2812,teeth,פטיש,nouns,0.0
2813,officially,בחוזקה,adverbs,0.15
2814,hit,לכוון,verbs,0.56
2815,people,מסיבה,nouns,1.09
2816,fact,הוכחה,nouns,1.92
2817,protect,להגן,verbs,4.1
2818,racing,פילוסוף,nouns,0.0
2819,defend,להרוג,verbs,0.56
2820,door,אחווה,nouns,0.0
2821,marijuana,עשב,nouns,2.34
2822,sea,צונאמי,nouns,1.15
2823,strive,לעקל,verbs,0.1
2824,cup,צנצנת,nouns,1.95
2825,lower,להקטין,verbs,3.93
2826,organized,מבולגן,verbs,0.54
2827,simple,קשה,adjectives,0.44
2828,mostly,לעומק,adverbs,0.66
2829,street,מכונית,nouns,0.94
2830,day,שחר,nouns,2.21
2831,simply,לכאורה,adverbs,0.62
2832,polish,ליידע,verbs,0.0
2833,go,להתחיל,verbs,0.92
2834,monthly,שבועי,adjectives,1.19
2835,rapid,מהיר,adjectives,5.19
2836,fencing,התעמלות,nouns,1.04
2837,arithmetic,קצב,nouns,0.1
2838,inflection,זיהום,nouns,0.05
2839,fry,לאפות,verbs,1.71
2840,stomach,גוף,nouns,1.33
2841,cautiously,בקפידה,adverbs,4.23
2842,body,לבנים,nouns,0.35
2843,terrific,נפלא,adjectives,5.05
2844,horn,תוף,nouns,0.6
2845,write,לשרבט,verbs,2.6
2846,skyscraper,ארמון,nouns,0.96
2847,grown,ילדותי,adjectives,0.54
2848,insecure,תלותי,adjectives,1.34
2849,capability,כוח,nouns,2.5
2850,splash,צמיגות,nouns,0.41
2851,mansion,פסל,nouns,0.25
2852,victim,טלפון,nouns,0.15
2853,give,לשמור,verbs,0.3
2854,tonight,היום,adverbs,1.52
2855,worker,מצלמה,nouns,0.1
2856,wander,לעזוב,verbs,0.81
2857,earthquake,רעד,nouns,2.71
2858,parliament,קונגרס,nouns,3.51
2859,compiler,פונקציה,nouns,1.21
2860,unused,חדש,adjectives,4.27
2861,lawyer,בנקאי,nouns,0.87
2862,usually,לעיתים נדירות,adverbs,0.96
2863,rationalize,לטעון,verbs,2.96
2864,argue,להסכים,verbs,0.49
2865,rude,רועש,adjectives,0.59
2866,bath,תעלול,nouns,0.0
2867,university,קמפוס,nouns,2.15
2868,wife,אמא,nouns,2.13
2869,watch,חצאית,nouns,0.25
2870,salary,כסף,nouns,3.19
2871,desert,דיונה,nouns,1.86
2872,easy,פשוט,adjectives,4.01
2873,think,להחליט,verbs,1.22
2874,accident,חירום,nouns,2.36
2875,compare,לנתח,verbs,2.27
2876,helium,אוויר,nouns,1.6
2877,week,סוף שבוע,nouns,1.16
2878,nerve,מוח,nouns,0.62
2879,liver,ריאה,nouns,1.04
2880,appear,להפוך,verbs,0.09
2881,ring,אירוסין,nouns,1.71
2882,fantasy,מציאות,nouns,0.84
2883,despise,לשנוא,verbs,5.3
2884,restore,להחליף,verbs,2.74
2885,please,לספק,verbs,3.21
2886,biology,ביוטופ,nouns,1.15
2887,rule,מוסכמה,nouns,2.83
2888,victor,גבר,nouns,0.71
2889,riot,ציור,nouns,0.1
2890,gun,אנשים,nouns,0.3
2891,pencil,סיפור,nouns,0.3
2892,disappear,להתכווץ,verbs,1.44
2893,slender,רזה,adjectives,5.04
2894,cabin,צריף,nouns,3.38
2895,nail,יד,nouns,0.74
2896,citrus,תפוז,nouns,2.94
2897,arrange,לארגן,verbs,4.99
2898,apparently,פשוט,adverbs,0.62
2899,happen,לעשות,verbs,0.99
2900,boy,אח,nouns,2.15
2901,clothed,מכוסה,adjectives,3.12
2902,manuscript,ספר,nouns,2.21
2903,lunch,כריך,nouns,1.69
2904,student,מורה,nouns,0.91
2905,occur,לקרות,verbs,5.27
2906,disprove,להרשות,verbs,0.1
2907,pathology,המטולוגיה,nouns,1.91
2908,pesticide,מזיק,nouns,0.91
2909,chapel,כבל,nouns,0.0
2910,fantastically,באופן מדהים,adverbs,5.39
2911,withdraw,לדחות,verbs,0.75
2912,brick,קיר,nouns,1.16
2913,circumcision,עורלה,nouns,1.19
2914,atom,מולקולה,nouns,2.19
2915,flora,טבע,nouns,2.42
2916,passively,בשקט,adverbs,1.32
2917,schemer,אסטרטג,nouns,3.2
2918,suds,בועה,nouns,2.59
2919,delicately,כרגע,adverbs,0.0
2920,disagree,לריב,verbs,1.64
2921,forget,לשמור,verbs,0.45
2922,aid,לסייע,verbs,5.61
2923,eye,דמעה,nouns,0.82
2924,arm,מפרק,nouns,1.56
2925,milk,מיץ,nouns,1.06
2926,code,סמל,nouns,2.08
2927,normal,משונה,adjectives,0.54
2928,cigar,קופסה,nouns,0.42
2929,winner,מועמד,nouns,0.98
2930,computer,דיסק,nouns,0.84
2931,wrist,יד,nouns,1.5
2932,emotionally,בעצב,adverbs,1.38
2933,retire,לסגת,verbs,3.42
2934,rhythm,חשבון,nouns,0.1
2935,container,בקבוק,nouns,1.3
2936,copilot,שוטר,nouns,0.64
2937,plead,לרצות,verbs,0.61
2938,cry,להתייפח,verbs,4.53
2939,strong,גאה,adjectives,0.46
2940,hit,למשוך,verbs,0.45
2941,floor,תקרה,nouns,0.71
2942,censorship,חופש,nouns,0.61
2943,anatomy,ביולוגיה,nouns,2.88
2944,carriage,עגלה,nouns,3.26
2945,take,להחזיק,verbs,1.71
2946,chaos,אנרכיה,nouns,3.83
2947,innocent,נאיבי,adjectives,5.38
2948,screenwriter,טלויזיה,nouns,0.92
2949,surely,בברור,adverbs,3.8
2950,narrow,רחב,adjectives,0.54
2951,electric,מכני,adjectives,0.92
2952,intelligence,תובנה,nouns,2.34
2953,sunshine,תפוח,nouns,0.0
2954,convince,להתווכח,verbs,1.71
2955,mad,שמח,adjectives,0.45
2956,flower,סבולת,nouns,0.0
2957,computer,מכונה,nouns,2.21
2958,buy,לקבל,verbs,1.48
2959,draw,ליצור,verbs,1.67
2960,cab,טקסי,nouns,5.54
2961,learn,לאמוד,verbs,0.57
2962,wagon,כרכרה,nouns,3.26
2963,fundraising,פיתוח,nouns,0.44
2964,smother,לחבק,verbs,0.92
2965,neurosis,נפש,nouns,1.02
2966,find,לאתר,verbs,4.83
2967,modern,עתיק,adjectives,0.54
2968,decide,לבחור,verbs,3.73
2969,unusually,באופן מוזר,adverbs,4.93
2970,remind,לשכוח,verbs,0.54
2971,kidnap,לגנוב,verbs,2.23
2972,once,מיידית,adverbs,0.58
2973,car,משאית,nouns,2.29
2974,manner,דרך,nouns,3.92
2975,book,תורה,nouns,1.57
2976,rod,וילון,nouns,0.85
2977,king,נפוטיזם,nouns,0.76
2978,beat,לשלב,verbs,0.21
2979,assignment,הערה,nouns,0.46
2980,subtly,בקול רם,adverbs,0.24
2981,whistle,לעצור,verbs,0.1
2982,attend,להתכנס,verbs,1.12
2983,lock,מפתח,nouns,0.94
2984,structure,טופולוגיה,nouns,2.26
2985,hand,מפרק,nouns,1.5
2986,church,קתדרלה,nouns,3.95
2987,drawing,מהומה,nouns,0.1
2988,include,לערב,verbs,3.2
2989,rational,פיכח,adjectives,2.26
2990,mask,מסיבה,nouns,0.45
2991,task,כביש,nouns,0.0
2992,disorganized,מסודר,verbs,0.54
2993,finish,לפתור,verbs,1.99
2994,constitution,קיסר,nouns,0.38
2995,neuropsychology,פרפסיכולוגיה,nouns,1.61
2996,chair,מיטה,nouns,0.87
2997,scientist,אחות,nouns,0.36
2998,cheerful,מהנה,adjectives,3.09
2999,ability,כשירות,nouns,4.41
3000,imitate,ללכוד,verbs,0.27
3001,calf,שור,nouns,2.11
3002,help,להגן,verbs,1.59
3003,accuse,לשפוט,verbs,1.94
3004,ask,לעזור,verbs,1.05
3005,theory,היפותזה,nouns,4.86
3006,jacket,בגדים,nouns,1.57
3007,queen,דבורה,nouns,0.94
3008,lung,כבד,nouns,1.04
3009,king,נסיכה,nouns,1.39
3010,unite,לחלק,verbs,0.54
3011,condition,ילד,nouns,0.0
3012,top,חמישי,adjectives,0.25
3013,lift,לגרור,verbs,2.09
3014,acquire,לגנוב,verbs,1.39
3015,law,לימודים,nouns,0.57
3016,possess,לשמור,verbs,2.94
3017,ice,מים,nouns,2.17
3018,proudly,בענווה,adverbs,0.77
3019,known,לאומי,adjectives,0.6
3020,lemma,הברה,nouns,0.81
3021,dangerously,בזהירות,adverbs,0.45
3022,spoon,כוס,nouns,1.09
3023,medal,מאמנים,nouns,0.54
3024,cattle,פרה,nouns,4.07
3025,pursue,לשכנע,verbs,0.29
3026,son,אבא,nouns,1.31
3027,tower,פעמון,nouns,0.57
3028,rescue,להציל,verbs,5.31
3029,task,מטלה,nouns,5.21
3030,plane,מסוק,nouns,2.21
3031,attack,פשע,nouns,2.15
3032,mad,אומלל,adjectives,1.02
3033,pointer,שקופית,nouns,0.2
3034,disembodied,רוחני,adjectives,1.19
3035,cardboard,נייר,nouns,2.59
3036,roof,קומה,nouns,0.85
3037,fresh,ישן,adjectives,0.54
3038,brother,אב,nouns,1.09
3039,operation,אלגברה,nouns,0.81
3040,give,להכחיש,verbs,0.05
3041,situation,נסיבות,nouns,4.69
3042,wine,ליקר,nouns,1.6
3043,alcohol,ויסקי,nouns,1.91
3044,emotion,תשוקה,nouns,2.86
3045,cardigan,חולצה,nouns,1.46
3046,aggression,עוינות,nouns,4.34
3047,pure,צנוע,adjectives,0.87
3048,salad,דיאטה,nouns,1.13
3049,professor,דוקטור,nouns,2.58
3050,intelligence,מיומנות,nouns,1.68
3051,fifth,עליון,adjectives,0.25
3052,illusion,מציאות,nouns,0.61
3053,sense,אינטואיציה,nouns,4.64
3054,acid,בסיס,nouns,0.87
3055,symbol,צופן,nouns,1.84
3056,grow,להתרחב,verbs,4.7
3057,twice,פעם אחת,adverbs,1.35
3058,dinosaur,פיל,nouns,0.67
3059,notify,לאשר,verbs,1.24
3060,ceremony,חגיגה,nouns,3.14
3061,behaviorism,טיפול,nouns,1.07
3062,action,דרך,nouns,1.84
3063,gather,להגיע,verbs,1.12
3064,hymn,כבוש,nouns,0.25
3065,salt,מים,nouns,0.63
3066,performer,שיר,nouns,0.59
3067,artwork,אמן,nouns,1.14
3068,easily,בערך,adverbs,0.15
3069,hard,קשיח,adjectives,3.74
3070,stone,עץ,nouns,0.44
3071,unsure,מפוחד,adjectives,1.13
3072,people,סנט,nouns,0.65
3073,yard,אינץ',nouns,1.48
3074,contribution,מנחה,nouns,3.3
3075,caterpillar,תולעת משי,nouns,2.08
3076,collect,לשמור,verbs,2.12
3077,asteroid,כוכב,nouns,1.72
3078,gauge,מכונית,nouns,0.4
3079,preheat,חימום מחדש,nouns,1.88
3080,retain,להישאר,verbs,0.74
3081,listen,ללמוד,verbs,1.19
3082,swear,להבטיח,verbs,4.92
3083,chicken,סטייק,nouns,1.31
3084,corporation,עסק,nouns,3.49
3085,book,תאונה,nouns,0.0
3086,sadness,שמחה,nouns,0.59
3087,outlander,חייזר,nouns,2.22
3088,push,למשוך,verbs,0.54
3089,ostrich,פרדס,nouns,0.1
3090,leg,גף,nouns,2.52
3091,guy,שותף,nouns,0.77
3092,choice,וריד,nouns,0.0
3093,boat,עץ,nouns,0.55
3094,size,טריק,nouns,0.0
3095,camera,המשך,nouns,0.0
3096,second,דקה,nouns,1.69
3097,win,להצליח,verbs,2.64
3098,article,כתב יד,nouns,1.92
3099,friend,אורח,nouns,2.01
3100,race,סוף שבוע,nouns,0.05
3101,forgive,לקבל,verbs,1.25
3102,maturely,בצדקנות,adverbs,0.64
3103,try,להצליח,verbs,1.23
3104,endurance,פרח,nouns,0.0
3105,haunt,להבהיל,verbs,1.34
3106,dairy,דבש,nouns,0.41
3107,destroy,ליצור,verbs,0.54
3108,policeman,פוליטיקאי,nouns,0.42
3109,actor,זמר,nouns,1.21
3110,theatre,סרט,nouns,1.75
3111,emotion,מצב רוח,nouns,3.25
3112,brightly,בקלות,adverbs,0.97
3113,surely,בהחלט,adverbs,5.14
3114,fight,להרוג,verbs,0.84
3115,throne,חרב,nouns,0.38
3116,elegance,סגנון,nouns,2.66
3117,organ,כבד,nouns,1.73
3118,participate,להצטרף,verbs,2.92
3119,anxious,עצבני,adjectives,1.64
3120,plate,קערה,nouns,2.17
3121,wine,אלכוהול,nouns,1.99
3122,agree,לחלוק,verbs,0.54
3123,cow,עז,nouns,1.27
3124,lazy,עסוק,adjectives,0.4
3125,artificial,מזוייף,adjectives,4.22
3126,tremor,רעידת אדמה,nouns,2.71
3127,rock,מכרה,nouns,1.07
3128,aggravate,לתקוף,verbs,0.88
3129,meadow,ערבה,nouns,2.19
3130,deputy,קצין,nouns,1.99
3131,helicopter,מטוס,nouns,2.21
3132,tomorrow,הלילה,adverbs,0.67
3133,new,טרי,adjectives,3.29
3134,style,אופנה,nouns,3.9
3135,bulb,פרח,nouns,1.33
3136,precisely,במדוייק,adverbs,5.02
3137,man,מנצח,nouns,0.71
3138,size,גודל,nouns,4.31
3139,manager,מנהיג,nouns,3.1
3140,loudly,ברכות,adverbs,0.29
3141,carbohydrate,סוכרוז,nouns,1.98
3142,course,פעולה,nouns,1.84
3143,bus,מונית,nouns,1.69
3144,old,מעורבב,adjectives,0.0
3145,hymn,תורה,nouns,0.58
3146,watch,להתבונן,verbs,5.32
3147,winner,נוכחות,nouns,0.0
3148,carry,למסור,verbs,1.0
3149,reject,לסגת,verbs,0.75
3150,grow,להתכווץ,verbs,0.69
3151,choke,לנשום,verbs,0.5
3152,wait,לעזוב,verbs,0.2
3153,suggest,לייעץ,verbs,3.81
3154,lizard,ממשלה,nouns,0.05
3155,broad,גדול,adjectives,2.41
3156,information,עיתון,nouns,1.21
3157,town,עיר,nouns,3.27
3158,luck,שמחה,nouns,0.74
3159,take,לעזוב,verbs,0.19
3160,drown,להציל,verbs,0.55
3161,notify,ליידע,verbs,4.85
3162,costume,כדור,nouns,0.2
3163,weave,לקשור,verbs,2.61
3164,father,אל,nouns,0.54
3165,never,לעיתים רחוקות,adverbs,2.13
3166,bold,גאה,adjectives,1.19
3167,fake,מלאכותי,adjectives,4.22
3168,cloud,חלון,nouns,0.3
3169,roam,לשוטט,verbs,4.72
3170,river,עמק,nouns,1.02
3171,tough,קשה,adjectives,3.74
3172,happily,נמרצות,adverbs,0.45
3173,angry,שמח,adjectives,0.54
3174,sociobiology,מוטציה,nouns,0.4
3175,capture,לתפוס,verbs,4.65
3176,squall,רוח,nouns,2.37
3177,flexible,צנוע,adjectives,0.1
3178,laugh,לגחך,verbs,4.13
3179,chair,ספסל,nouns,2.61
3180,opinion,נטייה,nouns,2.49
3181,argument,ביקורת,nouns,1.73
3182,container,עכבר,nouns,0.0
3183,lose,לקבל,verbs,0.4
3184,falcon,עיט,nouns,2.59
3185,stupid,עקשן,adjectives,0.56
3186,decade,מאה,nouns,1.15
3187,ball,כדורעף,nouns,1.95
3188,follow,לרדוף,verbs,2.42
3189,bring,לשאת,verbs,2.0
3190,rare,יוצא דופן,adjectives,4.64
3191,despise,להאשים,verbs,0.4
3192,confidently,בחשאיות,adverbs,0.72
3193,airport,חלק,nouns,0.1
3194,ride,לרוץ,verbs,0.69
3195,strike,לפספס,verbs,0.5
3196,peacefully,בהרס,adverbs,0.24
3197,catch,לשחרר,verbs,0.54
3198,assignment,משימה,nouns,5.21
3199,bed,חדר,nouns,0.64
3200,wizard,כבל,nouns,0.15
3201,sure,בטוח,adjectives,5.26
3202,sincerely,לרוב,adverbs,0.05
3203,circumnavigation,מטען,nouns,0.17
3204,woman,משימה,nouns,0.0
3205,covered,לבוש,adjectives,3.12
3206,smartly,בבגרות,adverbs,1.67
3207,eczema,דרמטיטיס,nouns,2.44
3208,boat,סיפון,nouns,1.04
3209,accept,למסור,verbs,0.5
3210,ashamed,בר מזל,adjectives,0.05
3211,size,סנט,nouns,0.1
3212,probably,בהחלט,adverbs,0.94
3213,patient,פגישה,nouns,0.63
3214,street,סמטה,nouns,3.23
3215,justify,לטעון,verbs,2.08
3216,good,חריף,adjectives,0.45
3217,normal,שונה,adjectives,0.45
3218,nerve,גוף,nouns,0.5
3219,proof,עובדה,nouns,1.92
3220,say,לבטא,verbs,3.76
3221,ignore,להימנע,verbs,2.27
3222,fraternity,גברים,nouns,0.84
3223,party,אנשים,nouns,1.09
3224,organ,כלייה,nouns,2.05
3225,well,מוכר,adjectives,0.67
3226,spine,גוף,nouns,1.04
3227,apple,דיאטה,nouns,0.69
3228,deny,להודות,verbs,0.54
3229,peninsula,אי,nouns,2.02
3230,easy,קשה,adjectives,0.54
3231,sky,שמש,nouns,1.01
3232,matrix,וקטור,nouns,2.3
3233,month,אוגוסט,nouns,2.15
3234,limb,רגל,nouns,2.52
3235,allow,ללכת,verbs,0.09
3236,bad,בינוני,adjectives,0.81
3237,lizard,תנין,nouns,2.4
3238,impression,אמונה,nouns,1.66
3239,bedroom,בטן,nouns,0.05
3240,wife,חור,nouns,0.0
3241,comfort,בטיחות,nouns,1.26
3242,restrict,להקטין,verbs,1.89
3243,compete,לסיים,verbs,0.79
3244,seldom,לעיתים קרובות,adverbs,0.67
3245,base,כף רגל,nouns,1.74
3246,pray,לבקש,verbs,1.79
3247,biology,אנטומיה,nouns,2.88
3248,examine,לחקור,verbs,3.7
3249,lately,לאחרונה,adverbs,5.32
3250,destroy,להרוג,verbs,2.09
3251,travel,ללכת,verbs,2.22
3252,unformed,מדים,adjectives,0.1
3253,birthday,תאריך,nouns,1.65
3254,tired,רעב,adjectives,0.57
3255,portray,להחליט,verbs,0.2
3256,neutral,רגוע,adjectives,1.61
3257,princess,מלך,nouns,1.39
3258,beer,אלכוהול,nouns,1.95
3259,information,אנטרופיה,nouns,1.19
3260,curved,תוקפני,adjectives,0.05
3261,sea,שפך,nouns,1.02
3262,reduce,לכווץ,verbs,3.63
3263,doorway,יציאה,nouns,1.85
3264,forgive,למחול,verbs,5.33
3265,aim,להכות,verbs,0.56
3266,regularly,לעיתים,adverbs,1.36
3267,business,חברה,nouns,3.71
3268,strange,תמוה,adjectives,5.09
3269,food,תוכנית,nouns,0.25
3270,moral,אגדה,nouns,0.27
3271,flesh,דם,nouns,1.27
3272,dentist,קולונל,nouns,0.34
3273,electricity,תיבה,nouns,0.2
3274,keep,לתת,verbs,0.3
