ID,ENG,YUE,PoS,score
1,choice,章,nouns,0.04
2,maid,女孩,nouns,0.49
3,tribunal,正義,nouns,2.32
4,creator,製作者,nouns,4.81
5,parcel,貨車,nouns,0.09
6,robotics,模擬,nouns,0.72
7,leave,參加,verbs,0.04
8,scornful,輕蔑,adjectives,4.05
9,clearly,肯定地,adverbs,4.09
10,mighty,強大,adjectives,5.33
11,inform,通知,verbs,4.98
12,candy,肉桂,nouns,0.29
13,baseball,兄弟會,nouns,0.14
14,opinion,選擇,nouns,1.0
15,tightly,堅固地,adverbs,3.42
16,multiplication,除法,nouns,1.38
17,kid,男孩子,nouns,2.25
18,come,到達,verbs,2.33
19,awareness,注意,nouns,3.37
20,arm,樹枝,nouns,0.46
21,quick,迅速,adjectives,5.61
22,try,實現,verbs,0.37
23,bubble,肥皂泡沫,nouns,3.5
24,salad,減肥,nouns,0.7
25,fantasy,現實,nouns,0.55
26,artwork,藝術家,nouns,0.79
27,brilliant,棒,adjectives,4.04
28,night,黎明,nouns,0.42
29,altitude,換算,nouns,0.04
30,go,賣,verbs,0.04
31,roof,天花板,nouns,3.48
32,hysteria,混亂,nouns,1.99
33,cent,尺寸,nouns,0.04
34,men,兄弟會,nouns,1.34
35,generous,善良,adjectives,1.81
36,gunboat,海岸,nouns,0.08
37,elevator,汽車,nouns,0.13
38,lend,欠,verbs,0.27
39,sandwich,肉,nouns,0.21
40,hematology,病理學,nouns,2.13
41,flour,麵包,nouns,0.67
42,car,坦克,nouns,0.68
43,princess,新娘,nouns,0.32
44,shy,害怕,adjectives,1.92
45,weekend,種族,nouns,0.0
46,top,第五,adjectives,0.09
47,journey,征服,nouns,0.66
48,suffix,詞綴,nouns,0.95
49,sky,宇宙,nouns,1.39
50,enjoy,娛樂,verbs,0.89
51,moss,草,nouns,2.08
52,lawyer,大狀,nouns,4.92
53,learn,吸收,verbs,2.47
54,confidence,態度,nouns,1.37
55,sharp,平滑,adjectives,0.0
56,fertilizer,發展,nouns,0.51
57,turkey,鳥,nouns,2.09
58,boy,合作夥伴,nouns,0.35
59,steeple,教堂,nouns,1.09
60,stomach,腰,nouns,2.28
61,caterpillar,蠶,nouns,2.16
62,cover,埋葬,verbs,2.23
63,conclude,決定,verbs,3.16
64,pride,喜悅,nouns,1.99
65,weather,雲,nouns,0.74
66,mixed,舊,adjectives,0.14
67,copilot,座艙,nouns,0.25
68,pathology,血液學,nouns,2.13
69,politely,謹慎地,adverbs,1.52
70,top,側面,nouns,0.38
71,vocalist,員工,nouns,0.18
72,man,武士,nouns,0.77
73,envelope,裝飾,nouns,0.0
74,listen,學習,verbs,0.56
75,happy,高興,adjectives,5.26
76,immature,長大,adjectives,0.08
77,car,車,nouns,5.85
78,blanket,床,nouns,0.4
79,goat,牛,nouns,1.56
80,arrogant,自豪,adjectives,3.39
81,ray,陽光,nouns,0.59
82,glove,球,nouns,0.36
83,gauge,車,nouns,0.0
84,town,城市,nouns,3.25
85,reduce,限制,verbs,1.41
86,dirty,淫賤,adjectives,0.32
87,sincerely,平時,adverbs,0.23
88,sell,交易,verbs,1.15
89,shake,攪拌,verbs,0.85
90,always,兩次,adverbs,0.21
91,pollution,總統,nouns,0.12
92,radiator,傳感器,nouns,0.48
93,maid,幫手,nouns,2.28
94,shine,發光,verbs,3.54
95,jacket,針織套衫,nouns,2.68
96,emergency,意外,nouns,2.95
97,hurry,趕,verbs,4.57
98,send,發射,verbs,2.0
99,letter,段,nouns,0.12
100,greatly,极其,adverbs,3.18
101,vein,肚,nouns,0.14
102,vein,容器,nouns,1.07
103,say,表達,verbs,2.84
104,sinner,聖,nouns,0.12
105,shy,昂貴,adjectives,0.0
106,today,今晚,adverbs,1.14
107,bath,妻子,nouns,0.04
108,house,鎖匙,nouns,0.29
109,new,新鮮,adjectives,2.86
110,shore,海岸,nouns,3.47
111,bad,不誠實,adjectives,1.12
112,chair,望遠鏡,nouns,0.04
113,reject,接受,verbs,0.22
114,intelligence,無知,nouns,0.08
115,schemer,策略家,nouns,2.87
116,quietly,自然地,adverbs,0.32
117,balloon,人,nouns,0.0
118,cooperate,參加,verbs,1.02
119,bad,平庸,adjectives,0.46
120,start,開始,verbs,4.36
121,south,北,nouns,0.95
122,phonology,屏幕,nouns,0.0
123,alley,街,nouns,2.92
124,dress,舞蹈,nouns,0.0
125,cry,哭泣,verbs,4.82
126,polish,通知,verbs,0.0
127,wizard,電纜,nouns,0.0
128,drunk,清醒,adjectives,0.13
129,go,發送,verbs,0.15
130,kindly,温和地,adverbs,3.1
131,communication,偈,nouns,3.31
132,lung,肝,nouns,0.62
133,game,樂趣,nouns,1.04
134,key,房屋,nouns,0.29
135,reheat,預熱,nouns,1.75
136,window,踝,nouns,0.09
137,enjoy,討厭,verbs,0.09
138,clever,笨,adjectives,0.32
139,grow,收縮,verbs,0.04
140,pour,滴,verbs,0.91
141,portray,通知,verbs,0.0
142,loudly,輕輕的,adverbs,0.18
143,guilty,壞,adjectives,0.96
144,lose,煮,verbs,0.04
145,accept,拒絕,verbs,0.38
146,calm,中性,adjectives,1.08
147,branch,手臂,nouns,0.46
148,cancer,疾病,nouns,3.09
149,jeans,女人,nouns,0.09
150,grass,刀口,nouns,0.34
151,incredible,普通,adjectives,0.04
152,pipe,雪茄,nouns,0.82
153,understand,知道,verbs,3.41
154,story,歌曲,nouns,0.29
155,husband,男人,nouns,1.95
156,pearl,錢,nouns,0.34
157,god,牧師,nouns,0.51
158,screen,音系學,nouns,0.0
159,definitely,肯定地,adverbs,4.57
160,dwarfish,短小,adjectives,3.75
161,city,城鎮,nouns,3.25
162,peninsula,島,nouns,1.81
163,away,在家裡,adverbs,0.24
164,narrow,寬大,adjectives,0.13
165,woman,男人,nouns,0.47
166,righteously,成熟地,adverbs,0.52
167,sand,腳,nouns,0.04
168,aim,打中,verbs,0.85
169,control,停止,verbs,0.55
170,lazy,忙碌,adjectives,0.09
171,log,沖涼,nouns,0.0
172,hound,狐狸,nouns,1.02
173,muslim,主教,nouns,0.24
174,terminally,不同,adverbs,0.08
175,learn,聽,verbs,0.56
176,recommend,接受,verbs,0.0
177,player,教練,nouns,0.15
178,hawk,鳥,nouns,2.88
179,glass,徽章,nouns,0.13
180,evacuate,確定,verbs,0.0
181,happen,做,verbs,0.43
182,begin,起源,verbs,3.75
183,fresh,寬,adjectives,0.0
184,snow,天氣,nouns,0.69
185,herb,大麻,nouns,1.94
186,season,冬天,nouns,1.99
187,awake,打鼻鼾,verbs,0.04
188,smother,擁抱,verbs,0.62
189,colonel,牙醫,nouns,0.08
190,blood,肉,nouns,0.75
191,examine,調查,verbs,4.09
192,justify,校驗,verbs,0.59
193,logic,算術,nouns,2.2
194,spring,噴泉,nouns,3.15
195,shrink,減少,verbs,3.58
196,map,廣場,nouns,0.18
197,unique,相反,adjectives,0.52
198,mostly,深深地,adverbs,0.56
199,employee,僱主,nouns,0.33
200,hill,懸崖,nouns,0.52
201,mouse,甲板,nouns,0.04
202,ballad,歌曲,nouns,3.79
203,temper,醫生,nouns,0.18
204,rule,慣例,nouns,2.84
205,reap,獲得,verbs,1.82
206,cell,鎖起來,nouns,1.43
207,president,政治家,nouns,2.89
208,honestly,從未,adverbs,0.0
209,birthday,年,nouns,0.73
210,might,力量,nouns,4.11
211,universe,天空,nouns,1.39
212,negative,從未,adjectives,0.61
213,screenwriter,電視,nouns,0.68
214,animal,野獸,nouns,3.73
215,fever,流感,nouns,1.46
216,past,前情,nouns,2.66
217,escape,逃跑,verbs,4.98
218,birthday,日期,nouns,1.8
219,kidney,器官,nouns,2.73
220,philosopher,賽跑,nouns,0.09
221,crude,無禮貌,adjectives,1.08
222,machine,引擎,nouns,2.17
223,slide,光標,nouns,0.14
224,sweet,電動,adjectives,0.0
225,cheese,麵包,nouns,0.35
226,bone,肌肉,nouns,0.26
227,violin,樂器,nouns,1.65
228,butter,土豆,nouns,0.16
229,car,橋,nouns,0.14
230,father,男人,nouns,2.28
231,concept,信念,nouns,1.27
232,lie,指控,verbs,0.16
233,curtain,竿,nouns,0.29
234,take,擁有,verbs,2.22
235,nihilism,電影,nouns,0.09
236,music,長笛,nouns,1.27
237,industry,商業,nouns,3.28
238,judge,決定,verbs,3.19
239,drink,吞,verbs,1.34
240,path,隧道,nouns,0.68
241,bath,戲法,nouns,0.04
242,create,想像,verbs,0.78
243,condition,男孩,nouns,0.04
244,symbol,密碼,nouns,1.34
245,shoulder,手臂,nouns,1.25
246,film,電影,nouns,5.21
247,bell,門,nouns,0.39
248,statistics,網球,nouns,0.0
249,border,分界線,nouns,4.29
250,sign,象徵,nouns,4.29
251,size,量,nouns,4.08
252,juice,蘋果,nouns,0.75
253,area,角,nouns,0.35
254,fee,工資,nouns,1.17
255,convince,拗撬,verbs,1.08
256,broom,灰塵,nouns,0.57
257,cat,寵物,nouns,2.63
258,truly,完美地,adverbs,0.64
259,bicycle,汽車,nouns,1.12
260,lake,沼澤,nouns,1.85
261,combine,混合,verbs,4.02
262,attack,傷害,verbs,2.77
263,walk,站立,verbs,0.37
264,shame,悲傷,nouns,1.72
265,stock,資產,nouns,3.41
266,accident,大災難,nouns,3.03
267,muscle,手臂,nouns,0.62
268,horse,小馬,nouns,3.07
269,mad,開心,adjectives,0.5
270,idea,形象,nouns,0.43
271,viscosity,濺,nouns,0.15
272,bacon,早餐,nouns,0.54
273,proud,傲慢,adjectives,3.39
274,beach,海岸,nouns,3.21
275,giggle,大笑,verbs,3.65
276,sadly,猛烈地,adverbs,0.08
277,slave,僕人,nouns,3.54
278,rose,蝴蝶,nouns,0.04
279,wash,沖洗,verbs,3.88
280,compete,完成,verbs,0.78
281,size,戲法,nouns,0.0
282,luck,幸福,nouns,0.65
283,assignment,便條,nouns,0.34
284,horn,車,nouns,0.55
285,air,分子,nouns,0.59
286,mix,溶解,verbs,0.78
287,prohibit,停止,verbs,3.09
288,wrist,手臂,nouns,0.98
289,keep,失去,verbs,0.04
290,rock,礦,nouns,0.73
291,chess,檢查,nouns,0.07
292,meteor,地心吸力,nouns,0.39
293,mother,爸爸,nouns,1.36
294,button,衣服,nouns,0.72
295,elect,拒絕,verbs,0.0
296,alter,更改,verbs,4.9
297,liver,器官,nouns,2.21
298,theorem,理論,nouns,4.69
299,explain,澄清,verbs,4.25
300,wrong,精確,adjectives,0.14
301,funny,嚴肅,adjectives,0.09
302,cruel,嚴酷,adjectives,3.6
303,flight,航空,nouns,3.19
304,story,話題,nouns,0.96
305,corner,地區,nouns,0.35
306,atom,碳,nouns,1.29
307,ball,球狀物,nouns,4.25
308,job,管理,nouns,0.74
309,perfectly,真實地,adverbs,0.64
310,madly,可悲的是,adverbs,0.08
311,door,走廊,nouns,0.22
312,box,資源,nouns,0.04
313,spicy,好,adjectives,0.04
314,weird,古怪,adjectives,5.25
315,composer,作家,nouns,2.67
316,cruel,和藹,adjectives,0.0
317,tough,堅硬,adjectives,3.46
318,camera,續集,nouns,0.04
319,peace,士兵,nouns,0.04
320,sword,環境,nouns,0.0
321,hose,花園,nouns,0.12
322,amazing,脏,adjectives,0.0
323,aunt,叔叔,nouns,1.12
324,fence,軌,nouns,0.54
325,pull,推,verbs,0.18
326,kindly,好心地,adverbs,4.7
327,fight,咬,verbs,0.57
328,course,行動,nouns,1.12
329,saving,儲蓄者,nouns,1.43
330,jar,杯子,nouns,1.94
331,reef,海灘,nouns,0.48
332,fragile,冷淡,adjectives,0.0
333,forget,保留,verbs,0.04
334,suspect,逮捕,verbs,0.26
335,attend,發送,verbs,0.09
336,cheerful,開心,adjectives,4.96
337,poem,韻律,nouns,0.48
338,put,得到,verbs,0.04
339,coronation,水,nouns,0.0
340,alphabet,鋼筆,nouns,0.04
341,forecast,灰濛蒙,nouns,0.24
342,probably,也許,adverbs,3.61
343,cheat,欺騙,verbs,3.02
344,negatively,非自然,adverbs,0.44
345,solve,完成,verbs,2.45
346,foreskin,割禮,nouns,1.17
347,basket,球,nouns,0.09
348,reliably,負責任,adverbs,3.0
349,know,理解,verbs,3.12
350,miss,打中,verbs,0.04
351,concurrency,貨幣,nouns,0.04
352,certain,緊張,adjectives,0.04
353,modest,靈活,adjectives,0.14
354,release,抓住,verbs,0.27
355,wife,女人,nouns,1.59
356,parent,父親,nouns,3.08
357,truthful,不誠實,adjectives,0.08
358,guidebook,手冊,nouns,3.58
359,rail,籬笆,nouns,0.54
360,stir,混合,verbs,4.04
361,accident,緊急情況,nouns,2.95
362,horse,狗,nouns,0.8
363,ordinary,平凡,adjectives,5.04
364,noticeable,明顯,adjectives,4.64
365,devious,靠不住的,adjectives,3.09
366,charger,磁盤,nouns,0.12
367,crystal,玻璃,nouns,2.25
368,choke,呼吸,verbs,0.36
369,deny,給予,verbs,0.0
370,emotion,心情,nouns,3.25
371,band,耐力,nouns,0.0
372,winner,候選人,nouns,0.79
373,big,國民,adjectives,0.12
374,protect,保持,verbs,0.78
375,rain,毛毛雨,nouns,3.75
376,gale,毯,nouns,0.0
377,bank,座位,nouns,0.0
378,tree,船,nouns,0.04
379,motherboard,主板,nouns,3.21
380,arm,手腕,nouns,0.98
381,stop,控制,verbs,0.55
382,notebook,手提電腦,nouns,1.02
383,obvious,顯著的,adjectives,4.64
384,sunshine,蘋果,nouns,0.0
385,reburial,墳墓,nouns,0.66
386,hurt,戲弄,verbs,0.45
387,friendly,不會,adverbs,0.0
388,chicken,晚餐,nouns,0.48
389,anchor,船,nouns,0.47
390,journey,旅行,nouns,5.07
391,intelligence,洞察力,nouns,2.46
392,whenever,有時,adverbs,0.49
393,behaviorism,治療,nouns,0.42
394,atmosphere,污染,nouns,0.47
395,app,星系,nouns,0.0
396,evaluate,分析,verbs,4.54
397,unclear,模糊,adjectives,4.92
398,snow,雪崩,nouns,2.0
399,knee,骨頭,nouns,0.65
400,positively,大概,adverbs,0.55
401,promote,前進,verbs,1.65
402,blood,身體,nouns,0.52
403,negotiation,外交,nouns,2.45
404,leg,手臂,nouns,0.49
405,smooth,尖,adjectives,0.0
406,club,標識,nouns,0.04
407,belief,價值觀,nouns,2.99
408,begin,啟,verbs,4.36
409,enter,欠,verbs,0.0
410,neglect,斷絕父子關係,verbs,0.55
411,computer,機器,nouns,2.33
412,formula,等式,nouns,3.96
413,sick,瘋,adjectives,0.2
414,chaos,類別,nouns,0.0
415,wipe,惡化,verbs,0.09
416,dreary,枯燥,adjectives,4.48
417,bread,芝士,nouns,0.35
418,sum,結合,nouns,0.42
419,band,遊行,nouns,0.49
420,get,失去,verbs,0.04
421,friendly,大方,adjectives,1.79
422,kitchen,洗手間,nouns,0.45
423,remain,離開,verbs,0.16
424,mother,朋友,nouns,0.79
425,enter,離開,verbs,0.08
426,thumb,指甲,nouns,1.34
427,management,老鼠,nouns,0.04
428,polyhedron,演員,nouns,0.32
429,often,不經常,adverbs,0.16
430,keep,保留,verbs,4.38
431,hit,陷害,nouns,0.14
432,smallish,矬小,adjectives,3.75
433,broad,大,adjectives,2.77
434,lemon,茶,nouns,0.18
435,gun,毛,nouns,0.04
436,turkey,母雞,nouns,1.67
437,dull,刺激,adjectives,0.22
438,bath,原木,nouns,0.0
439,genie,燈,nouns,0.47
440,germ,病原,nouns,3.53
441,clothes,抽屜,nouns,0.38
442,put,給,verbs,0.47
443,absorb,擁有,verbs,0.33
444,definition,字典,nouns,0.74
445,north,西方,nouns,0.55
446,poet,記者,nouns,0.35
447,fence,跳躍,nouns,0.0
448,iron,維他命,nouns,0.75
449,ask,幫忙,verbs,0.15
450,therapy,行動主義,nouns,0.42
451,army,軍團,nouns,3.25
452,tremor,地震,nouns,3.28
453,argue,同意,verbs,0.04
454,other,相反,adjectives,0.36
455,bible,書,nouns,1.18
456,personal,私人,adjectives,3.87
457,lie,否認,verbs,0.8
458,engagement,戒指,nouns,1.29
459,expensive,害羞,adjectives,0.0
460,elastic,靈活的,adjectives,4.01
461,please,求情,verbs,0.54
462,strongly,正式,adverbs,0.47
463,formula,日誌,nouns,0.07
464,neat,乾淨,adjectives,3.83
465,race,週末,nouns,0.0
466,devil,天神,nouns,0.32
467,smash,撞,verbs,2.73
468,spine,身體,nouns,0.47
469,generously,從未,adverbs,0.04
470,room,單身牢房,nouns,0.99
471,analyze,比較,verbs,2.95
472,despair,苦難,nouns,4.17
473,story,書,nouns,2.31
474,mayor,首領,nouns,2.29
475,globe,世界,nouns,4.04
476,wave,天氣,nouns,0.04
477,passive,暴力,adjectives,0.04
478,throat,鼻子,nouns,0.37
479,bed,房間,nouns,0.37
480,candy,蘋果,nouns,0.13
481,wife,沖涼,nouns,0.04
482,movable,靈活,adjectives,2.91
483,squint,怒視,verbs,0.59
484,rely,依賴,verbs,4.89
485,absorb,退出,verbs,0.04
486,motor,船,nouns,0.4
487,orchestra,樂隊,nouns,3.21
488,people,人口,nouns,2.77
489,dull,沈悶,adjectives,4.48
490,mood,情感,nouns,3.25
491,wall,裝飾,nouns,0.33
492,bridge,卡,nouns,0.0
493,mix,攪拌,verbs,4.04
494,obey,懲罰,verbs,0.14
495,suggest,提議,verbs,4.59
496,sincerely,誠實地,adverbs,4.63
497,article,雜誌,nouns,2.18
498,mainly,末期,adverbs,0.08
499,new,沒用過,adjectives,4.5
500,snowboard,滑雪,nouns,1.02
501,sauce,蘋果,nouns,0.56
502,violent,被動,adjectives,0.04
503,national,大,adjectives,0.12
504,protect,防御,verbs,3.73
505,capacitor,二極管,nouns,1.84
506,bag,錢包,nouns,2.94
507,hard,困難,adjectives,5.7
508,absence,在场,nouns,0.21
509,globalism,簽證,nouns,0.37
510,sequel,相機,nouns,0.04
511,book,聖經,nouns,1.18
512,flag,旗幟學,nouns,1.07
513,demand,拗撬,verbs,0.23
514,myth,諷刺,nouns,0.35
515,sucrose,醣類,nouns,1.97
516,attack,犯罪,nouns,1.3
517,whisper,說話,verbs,1.36
518,campus,大學,nouns,2.18
519,great,精彩,adjectives,4.04
520,vinegar,沙拉,nouns,0.27
521,live,生存,verbs,3.36
522,accuse,責怪,verbs,3.49
523,airport,片,nouns,0.0
524,supremacy,全能,nouns,0.93
525,football,英式足球,nouns,5.36
526,artist,藝術品,nouns,0.79
527,reality,幻想,nouns,0.55
528,sea,三角洲,nouns,0.59
529,partner,男孩,nouns,0.35
530,theft,犯罪,nouns,2.84
531,thread,紗,nouns,2.87
532,mundane,普通,adjectives,5.04
533,wealth,貧困,nouns,0.25
534,rabbi,老師,nouns,1.46
535,simulation,機器人技術,nouns,0.72
536,leave,攞,verbs,0.08
537,sheep,牛,nouns,1.73
538,tightly,難以置信地,adverbs,0.14
539,push,拉,verbs,0.18
540,boat,錨,nouns,0.47
541,build,創建,verbs,3.75
542,stupid,笨,adjectives,5.32
543,innovative,有創意,adjectives,4.54
544,person,動物,nouns,0.49
545,acetaminophen,支氣管炎,nouns,0.04
546,cry,大笑,verbs,0.08
547,profession,學院,nouns,0.23
548,page,段,nouns,0.57
549,bridge,汽車,nouns,0.14
550,muscle,舌頭,nouns,0.95
551,bacon,肉,nouns,2.12
552,engine,活塞,nouns,1.29
553,snake,蜥蜴,nouns,1.1
554,money,珍珠,nouns,0.34
555,cellar,門,nouns,0.13
556,bring,恢復,verbs,0.26
557,exam,教學大綱,nouns,1.01
558,decline,拒絕,verbs,4.5
559,scared,不肯定,adjectives,0.7
560,bottom,側面,nouns,0.37
561,rain,冰雹,nouns,1.33
562,ancient,現代,adjectives,0.13
563,brightly,輕輕地,adverbs,0.71
564,long,狹窄,adjectives,0.47
565,circumstance,情況,nouns,5.27
566,television,電影,nouns,2.1
567,gathering,大型會議,nouns,3.47
568,boat,電動機,nouns,0.4
569,know,給,verbs,0.08
570,bath,房間,nouns,0.35
571,infection,感染,nouns,3.28
572,independently,負責可靠地,adverbs,0.98
573,shoulder,頭,nouns,0.74
574,volleyball,球,nouns,2.44
575,band,酒,nouns,0.0
576,large,柔韌,adjectives,0.04
577,brother,姊妹,nouns,1.57
578,crucial,重要,adjectives,4.63
579,decoration,牆壁,nouns,0.33
580,microscope,生物學家,nouns,0.44
581,destroy,建造,verbs,0.27
582,helium,空氣,nouns,0.98
583,carefully,危險地,adverbs,0.09
584,performance,客串角色,nouns,0.69
585,imitate,捕獲,verbs,0.12
586,book,資料,nouns,0.96
587,melody,節奏,nouns,2.56
588,legal,允許,adjectives,3.88
589,cloud,風暴,nouns,1.09
590,well,聞名,adjectives,0.77
591,bench,椅子,nouns,2.99
592,beef,肉,nouns,2.79
593,hard,密度大,adjectives,2.73
594,terrific,瘋狂,adjectives,0.0
595,achieve,完成,verbs,4.73
596,explore,無視,verbs,0.0
597,boy,米飯,nouns,0.04
598,timber,原木,nouns,2.99
599,cigar,煙鬥,nouns,0.82
600,go,進入,verbs,1.21
601,year,生日,nouns,0.73
602,car,街,nouns,0.71
603,send,帶來,verbs,0.13
604,ball,排球,nouns,2.44
605,tail,碗,nouns,0.0
606,critical,無禮貌,adjectives,0.74
607,bean,米飯,nouns,0.66
608,happy,瘋狂,adjectives,0.5
609,cliff,小山,nouns,0.52
610,room,沖涼,nouns,0.35
611,lawyer,畫廊,nouns,0.0
612,dumb,聰明,adjectives,0.08
613,acquire,得到,verbs,4.86
614,museum,薄荷,nouns,0.08
615,aunt,侄子,nouns,0.7
616,monster,惡魔,nouns,3.59
617,accomplish,達到,verbs,4.73
618,inquire,搜索,verbs,2.98
619,rescue,拯救,verbs,5.14
620,milk,果汁,nouns,0.58
621,information,熵,nouns,0.47
622,brain,神經,nouns,0.82
623,mad,高興,adjectives,0.28
624,plant,農業,nouns,1.11
625,easily,大致地,adverbs,0.32
626,launch,发送,verbs,2.0
627,subtly,大聲地,adverbs,0.08
628,mosaic,教堂,nouns,0.19
629,young,開心,adjectives,0.08
630,leave,徘徊,verbs,0.21
631,freeze,發抖,verbs,0.54
632,peppermint,口香糖,nouns,0.52
633,kill,防守,verbs,0.15
634,modern,古老,adjectives,0.13
635,freedom,綠洲,nouns,0.15
636,biography,小說,nouns,1.17
637,semester,學期,nouns,4.53
638,girl,小孩,nouns,2.15
639,messy,井然有序,adjectives,0.13
640,honey,乳製品,nouns,0.29
641,sheep,羊肉,nouns,4.13
642,princess,餅乾,nouns,0.0
643,pretend,描繪,verbs,0.51
644,announce,宣布,verbs,4.75
645,page,詞,nouns,0.55
646,strange,普通,adjectives,0.08
647,marrow,血液,nouns,0.63
648,patient,複診,nouns,0.4
649,renounce,壓抑,verbs,0.48
650,essay,功課,nouns,2.17
651,marginally,大致,adverbs,0.96
652,base,酸,nouns,1.09
653,attention,意識,nouns,3.37
654,fundraising,發展,nouns,0.13
655,affix,後綴,nouns,0.95
656,holiday,日曆,nouns,0.43
657,wood,毯,nouns,0.0
658,circumnavigation,行李,nouns,0.3
659,homeless,億萬富翁,nouns,0.32
660,haze,雲,nouns,2.58
661,father,女兒,nouns,0.4
662,needy,無助,adjectives,1.61
663,catastrophe,意外,nouns,3.03
664,guitar,鱒魚,nouns,0.0
665,mutant,社會生物學,nouns,0.14
666,insight,事實,nouns,1.25
667,cousin,叔叔,nouns,0.93
668,carriage,汽車,nouns,1.86
669,ox,馬,nouns,1.25
670,door,廚房,nouns,0.22
671,cockpit,副駕駛,nouns,0.25
672,carpet,屋,nouns,0.27
673,separate,連接,verbs,0.04
674,cable,教堂,nouns,0.0
675,happily,安全地,adverbs,0.44
676,belief,花,nouns,0.12
677,tram,火車,nouns,2.71
678,build,加,verbs,1.01
679,agreement,契約,nouns,4.37
680,basketball,棒球,nouns,1.14
681,liberty,自由,nouns,4.98
682,illegal,合法,adjectives,0.13
683,word,文學,nouns,2.08
684,code,符號,nouns,1.34
685,man,勝利者,nouns,0.49
686,send,走,verbs,0.15
687,swamp,湖,nouns,1.85
688,formal,合乎體統,adjectives,3.48
689,cloud,窗口,nouns,0.0
690,foot,手,nouns,1.41
691,tea,檸檬,nouns,0.18
692,lock,鎖匙,nouns,0.69
693,remind,告訴,verbs,1.99
694,easy,困難,adjectives,0.22
695,chase,跟隨,verbs,2.65
696,actress,演員,nouns,3.62
697,proof,事實,nouns,1.66
698,say,校驗,verbs,0.34
699,college,級數,nouns,0.35
700,throat,舌頭,nouns,0.89
701,wall,磚,nouns,0.72
702,dollar,百萬富翁,nouns,0.29
703,unreasonably,不公平地,adverbs,4.14
704,court,法官,nouns,0.96
705,song,演員,nouns,0.19
706,jail,酒吧,nouns,0.08
707,friend,母親,nouns,0.79
708,neck,脊柱,nouns,1.95
709,girl,男人,nouns,0.71
710,reprimand,需求,verbs,0.04
711,constitution,參議院,nouns,0.57
712,spoil,聞,verbs,0.04
713,die,埋葬,verbs,0.89
714,president,相機,nouns,0.0
715,destroy,創建,verbs,0.08
716,jet,飛機,nouns,4.03
717,roughly,稍微地,adverbs,0.96
718,retain,忘記,verbs,0.04
719,fabric,衣服,nouns,1.86
720,disc,電腦,nouns,0.98
721,boy,士兵,nouns,0.59
722,management,管理,nouns,3.21
723,hammer,牙,nouns,0.04
724,portray,決定,verbs,0.0
725,gamble,打賭,verbs,4.62
726,action,課程,nouns,1.12
727,winter,季節,nouns,1.99
728,salad,醋,nouns,0.27
729,happiness,運氣,nouns,0.65
730,lamb,羊,nouns,4.13
731,acknowledge,通知,verbs,0.82
732,skyscraper,宮殿,nouns,0.25
733,clench,把握,verbs,3.09
734,pie,巧克力,nouns,0.41
735,wife,老公,nouns,1.86
736,payment,紙幣,nouns,0.58
737,funny,傷心,adjectives,0.16
738,hit,瞄准,verbs,0.85
739,knee,手臂,nouns,0.22
740,intend,试着,verbs,0.55
741,bargain,便士,nouns,0.21
742,chapter,尾巴,nouns,0.04
743,hostility,侵略,nouns,3.92
744,disappear,搵到,verbs,0.0
745,practice,重複,verbs,2.53
746,fresh,舊,adjectives,0.04
747,anger,心情,nouns,0.96
748,disk,充電器,nouns,0.12
749,prosecutor,律師,nouns,3.32
750,swallow,喝,verbs,1.34
751,hard,簡單,adjectives,0.08
752,ceiling,地板,nouns,0.29
753,case,電,nouns,0.0
754,catastrophe,死亡,nouns,0.89
755,digit,細胞質,nouns,0.0
756,obtain,獲得,verbs,4.93
757,noise,吵鬧,nouns,3.75
758,obviously,本地,adverbs,0.09
759,steak,雞,nouns,0.35
760,notify,承認,verbs,0.82
761,delicately,目前,adverbs,0.18
762,organized,雜亂無章,verbs,0.08
763,cottage,小木屋,nouns,3.33
764,fall,絆倒,verbs,3.71
765,law,學校,nouns,0.26
766,battleship,无畏舰,nouns,2.54
767,draw,創建,verbs,0.84
768,undisclosed,公開,adjectives,0.36
769,sell,走,verbs,0.04
770,significant,次要,adjectives,0.18
771,encyclopedia,字典,nouns,2.11
772,sea,河流,nouns,1.78
773,passively,靜靜地,adverbs,1.09
774,beg,借,verbs,0.9
775,slim,苗條,adjectives,5.1
776,mouse,容器,nouns,0.0
777,paper,海報,nouns,2.07
778,clothes,布,nouns,1.86
779,pollination,蕊,nouns,0.8
780,post,速度,nouns,0.0
781,box,電梯,nouns,0.08
782,detach,裂開,verbs,2.75
783,travel,走,verbs,1.53
784,chaotically,和平地,adverbs,0.04
785,chaos,無政府,nouns,3.17
786,case,硬件,nouns,0.24
787,badge,玻璃,nouns,0.13
788,creator,作者,nouns,3.67
789,balloon,沖涼,nouns,0.0
790,accept,承認,verbs,2.81
791,disown,給,verbs,0.08
792,bar,監獄,nouns,0.08
793,send,出席,verbs,0.09
794,argument,協議,nouns,0.13
795,go,旅行,verbs,1.53
796,gun,軍士,nouns,0.55
797,closet,衣服,nouns,0.72
798,salary,費用,nouns,1.17
799,obtain,攞,verbs,3.52
800,conversion,高度,nouns,0.04
801,clothes,鈕扣,nouns,0.72
802,proper,有禮貌,adjectives,3.17
803,huge,大規模,adjectives,4.37
804,juice,匙羹,nouns,0.18
805,leg,肢體,nouns,2.3
806,conquest,旅程,nouns,0.66
807,remember,想,verbs,0.47
808,television,溝通,nouns,0.23
809,task,工作,nouns,3.78
810,shrink,消失,verbs,0.91
811,mist,雲,nouns,2.61
812,fee,付款,nouns,3.15
813,split,分離,verbs,2.75
814,organ,肝臟,nouns,2.21
815,monk,神職人員,nouns,3.25
816,blame,指控,verbs,3.49
817,smother,燒傷,verbs,0.23
818,worm,惡意軟件,nouns,0.16
819,jar,瓶子,nouns,3.38
820,danger,疾病,nouns,0.52
821,father,家長,nouns,3.08
822,dentist,上校,nouns,0.08
823,sure,自信,adjectives,4.5
824,scientist,護士,nouns,0.16
825,happily,死氣沈沈的,adverbs,0.04
826,threat,危險,nouns,4.52
827,sadly,感情上,adverbs,1.25
828,visa,全球化,nouns,0.37
829,rinse,洗,verbs,3.88
830,dust,掃帚,nouns,0.57
831,dance,裙,nouns,0.0
832,rude,好鬥,adjectives,0.9
833,multiply,加,verbs,0.75
834,listen,聽見,verbs,4.12
835,proud,堅強,adjectives,0.49
836,proclaim,宣告,verbs,4.75
837,hymn,稻草,nouns,0.18
838,blanket,木,nouns,0.0
839,bed,毯子,nouns,0.4
840,population,人,nouns,2.77
841,judge,法庭,nouns,0.96
842,princess,島,nouns,0.0
843,nepotism,國王,nouns,0.2
844,car,單車,nouns,1.12
845,meet,打招呼,verbs,1.37
846,flexible,活動,adjectives,2.91
847,insight,智力,nouns,2.46
848,ocean,海,nouns,5.35
849,agree,不同,verbs,0.08
850,soccer,足球,nouns,5.36
851,impossible,可行,adjectives,0.13
852,paper,木,nouns,0.69
853,paper,硬紙板,nouns,2.62
854,criticize,討厭,verbs,0.62
855,lose,減去,verbs,2.39
856,game,戲法,nouns,0.52
857,advance,促進,verbs,1.65
858,never,誠實地,adverbs,0.0
859,level,得分,nouns,0.78
860,elegantly,美麗地,adverbs,3.39
861,laugh,哭,verbs,0.08
862,anger,懊惱,nouns,4.37
863,motel,小旅館,nouns,3.22
864,singer,合唱,nouns,1.05
865,sociobiology,突變體,nouns,0.14
866,cook,失去,verbs,0.04
867,banker,律師,nouns,1.14
868,mathematician,節目,nouns,0.04
869,field,燕麥,nouns,0.41
870,confidence,自己,nouns,0.78
871,calmly,安然,adverbs,3.79
872,woman,牛仔褲,nouns,0.09
873,task,稻草,nouns,0.0
874,vampire,蝙蝠,nouns,0.77
875,plane,直升機,nouns,1.95
876,discuss,說明,verbs,1.25
877,lawful,非法,adjectives,0.13
878,dignity,徽章,nouns,0.47
879,deliver,接受,verbs,0.0
880,become,出現,verbs,0.18
881,press,放開,verbs,0.09
882,hard,强硬,adjectives,3.46
883,kid,女兒,nouns,1.46
884,judge,作證,verbs,0.34
885,alley,碗,nouns,0.04
886,mustard,種子,nouns,0.89
887,limb,腿,nouns,2.3
888,daughter,孩子,nouns,1.46
889,inquire,想,verbs,0.59
890,son,哥哥,nouns,0.79
891,communication,電視,nouns,0.23
892,goal,赢家,nouns,0.33
893,sticky,濕,adjectives,1.04
894,collect,搖動,verbs,0.0
895,surely,明顯地,adverbs,3.84
896,island,海灘,nouns,0.91
897,drink,提高,verbs,0.0
898,examine,檢查,verbs,5.13
899,book,正文,nouns,1.66
900,cab,的士,nouns,5.85
901,after,之前,adverbs,0.08
902,coin,付款,nouns,0.89
903,wide,新鮮,adjectives,0.0
904,necessary,重要,adjectives,3.59
905,mansion,雕塑家,nouns,0.0
906,book,文學,nouns,2.77
907,flower,信念,nouns,0.12
908,day,晚上,nouns,0.29
909,tool,工作,nouns,0.21
910,hat,盒子,nouns,0.04
911,proud,貧窮,adjectives,0.0
912,acknowledge,說話,verbs,0.55
913,perspective,距離,nouns,0.96
914,biologist,顯微鏡,nouns,0.44
915,sandwich,午飯,nouns,1.34
916,brother,男孩,nouns,2.3
917,drive,停,verbs,0.04
918,known,國民,adjectives,0.0
919,inform,擦亮,verbs,0.0
920,spend,保存,verbs,0.04
921,polite,合乎體統,adjectives,3.17
922,apple,果汁,nouns,0.75
923,crazy,生病,adjectives,0.2
924,actively,準確地,adverbs,0.59
925,involve,包含,verbs,4.25
926,pencil,故事,nouns,0.0
927,belligerence,戰鬥,nouns,1.28
928,beat,混合,verbs,0.15
929,cabin,茅屋,nouns,3.33
930,agreement,洞,nouns,0.0
931,word,頁,nouns,0.55
932,disease,危險,nouns,0.52
933,participate,說,verbs,0.15
934,politician,警察,nouns,0.12
935,classroom,走廊,nouns,0.08
936,omnipotence,霸權,nouns,0.93
937,listen,明白,verbs,0.63
938,want,借,verbs,0.09
939,hip,嘴唇,nouns,0.13
940,hurt,攻擊,verbs,2.77
941,brother,靈魂,nouns,0.0
942,busy,懶,adjectives,0.09
943,compass,大象,nouns,0.04
944,regularly,偶然,adverbs,0.84
945,wisdom,智力,nouns,3.92
946,people,槍,nouns,0.28
947,naturally,悄悄地,adverbs,0.32
948,ignore,問,verbs,0.0
949,author,創造者,nouns,3.67
950,preheat,再熱,nouns,1.75
951,rapid,快,adjectives,5.49
952,queen,蜜蜂,nouns,0.34
953,breakfast,晚餐,nouns,1.42
954,give,知道,verbs,0.08
955,easy,生硬,adjectives,0.0
956,can,瓶子,nouns,1.83
957,imagine,創建,verbs,0.78
958,victor,男人,nouns,0.49
959,lizard,蛇,nouns,1.1
960,bird,母雞,nouns,1.31
961,star,行星,nouns,1.81
962,remainder,差數,nouns,3.13
963,bishop,穆斯林,nouns,0.24
964,class,混亂,nouns,0.0
965,corn,玉米,nouns,5.65
966,delta,海,nouns,0.59
967,blame,推,verbs,0.23
968,cube,玩具,nouns,0.09
969,roof,窗口,nouns,0.43
970,container,瓶子,nouns,2.63
971,buy,偷,verbs,0.12
972,night,白天,nouns,0.29
973,poor,孤獨,adjectives,0.04
974,drawer,衣服,nouns,0.38
975,emotionally,傷心地,adverbs,1.25
976,normally,日常,adverbs,2.9
977,originate,開始,verbs,3.75
978,father,哥哥,nouns,0.97
979,dawn,白天,nouns,2.43
980,capability,才能,nouns,4.31
981,bone,顎,nouns,1.23
982,currency,並行性,nouns,0.04
983,actor,女演員,nouns,3.62
984,strike,未打中,verbs,0.04
985,arrow,目標,nouns,0.69
986,vein,選擇,nouns,0.04
987,sharp,溫和,adjectives,0.0
988,bathroom,廚房,nouns,0.45
989,smart,醒目,adjectives,4.98
990,state,家,nouns,0.32
991,thumb,手,nouns,1.4
992,angry,暴力,adjectives,1.21
993,intuition,感覺,nouns,4.39
994,umbrella,品質,nouns,0.0
995,dictionary,定義,nouns,0.74
996,side,下面,nouns,0.37
997,routinely,一般,adverbs,4.44
998,uniform,未成形,adjectives,0.0
999,region,地區,nouns,4.63
1000,collect,组织,verbs,1.14
1001,censorship,自由,nouns,0.16
1002,pact,條件,nouns,1.12
1003,assault,加劇,verbs,0.47
1004,flee,逃走,verbs,4.98
1005,gut,神經,nouns,0.68
1006,juice,牛奶,nouns,0.58
1007,colt,馬,nouns,3.07
1008,win,成功,verbs,3.63
1009,tear,眼睛,nouns,0.4
1010,dawn,槍,nouns,0.0
1011,manager,領導,nouns,3.0
1012,seed,磨坊,nouns,0.25
1013,recently,最近,adverbs,5.2
1014,borrower,信用,nouns,0.29
1015,splash,粘性,nouns,0.15
1016,stamen,授粉,nouns,0.8
1017,think,決定,verbs,1.09
1018,operation,代數,nouns,0.35
1019,soldier,和平,nouns,0.04
1020,illegal,不道德,adjectives,2.28
1021,incoming,向外,adjectives,0.08
1022,baggage,環球航行,nouns,0.3
1023,clean,一塵不染,adjectives,5.19
1024,create,建立,verbs,3.75
1025,ignorance,智力,nouns,0.08
1026,opposite,其他,adjectives,0.36
1027,hand,指甲,nouns,0.6
1028,car,廠,nouns,0.0
1029,narrow,寬廣,adjectives,0.18
1030,verify,說,verbs,0.34
1031,cab,車,nouns,3.51
1032,stink,發出氣味,verbs,3.08
1033,monkey,参加競選,nouns,0.09
1034,immoral,非法,adjectives,2.28
1035,nail,頭,nouns,0.04
1036,gun,黎明,nouns,0.0
1037,archer,探路者,nouns,0.2
1038,vitamin,鐵,nouns,0.75
1039,accept,原諒,verbs,0.82
1040,insignia,尊嚴,nouns,0.47
1041,theory,假設,nouns,3.95
1042,apartment,酒店,nouns,1.38
1043,learn,評估,verbs,0.32
1044,frustration,憤怒,nouns,4.37
1045,cent,妻子,nouns,0.0
1046,noise,搖鈴,nouns,2.5
1047,steal,獲得,verbs,0.91
1048,theme,書,nouns,0.27
1049,boy,兒童,nouns,2.02
1050,actively,高高興興,adverbs,0.61
1051,dog,馬,nouns,0.8
1052,replacement,交換,nouns,3.54
1053,maize,玉米,nouns,5.65
1054,honest,內疚,adjectives,0.14
1055,cloud,天氣,nouns,0.74
1056,wife,母親,nouns,2.25
1057,trip,旅程,nouns,5.07
1058,nose,嘴巴,nouns,0.48
1059,rice,豆,nouns,0.66
1060,sculpture,雕像,nouns,4.69
1061,teacher,朋友,nouns,0.61
1062,refuse,謝絕,verbs,4.5
1063,confusion,歇斯底里,nouns,1.99
1064,capital,錢,nouns,3.41
1065,ask,唔睬,verbs,0.0
1066,nervous,害怕,adjectives,2.84
1067,agree,拗撬,verbs,0.04
1068,help,保護,verbs,2.17
1069,foolish,孩子氣,adjectives,2.27
1070,constitution,皇帝,nouns,0.26
1071,chief,市長,nouns,2.29
1072,depend,依靠,verbs,4.89
1073,keep,保護,verbs,0.78
1074,determine,撤離,verbs,0.0
1075,keyboard,光,nouns,0.09
1076,fairly,不公平,adverbs,0.08
1077,matrix,向量,nouns,1.27
1078,purse,袋,nouns,2.94
1079,heater,遮,nouns,0.04
1080,beast,動物,nouns,3.73
1081,blade,草,nouns,0.34
1082,blitz,攻擊,nouns,3.04
1083,chemistry,理論,nouns,0.33
1084,nose,頭,nouns,0.28
1085,bus,的士,nouns,1.81
1086,poster,紙,nouns,2.07
1087,bizarre,奇怪,adjectives,4.79
1088,judge,指控,verbs,0.82
1089,manuscript,文章,nouns,1.95
1090,officially,重要的,adverbs,1.41
1091,age,美人,nouns,0.12
1092,steak,肉,nouns,3.78
1093,spoon,杯子,nouns,0.84
1094,bury,死,verbs,0.89
1095,salute,演出,verbs,0.0
1096,man,丈夫,nouns,1.95
1097,assume,假扮,verbs,0.66
1098,cup,錐形蛋筒,nouns,0.39
1099,task,高速公路,nouns,0.0
1100,son,父親,nouns,1.31
1101,dominate,贏,verbs,1.13
1102,blanket,大風,nouns,0.0
1103,music,旋律,nouns,2.68
1104,succeed,嘗試,verbs,0.47
1105,ashamed,謙虛,adjectives,0.29
1106,bed,睡房,nouns,1.39
1107,language,溝通,nouns,1.72
1108,rice,雞,nouns,0.27
1109,pen,字母,nouns,0.04
1110,subtly,冷靜地,adverbs,1.0
1111,car,船,nouns,0.49
1112,money,現金,nouns,5.0
1113,magma,火山,nouns,1.41
1114,tree,葉,nouns,0.68
1115,happy,嬲,adjectives,0.18
1116,simple,容易,adjectives,5.08
1117,cage,柵欄,nouns,0.54
1118,corridor,門,nouns,0.22
1119,find,獲得,verbs,2.54
1120,fast,迅速,adjectives,5.37
1121,persuade,追求,verbs,0.18
1122,give,偷,verbs,0.08
1123,head,指甲,nouns,0.04
1124,tooth,嘴巴,nouns,0.74
1125,meet,離開,verbs,0.0
1126,aggressive,無禮貌,adjectives,0.9
1127,think,查詢,verbs,0.59
1128,passively,可靠地,adverbs,0.0
1129,ball,大炮,nouns,0.4
1130,sincerely,認真地,adverbs,2.47
1131,emotion,激情,nouns,2.35
1132,people,一分錢,nouns,0.14
1133,river,大海,nouns,1.78
1134,telescope,椅子,nouns,0.04
1135,image,主意,nouns,0.43
1136,precisely,準確地,adverbs,4.98
1137,illness,發燒,nouns,2.45
1138,realistically,最近,adverbs,0.32
1139,millionaire,元,nouns,0.29
1140,prince,國王,nouns,2.14
1141,window,門,nouns,0.55
1142,boat,甲板,nouns,0.65
1143,kindly,慷慨地,adverbs,3.27
1144,trick,尺寸,nouns,0.0
1145,generous,友善,adjectives,1.79
1146,chart,圖解,nouns,3.3
1147,disembodied,心靈,adjectives,0.71
1148,racing,哲學家,nouns,0.09
1149,decade,世紀,nouns,0.89
1150,cotton,聚酯纖維,nouns,0.65
1151,cotton,冷衫,nouns,0.43
1152,equation,公式,nouns,3.96
1153,confession,否認,nouns,0.49
1154,seed,芥末,nouns,0.89
1155,retain,保持,verbs,4.38
1156,slender,瘦,adjectives,5.1
1157,deny,避免,verbs,0.33
1158,adversary,對手,nouns,5.37
1159,nurse,科學家,nouns,0.16
1160,ledge,山,nouns,0.27
1161,learn,迷惑,verbs,0.0
1162,fury,生氣,nouns,4.71
1163,ugly,粗糙,adjectives,0.87
1164,ball,服裝,nouns,0.04
1165,bowler,保齡球,nouns,1.44
1166,ball,手套,nouns,0.36
1167,fashion,風尚,nouns,3.65
1168,creative,創新,adjectives,4.54
1169,require,安排,verbs,0.09
1170,sheet,平面,nouns,0.36
1171,opposite,獨特,adjectives,0.52
1172,fifth,最佳,adjectives,0.09
1173,confident,肯定,adjectives,4.5
1174,peacefully,自豪地,adverbs,0.43
1175,peace,幸福,nouns,2.48
1176,lately,最近,adverbs,5.2
1177,cattle,羊,nouns,1.73
1178,become,似乎,verbs,0.48
1179,automobile,汽車,nouns,5.85
1180,task,島,nouns,0.0
1181,class,大學,nouns,0.35
1182,violation,犯罪,nouns,3.06
1183,root,草,nouns,0.54
1184,leave,走開,verbs,3.92
1185,frigid,易損壞,adjectives,0.0
1186,rod,窗帘,nouns,0.29
1187,hospital,床,nouns,0.14
1188,parade,人群,nouns,1.47
1189,retreat,降落,verbs,0.82
1190,island,半島,nouns,1.81
1191,nice,大方,adjectives,1.81
1192,unfairly,公平,adverbs,0.08
1193,give,拒絕,verbs,0.0
1194,log,木材,nouns,2.99
1195,fade,侵蝕,verbs,1.91
1196,note,作業,nouns,0.34
1197,people,元,nouns,0.0
1198,honestly,真誠地,adverbs,4.63
1199,test,試驗,nouns,4.29
1200,bicycle,睡房,nouns,0.0
1201,terrible,傷心,adjectives,0.86
1202,science,心理學,nouns,1.16
1203,gallery,律師,nouns,0.0
1204,happily,積極地,adverbs,0.61
1205,usually,不定期地,adverbs,0.29
1206,importantly,認真地,adverbs,2.5
1207,crime,攻擊,nouns,1.3
1208,hallway,課堂,nouns,0.08
1209,beauty,年齡,nouns,0.12
1210,bush,花,nouns,1.56
1211,take,奪取,verbs,3.45
1212,maturely,正直地,adverbs,0.52
1213,prey,神,nouns,0.0
1214,cattle,乳酪,nouns,0.45
1215,spine,頸,nouns,1.95
1216,sword,王座,nouns,0.07
1217,hurt,跌,verbs,0.33
1218,entropy,信息,nouns,0.47
1219,pottery,陶瓷,nouns,3.25
1220,before,之後,adverbs,0.08
1221,soldier,男孩,nouns,0.59
1222,throne,劍,nouns,0.07
1223,sing,浮動,verbs,0.0
1224,film,劇院,nouns,1.94
1225,planet,星星,nouns,1.81
1226,bite,讀,verbs,0.09
1227,mild,適中,adjectives,2.42
1228,attempt,打算,verbs,0.55
1229,paragraph,頁,nouns,0.57
1230,self,自信,nouns,0.78
1231,inn,汽車旅館,nouns,3.22
1232,illness,傳染病,nouns,3.28
1233,incline,偏見,verbs,2.64
1234,worry,浪費,verbs,0.0
1235,fever,疾病,nouns,2.45
1236,insane,瘋狂,adjectives,5.45
1237,island,公主,nouns,0.0
1238,hut,避難所,nouns,1.23
1239,add,乘,verbs,0.75
1240,hit,吸引,verbs,0.0
1241,coach,播放機,nouns,0.15
1242,boring,平庸,adjectives,2.38
1243,apple,檸檬,nouns,0.47
1244,monthly,每週,adjectives,1.11
1245,century,酒,nouns,0.04
1246,sweater,棉,nouns,0.43
1247,childish,傻,adjectives,2.27
1248,chest,身體,nouns,1.29
1249,borrow,想要,verbs,0.09
1250,mainly,大多,adverbs,3.5
1251,radar,操縱桿,nouns,0.21
1252,stop,哨,verbs,0.14
1253,trick,沖涼,nouns,0.04
1254,complain,帶來,verbs,0.0
1255,go,離開,verbs,3.92
1256,corporation,企業,nouns,3.91
1257,diet,蘋果,nouns,0.47
1258,arm,靜脈,nouns,0.13
1259,warn,停,verbs,0.47
1260,carefully,謹慎地,adverbs,4.75
1261,deeply,大多,adverbs,0.56
1262,accurately,積極地,adverbs,0.59
1263,eye,眼淚,nouns,0.4
1264,election,選擇,nouns,1.99
1265,criminal,犯罪者,nouns,4.81
1266,flexible,有彈性,adjectives,4.01
1267,inspect,檢查,verbs,5.13
1268,man,父親,nouns,2.28
1269,permit,贊成,verbs,4.06
1270,game,行動,nouns,0.48
1271,disguise,偽裝,verbs,2.81
1272,tie,編織,verbs,1.5
1273,apple,飲食,nouns,0.47
1274,guardian,母親,nouns,2.62
1275,die,分化,verbs,0.15
1276,father,兒子,nouns,1.31
1277,aeronautics,航空電子學,nouns,3.37
1278,professor,學生,nouns,0.25
1279,coast,海灘,nouns,3.21
1280,beg,懇求,verbs,4.16
1281,dinner,早餐,nouns,1.42
1282,comprehend,讀,verbs,1.21
1283,avoid,拒絕,verbs,0.33
1284,modest,謙遜,adjectives,5.18
1285,silkworm,毛毛蟲,nouns,2.16
1286,decide,得出結論,verbs,3.16
1287,guilty,誠實,adjectives,0.14
1288,hang,放,verbs,0.79
1289,charcoal,煤,nouns,3.02
1290,word,字典,nouns,0.71
1291,important,必須,adjectives,3.59
1292,coast,濱,nouns,3.47
1293,chapel,尖頂,nouns,1.09
1294,needy,缺乏信心,adjectives,0.91
1295,flute,音樂,nouns,1.27
1296,strange,狡猾,adjectives,0.48
1297,elephant,恐龍,nouns,0.29
1298,avalanche,雪,nouns,2.0
1299,body,脊柱,nouns,0.47
1300,loose,靈活,adjectives,1.54
1301,waist,一餐,nouns,0.0
1302,differ,同意,verbs,0.08
1303,intelligence,技巧,nouns,1.97
1304,program,食物,nouns,0.0
1305,cinema,爆谷,nouns,0.43
1306,normally,常規地,adverbs,4.44
1307,bee,女王,nouns,0.34
1308,death,葬禮,nouns,1.8
1309,ball,籃子,nouns,0.09
1310,pick,選擇,verbs,4.79
1311,business,公司,nouns,4.15
1312,bat,吸血殭屍,nouns,0.77
1313,harmony,鋼琴,nouns,0.43
1314,infinity,零,nouns,0.54
1315,win,統治,verbs,1.13
1316,get,放,verbs,0.04
1317,racism,排外主義,nouns,4.14
1318,sometimes,肯定地,adverbs,0.04
1319,environment,劍,nouns,0.0
1320,galaxy,應用程式,nouns,0.0
1321,umbrella,暖爐,nouns,0.04
1322,mare,馬,nouns,3.2
1323,chair,沙發,nouns,2.89
1324,dictionary,百科全書,nouns,2.11
1325,algebra,手術,nouns,0.35
1326,leave,留,verbs,0.16
1327,reject,選舉,verbs,0.0
1328,top,下面,nouns,0.15
1329,restrict,減少,verbs,1.41
1330,right,正義,nouns,1.12
1331,ankle,肘,nouns,0.51
1332,overcast,預測,nouns,0.24
1333,eczema,皮炎,nouns,3.41
1334,elbow,骨頭,nouns,0.64
1335,once,馬上,adverbs,0.47
1336,divide,乘,verbs,0.24
1337,booth,電話,nouns,0.27
1338,diplomacy,談判,nouns,2.45
1339,nerve,腸子,nouns,0.68
1340,accept,收到,verbs,1.21
1341,log,公式,nouns,0.07
1342,wrathful,猶豫,adjectives,0.18
1343,fault,系統,nouns,0.16
1344,fake,人造,adjectives,4.1
1345,zone,地區,nouns,4.5
1346,ordinary,奇怪,adjectives,0.08
1347,vague,不清楚,adjectives,4.92
1348,naturally,非自然,adverbs,0.08
1349,cliff,尾巴,nouns,0.04
1350,river,溪流,nouns,3.45
1351,atom,分子,nouns,2.02
1352,teacher,學生,nouns,0.61
1353,maker,創造者,nouns,4.81
1354,medal,運動鞋,nouns,0.08
1355,apartment,家具,nouns,0.33
1356,size,一分錢,nouns,0.04
1357,release,按下,verbs,0.09
1358,compiler,子程序,nouns,0.49
1359,term,半學年,nouns,4.53
1360,island,任務,nouns,0.0
1361,finish,畢業,verbs,1.48
1362,proudly,謙遜地,adverbs,0.41
1363,gap,開口,nouns,4.06
1364,idea,方案,nouns,3.86
1365,arm,肌肉,nouns,0.62
1366,nephew,阿姨,nouns,0.7
1367,sofa,椅子,nouns,2.89
1368,madly,大聲地,adverbs,1.25
1369,currently,微妙地,adverbs,0.18
1370,syllabus,考試,nouns,1.01
1371,attorney,律師,nouns,4.92
1372,nervous,某些,adjectives,0.04
1373,wind,颮,nouns,2.48
1374,remain,得到,verbs,0.55
1375,mist,雨,nouns,1.21
1376,drawing,暴動,nouns,0.04
1377,performer,歌曲,nouns,0.19
1378,allow,走,verbs,0.04
1379,death,悲劇,nouns,1.36
1380,construct,毀滅,verbs,0.27
1381,glad,開心,adjectives,5.26
1382,push,責怪,verbs,0.23
1383,intelligent,聰明,adjectives,4.98
1384,leaf,幼苗,nouns,0.89
1385,man,嫌疑人,nouns,0.26
1386,wander,搜索,verbs,0.56
1387,precise,錯誤,adjectives,0.14
1388,normal,不同,adjectives,0.04
1389,carriage,四輪貨運馬車,nouns,3.5
1390,hardware,案件,nouns,0.24
1391,bottom,上面,nouns,0.15
1392,catch,放走,verbs,0.27
1393,reader,作者,nouns,0.49
1394,credit,借款人,nouns,0.29
1395,tuition,獎學金,nouns,0.71
1396,hard,容易,adjectives,0.08
1397,disown,疏忽,verbs,0.55
1398,guy,朋友,nouns,0.92
1399,bottle,容器,nouns,2.63
1400,pretend,假設,verbs,0.66
1401,subtract,失去,verbs,2.39
1402,take,獲得,verbs,3.52
1403,demon,怪獸,nouns,3.59
1404,sunrise,日落,nouns,0.59
1405,worker,相機,nouns,0.18
1406,bath,氣球,nouns,0.0
1407,battery,能量,nouns,2.0
1408,cheap,髒,adjectives,0.32
1409,horn,鼓,nouns,0.43
1410,understand,聽,verbs,0.63
1411,dermatitis,濕疹,nouns,3.41
1412,save,毀滅,verbs,0.04
1413,absorb,學習,verbs,2.47
1414,leave,到達,verbs,0.04
1415,perceive,聽,verbs,1.15
1416,building,房間,nouns,0.45
1417,seriously,重要的,adverbs,2.5
1418,greatly,明亮地,adverbs,0.77
1419,choice,選舉,nouns,1.99
1420,chapel,電纜,nouns,0.0
1421,recently,目前,adverbs,2.89
1422,ability,才能,nouns,4.27
1423,yogurt,家牛,nouns,0.45
1424,catch,捕獲,verbs,3.73
1425,house,地毯,nouns,0.27
1426,powerful,弱,adjectives,0.08
1427,container,四輪貨運馬車,nouns,0.2
1428,allow,反駁,verbs,0.0
1429,jail,選擇,nouns,0.0
1430,investigate,檢查,verbs,4.09
1431,presence,缺席,nouns,0.21
1432,meat,牛扒,nouns,3.78
1433,descend,減少,verbs,0.34
1434,lemon,蘋果,nouns,0.47
1435,religion,世俗主義,nouns,0.24
1436,officially,強烈地,adverbs,0.47
1437,sense,直覺,nouns,4.39
1438,elevator,盒子,nouns,0.08
1439,keep,珍愛,verbs,0.7
1440,urgently,迅速地,adverbs,3.56
1441,tomorrow,今晚,adverbs,0.25
1442,tease,傷害,verbs,0.45
1443,finish,解決,verbs,2.45
1444,arithmetic,韻律,nouns,0.0
1445,cathedral,天花板,nouns,0.04
1446,survive,生活,verbs,3.36
1447,tradition,手工業,nouns,0.43
1448,narrow,長,adjectives,0.47
1449,stressed,輕鬆,adjectives,0.22
1450,sad,可怕,adjectives,0.86
1451,digit,數,nouns,4.58
1452,crowd,遊行,nouns,1.47
1453,ant,蒼蠅,nouns,0.72
1454,neutral,冷靜,adjectives,1.08
1455,apple,糖果,nouns,0.13
1456,ride,拖著腳走,verbs,0.0
1457,violent,柔軟,adjectives,0.0
1458,renounce,斷絕父子關係,verbs,3.89
1459,summer,冬天,nouns,0.28
1460,translator,外國人,nouns,0.29
1461,escape,搵到,verbs,0.0
1462,text,書,nouns,1.66
1463,car,軟管,nouns,0.09
1464,television,編劇,nouns,0.68
1465,piston,發動機,nouns,1.29
1466,laugh,唱,verbs,0.33
1467,arrange,需要,verbs,0.09
1468,cover,保護,verbs,1.25
1469,electric,甜,adjectives,0.0
1470,song,故事,nouns,0.29
1471,journal,文章,nouns,2.18
1472,bury,冚住,verbs,2.23
1473,cellphone,電話,nouns,3.95
1474,justice,法庭,nouns,2.32
1475,reliably,被動地,adverbs,0.0
1476,ancient,新,adjectives,0.13
1477,baseball,沙發,nouns,0.0
1478,bride,新郎,nouns,1.96
1479,tough,容易,adjectives,0.22
1480,bread,小麥粉,nouns,0.67
1481,assist,援助,verbs,4.74
1482,wide,窄小,adjectives,0.13
1483,beach,暗礁,nouns,0.48
1484,king,統治者,nouns,3.75
1485,fiction,傳記,nouns,1.17
1486,differently,終末,adverbs,0.08
1487,deny,說謊,verbs,0.8
1488,boy,兒子,nouns,2.05
1489,door,地窖,nouns,0.13
1490,journalist,詩人,nouns,0.35
1491,aggressive,彎曲,adjectives,0.0
1492,mechanically,理想地,adverbs,0.18
1493,usually,真誠地,adverbs,0.23
1494,house,穀倉,nouns,0.79
1495,fail,成功,verbs,0.04
1496,anarchy,混亂,nouns,3.17
1497,mask,派對,nouns,0.14
1498,borrow,保持,verbs,0.12
1499,seize,攞,verbs,3.45
1500,lawyer,銀行家,nouns,1.14
1501,twice,一次,adverbs,0.59
1502,straw,任務,nouns,0.0
1503,dumb,蠢,adjectives,5.32
1504,shelter,棚屋,nouns,1.23
1505,alloy,鋼,nouns,2.71
1506,get,獲得,verbs,4.86
1507,attach,分離,verbs,0.04
1508,aid,協助,verbs,4.74
1509,erode,褪色,verbs,1.91
1510,machine,電腦,nouns,2.33
1511,literature,詞,nouns,2.08
1512,spicy,弱,adjectives,0.04
1513,body,胸部,nouns,1.29
1514,proud,膽大,adjectives,1.66
1515,vessel,靜脈,nouns,1.07
1516,shatter,摔碎,verbs,3.88
1517,author,讀者,nouns,0.49
1518,cricket,支持者,nouns,0.04
1519,room,大厦,nouns,0.45
1520,forget,學習,verbs,0.08
1521,never,否定,adjectives,0.61
1522,bottle,廣口瓶,nouns,3.38
1523,pathfinder,射手,nouns,0.2
1524,responsibly,獨立地,adverbs,0.98
1525,combination,結合,nouns,2.79
1526,bed,醫院,nouns,0.14
1527,try,說服,verbs,0.16
1528,accept,運送,verbs,0.0
1529,tie,團結,verbs,0.46
1530,infection,詞性變化,nouns,0.09
1531,apparently,簡直,adverbs,0.64
1532,meal,晚飯,nouns,2.92
1533,flora,大自然,nouns,1.91
1534,nose,喉嚨,nouns,0.37
1535,soft,暴力,adjectives,0.0
1536,succeed,節約,verbs,0.04
1537,civilization,生活方式,nouns,0.63
1538,punish,服從,verbs,0.14
1539,fun,足球,nouns,0.18
1540,verify,辯解,verbs,0.59
1541,wander,離開,verbs,0.21
1542,hen,火雞,nouns,1.67
1543,covered,沒有冚住的,adjectives,0.08
1544,drum,喇叭,nouns,0.43
1545,uncle,姨媽,nouns,1.12
1546,pollution,大氣層,nouns,0.47
1547,select,挑選,verbs,4.79
1548,originate,發現,verbs,0.7
1549,bone,牙齒,nouns,2.04
1550,endurance,強度,nouns,2.83
1551,jumping,籬笆,nouns,0.0
1552,unsure,害怕,adjectives,0.7
1553,show,數學家,nouns,0.04
1554,grass,根,nouns,0.54
1555,dirty,黏,adjectives,0.78
1556,asset,股票,nouns,3.41
1557,presence,優勝者,nouns,0.04
1558,crash,摔碎,verbs,2.73
1559,cone,杯子,nouns,0.39
1560,destroy,保留,verbs,0.04
1561,frightened,興奮,adjectives,0.34
1562,gather,出席,verbs,0.49
1563,surprise,慶祝,verbs,0.23
1564,cuddle,擁抱,verbs,4.91
1565,accuse,判斷,verbs,0.82
1566,advise,建議,verbs,4.59
1567,roughly,不耐煩地,adverbs,0.72
1568,battery,劇院,nouns,0.09
1569,pet,貓,nouns,2.63
1570,door,窗,nouns,0.55
1571,republic,公爵,nouns,0.22
1572,good,辣,adjectives,0.04
1573,molecule,原子,nouns,2.02
1574,plane,大薄片,nouns,0.36
1575,think,沉思,verbs,4.03
1576,hear,聽,verbs,4.12
1577,fur,女人,nouns,0.0
1578,enter,走,verbs,1.21
1579,fake,真實,adjectives,0.18
1580,cloud,湖,nouns,0.18
1581,come,出席,verbs,2.98
1582,dinner,湯,nouns,1.13
1583,sunset,日出,nouns,0.59
1584,tough,狡猾,adjectives,0.0
1585,owe,借,verbs,0.27
1586,bet,賭,verbs,4.62
1587,photophone,同音詞,nouns,0.04
1588,tired,飢餓,adjectives,0.39
1589,mediocre,悶,adjectives,2.38
1590,ordinary,難以置信,adjectives,0.04
1591,write,匆匆地寫,verbs,2.98
1592,chorus,歌手,nouns,1.05
1593,convince,嘗試,verbs,0.16
1594,clean,亂,adjectives,0.13
1595,meat,麵包,nouns,0.22
1596,tell,提醒,verbs,1.99
1597,dumb,醒目,adjectives,0.32
1598,syllable,詞元,nouns,0.57
1599,highway,任務,nouns,0.0
1600,helmet,武器,nouns,1.01
1601,humbly,自豪的,adverbs,0.41
1602,word,提示,nouns,0.14
1603,unfair,殘忍,adjectives,1.21
1604,bedroom,廁所,nouns,0.78
1605,loud,無禮貌,adjectives,0.62
1606,neck,骨頭,nouns,0.34
1607,polyester,棉,nouns,0.65
1608,rattle,噪聲,nouns,2.5
1609,find,消失,verbs,0.0
1610,comprehend,知道,verbs,3.12
1611,school,法律,nouns,0.26
1612,suffrage,出口,nouns,0.04
1613,vomit,關閉,verbs,0.0
1614,tongue,喉,nouns,0.89
1615,messy,核突,adjectives,0.79
1616,soup,晚餐,nouns,1.13
1617,ideally,機械地,adverbs,0.18
1618,heart,手術,nouns,0.44
1619,discover,起源,verbs,0.7
1620,baby,成人,nouns,0.33
1621,denial,坦白,nouns,0.49
1622,film,虛無主義,nouns,0.09
1623,beer,飲品,nouns,1.98
1624,laugh,傻笑,verbs,3.65
1625,remind,賣,verbs,0.0
1626,bar,籠子,nouns,0.54
1627,realistically,理想地,adverbs,0.32
1628,diamond,錢,nouns,0.56
1629,weird,正常,adjectives,0.13
1630,payment,費用,nouns,3.15
1631,sell,提醒,verbs,0.0
1632,smell,溺愛,verbs,0.04
1633,writer,作曲家,nouns,2.67
1634,firmly,緊緊,adverbs,3.42
1635,modest,純,adjectives,0.41
1636,typhoon,氣旋,nouns,3.62
1637,huge,小,adjectives,0.12
1638,fluid,噴嘴,nouns,0.18
1639,capture,抓住,verbs,3.73
1640,mix,喝,verbs,0.04
1641,bone,手臂,nouns,0.29
1642,argument,批評,nouns,2.1
1643,tongue,臉頰,nouns,0.52
1644,cable,巫師,nouns,0.0
1645,fire,大災變,nouns,0.33
1646,uniformly,有時,adverbs,0.04
1647,satire,神話,nouns,0.35
1648,stiff,簡單,adjectives,0.0
1649,accept,謝絕,verbs,0.04
1650,violent,嬲,adjectives,1.21
1651,cat,老鼠,nouns,0.29
1652,dinosaur,大象,nouns,0.29
1653,worker,辦公室,nouns,0.29
1654,perform,敬禮,verbs,0.0
1655,mood,憤怒,nouns,0.96
1656,motor,引擎,nouns,3.93
1657,kitchen,門,nouns,0.22
1658,mint,博物館,nouns,0.08
1659,unfairly,不合理,adverbs,4.14
1660,grade,學校,nouns,0.43
1661,lock-up,單身牢房,nouns,1.43
1662,actor,多面體,nouns,0.32
1663,choice,監獄,nouns,0.0
1664,beat,贏,verbs,3.36
1665,bone,頸,nouns,0.34
1666,withdraw,吸收,verbs,0.04
1667,hungry,累,adjectives,0.39
1668,reliably,大致,adverbs,0.23
1669,bacon,豆,nouns,0.04
1670,necessary,完全必要,adjectives,5.22
1671,cabin,營地,nouns,0.52
1672,string,日落,nouns,0.0
1673,highway,車,nouns,0.61
1674,wife,洞,nouns,0.0
1675,death,災難,nouns,0.89
1676,literature,書,nouns,2.77
1677,article,手稿,nouns,1.95
1678,squall,風,nouns,2.48
1679,student,教授,nouns,0.25
1680,discourage,鼓勵,verbs,0.04
1681,bed,幼兒床,nouns,3.23
1682,satisfy,理解,verbs,0.07
1683,multiple,兩次,adverbs,0.7
1684,begin,戒除,verbs,0.08
1685,greet,見面,verbs,1.37
1686,cry,哭泣,verbs,4.8
1687,oil,貂,nouns,0.04
1688,insecure,黏人,adjectives,0.91
1689,car,運輸,nouns,1.86
1690,helpless,貧困,adjectives,1.61
1691,discover,認識到,verbs,3.33
1692,telephone,手提電話,nouns,3.95
1693,freedom,自由,nouns,4.98
1694,ignore,離開,verbs,0.71
1695,celebration,儀式,nouns,2.86
1696,system,故障,nouns,0.16
1697,book,話題,nouns,0.07
1698,become,組織,verbs,0.09
1699,book,意外,nouns,0.0
1700,job,任務,nouns,3.78
1701,dollar,人,nouns,0.0
1702,blood,骨髓,nouns,0.63
1703,wear,撕開,verbs,0.31
1704,bulb,花朵,nouns,0.39
1705,hose,汽車,nouns,0.09
1706,company,商業,nouns,4.15
1707,meet,游泳,verbs,0.32
1708,container,老鼠,nouns,0.0
1709,try,成功,verbs,0.47
1710,costume,球,nouns,0.04
1711,cradle,幼兒床,nouns,4.62
1712,couch,棒球,nouns,0.0
1713,remind,忘記,verbs,0.08
1714,payment,硬幣,nouns,0.89
1715,fraternity,男人,nouns,1.34
1716,long,短,adjectives,0.18
1717,decide,判斷,verbs,3.19
1718,possess,攞,verbs,2.22
1719,tin,鋁,nouns,1.98
1720,opponent,對手,nouns,5.37
1721,chicken,米飯,nouns,0.27
1722,division,乘法,nouns,1.38
1723,odd,奇怪,adjectives,5.31
1724,firmly,冷靜地,adverbs,0.72
1725,development,募捐,nouns,0.13
1726,apocalypse,火,nouns,0.33
1727,seem,變成,verbs,0.48
1728,lose,得到,verbs,0.04
1729,heroine,英雄,nouns,3.62
1730,boat,樹,nouns,0.04
1731,forget,知道,verbs,0.08
1732,express,說,verbs,2.84
1733,menu,點菜,nouns,0.72
1734,camera,總統,nouns,0.0
1735,dukedom,親王國,nouns,1.33
1736,sober,理性的,adjectives,2.58
1737,lens,相機,nouns,0.91
1738,graph,圖表,nouns,3.3
1739,scarce,稀少,adjectives,4.12
1740,optimistically,可能,adverbs,0.32
1741,acquire,取得,verbs,4.93
1742,theatre,電影,nouns,1.94
1743,brainstorming,望遠鏡,nouns,0.04
1744,scribble,寫,verbs,2.98
1745,endurance,花朵,nouns,0.04
1746,garden,軟管,nouns,0.12
1747,disown,聲明放棄,verbs,3.89
1748,unused,新,adjectives,4.5
1749,proud,傷心,adjectives,0.0
1750,large,巨大,adjectives,4.37
1751,drown,救,verbs,0.04
1752,crazy,瘋,adjectives,5.45
1753,guess,刺激,verbs,0.18
1754,plate,碗,nouns,1.95
1755,warrior,男人,nouns,0.77
1756,bell,塔,nouns,0.26
1757,food,程序,nouns,0.0
1758,attitude,自信,nouns,1.37
1759,mill,種子,nouns,0.25
1760,angle,彎曲,nouns,1.34
1761,brother,父親,nouns,0.97
1762,necessary,不需要,adjectives,0.08
1763,joy,自豪,nouns,1.99
1764,union,組合,nouns,2.79
1765,sculptor,大廈,nouns,0.0
1766,square,地圖,nouns,0.18
1767,marijuana,草藥,nouns,1.94
1768,clever,狡猾,adjectives,2.78
1769,money,鑽石,nouns,0.56
1770,glow,照耀,verbs,3.54
1771,weather,雪,nouns,0.69
1772,roughly,容易地,adverbs,0.32
1773,straw,聖歌,nouns,0.18
1774,different,正常,adjectives,0.04
1775,attend,來,verbs,2.98
1776,save,救援,verbs,5.14
1777,convocation,聚會,nouns,3.47
1778,massively,公開地,adverbs,0.23
1779,seedling,葉,nouns,0.89
1780,do,發生,verbs,0.43
1781,battle,征服,nouns,1.48
1782,think,嘗試,verbs,0.36
1783,navy,島,nouns,0.0
1784,roughly,可靠地,adverbs,0.23
1785,president,污染,nouns,0.12
1786,dense,堅硬,adjectives,2.73
1787,cat,狗,nouns,0.63
1788,secure,乏味,adjectives,0.08
1789,print,無視,verbs,0.0
1790,water,加冕禮,nouns,0.0
1791,copilot,警察,nouns,0.08
1792,rarely,平時,adverbs,0.16
1793,chicken,牛扒,nouns,0.35
1794,straight,彎曲,adjectives,0.21
1795,responsibly,可靠,adverbs,3.0
1796,secularist,宗教,nouns,0.24
1797,liberty,審查,nouns,0.16
1798,date,生日,nouns,1.8
1799,combat,好鬥,nouns,1.28
1800,cook,炒,verbs,1.56
1801,sure,確定,adjectives,5.23
1802,decide,描繪,verbs,0.0
1803,tedious,安全,adjectives,0.08
1804,secretly,信心十足地,adverbs,0.27
1805,arm,身體,nouns,0.56
1806,frigid,粗暴,adjectives,0.04
1807,body,底衫褲,nouns,0.52
1808,body,神經,nouns,0.28
1809,crochet,制服,nouns,0.0
1810,telephone,小亭,nouns,0.27
1811,window,雲,nouns,0.0
1812,foot,沙漠,nouns,0.04
1813,year,世紀,nouns,0.68
1814,valley,峽谷,nouns,4.11
1815,government,蜥蜴,nouns,0.04
1816,gymnastics,擊劍,nouns,0.66
1817,suds,泡,nouns,3.5
1818,molecule,空氣,nouns,0.59
1819,ball,球拍,nouns,0.71
1820,business,公司,nouns,3.91
1821,arrive,離開,verbs,0.04
1822,world,地球,nouns,4.04
1823,unnaturally,自然地,adverbs,0.08
1824,snore,醒覺,verbs,0.04
1825,beverage,啤酒,nouns,1.98
1826,lizard,鱷魚,nouns,2.0
1827,cow,山羊,nouns,1.56
1828,leave,等待,verbs,0.0
1829,harbor,包裝紙,nouns,0.04
1830,choice,意見,nouns,1.0
1831,vanish,消逝,verbs,4.94
1832,magnitude,大小,nouns,4.08
1833,acquire,加入,verbs,0.15
1834,speak,低語,verbs,1.36
1835,danger,威脅,nouns,4.52
1836,smartphone,菠蘿,nouns,0.0
1837,daily,通常,adverbs,2.9
1838,drizzle,雨,nouns,3.75
1839,palm,手指,nouns,1.12
1840,strange,怪誕,adjectives,4.79
1841,generously,好心地,adverbs,3.27
1842,book,故事,nouns,2.31
1843,honor,敬重,nouns,2.98
1844,jaw,骨頭,nouns,1.23
1845,win,打敗,verbs,3.36
1846,receive,給予,verbs,0.22
1847,locally,明顯地,adverbs,0.09
1848,behave,服從,verbs,2.79
1849,occasionally,經常地,adverbs,0.84
1850,cross,僧侣,nouns,0.21
1851,milkshake,果汁,nouns,0.67
1852,acquire,偷,verbs,0.91
1853,sunset,線,nouns,0.0
1854,skin,自行車,nouns,0.04
1855,fully,基本上,adverbs,0.4
1856,meter,碼,nouns,2.05
1857,read,理解,verbs,1.21
1858,administration,行政管理,nouns,3.21
1859,foot,頭,nouns,0.18
1860,fun,遊戲,nouns,1.04
1861,boss,董事,nouns,3.65
1862,scheme,主意,nouns,3.86
1863,rush,匆忙,verbs,4.57
1864,dreadnought,主力艦,nouns,2.54
1865,destroy,做,verbs,0.18
1866,prophet,牧師,nouns,0.93
1867,medium,溫和,adjectives,2.42
1868,gain,收割,verbs,1.82
1869,weak,強大,adjectives,0.08
1870,side,頂,nouns,0.38
1871,deceive,作弊,verbs,3.02
1872,criticism,爭論,nouns,2.1
1873,disappear,消失,verbs,4.94
1874,decline,接受,verbs,0.04
1875,softly,大聲地,adverbs,0.18
1876,handicraft,傳統,nouns,0.43
1877,home,州,nouns,0.32
1878,flexible,大,adjectives,0.04
1879,dinner,雞,nouns,0.48
1880,join,離開,verbs,0.04
1881,mind,神經官能症,nouns,0.65
1882,sly,堅固,adjectives,0.0
1883,forgive,忘記,verbs,0.12
1884,newspaper,字,nouns,0.57
1885,important,關鍵,adjectives,4.63
1886,headword,句法,nouns,0.47
1887,require,查詢,verbs,0.04
1888,cat,獅子,nouns,1.71
1889,aviation,飛行,nouns,3.19
1890,decrease,降落,verbs,0.34
1891,card,橋,nouns,0.0
1892,punish,教,verbs,0.23
1893,cigarette,煙草,nouns,2.9
1894,tunnel,路徑,nouns,0.68
1895,ecosystem,經濟,nouns,0.33
1896,contemptuous,輕視,adjectives,4.05
1897,modest,羞愧,adjectives,0.29
1898,smash,打碎,verbs,3.88
1899,yard,米,nouns,2.05
1900,woman,任務,nouns,0.04
1901,testify,判斷,verbs,0.34
1902,groom,新娘,nouns,1.96
1903,situation,狀態,nouns,2.81
1904,relaxed,強調,adjectives,0.22
1905,cinema,電視,nouns,2.1
1906,kill,毀滅,verbs,2.33
1907,emperor,州長,nouns,1.25
1908,theory,化學,nouns,0.33
1909,cold,普通,adjectives,0.0
1910,blend,聯合,verbs,4.02
1911,biology,群落生境,nouns,0.48
1912,achieve,嘗試,verbs,0.37
1913,reject,退出,verbs,0.55
1914,cautiously,小心地,adverbs,4.75
1915,air,氦氣,nouns,0.98
1916,private,個人,adjectives,3.87
1917,get,留,verbs,0.55
1918,sickness,癌症,nouns,3.09
1919,car,的士,nouns,3.51
1920,stone,木,nouns,0.36
1921,cell,房間,nouns,0.99
1922,raise,喝,verbs,0.0
1923,scholarship,學費,nouns,0.71
1924,approve,准許,verbs,4.06
1925,guy,女孩,nouns,0.71
1926,rely,失敗,verbs,0.04
1927,easy,大,adjectives,0.0
1928,uncovered,冚住,adjectives,0.08
1929,unite,領帶,verbs,0.46
1930,man,哨兵,nouns,0.89
1931,completely,輕微,adverbs,0.08
1932,ankle,骨頭,nouns,0.54
1933,rude,噪,adjectives,0.62
1934,crude,核突,adjectives,0.87
1935,sometimes,每當,adverbs,0.49
1936,volcano,岩漿,nouns,1.41
1937,supporter,蟋蟀,nouns,0.04
1938,symbol,標誌,nouns,4.29
1939,chapter,選擇,nouns,0.04
1940,god,獵物,nouns,0.0
1941,sky,夢想,nouns,0.07
1942,keep,給,verbs,0.09
1943,plane,機場,nouns,0.51
1944,search,徘徊,verbs,0.56
1945,go,允許,verbs,0.04
1946,create,潛水,verbs,0.04
1947,dirty,狹窄,adjectives,0.0
1948,melody,音樂,nouns,2.68
1949,drink,混合,verbs,0.04
1950,clarify,說明,verbs,4.25
1951,teacher,教練,nouns,3.86
1952,limp,步行,verbs,1.98
1953,deliver,攞,verbs,0.81
1954,proudly,和平地,adverbs,0.43
1955,wrapper,港口,nouns,0.04
1956,great,壞,adjectives,0.08
1957,head,腳,nouns,0.18
1958,known,好,adjectives,0.77
1959,king,公主,nouns,1.43
1960,weak,辣,adjectives,0.04
1961,defend,殺,verbs,0.15
1962,owe,進入,verbs,0.0
1963,coat,衣服,nouns,1.95
1964,floor,屋頂,nouns,0.29
1965,ruler,國王,nouns,3.75
1966,lion,貓,nouns,1.71
1967,mild,尖,adjectives,0.0
1968,smart,笨,adjectives,0.08
1969,staff,歌手,nouns,0.18
1970,telescope,頭腦風暴,nouns,0.04
1971,big,寬廣,adjectives,2.77
1972,strive,阻礙,verbs,0.0
1973,fry,烘烤,verbs,1.88
1974,gun,筆記本,nouns,0.0
1975,repeat,練習,verbs,2.53
1976,simply,看來,adverbs,0.64
1977,laptop,筆記本,nouns,1.02
1978,decoration,信封,nouns,0.0
1979,stop,駕駛,verbs,0.04
1980,receive,實現,verbs,0.18
1981,ashamed,幸運,adjectives,0.04
1982,head,肩,nouns,0.74
1983,house,公寓,nouns,3.51
1984,parsley,瑪芬,nouns,0.04
1985,graduate,完成,verbs,1.48
1986,helper,女僕,nouns,2.28
1987,clothes,大褸,nouns,1.95
1988,ugly,亂,adjectives,0.79
1989,shoulder,身體,nouns,0.55
1990,mink,油,nouns,0.04
1991,train,電車,nouns,2.71
1992,esteem,榮譽,nouns,2.98
1993,sticky,脏,adjectives,0.78
1994,serious,有趣,adjectives,0.09
1995,happy,年輕,adjectives,0.08
1996,teach,懲罰,verbs,0.23
1997,camera,工作者,nouns,0.18
1998,offender,罪犯,nouns,4.81
1999,dairy,蜜糖,nouns,0.29
2000,grasp,握緊,verbs,3.09
2001,add,建立,verbs,1.01
2002,kidnap,偷,verbs,1.1
2003,obviously,肯定地,adverbs,3.84
2004,evening,黃昏,nouns,4.45
2005,dull,好笑,adjectives,0.04
2006,news,社論,nouns,2.28
2007,complete,完成,adjectives,5.15
2008,explain,討論,verbs,1.25
2009,crocodile,蜥蜴,nouns,2.0
2010,accurately,精確地,adverbs,4.98
2011,door,鐘,nouns,0.39
2012,cop,副駕駛,nouns,0.08
2013,bean,咖啡,nouns,0.62
2014,hesitant,憤怒,adjectives,0.18
2015,hit,懲罰,verbs,0.31
2016,construction,毀滅,nouns,0.21
2017,apparent,明顯,adjectives,4.93
2018,fail,依靠,verbs,0.04
2019,campaign,猴子,nouns,0.09
2020,head,鼻子,nouns,0.28
2021,aluminium,錫,nouns,1.98
2022,fact,洞察力,nouns,1.25
2023,come,走,verbs,0.45
2024,parliament,國會,nouns,3.09
2025,ant,蜜蜂,nouns,1.13
2026,pretend,講大話,verbs,2.92
2027,lemma,音節,nouns,0.57
2028,emperor,憲法,nouns,0.26
2029,flag,杆,nouns,0.52
2030,withdraw,拒絕,verbs,0.55
2031,bronchitis,對乙酰氨基酚,nouns,0.04
2032,ideally,現實地,adverbs,0.32
2033,pesticide,蟲害,nouns,0.68
2034,pinch,用拳猛擊,verbs,0.59
2035,guardian,成人,nouns,2.13
2036,bone,踝,nouns,0.54
2037,desert,沙丘,nouns,1.99
2038,king,王子,nouns,2.14
2039,worker,機器匠,nouns,1.92
2040,chair,長凳,nouns,2.99
2041,cannon,槍,nouns,2.16
2042,vexillology,旗,nouns,1.07
2043,policeman,政治家,nouns,0.12
2044,admit,否認,verbs,0.08
2045,currency,交換,nouns,0.96
2046,island,海軍,nouns,0.0
2047,instantly,一次,adverbs,0.47
2048,growth,肥料,nouns,0.51
2049,water,冰,nouns,2.02
2050,surely,清楚地,adverbs,4.09
2051,softly,堅固地,adverbs,0.04
2052,celebrate,使驚奇,verbs,0.23
2053,bite,搏鬥,verbs,0.57
2054,shake,收集,verbs,0.0
2055,toy,立方體,nouns,0.09
2056,stop,警告,verbs,0.47
2057,union,總數,nouns,0.42
2058,novel,作家,nouns,0.38
2059,spoon,果汁,nouns,0.18
2060,snow,冰,nouns,3.23
2061,obviously,不顯眼地,adverbs,0.08
2062,excited,受驚,adjectives,0.34
2063,deny,承認,verbs,0.08
2064,school,年級,nouns,0.43
2065,light,鍵盤,nouns,0.09
2066,here,現在,adverbs,0.99
2067,rhythm,算術,nouns,0.0
2068,bike,皮膚,nouns,0.04
2069,multiply,除,verbs,0.24
2070,pretend,似乎,verbs,0.87
2071,old,雜,adjectives,0.14
2072,sheriff,警察,nouns,3.67
2073,disprove,允許,verbs,0.0
2074,king,裙帶關係,nouns,0.2
2075,disintegrate,死,verbs,0.15
2076,uncle,表哥,nouns,0.93
2077,syntax,首詞,nouns,0.47
2078,crime,詐騙,nouns,2.48
2079,gun,大炮,nouns,2.16
2080,cattle,牛肉,nouns,2.63
2081,nicely,仁慈地,adverbs,4.7
2082,subroutine,編譯器,nouns,0.49
2083,speak,聽見,verbs,0.13
2084,shiver,凍結,verbs,0.54
2085,fame,財富,nouns,0.94
2086,brother,兒子,nouns,0.79
2087,unnecessary,必須,adjectives,0.08
2088,loudly,猛烈地,adverbs,1.25
2089,pineapple,手機,nouns,0.0
2090,send,接收,verbs,0.08
2091,roughly,明顯地,adverbs,0.59
2092,create,畫,verbs,0.84
2093,deteriorate,抹,verbs,0.09
2094,speak,承認,verbs,0.55
2095,easy,困難,adjectives,0.08
2096,door,地板,nouns,0.22
2097,hero,女英雄,nouns,3.62
2098,nerve,腦,nouns,0.82
2099,yell,拗撬,verbs,1.02
2100,factory,汽車,nouns,0.0
2101,follow,追逐,verbs,2.65
2102,reduce,收縮,verbs,3.58
2103,couch,床,nouns,1.98
2104,stomach,靜脈,nouns,0.14
2105,swear,承諾,verbs,4.25
2106,homophone,光線電話機,nouns,0.04
2107,reduce,淋透,verbs,0.04
2108,save,淹,verbs,0.04
2109,observe,觀看,verbs,4.79
2110,obey,守規矩,verbs,2.79
2111,cloud,薄霧,nouns,2.61
2112,thirsty,飢餓,adjectives,1.47
2113,want,選擇,verbs,0.4
2114,movie,戲,nouns,5.21
2115,popcorn,電影,nouns,0.43
2116,flexible,容易,adjectives,2.02
2117,area,地帶,nouns,4.5
2118,orderly,亂七八糟,adjectives,0.13
2119,dice,立方體,nouns,2.3
2120,comfort,羞辱,verbs,0.04
2121,liquor,世紀,nouns,0.04
2122,destroy,腐爛,verbs,0.69
2123,receive,發送,verbs,0.08
2124,normal,奇怪,adjectives,0.13
2125,explore,發現,verbs,2.52
2126,receive,接受,verbs,1.21
2127,ice,雪,nouns,3.23
2128,choose,想,verbs,0.4
2129,belly,腹部,nouns,2.98
2130,insult,得罪,verbs,4.12
2131,rain,薄霧,nouns,1.21
2132,statue,雕塑,nouns,4.69
2133,strategist,陰謀家,nouns,2.87
2134,endurance,樂隊,nouns,0.0
2135,cat,兔子,nouns,1.13
2136,ceremony,慶祝,nouns,2.86
2137,bad,內疚,adjectives,0.96
2138,furniture,床,nouns,2.05
2139,carbon,原子,nouns,1.29
2140,buckler,屏蔽,nouns,0.6
2141,chair,床,nouns,1.18
2142,priest,預言家,nouns,0.93
2143,difficult,艱難,adjectives,5.7
2144,bird,鷹,nouns,2.88
2145,priest,僧侶,nouns,3.25
2146,twice,總是,adverbs,0.21
2147,easy,靈活,adjectives,2.02
2148,guitar,鼓,nouns,0.68
2149,importantly,正式地,adverbs,1.41
2150,angry,開心,adjectives,0.18
2151,old,新鮮,adjectives,0.04
2152,punch,捏,verbs,0.59
2153,lizard,政府,nouns,0.04
2154,wood,紙,nouns,0.69
2155,fry,煮,verbs,1.56
2156,condition,協議,nouns,1.12
2157,dumb,稀罕,adjectives,0.14
2158,guilty,羞愧,adjectives,4.09
2159,short,長,adjectives,0.18
2160,agriculture,植物,nouns,1.11
2161,narrow,髒,adjectives,0.0
2162,ignore,探索,verbs,0.0
2163,ceramic,陶藝,nouns,3.25
2164,chips,遊標,nouns,0.04
2165,intelligence,邏輯,nouns,2.75
2166,clean,整齊,adjectives,3.83
2167,hymn,征服,nouns,0.0
2168,door,兄弟會,nouns,0.0
2169,dinner,餐,nouns,2.92
2170,daughter,父親,nouns,0.4
2171,possibly,樂觀地,adverbs,0.32
2172,leaf,樹,nouns,0.68
2173,sweater,褸,nouns,2.68
2174,tiny,巨大,adjectives,0.12
2175,reject,避免,verbs,0.56
2176,toe,手指,nouns,0.78
2177,hat,大褸,nouns,0.33
2178,grass,苔蘚,nouns,2.08
2179,number,數字,nouns,4.58
2180,shield,小圆盾,nouns,0.6
2181,difficult,容易,adjectives,0.22
2182,simple,困難,adjectives,0.13
2183,tonight,明天,adverbs,0.25
2184,make,毀滅,verbs,0.18
2185,victim,電話,nouns,0.04
2186,silently,被動地,adverbs,1.09
2187,boat,車,nouns,0.49
2188,body,肩,nouns,0.55
2189,sometimes,一致地,adverbs,0.04
2190,speed,郵件,nouns,0.0
2191,perhaps,大概,adverbs,3.61
2192,psychology,科學,nouns,1.16
2193,glass,水晶,nouns,2.25
2194,believe,接受,verbs,2.3
2195,butterfly,玫瑰,nouns,0.04
2196,check,西洋棋,nouns,0.07
2197,bad,偉大,adjectives,0.08
2198,leader,經理,nouns,3.0
2199,movement,活動,nouns,2.86
2200,magistrate,法官,nouns,4.23
2201,storm,雪,nouns,1.05
2202,flesh,血液,nouns,0.75
2203,august,月,nouns,2.18
2204,underwear,身體,nouns,0.52
2205,monoculture,農業,nouns,1.45
2206,charge,蔑視,verbs,0.0
2207,trick,遊戲,nouns,0.52
2208,entertain,享受,verbs,0.89
2209,atmosphere,臭氧,nouns,2.87
2210,calmly,巧妙的,adverbs,1.0
2211,prove,解釋,verbs,2.66
2212,lie,假扮,verbs,2.92
2213,condition,情況,nouns,2.81
2214,agreement,爭論,nouns,0.13
2215,truck,郵包,nouns,0.09
2216,muscle,骨頭,nouns,0.26
2217,gossip,新聞,nouns,1.53
2218,trial,測試,nouns,4.29
2219,deal,賣,verbs,1.15
2220,street,小巷,nouns,2.92
2221,dusk,傍晚,nouns,4.45
2222,bold,自豪,adjectives,1.66
2223,weave,移動,verbs,0.19
2224,attend,拗撬,verbs,0.04
2225,portray,假扮,verbs,0.51
2226,crib,搖床,nouns,4.62
2227,word,報紙,nouns,0.57
2228,strength,耐力,nouns,2.83
2229,president,小學生,nouns,0.04
2230,apple,陽光,nouns,0.0
2231,choir,教堂,nouns,0.51
2232,never,慷慨地,adverbs,0.04
2233,conquest,戰役,nouns,1.48
2234,stand,步行,verbs,0.37
2235,monarchy,民主,nouns,0.46
2236,happy,快樂,adjectives,4.96
2237,walk,跛行,verbs,1.98
2238,deck,船,nouns,0.65
2239,deny,接受,verbs,0.54
2240,amorphous,無形,adjectives,3.98
2241,gently,仁慈地,adverbs,3.1
2242,seat,銀行,nouns,0.0
2243,snow,風暴,nouns,1.05
2244,gentleman,女士,nouns,0.72
2245,flexible,鬆動,adjectives,1.54
2246,bring,抱怨,verbs,0.0
2247,cash,錢,nouns,5.0
2248,accept,相信,verbs,2.3
2249,sob,哭,verbs,4.82
2250,blister,插圖,nouns,0.04
2251,earthquake,震,nouns,3.28
2252,ministry,蘇丹,nouns,0.2
2253,competence,能力,nouns,4.27
2254,discourage,失敗,verbs,0.29
2255,hear,說話,verbs,0.13
2256,untrustworthy,狡詐,adjectives,3.09
2257,notebook,槍,nouns,0.0
2258,cheek,舌頭,nouns,0.52
2259,teacher,拉比,nouns,1.46
2260,circumcision,包皮,nouns,1.17
2261,difference,剩餘,nouns,3.13
2262,metal,錫,nouns,1.95
2263,logic,智力,nouns,2.75
2264,say,參與,verbs,0.15
2265,anatomy,生物學,nouns,2.66
2266,aggression,敵意,nouns,3.92
2267,divide,加,verbs,0.52
2268,argue,說服,verbs,1.08
2269,century,十年,nouns,0.89
2270,antagonize,刺激,verbs,4.05
2271,metal,鋁,nouns,1.9
2272,car,高速公路,nouns,0.61
2273,mark,俱樂部,nouns,0.04
2274,course,肚,nouns,0.0
2275,joystick,雷達,nouns,0.21
2276,fabric,麻布,nouns,2.38
2277,hungry,渴,adjectives,1.47
2278,wallpaper,背景,nouns,2.63
2279,search,查詢,verbs,2.98
2280,list,陣列,nouns,1.29
2281,body,手臂,nouns,0.56
2282,scared,緊張,adjectives,2.84
2283,flower,燈泡,nouns,0.39
2284,inaccurately,精確地,adverbs,0.08
2285,buddy,朋友,nouns,4.59
2286,stomach,課程,nouns,0.0
2287,sonnet,美,nouns,0.12
2288,lower,减少,verbs,3.9
2289,shrink,成長,verbs,0.04
2290,passion,情緒,nouns,2.35
2291,winner,存在,nouns,0.04
2292,highway,路,nouns,3.48
2293,take,交付,verbs,0.81
2294,tobacco,香煙,nouns,2.9
2295,fox,獵狗,nouns,1.02
2296,wet,黏,adjectives,1.04
2297,incredibly,非常,adverbs,3.18
2298,peacefully,冷靜地,adverbs,3.79
2299,broad,狹窄,adjectives,0.18
2300,bowling,保齡球選手,nouns,1.44
2301,legion,軍隊,nouns,3.25
2302,bowl,碟,nouns,1.95
2303,importantly,真實地,adverbs,0.49
2304,riot,畫畫,nouns,0.04
2305,molecule,基質,nouns,0.49
2306,shower,修道院,nouns,0.0
2307,television,演員,nouns,0.49
2308,stir,抖動,verbs,0.85
2309,drip,倒,verbs,0.91
2310,bake,炒,verbs,1.88
2311,winner,冠軍,nouns,4.61
2312,feasible,不可能,adjectives,0.13
2313,repress,宣佈放棄,verbs,0.48
2314,pole,旗,nouns,0.52
2315,meat,三明治,nouns,0.21
2316,bishop,大主教,nouns,3.93
2317,window,屋頂,nouns,0.43
2318,street,汽車,nouns,0.71
2319,forgive,接受,verbs,0.82
2320,tonight,今天,adverbs,1.14
2321,cab,巴士,nouns,1.81
2322,tail,懸崖,nouns,0.04
2323,appear,離開,verbs,0.08
2324,apartment,屋,nouns,3.51
2325,acid,鹼,nouns,1.09
2326,university,校園,nouns,2.18
2327,appear,成為,verbs,0.18
2328,night,章節,nouns,0.0
2329,rare,難得,adjectives,4.12
2330,regular,無知,adjectives,0.12
2331,wife,稻草,nouns,0.0
2332,specially,有意義地,adverbs,1.42
2333,bee,螞蟻,nouns,1.13
2334,ice,水,nouns,2.02
2335,virus,血液,nouns,0.58
2336,trick,槍,nouns,0.0
2337,dull,沉悶,adjectives,2.45
2338,key,鎖,nouns,0.69
2339,linen,布,nouns,2.38
2340,exchange,貨幣,nouns,0.96
2341,tragedy,死亡,nouns,1.36
2342,acetylcholine,鳶尾花,nouns,0.0
2343,compare,分析,verbs,2.95
2344,borrow,乞求,verbs,0.9
2345,strength,威力,nouns,4.11
2346,demon,天使,nouns,0.25
2347,student,老師,nouns,0.61
2348,young,焦躁不安,adjectives,0.08
2349,target,箭頭,nouns,0.69
2350,key,王冠,nouns,0.04
2351,calmly,堅固地,adverbs,0.72
2352,foolish,笨,adjectives,4.48
2353,roof,地板,nouns,0.29
2354,god,父親,nouns,0.43
2355,save,花费,verbs,0.04
2356,inquire,需要,verbs,0.04
2357,scream,叫喊,verbs,3.71
2358,sultan,部,nouns,0.2
2359,west,北,nouns,0.55
2360,justice,權利,nouns,1.12
2361,finger,腳趾,nouns,0.78
2362,handbook,指南,nouns,3.58
2363,story,鉛筆,nouns,0.0
2364,friend,夥伴,nouns,4.59
2365,potato,牛油,nouns,0.16
2366,manner,方法,nouns,3.84
2367,divide,團結,verbs,0.04
2368,construct,做,verbs,3.54
2369,god,魔鬼,nouns,0.32
2370,lonely,貧窮,adjectives,0.04
2371,bean,煙肉,nouns,0.04
2372,cloth,衣服,nouns,2.06
2373,change,改變,verbs,4.9
2374,bowl,小巷,nouns,0.04
2375,rude,批評,adjectives,0.74
2376,car,喇叭,nouns,0.55
2377,restore,帶來,verbs,0.26
2378,sharp,鈍,adjectives,0.13
2379,curved,好鬥,adjectives,0.0
2380,dawn,晚上,nouns,0.42
2381,job,工具,nouns,0.21
2382,salt,水,nouns,0.07
2383,never,稍後,adverbs,0.27
2384,suspect,男人,nouns,0.26
2385,swim,見面,verbs,0.32
2386,bone,膝蓋,nouns,0.65
2387,decide,想,verbs,1.09
2388,terminally,主要,adverbs,0.08
2389,biology,解剖學,nouns,2.66
2390,move,編織,verbs,0.19
2391,give,收到,verbs,0.22
2392,horse,母馬,nouns,3.2
2393,lunch,三文治,nouns,1.34
2394,dictionary,字,nouns,0.71
2395,vein,手臂,nouns,0.13
2396,attack,閃電攻擊,nouns,3.04
2397,yarn,線,nouns,2.87
2398,song,歌謠,nouns,3.79
2399,try,想,verbs,0.36
2400,notify,通知,verbs,4.98
2401,organize,收集,verbs,1.14
2402,strange,古怪,adjectives,5.37
2403,watch,裙子,nouns,0.09
2404,combine,甘蔗,nouns,0.0
2405,allowed,合法,adjectives,3.88
2406,dirty,非常好,adjectives,0.0
2407,mediocre,壞,adjectives,0.46
2408,sunshine,射線,nouns,0.59
2409,fail,使氣餒,verbs,0.29
2410,trout,吉他,nouns,0.0
2411,distance,角度,nouns,0.96
2412,crime,盜竊,nouns,2.84
2413,hotel,公寓,nouns,1.38
2414,word,習語,nouns,1.31
2415,congress,議會,nouns,3.09
2416,cover,掩飾,verbs,2.81
2417,task,女人,nouns,0.04
2418,rabbit,貓,nouns,1.13
2419,contemplate,想,verbs,4.03
2420,ostrich,果園,nouns,0.0
2421,finish,競爭,verbs,0.78
2422,horse,牛,nouns,1.25
2423,pact,協議,nouns,4.37
2424,lifestyle,文明,nouns,0.63
2425,pest,農藥,nouns,0.68
2426,weather,波浪,nouns,0.04
2427,shapeless,不定形,adjectives,3.98
2428,boring,累,adjectives,0.2
2429,ordinary,冷,adjectives,0.0
2430,aluminium,金屬,nouns,1.9
2431,mouse,管理,nouns,0.04
2432,stumble,跌倒,verbs,3.71
2433,adult,監護人,nouns,2.13
2434,funny,枯燥,adjectives,0.04
2435,wall,城堡,nouns,0.25
2436,bias,傾向,verbs,2.64
2437,sing,大笑,verbs,0.33
2438,leave,出現,verbs,0.08
2439,precious,懶,adjectives,0.04
2440,engine,摩打,nouns,3.93
2441,topic,書,nouns,0.07
2442,neck,手臂,nouns,0.32
2443,messy,清潔,adjectives,0.13
2444,do,戒除,verbs,0.08
2445,sphere,球,nouns,4.25
2446,teeth,鎚,nouns,0.04
2447,coffee,豆,nouns,0.62
2448,tsunami,海,nouns,1.36
2449,national,聞名,adjectives,0.0
2450,burial,死亡,nouns,1.8
2451,doctor,脾氣,nouns,0.18
2452,actor,電視,nouns,0.49
2453,tower,鐘,nouns,0.26
2454,protect,幫助,verbs,2.17
2455,weep,哭,verbs,4.8
2456,cinematography,導演,nouns,1.06
2457,brow,眼睛,nouns,0.85
2458,plead,乞求,verbs,4.16
2459,sly,機靈,adjectives,2.78
2460,boundary,國境,nouns,4.29
2461,triumph,勝利,nouns,4.75
2462,blood,病毒,nouns,0.58
2463,day,黎明,nouns,2.43
2464,pathogen,病菌,nouns,3.53
2465,quickly,紧急,adverbs,3.56
2466,dissolve,混合,verbs,0.78
2467,tax,收入,nouns,0.33
2468,pure,謙虛,adjectives,0.41
2469,quit,做,verbs,0.08
2470,mouse,貓,nouns,0.29
2471,bored,平淡,adjectives,2.45
2472,read,咬,verbs,0.09
2473,forgive,明白,verbs,0.56
2474,money,資本,nouns,3.41
2475,electricity,案件,nouns,0.0
2476,ignore,打印,verbs,0.0
2477,vehicle,巴士,nouns,2.05
2478,despise,收費,verbs,0.0
2479,child,男孩,nouns,2.02
2480,engine,機器,nouns,2.17
2481,usually,很少地,adverbs,0.16
2482,fry,煮沸,verbs,0.99
2483,antecedent,過去,nouns,2.66
2484,leave,進入,verbs,0.08
2485,known,流行,adjectives,2.39
2486,college,職業,nouns,0.23
2487,coat,帽子,nouns,0.33
2488,accuse,說謊,verbs,0.16
2489,cherish,保持,verbs,0.7
2490,discreetly,有禮貌地,adverbs,1.52
2491,tired,無聊,adjectives,0.2
2492,strong,自豪,adjectives,0.49
2493,belief,概念,nouns,1.27
2494,income,税,nouns,0.33
2495,basilica,馬賽克,nouns,0.19
2496,instructor,老師,nouns,3.86
2497,accident,書,nouns,0.0
2498,hug,摟抱,verbs,4.91
2499,happiness,悲傷,nouns,0.13
2500,crooked,彎曲,adjectives,2.73
2501,stubborn,蠢,adjectives,0.38
2502,cow,家牛,nouns,4.16
2503,writer,禮物,nouns,0.04
2504,skirt,手錶,nouns,0.09
2505,dangerously,小心地,adverbs,0.09
2506,reduce,降低,verbs,3.9
2507,lightly,明亮地,adverbs,0.71
2508,drift,流,verbs,1.57
2509,meat,煙肉,nouns,2.12
2510,care,謹慎,nouns,4.0
2511,child,成人,nouns,0.47
2512,protein,柄,nouns,0.04
2513,carbohydrate,蔗糖,nouns,1.97
2514,church,合唱團,nouns,0.51
2515,marginally,十足地,adverbs,0.08
2516,fraud,犯罪,nouns,2.48
2517,steel,合金,nouns,2.71
2518,exit,選舉權,nouns,0.04
2519,floor,天花板,nouns,0.29
2520,irregularly,平時,adverbs,0.29
2521,rhythm,旋律,nouns,2.56
2522,give,放,verbs,0.47
2523,victory,凱旋,nouns,4.75
2524,gun,戲法,nouns,0.0
2525,run,騎,verbs,0.28
2526,sentry,男人,nouns,0.89
2527,weekly,每月,adjectives,1.11
2528,explain,證明,verbs,2.66
2529,find,逃逸,verbs,0.0
2530,sell,借,verbs,0.08
2531,yell,尖叫,verbs,3.71
2532,saint,罪人,nouns,0.12
2533,boy,狀態,nouns,0.04
2534,capability,力量,nouns,2.75
2535,ceiling,大教堂,nouns,0.04
2536,shut,嘔吐,verbs,0.0
2537,bedroom,肚,nouns,0.04
2538,body,血液,nouns,0.52
2539,forget,提醒,verbs,0.08
2540,chapter,晚上,nouns,0.0
2541,whistle,停,verbs,0.14
2542,brain,頭腦,nouns,3.89
2543,cent,人,nouns,0.14
2544,bad,極好,adjectives,0.08
2545,ashamed,內疚,adjectives,4.09
2546,sad,搞笑,adjectives,0.16
2547,hurricane,暴風雨,nouns,3.29
2548,apple,醬,nouns,0.56
2549,pointer,幻灯片,nouns,0.14
2550,theory,定理,nouns,4.69
2551,attract,打,verbs,0.0
2552,canyon,山谷,nouns,4.11
2553,monastery,沖涼,nouns,0.0
2554,join,加,verbs,3.17
2555,easy,脆弱,adjectives,0.52
2556,vector,矩陣,nouns,1.27
2557,ozone,大氣層,nouns,2.87
2558,obvious,顯然,adjectives,4.93
2559,organ,腎,nouns,2.73
2560,boy,哥哥,nouns,2.3
2561,real,假,adjectives,0.18
2562,scared,害羞,adjectives,1.92
2563,beef,家牛,nouns,2.63
2564,finger,手掌,nouns,1.12
2565,steal,給,verbs,0.08
2566,elbow,踝,nouns,0.51
2567,home,在別處,adverbs,0.24
2568,seldom,經常,adverbs,0.16
2569,bus,車輛,nouns,2.05
2570,intelligence,智慧,nouns,3.92
2571,rice,男孩,nouns,0.04
2572,gift,作家,nouns,0.04
2573,penny,便宜貨,nouns,0.21
2574,flower,忍耐力,nouns,0.04
2575,organize,成為,verbs,0.09
2576,carefully,安全地,adverbs,2.52
2577,overt,未公開,adjectives,0.36
2578,mine,岩石,nouns,0.73
2579,deadly,高高興興地,adverbs,0.04
2580,winner,目標,nouns,0.33
2581,conquest,聖歌,nouns,0.0
2582,make,建造,verbs,3.54
2583,water,鹽,nouns,0.07
2584,plenty,豐富,nouns,4.32
2585,hear,察覺,verbs,1.15
2586,certain,肯定,adjectives,5.23
2587,candidate,獲勝者,nouns,0.79
2588,give,保持,verbs,0.09
2589,pupil,總統,nouns,0.04
2590,destruction,建造,nouns,0.21
2591,demand,訓斥,verbs,0.04
2592,ride,跑,verbs,0.28
2593,gun,刀,nouns,1.42
2594,sadness,幸福,nouns,0.13
2595,old,新,adjectives,0.13
2596,caliber,遮,nouns,0.0
2597,leave,撤退,verbs,3.46
2598,hate,喜愛,verbs,0.09
2599,party,人們,nouns,0.71
2600,crib,床,nouns,3.23
2601,sun,天空,nouns,0.77
2602,caution,注意,nouns,4.0
2603,exit,門口,nouns,2.88
2604,succeed,贏,verbs,3.63
2605,dad,母親,nouns,1.36
2606,arm,骨頭,nouns,0.29
2607,offend,侮辱,verbs,4.12
2608,acquire,搵到,verbs,2.54
2609,camp,艙,nouns,0.52
2610,misery,絕望,nouns,4.17
2611,dream,天空,nouns,0.07
2612,leave,無視,verbs,0.71
2613,juice,奶昔,nouns,0.67
2614,flexible,謙虛,adjectives,0.14
2615,moral,傳說,nouns,0.16
2616,storm,颶風,nouns,3.29
2617,cinnamon,糖果,nouns,0.29
2618,actively,被動地,adverbs,0.08
2619,fresh,新,adjectives,2.86
2620,foreigner,翻譯者,nouns,0.29
2621,breathe,嗆,verbs,0.36
2622,homework,文章,nouns,2.17
2623,hand,拇指,nouns,1.4
2624,cytoplasm,數字,nouns,0.0
2625,unite,劃分,verbs,0.04
2626,sugarcane,聯合,nouns,0.0
2627,bedroom,床,nouns,1.39
2628,understand,原諒,verbs,0.56
2629,waist,肚,nouns,2.28
2630,doorway,出口,nouns,2.88
2631,weave,绑,verbs,1.5
2632,accept,推介,verbs,0.0
2633,door,存在,nouns,0.0
2634,people,氣球,nouns,0.0
2635,pray,溝通,verbs,0.48
2636,road,高速公路,nouns,3.48
2637,finished,完結,adjectives,5.15
2638,knife,槍,nouns,1.42
2639,wife,一分錢,nouns,0.0
2640,nice,残酷,adjectives,0.0
2641,rhythm,詩,nouns,0.48
2642,action,遊戲,nouns,0.48
2643,lawyer,檢察官,nouns,3.32
2644,join,合作,verbs,1.02
2645,orchard,鴕鳥,nouns,0.0
2646,piano,和聲,nouns,0.43
2647,learn,忘記,verbs,0.08
2648,red,藍色,adjectives,0.4
2649,avionics,航空學,nouns,3.37
2650,breakfast,煙肉,nouns,0.54
2651,oat,田,nouns,0.41
2652,bedroom,單車,nouns,0.0
2653,dumb,巨大,adjectives,0.13
2654,recently,現實地,adverbs,0.32
2655,plead,請,verbs,0.54
2656,furniture,公寓,nouns,0.33
2657,meaningfully,特別,adverbs,1.42
2658,cameo,性能,nouns,0.69
2659,irritate,對抗,verbs,2.11
2660,writer,小說,nouns,0.38
2661,skiing,滑雪板,nouns,1.02
2662,seem,假扮,verbs,0.87
2663,cattle,牛,nouns,4.16
2664,hate,批評,verbs,0.62
2665,new,舊,adjectives,0.13
2666,fight,玩,verbs,0.18
2667,mind,大腦,nouns,3.89
2668,eye,眉頭,nouns,0.85
2669,economy,生態系統,nouns,0.33
2670,nature,植物群,nouns,1.91
2671,chase,抓住,verbs,0.55
2672,liver,肺,nouns,0.62
2673,hail,雨,nouns,1.33
2674,dull,尖,adjectives,0.13
2675,calendar,假日,nouns,0.43
2676,book,主題,nouns,0.27
2677,stop,禁止,verbs,3.09
2678,safe,合法,adjectives,0.79
2679,nail,拇指,nouns,1.34
2680,bread,肉,nouns,0.22
2681,peacefully,混亂,adverbs,0.04
2682,unformed,制服,adjectives,0.0
2683,football,有趣,nouns,0.18
2684,fraternity,門,nouns,0.0
2685,choice,靜脈,nouns,0.04
2686,exciting,平淡,adjectives,0.22
2687,aggravate,攻擊,verbs,0.47
2688,offering,貢獻,nouns,3.5
2689,coast,小炮艦,nouns,0.08
2690,sister,兄弟,nouns,1.57
2691,bring,發送,verbs,0.13
2692,ring,訂婚,nouns,1.29
2693,piece,飛機場,nouns,0.0
2694,lucky,慚愧,adjectives,0.04
2695,month,八月,nouns,2.18
2696,animal,人,nouns,0.49
2697,openly,大規模,adverbs,0.23
2698,allow,侵蝕,verbs,0.0
2699,humble,謙虛,adjectives,5.18
2700,presence,門,nouns,0.0
2701,possess,吸收,verbs,0.33
2702,take,離開,verbs,0.08
2703,car,電梯,nouns,0.13
2704,mother,監護人,nouns,2.62
2705,car,貨車,nouns,2.02
2706,liquor,樂隊,nouns,0.0
2707,float,唱,verbs,0.0
2708,flower,灌木,nouns,1.56
2709,baseball,籃球,nouns,1.14
2710,glad,瘋狂,adjectives,0.28
2711,ceiling,屋頂,nouns,3.48
2712,add,除,verbs,0.52
2713,stupid,頑固,adjectives,0.38
2714,hole,妻子,nouns,0.0
2715,cup,罐子,nouns,1.94
2716,topic,故事,nouns,0.96
2717,precisely,不準確地,adverbs,0.08
2718,mountain,窗台,nouns,0.27
2719,later,從未,adverbs,0.27
2720,instrument,小提琴,nouns,1.65
2721,clue,字,nouns,0.14
2722,cardboard,紙,nouns,2.62
2723,communication,語言,nouns,1.72
2724,meal,腰部,nouns,0.0
2725,meal,晚餐,nouns,2.61
2726,smell,發出惡臭,verbs,3.08
2727,chocolate,派,nouns,0.41
2728,oasis,自由,nouns,0.15
2729,camera,鏡片,nouns,0.91
2730,communicate,祈禱,verbs,0.48
2731,happiness,和平,nouns,2.48
2732,acknowledge,接受,verbs,2.81
2733,editorial,新聞,nouns,2.28
2734,inflection,感染,nouns,0.09
2735,rational,清醒,adjectives,2.58
2736,frame,打,nouns,0.14
2737,unmentionable,婚外,adjectives,0.3
2738,ignorant,頻繁,adjectives,0.12
2739,truck,汽車,nouns,2.02
2740,arm,頸,nouns,0.32
2741,barn,屋,nouns,0.79
2742,princess,國王,nouns,1.43
2743,tomb,重新安葬,nouns,0.66
2744,deck,老鼠,nouns,0.04
2745,skill,智力,nouns,1.97
2746,boil,炒,verbs,0.99
2747,biscuit,公主,nouns,0.0
2748,clothes,布料,nouns,2.06
2749,application,申請人,nouns,0.62
2750,dog,貓,nouns,0.63
2751,extramarital,不宜說出口的,adjectives,0.3
2752,husband,老婆,nouns,1.86
2753,daughter,嬰兒,nouns,1.88
2754,century,年,nouns,0.68
2755,employer,員工,nouns,0.33
2756,bed,傢俱,nouns,2.05
2757,supper,餐,nouns,2.61
2758,bride,公主,nouns,0.32
2759,basically,充分,adverbs,0.4
2760,incredibly,緊緊地,adverbs,0.14
2761,mix,煮,verbs,0.49
2762,punish,擊中,verbs,0.31
2763,sunset,表,nouns,0.0
2764,know,忘記,verbs,0.08
2765,evaluate,學習,verbs,0.32
2766,once,兩次,adverbs,0.59
2767,tin,金屬,nouns,1.95
2768,opening,缺口,nouns,4.06
2769,senate,憲法,nouns,0.57
2770,anger,狂怒,nouns,4.71
2771,drench,减少,verbs,0.04
2772,computer,磁盘,nouns,0.98
2773,people,派對,nouns,0.71
2774,note,付款,nouns,0.58
2775,leave,見面,verbs,0.0
2776,room,床,nouns,0.37
2777,comprehend,滿足,verbs,0.07
2778,son,男孩子,nouns,2.05
2779,democracy,帝制,nouns,0.46
2780,bird,火雞,nouns,2.09
2781,mad,極好,adjectives,0.0
2782,palace,高樓大廈,nouns,0.25
2783,help,問,verbs,0.15
2784,tail,章,nouns,0.04
2785,decompose,毀滅,verbs,0.69
2786,realize,發現,verbs,3.33
2787,legend,道德,nouns,0.16
2788,competence,能力,nouns,4.31
2789,judge,裁判官,nouns,4.23
2790,airport,飛機,nouns,0.51
2791,baby,女兒,nouns,1.88
2792,descend,撤退,verbs,0.82
2793,add,加入,verbs,3.17
2794,arm,腿,nouns,0.49
2795,winter,夏天,nouns,0.28
2796,trainers,獎章,nouns,0.08
2797,information,書,nouns,0.96
2798,securely,小心地,adverbs,2.52
2799,castle,壁,nouns,0.25
2800,cloud,霧氣,nouns,2.58
2801,abnormally,一般,adverbs,0.04
2802,dive,創建,verbs,0.04
2803,pray,問,verbs,0.72
2804,difficult,簡單,adjectives,0.18
2805,curved,歪斜,adjectives,2.73
2806,give,斷絕父子關係,verbs,0.08
2807,drum,吉他,nouns,0.68
2808,white,狹窄,adjectives,0.0
2809,tongue,肌肉,nouns,0.95
2810,new,古老,adjectives,0.13
2811,arm,膝蓋,nouns,0.22
2812,meat,牛肉,nouns,2.79
2813,poorly,謙遜地,adverbs,0.33
2814,sky,陽光,nouns,0.77
2815,agriculture,單一耕作,nouns,1.45
2816,priest,天神,nouns,0.51
2817,argue,需求,verbs,0.23
2818,uniform,鈎織編織,nouns,0.0
2819,restless,年輕,adjectives,0.08
2820,teeth,骨頭,nouns,2.04
2821,money,工資,nouns,3.34
2822,band,管弦樂隊,nouns,3.21
2823,adult,嬰兒,nouns,0.33
2824,vulnerable,簡單,adjectives,0.52
2825,acoustics,聲音,nouns,3.13
2826,helicopter,飛機,nouns,1.95
2827,keep,借,verbs,0.12
2828,handle,蛋白質,nouns,0.04
2829,flu,發熱,nouns,1.46
2830,flow,漂移,verbs,1.57
2831,malware,蠕蟲,nouns,0.16
2832,firmly,輕輕的,adverbs,0.04
2833,mostly,主要,adverbs,3.5
2834,fur,槍,nouns,0.04
2835,fencing,體操,nouns,0.66
2836,harsh,殘酷,adjectives,3.6
2837,soul,兄弟,nouns,0.0
2838,sly,奇怪,adjectives,0.48
2839,director,老闆,nouns,3.65
2840,beautifully,優雅地,adverbs,3.39
2841,safely,高高興興地,adverbs,0.44
2842,outgoing,進來,adjectives,0.08
2843,defend,保護,verbs,3.73
2844,crime,違反,nouns,3.06
2845,sorrow,羞愧,nouns,1.72
2846,confidently,偷偷,adverbs,0.27
2847,cruel,不公平,adjectives,1.21
2848,paragraph,信,nouns,0.12
2849,terrific,壞,adjectives,0.08
2850,friend,老師,nouns,0.61
2851,lip,臀部,nouns,0.13
2852,capture,模仿,verbs,0.12
2853,know,明白,verbs,3.41
2854,box,雪茄,nouns,0.12
2855,base,底部,nouns,2.87
2856,friend,傢伙,nouns,0.92
2857,drought,水,nouns,0.04
2858,brightly,非常,adverbs,0.77
2859,truly,重要地,adverbs,0.49
2860,play,搏鬥,verbs,0.18
2861,blend,打,verbs,0.15
2862,floor,門,nouns,0.22
2863,arm,肩膀,nouns,1.25
2864,exchange,替換,nouns,3.54
2865,rare,非一般,adjectives,4.21
2866,score,水平,nouns,0.78
2867,destroy,殺,verbs,2.33
2868,physician,醫生,nouns,4.85
2869,sensor,散熱器,nouns,0.48
2870,discover,探索,verbs,2.52
2871,popular,聞名,adjectives,2.39
2872,parade,樂隊,nouns,0.49
2873,surgery,心臟,nouns,0.44
2874,go,來,verbs,0.45
2875,management,工作,nouns,0.74
2876,arrive,來,verbs,2.33
2877,monk,十字架,nouns,0.21
2878,beach,島,nouns,0.91
2879,argue,叫喊,verbs,1.02
2880,tank,汽車,nouns,0.68
2881,party,面具,nouns,0.14
2882,navy,軍隊,nouns,2.72
2883,nerve,身體,nouns,0.28
2884,encourage,使氣餒,verbs,0.04
2885,style,時裝,nouns,3.65
2886,lake,雲,nouns,0.18
2887,girl,女傭,nouns,0.49
2888,phone,受害者,nouns,0.04
2889,arrest,懷疑,verbs,0.26
2890,ankle,窗口,nouns,0.09
2891,racket,球,nouns,0.71
2892,muffin,香芹,nouns,0.04
2893,box,帽子,nouns,0.04
2894,unusual,罕見,adjectives,4.21
2895,value,信念,nouns,2.99
2896,session,病人,nouns,0.4
2897,argue,出席,verbs,0.04
2898,arithmetic,邏輯,nouns,2.2
2899,disagree,同意,verbs,0.13
2900,storm,雲,nouns,1.09
2901,lady,先生,nouns,0.72
2902,bottle,罐,nouns,1.83
2903,bed,沙發,nouns,1.98
2904,sea,海洋,nouns,5.35
2905,cube,骰子,nouns,2.3
2906,hole,協議,nouns,0.0
2907,artificial,假,adjectives,4.1
2908,sober,醉酒,adjectives,0.13
2909,iris,乙酰膽鹼,nouns,0.0
2910,princedom,公國,nouns,1.33
2911,normally,異常地,adverbs,0.04
2912,boy,小孩,nouns,2.25
2913,cyclone,颱風,nouns,3.62
2914,notify,描繪,verbs,0.0
2915,agree,不同意,verbs,0.13
2916,foot,基底,nouns,2.87
2917,quit,開始,verbs,0.08
2918,think,記得,verbs,0.47
2919,wagon,馬車,nouns,3.5
2920,failure,破產,nouns,1.12
2921,car,胎壓計,nouns,0.0
2922,steal,綁架,verbs,1.1
2923,mouth,牙齒,nouns,0.74
2924,pursue,說服,verbs,0.18
2925,illustration,起泡,nouns,0.04
2926,poverty,財富,nouns,0.25
2927,minor,重大,adjectives,0.18
2928,zero,無窮,nouns,0.54
2929,cup,匙羹,nouns,0.84
2930,lose,保持,verbs,0.04
2931,protect,冚住,verbs,1.25
2932,cigar,盒子,nouns,0.12
2933,army,海軍,nouns,2.72
2934,mouth,鼻子,nouns,0.48
2935,brick,牆,nouns,0.72
2936,background,牆紙,nouns,2.63
2937,straw,妻子,nouns,0.0
2938,shuffle,騎,verbs,0.0
2939,applicant,申請,nouns,0.62
2940,xenophobia,種族主義,nouns,4.14
2941,bowl,尾巴,nouns,0.0
2942,news,流言蜚語,nouns,1.53
2943,abdomen,肚皮,nouns,2.98
2944,gravity,流星,nouns,0.39
2945,archbishop,主教,nouns,3.93
2946,burn,扼殺,verbs,0.23
2947,promise,發誓,verbs,4.25
2948,nozzle,流體,nouns,0.18
2949,essential,必須,adjectives,5.22
2950,weapon,頭盔,nouns,1.01
2951,join,獲得,verbs,0.15
2952,north,南,nouns,0.95
2953,fact,證明,nouns,1.66
2954,cop,警長,nouns,3.67
2955,create,毀滅,verbs,0.08
2956,fly,螞蟻,nouns,0.72
2957,child,女孩,nouns,2.15
2958,impatiently,大致,adverbs,0.72
2959,biotope,生物學,nouns,0.48
2960,salary,錢,nouns,3.34
2961,put,掛,verbs,0.79
2962,tennis,統計資料,nouns,0.0
2963,blue,紅色,adjectives,0.4
2964,proper,正式,adjectives,3.48
2965,stomach,睡房,nouns,0.04
2966,array,名單,nouns,1.29
2967,currently,最近,adverbs,2.89
2968,situation,狀況,nouns,5.27
2969,dumb,傻,adjectives,4.48
2970,mother,妻子,nouns,2.25
2971,rare,笨,adjectives,0.14
2972,gun,人,nouns,0.28
2973,steal,購買,verbs,0.12
2974,discreetly,明顯地,adverbs,0.08
2975,probably,積極地,adverbs,0.55
2976,doctor,大夫,nouns,4.85
2977,fall,傷害,verbs,0.33
2978,taxi,的士,nouns,5.85
2979,humbly,糟糕,adverbs,0.33
2980,stream,河,nouns,3.45
2981,strength,能力,nouns,2.75
2982,cannon,球,nouns,0.4
2983,bankruptcy,失敗,nouns,1.12
2984,huge,笨,adjectives,0.13
2985,borrow,賣,verbs,0.08
2986,achieve,收到,verbs,0.18
2987,big,容易,adjectives,0.0
2988,spotless,清潔,adjectives,5.19
2989,unlikely,友好,adverbs,0.0
2990,loudly,微妙地,adverbs,0.08
2991,surely,有時,adverbs,0.04
2992,father,天神,nouns,0.43
2993,glare,瞇,verbs,0.59
2994,racket,喧鬧聲,nouns,3.75
2995,powerful,強大,adjectives,5.33
2996,unnaturally,負面地,adverbs,0.44
2997,coal,木炭,nouns,3.02
2998,dishonest,真實,adjectives,0.08
2999,watch,觀察,verbs,4.79
3000,director,攝影,nouns,1.06
3001,sad,自豪,adjectives,0.0
3002,activity,運動,nouns,2.86
3003,dishonest,壞,adjectives,1.12
3004,surely,當然,adverbs,4.57
3005,lazy,珍貴,adjectives,0.04
3006,diode,電容器,nouns,1.84
3007,bed,椅子,nouns,1.18
3008,obviously,大致,adverbs,0.59
3009,wait,離開,verbs,0.0
3010,abundance,許多,nouns,4.32
3011,humiliate,安慰,verbs,0.04
3012,cursor,微晶片,nouns,0.04
3013,convention,規則,nouns,2.84
3014,curved,直,adjectives,0.21
3015,passively,積極地,adverbs,0.08
3016,sound,聲學,nouns,3.13
3017,neurosis,頭腦,nouns,0.65
3018,gum,薄荷,nouns,0.52
3019,angel,惡魔,nouns,0.25
3020,fraternity,棒球,nouns,0.14
3021,spiritual,無實體,adjectives,0.71
3022,geyser,泉,nouns,3.15
3023,lamp,精靈,nouns,0.47
3024,now,這裡,adverbs,0.99
3025,plane,噴射機,nouns,4.03
3026,saver,存款,nouns,1.43
3027,hen,鳥,nouns,1.31
3028,cook,混合,verbs,0.49
3029,hug,扼殺,verbs,0.62
3030,bone,肘,nouns,0.64
3031,sergeant,槍,nouns,0.55
3032,intelligent,笨,adjectives,0.32
3033,champion,優勝者,nouns,4.61
3034,forget,原諒,verbs,0.12
3035,rough,冷淡,adjectives,0.04
3036,narrow,白色,adjectives,0.0
3037,hand,腳,nouns,1.41
3038,source,盒子,nouns,0.04
3039,nail,手,nouns,0.6
3040,order,菜單,nouns,0.72
3041,diet,沙拉,nouns,0.7
3042,office,工作者,nouns,0.29
3043,analyze,評估,verbs,4.54
3044,servant,奴隸,nouns,3.54
3045,foreclose,努力,verbs,0.0
3046,awful,偉大,adjectives,0.13
3047,attend,聚集,verbs,0.49
3048,contribution,給予,nouns,3.5
3049,way,方式,nouns,3.84
3050,adult,小孩,nouns,0.47
3051,energy,電池,nouns,2.0
3052,great,攞命,adjectives,0.13
3053,seriously,真誠地,adverbs,2.47
3054,phrase,字,nouns,1.31
3055,man,女人,nouns,0.47
3056,water,乾旱,nouns,0.04
3057,confuse,學習,verbs,0.0
3058,mechanic,工人,nouns,1.92
3059,clothes,衣櫃,nouns,0.72
3060,disorganized,井井有條,verbs,0.08
3061,retreat,離開,verbs,3.46
3062,disappear,收縮,verbs,0.91
3063,twice,多,adverbs,0.7
3064,bathroom,睡房,nouns,0.78
3065,matrix,分子,nouns,0.49
3066,tear,穿,verbs,0.31
3067,hypothesis,理論,nouns,3.95
3068,waste,擔心,verbs,0.0
3069,mainboard,主機板,nouns,3.21
3070,dune,沙漠,nouns,1.99
3071,business,工業,nouns,3.28
3072,include,包括,verbs,4.25
3073,conversation,溝通,nouns,3.31
3074,crown,锁匙,nouns,0.04
3075,curve,角度,nouns,1.34
3076,wagon,容器,nouns,0.2
3077,sea,海嘯,nouns,1.36
3078,easy,簡單,adjectives,5.08
3079,erode,允許,verbs,0.0
3080,grown,未成熟的,adjectives,0.08
3081,table,日落,nouns,0.0
3082,legal,安全,adjectives,0.79
3083,catch,追逐,verbs,0.55
3084,governor,皇帝,nouns,1.25
3085,area,區城,nouns,4.63
3086,billionaire,無家可歸,nouns,0.32
3087,elephant,指南針,nouns,0.04
3088,ask,祈禱,verbs,0.72
3089,poor,自豪,adjectives,0.0
3090,theatre,電池,nouns,0.09
3091,wood,石,nouns,0.36
3092,rude,粗糙,adjectives,1.08
3093,woman,毛,nouns,0.0
3094,duke,共和國,nouns,0.22
3095,avoid,拒絕,verbs,0.56
3096,woman,妻子,nouns,1.59
3097,beauty,十四行詩,nouns,0.12
3098,politician,總統,nouns,2.89
3099,wealth,名譽,nouns,0.94
