ID,ENG,FRA,PoS,score
1,brain,esprit,nouns,3.56
2,cover,enterrer,verbs,2.65
3,teacher,assistant,nouns,2.33
4,acetaminophen,bronchite,nouns,0.79
5,molecule,air,nouns,1.27
6,suds,bulle,nouns,2.84
7,powerful,faible,adjectives,0.74
8,sly,dur,adjectives,0.35
9,parliament,congrès,nouns,3.51
10,reduce,mouiller,verbs,0.05
11,saving,épargnant,nouns,2.38
12,keyboard,lumière,nouns,0.1
13,attach,séparer,verbs,0.79
14,fresh,large,adjectives,0.1
15,seashore,plage,nouns,4.62
16,unlikely,amical,adverbs,0.0
17,weird,étrange,adjectives,5.5
18,disown,renoncer,verbs,3.72
19,feel,croire,verbs,2.39
20,nature,flore,nouns,3.17
21,taxi,tacot,nouns,5.25
22,statue,sculpture,nouns,5.06
23,journey,promenade,nouns,4.52
24,marginally,grossièrement,adverbs,1.11
25,normally,quotidiennement,adverbs,2.41
26,bother,offenser,verbs,2.28
27,persuade,poursuivre,verbs,0.39
28,mix,boire,verbs,0.4
29,shame,chagrin,nouns,1.74
30,carefully,prudemment,adverbs,4.04
31,certain,nerveux,adjectives,0.15
32,stud,type,nouns,1.69
33,fresh,nouveau,adjectives,3.54
34,archbishop,évêque,nouns,4.24
35,sadly,émotionnellement,adverbs,2.13
36,sure,confiant,adjectives,5.26
37,book,littérature,nouns,2.87
38,car,ascenseur,nouns,0.39
39,mob,foule,nouns,5.12
40,wagon,récipient,nouns,0.35
41,curved,agressif,adjectives,0.0
42,ride,mélanger,verbs,0.1
43,hard,ardu,adjectives,5.92
44,cup,cône,nouns,0.65
45,president,pollution,nouns,0.36
46,vitamin,fer,nouns,1.97
47,presence,porte,nouns,0.15
48,always,deux fois,adverbs,0.82
49,badge,verre,nouns,0.29
50,crucial,important,adjectives,5.39
51,woman,fourrure,nouns,0.25
52,saver,épargne,nouns,2.38
53,get,acheter,verbs,1.73
54,payment,récompense,nouns,3.04
55,cruel,dur,adjectives,3.64
56,house,appartement,nouns,3.42
57,straw,hymne,nouns,0.1
58,odd,bizarre,adjectives,5.38
59,wizard,câble,nouns,0.0
60,protein,poignée,nouns,0.1
61,digit,cytoplasme,nouns,0.0
62,geyser,source,nouns,3.38
63,huge,grand,adjectives,4.76
64,diplomacy,négociation,nouns,3.21
65,deliver,accepter,verbs,0.55
66,do,cesser,verbs,0.74
67,negotiation,diplomatie,nouns,3.21
68,try,convaincre,verbs,0.61
69,unusual,rare,adjectives,4.95
70,man,suspect,nouns,0.82
71,gale,couverture,nouns,0.05
72,volleyball,ballon,nouns,1.84
73,lawyer,avocat,nouns,4.84
74,valley,rivière,nouns,1.53
75,cherish,garder,verbs,1.8
76,book,thème,nouns,0.69
77,clever,sournois,adjectives,2.41
78,society,culture,nouns,3.1
79,fee,paiement,nouns,3.44
80,baseball,canapé,nouns,0.05
81,helium,air,nouns,2.0
82,proudly,humblement,adverbs,1.17
83,argue,prouver,verbs,2.23
84,piece,aéroport,nouns,0.1
85,vein,estomac,nouns,0.65
86,waste,inquiéter,verbs,0.15
87,liquor,vin,nouns,2.05
88,easy,dur,adjectives,0.74
89,money,capital,nouns,3.79
90,boy,condition,nouns,0.05
91,pupil,président,nouns,0.6
92,orchestra,groupe,nouns,3.19
93,book,histoire,nouns,2.31
94,medal,basket,nouns,0.29
95,understand,savoir,verbs,3.2
96,clothed,couvert,adjectives,3.92
97,state,maison,nouns,0.32
98,get,perdre,verbs,0.7
99,portray,imiter,verbs,2.41
100,organize,devenir,verbs,0.15
101,condition,garçon,nouns,0.05
102,cattle,vache,nouns,4.17
103,nice,généreux,adjectives,1.97
104,freedom,oasis,nouns,0.35
105,ashamed,chanceux,adjectives,0.4
106,massive,astronomique,adjectives,3.17
107,depression,vallée,nouns,1.1
108,begin,débuter,verbs,5.49
109,cathedral,église,nouns,4.2
110,concept,croyance,nouns,2.22
111,borrow,vouloir,verbs,0.5
112,wide,frais,adjectives,0.1
113,sequel,appareil photo,nouns,0.15
114,appear,devenir,verbs,0.74
115,harsh,cruel,adjectives,3.64
116,wet,collant,adjectives,1.22
117,coast,plage,nouns,3.25
118,lazy,précieux,adjectives,0.1
119,jacket,pull-over,nouns,3.12
120,neglect,renier,verbs,1.45
121,mouse,pont,nouns,0.05
122,outlander,extraterrestre,nouns,2.77
123,take,livrer,verbs,0.76
124,pineapple,smartphone,nouns,0.0
125,cabin,cabane,nouns,2.33
126,easy,vulnérable,adjectives,0.84
127,payment,frais,nouns,3.44
128,lonely,pauvre,adjectives,0.54
129,flower,buisson,nouns,2.05
130,remain,obtenir,verbs,0.2
131,meteor,gravité,nouns,0.81
132,outgoing,entrant,adjectives,0.24
133,leave,apparaître,verbs,0.14
134,opinion,croyance,nouns,4.21
135,magnitude,taille,nouns,4.31
136,vulnerable,impuissant,adjectives,3.7
137,tough,sournois,adjectives,0.35
138,snow,avalanche,nouns,2.17
139,shy,effrayé,adjectives,1.79
140,away,à domicile,adverbs,1.05
141,dull,tranchant,adjectives,0.09
142,shy,coûteux,adjectives,0.1
143,book,accident,nouns,0.3
144,jet,avion,nouns,4.5
145,argument,critique,nouns,2.33
146,zone,surface,nouns,4.35
147,hall,allée,nouns,1.89
148,plane,jet,nouns,4.5
149,modest,honteux,adjectives,0.67
150,beauty,âge,nouns,0.67
151,lose,garder,verbs,0.75
152,weather,neige,nouns,1.51
153,argue,hurler,verbs,1.94
154,canyon,vallée,nouns,4.03
155,chapter,nuit,nouns,0.1
156,unfairly,déraisonnablement,adverbs,3.41
157,suppose,prédire,verbs,2.61
158,oddly,différemment,adverbs,1.89
159,street,voiture,nouns,1.04
160,band,longévité,nouns,0.1
161,raise,boire,verbs,0.05
162,reduce,rétrécir,verbs,4.68
163,iron,vitamine,nouns,1.97
164,air,molécule,nouns,1.27
165,belief,impression,nouns,2.55
166,arrive,assister,verbs,0.74
167,servant,esclave,nouns,3.69
168,brainstorming,télescope,nouns,0.05
169,app,galaxie,nouns,0.1
170,concurrency,cours,nouns,0.69
171,source,boîte,nouns,0.0
172,spend,sauver,verbs,0.29
173,arm,poignet,nouns,1.86
174,bet,parier,verbs,5.37
175,money,liquide,nouns,4.41
176,rabbi,enseignant,nouns,1.91
177,engine,machine,nouns,2.79
178,wisdom,intelligence,nouns,4.03
179,get,rester,verbs,0.2
180,gun,fourrure,nouns,0.05
181,unused,nouveau,adjectives,4.52
182,racism,xénophobie,nouns,4.66
183,diode,condensateur,nouns,1.56
184,sergeant,pistolet,nouns,0.82
185,information,entropie,nouns,1.29
186,analyze,évaluer,verbs,4.76
187,arrive,laisser,verbs,0.24
188,stupid,crédule,adjectives,3.29
189,shake,recueillir,verbs,0.15
190,hurt,attaque,verbs,2.52
191,illegal,légitime,adjectives,0.69
192,anxious,apeuré,adjectives,2.87
193,show,mathématicien,nouns,0.1
194,restless,jeune,adjectives,0.64
195,base,pied,nouns,2.74
196,nicely,aimablement,adverbs,5.28
197,frigid,rugueux,adjectives,0.15
198,possibly,avec optimisme,adverbs,0.39
199,girl,enfant,nouns,2.53
200,become,faire,verbs,0.82
201,comprehend,satisfaire,verbs,0.42
202,leaf,semis,nouns,1.04
203,despair,misère,nouns,4.2
204,survive,vivre,verbs,3.74
205,ordinary,banal,adjectives,5.44
206,boring,médiocre,adjectives,2.48
207,purse,sac,nouns,2.92
208,confession,déni,nouns,1.12
209,army,section,nouns,2.26
210,lazy,occupé,adjectives,0.45
211,leave,rencontrer,verbs,0.35
212,smother,brûler,verbs,0.35
213,deck,bateau,nouns,1.04
214,sad,marrant,adjectives,0.71
215,originate,découvrir,verbs,0.63
216,article,manuscrit,nouns,2.07
217,engine,piston,nouns,2.53
218,wire,corde,nouns,4.21
219,area,zone,nouns,4.35
220,average,ordinaire,adjectives,3.8
221,roughly,grossièrement,adverbs,4.82
222,door,ouverture,nouns,2.51
223,rude,agressif,adjectives,1.96
224,abnormally,normalement,adverbs,0.79
225,illegal,immoral,adjectives,2.56
226,fake,artificiel,adjectives,4.72
227,easily,approximativement,adverbs,0.25
228,guardian,mère,nouns,1.73
229,laden,lourd,adjectives,3.91
230,bowler,bowling,nouns,1.38
231,destroy,créer,verbs,0.79
232,boring,fatigué,adjectives,0.96
233,search,errer,verbs,1.49
234,come,assister,verbs,3.27
235,string,soleil couchant,nouns,0.0
236,container,wagon,nouns,0.35
237,story,livre,nouns,2.31
238,window,nuage,nouns,0.4
239,borrow,vendre,verbs,0.64
240,floor,porte,nouns,0.39
241,apparent,évident,adjectives,4.63
242,coarsely,à peu près,adverbs,4.82
243,dusk,soir,nouns,4.34
244,night,chapitre,nouns,0.1
245,flow,dériver,verbs,2.04
246,emperor,constitution,nouns,0.67
247,sunset,table,nouns,0.0
248,polite,bon,adjectives,2.69
249,ring,fiançailles,nouns,1.85
250,unanticipated,fortuit,adjectives,5.81
251,wife,baignoire,nouns,0.05
252,syntax,mot-clé,nouns,0.84
253,come,apporter,verbs,0.49
254,evict,quitter,verbs,1.79
255,spicy,bien,adjectives,0.15
256,mayor,président,nouns,2.09
257,assault,aggraver,verbs,1.07
258,investigate,examiner,verbs,3.9
259,fury,colère,nouns,5.32
260,management,souris,nouns,0.0
261,ball,panier,nouns,0.65
262,apple,soleil,nouns,0.3
263,restore,remplacer,verbs,2.83
264,finish,être diplômé,verbs,2.63
265,nervously,anxieusement,adverbs,5.5
266,sugarcane,moissonneuse-batteuse,nouns,0.3
267,motel,auberge,nouns,3.96
268,girl,bonne,nouns,0.77
269,restore,apporter,verbs,0.17
270,replace,restaurer,verbs,2.83
271,sweet,électrique,adjectives,0.2
272,strange,bizarre,adjectives,5.62
273,story,sujet,nouns,1.5
274,politician,policier,nouns,0.88
275,give,voler,verbs,0.74
276,delicately,actuellement,adverbs,0.15
277,bench,chaise,nouns,3.11
278,plenty,abondance,nouns,5.4
279,insult,offenser,verbs,4.64
280,endurance,groupe,nouns,0.1
281,world,globe,nouns,4.4
282,difficult,difficile,adjectives,5.92
283,physician,docteur,nouns,5.25
284,opponent,adversaire,nouns,5.54
285,strongly,officiellement,adverbs,0.35
286,mansion,sculpteur,nouns,0.3
287,terrific,furieux,adjectives,0.55
288,anxiously,nerveusement,adverbs,5.5
289,soldier,paix,nouns,0.7
290,forgive,accepter,verbs,1.55
291,steal,acquérir,verbs,1.64
292,container,souris,nouns,0.05
293,gamble,miser,verbs,5.37
294,moss,herbe,nouns,2.21
295,quick,rapide,adjectives,5.67
296,appliance,pot,nouns,0.39
297,sell,traiter,verbs,1.09
298,overcast,prévision,nouns,0.66
299,know,comprendre,verbs,3.2
300,ceramic,poterie,nouns,4.0
301,peacefully,calmement,adverbs,4.46
302,discover,comprendre,verbs,3.19
303,cent,personne,nouns,0.05
304,lizard,crocodile,nouns,2.7
305,friendly,généreux,adjectives,1.96
306,sell,rappeler,verbs,0.2
307,split,détacher,verbs,2.19
308,classroom,couloir,nouns,0.64
309,completely,strictement,adverbs,2.75
310,powerful,fort,adjectives,5.46
311,young,heureux,adjectives,0.39
312,bizarre,étrange,adjectives,5.62
313,light,clavier,nouns,0.1
314,door,cave,nouns,0.64
315,crime,attaque,nouns,2.04
316,disappear,trouver,verbs,0.2
317,matrix,molécule,nouns,0.24
318,guardian,adulte,nouns,2.22
319,princess,île,nouns,0.25
320,sand,pied,nouns,0.3
321,mad,content,adjectives,0.65
322,explore,ignorer,verbs,0.3
323,inn,motel,nouns,3.96
324,fifth,haut,adjectives,0.15
325,mark,évaluer,verbs,5.49
326,chair,télescope,nouns,0.2
327,grown,immature,adjectives,0.74
328,gun,portable,nouns,0.1
329,smallish,nain,adjectives,4.13
330,tsunami,mer,nouns,1.55
331,captain,marin,nouns,2.74
332,discreetly,manifestement,adverbs,0.59
333,fresh,vieux,adjectives,0.19
334,combined,mixte,adjectives,4.81
335,endurance,force,nouns,3.17
336,biology,anatomie,nouns,3.08
337,sonnet,beauté,nouns,0.52
338,discuss,expliquer,verbs,2.29
339,live,survivre,verbs,3.74
340,child,fille,nouns,2.53
341,vein,choix,nouns,0.25
342,leave,errer,verbs,0.36
343,ashamed,coupable,adjectives,3.46
344,elegance,style,nouns,4.05
345,father,homme,nouns,2.61
346,temper,médecin,nouns,0.0
347,cotton,pull-over,nouns,1.05
348,smear,propager,verbs,4.28
349,bone,dent,nouns,2.49
350,exit,suffrage,nouns,0.3
351,capacitor,diode,nouns,1.56
352,compete,terminer,verbs,0.79
353,job,tâche,nouns,4.54
354,relaxed,calme,adjectives,5.38
355,get,acquérir,verbs,5.29
356,deceive,tricher,verbs,3.55
357,release,presser,verbs,0.2
358,happily,activement,adverbs,0.41
359,value,croyance,nouns,2.81
360,predict,supposer,verbs,2.61
361,give,prêter,verbs,3.29
362,firmly,calmement,adverbs,0.81
363,topic,livre,nouns,0.77
364,wrist,bras,nouns,1.86
365,never,honnêtement,adverbs,0.05
366,shrink,réduire,verbs,4.68
367,homophone,photophone,nouns,0.29
368,fraternity,porte,nouns,0.0
369,salute,accomplir,verbs,0.1
370,combine,mélanger,verbs,4.71
371,happy,fâché,adjectives,0.74
372,monkey,campagne,nouns,0.05
373,comprehend,lire,verbs,1.44
374,sincerely,généralement,adverbs,0.2
375,homeless,milliardaire,nouns,1.02
376,buy,recevoir,verbs,1.73
377,airport,pièce,nouns,0.1
378,peppermint,gomme,nouns,0.84
379,historiographer,historien,nouns,3.92
380,confidence,attitude,nouns,2.11
381,hip,lèvre,nouns,0.59
382,insane,fou,adjectives,5.67
383,mild,moyen,adjectives,1.38
384,offender,criminel,nouns,4.54
385,meat,boeuf,nouns,2.96
386,know,donner,verbs,0.34
387,honor,estime,nouns,3.52
388,boiled,cuit,adjectives,3.22
389,boy,frère,nouns,2.2
390,apparently,évidemment,adverbs,3.54
391,circumstance,situation,nouns,5.14
392,create,détruire,verbs,0.79
393,lawyer,banquier,nouns,1.17
394,attack,criminalité,nouns,2.04
395,science,psychologie,nouns,2.0
396,bias,incliner,verbs,2.46
397,create,plonger,verbs,0.1
398,owe,entrer,verbs,0.15
399,stop,interdire,verbs,3.02
400,wallpaper,arrière-plan,nouns,3.24
401,lizard,gouvernement,nouns,0.0
402,xenophobia,racisme,nouns,4.66
403,find,chercher,verbs,2.31
404,electricity,boîtier,nouns,0.65
405,essential,nécessaire,adjectives,5.34
406,diet,pomme,nouns,0.79
407,vanish,disparaître,verbs,5.37
408,sofa,chaise,nouns,3.09
409,cloud,brume,nouns,3.2
410,flower,croyance,nouns,0.12
411,agriculture,plante,nouns,1.56
412,bike,revêtement,nouns,0.2
413,constitution,empereur,nouns,0.67
414,lift,transporter,verbs,2.54
415,sweater,coton,nouns,1.05
416,depth,magnitude,nouns,2.02
417,old,mixte,adjectives,0.05
418,club,société,nouns,4.29
419,cheap,bon marché,adjectives,5.43
420,read,mordre,verbs,0.0
421,tired,ennuyeux,adjectives,0.96
422,reject,élire,verbs,0.55
423,recommend,accepter,verbs,0.5
424,violent,passif,adjectives,0.35
425,boil,frire,verbs,2.27
426,chapter,épisode,nouns,3.36
427,lie,nier,verbs,1.82
428,tongue,joue,nouns,1.34
429,author,créateur,nouns,4.39
430,sensor,radiateur,nouns,0.61
431,aluminium,étain,nouns,2.15
432,joystick,radar,nouns,0.22
433,galaxy,astronome,nouns,1.22
434,episode,chapitre,nouns,3.36
435,football,football américain,nouns,4.87
436,decide,choisir,verbs,4.63
437,fashion,style,nouns,4.4
438,sip,engloutir,verbs,2.17
439,weather,vague,nouns,0.45
440,go,envoyer,verbs,0.6
441,dull,passionnant,adjectives,0.34
442,terrible,mal,adjectives,3.65
443,blister,illustration,nouns,0.15
444,bell,tour,nouns,0.88
445,linen,tissu,nouns,2.58
446,big,facile,adjectives,0.2
447,winner,présence,nouns,0.25
448,crime,vol,nouns,2.51
449,proclaim,annoncer,verbs,5.42
450,book,information,nouns,1.56
451,friend,copain,nouns,5.26
452,chapter,queue,nouns,0.0
453,generous,amical,adjectives,1.96
454,trip,voyage,nouns,4.52
455,cop,copilote,nouns,0.44
456,appointment,engagement,nouns,3.39
457,narrow,sale,adjectives,0.1
458,examine,enquêter,verbs,3.9
459,drip,verser,verbs,1.34
460,pot,dispositif,nouns,0.39
461,irregularly,généralement,adverbs,0.81
462,similar,ressemblant,adjectives,5.57
463,spread,étaler,verbs,4.28
464,cattle,yaourt,nouns,0.42
465,esteem,honneur,nouns,3.52
466,dinosaur,éléphant,nouns,0.96
467,secure,fastidieux,adjectives,0.24
468,parsley,muffin,nouns,0.3
469,intelligence,logique,nouns,3.29
470,room,échouage,nouns,1.11
471,chicken,dîner,nouns,1.19
472,overt,confidentiel,adjectives,0.67
473,portray,décider,verbs,0.75
474,valuable,spécial,adjectives,2.97
475,modest,humble,adjectives,5.5
476,drink,mélanger,verbs,0.4
477,think,rationaliser,verbs,3.45
478,clothes,chiffon,nouns,2.04
479,vulnerable,facile,adjectives,0.84
480,openly,massivement,adverbs,0.6
481,jar,tasse,nouns,2.25
482,translator,étranger,nouns,0.96
483,blend,combiner,verbs,4.71
484,abundance,profusion,nouns,5.4
485,stay,attendre,verbs,2.56
486,dwarfish,petit,adjectives,4.13
487,forget,retenir,verbs,0.75
488,ecosystem,économie,nouns,0.94
489,flexible,modeste,adjectives,0.2
490,car,pont,nouns,0.3
491,disk,chargeur,nouns,0.71
492,complain,apporter,verbs,0.1
493,ball,canon,nouns,0.76
494,day,matin,nouns,2.6
495,emotionally,tristement,adverbs,2.13
496,vacate,expulser,verbs,1.79
497,recommend,conseiller,verbs,5.17
498,comfortably,facilement,adverbs,2.35
499,nurse,scientifique,nouns,0.81
500,sell,emprunter,verbs,0.64
501,obvious,perceptible,adjectives,3.89
502,lion,chat,nouns,2.33
503,ride,courir,verbs,0.94
504,want,emprunter,verbs,0.5
505,avoid,rejeter,verbs,1.57
506,pathology,hématologie,nouns,2.16
507,chaos,classe,nouns,0.15
508,butter,pomme de terre,nouns,0.96
509,amorphous,informe,adjectives,4.0
510,well,connu,adjectives,0.92
511,complain,se disputer,verbs,1.9
512,bowling,lanceur,nouns,1.38
513,blame,pousser,verbs,0.2
514,reliably,raisonnablement,adverbs,3.46
515,bronchitis,paracétamol,nouns,0.79
516,violent,fâché,adjectives,1.99
517,cord,câble,nouns,4.21
518,send,assister,verbs,0.25
519,depart,séparer,verbs,1.4
520,priest,prophète,nouns,1.91
521,border,frontière,nouns,5.22
522,big,national,adjectives,0.27
523,river,mer,nouns,2.09
524,cone,tasse,nouns,0.65
525,corporation,affaire,nouns,3.39
526,massively,ouvertement,adverbs,0.6
527,trainers,médaille,nouns,0.29
528,victor,homme,nouns,0.96
529,mud,saleté,nouns,3.54
530,innocent,naïf,adjectives,5.07
531,hesitant,courroucé,adjectives,0.4
532,possess,absorber,verbs,0.69
533,colonel,dentiste,nouns,0.29
534,urgently,rapidement,adverbs,3.86
535,defend,protéger,verbs,4.75
536,caution,soin,nouns,4.54
537,seldom,jamais,adverbs,2.77
538,unhappy,furieux,adjectives,1.97
539,gun,sergent,nouns,0.82
540,breakfast,bacon,nouns,1.11
541,fact,perspicacité,nouns,1.43
542,verify,dire,verbs,0.84
543,ashamed,contrarié,adjectives,1.04
544,foot,sable,nouns,0.3
545,explain,discuter,verbs,2.29
546,spotless,propre,adjectives,5.39
547,tennis,statistique,nouns,0.25
548,ugly,brut,adjectives,1.06
549,trick,bain,nouns,0.0
550,writer,compositeur,nouns,3.44
551,magnitude,profondeur,nouns,2.02
552,editorial,nouvelle,nouns,2.66
553,bean,café,nouns,0.69
554,acquire,voler,verbs,1.64
555,apple,sauce,nouns,1.14
556,cheat,tromper,verbs,3.55
557,achieve,accomplir,verbs,5.29
558,nerve,intestin,nouns,1.29
559,reap,gagner,verbs,2.89
560,brightness,étoile,nouns,0.96
561,strength,puissance,nouns,5.18
562,obviously,localement,adverbs,0.15
563,symbol,signe,nouns,5.13
564,spoon,jus,nouns,0.5
565,raise,élever,verbs,5.22
566,equation,formule,nouns,4.34
567,decide,penser,verbs,2.12
568,blitz,attaque,nouns,2.95
569,illness,fièvre,nouns,3.02
570,pest,pesticide,nouns,1.36
571,capability,force,nouns,2.85
572,flower,longévité,nouns,0.2
573,never,rarement,adverbs,2.77
574,helper,servante,nouns,2.44
575,sword,trône,nouns,0.57
576,sheet,avion,nouns,0.05
577,depend,compter sur,verbs,4.53
578,reprimand,exiger,verbs,0.49
579,portray,prétendre,verbs,0.66
580,island,tâche,nouns,0.05
581,agree,différer,verbs,0.74
582,worker,appareil photo,nouns,0.05
583,greatly,incroyablement,adverbs,2.37
584,straight,incurvé,adjectives,0.88
585,usually,rarement,adverbs,0.96
586,helpless,nécessiteux,adjectives,2.17
587,honestly,jamais,adverbs,0.05
588,unclear,vague,adjectives,5.29
589,shapeless,amorphe,adjectives,4.0
590,assist,aider,verbs,5.46
591,genie,lampe,nouns,1.33
592,steel,alliage,nouns,2.92
593,schemer,stratège,nouns,3.2
594,slim,mince,adjectives,5.49
595,neutral,calme,adjectives,1.81
596,blanket,bois,nouns,0.15
597,flexible,grand,adjectives,0.15
598,denial,confession,nouns,1.12
599,notebook,pistolet,nouns,0.1
600,disappear,rétrécir,verbs,1.44
601,softly,bruyamment,adverbs,0.59
602,incredibly,fermement,adverbs,0.2
603,sing,flotter,verbs,0.1
604,actively,heureusement,adverbs,0.41
605,keep,chérir,verbs,1.8
606,style,élégance,nouns,4.05
607,water,sel,nouns,0.72
608,fail,compter,verbs,0.2
609,dirty,bon marché,adjectives,0.19
610,generously,gentiment,adverbs,2.89
611,television,scénariste,nouns,1.12
612,good,épicé,adjectives,0.15
613,logic,intelligence,nouns,3.29
614,print,ignorer,verbs,0.1
615,vision,perception,nouns,4.27
616,portray,notifier,verbs,0.7
617,proud,audacieux,adjectives,2.19
618,easy,simple,adjectives,5.16
619,emergency,accident,nouns,2.86
620,smell,puer,verbs,3.81
621,task,île,nouns,0.05
622,ocean,mer,nouns,4.97
623,avoid,nier,verbs,0.74
624,people,ballon,nouns,0.0
625,dentist,colonel,nouns,0.29
626,fry,cuisiner,verbs,2.85
627,fur,femme,nouns,0.25
628,locally,évidemment,adverbs,0.15
629,inquire,penser,verbs,1.1
630,kill,se battre,verbs,1.4
631,glad,heureux,adjectives,5.22
632,covered,vêtu,adjectives,3.92
633,mighty,puissant,adjectives,5.46
634,crown,clé,nouns,0.05
635,ignorant,ordinaire,adjectives,0.53
636,join,marier,verbs,3.31
637,stop,prévenir,verbs,1.08
638,parapsychology,neuropsychologie,nouns,2.26
639,camera,suite,nouns,0.15
640,outgoing,agréable,adjectives,1.17
641,meal,dîner,nouns,3.56
642,judge,témoigner,verbs,1.29
643,appear,laisser,verbs,0.14
644,semester,trimestre,nouns,4.35
645,deeply,significativement,adverbs,3.44
646,say,vérifier,verbs,0.84
647,eye,sourcil,nouns,1.82
648,spine,cou,nouns,2.12
649,statistics,tennis,nouns,0.25
650,lift,augmenter,verbs,5.22
651,mainboard,carte mère,nouns,3.15
652,accept,recommander,verbs,0.5
653,sticky,humide,adjectives,1.22
654,heater,parapluie,nouns,0.25
655,germ,pathogène,nouns,3.93
656,remark,critiquer,verbs,1.76
657,insight,fait,nouns,1.43
658,become,organiser,verbs,0.15
659,move,tisser,verbs,0.34
660,overwhelm,étouffer,verbs,3.16
661,fraternity,homme,nouns,1.25
662,obey,se comporter,verbs,2.87
663,gain,récolter,verbs,2.89
664,vocalist,employé,nouns,0.2
665,cop,shérif,nouns,3.81
666,participate,coopérer,verbs,3.29
667,hymn,paille,nouns,0.1
668,pesticide,parasite,nouns,1.36
669,iris,acétylcholine,nouns,nan
670,anger,frustration,nouns,3.85
671,impatiently,approximativement,adverbs,0.94
672,tear,porter,verbs,0.41
673,duke,république,nouns,0.34
674,bite,combattre,verbs,1.25
675,officer,adjoint,nouns,1.99
676,caliber,parapluie,nouns,0.05
677,gun,gens,nouns,0.2
678,oil,vison,nouns,0.1
679,bite,lire,verbs,0.0
680,enter,devoir,verbs,0.15
681,float,chanter,verbs,0.1
682,sculptor,château,nouns,0.3
683,car,automobile,nouns,5.85
684,save,dépenser,verbs,0.29
685,kill,défendre,verbs,0.81
686,fight,tuer,verbs,1.4
687,stomach,veine,nouns,0.65
688,sincerely,honnêtement,adverbs,5.5
689,fog,nuage,nouns,3.03
690,water,sacre,nouns,0.25
691,activity,mouvement,nouns,3.44
692,valley,dépression,nouns,1.1
693,nervous,effrayé,adjectives,2.19
694,creative,innovant,adjectives,5.07
695,room,lit,nouns,0.74
696,car,usine,nouns,0.55
697,grade,noter,verbs,5.49
698,repress,renoncer,verbs,1.34
699,scared,nerveux,adjectives,2.19
700,behaviorism,thérapie,nouns,1.57
701,agony,chagrin,nouns,2.67
702,card,pont,nouns,0.25
703,actively,exactement,adverbs,0.29
704,company,affaire,nouns,4.05
705,unnaturally,négativement,adverbs,0.77
706,reward,paiement,nouns,3.04
707,retreat,descendre,verbs,1.07
708,save,détruire,verbs,0.6
709,pretend,sembler,verbs,1.69
710,positively,probablement,adverbs,0.89
711,mink,huile,nouns,0.1
712,drawer,habit,nouns,0.85
713,independently,responsablement,adverbs,1.04
714,mixed,vieux,adjectives,0.05
715,flora,nature,nouns,3.17
716,guest,ami,nouns,2.41
717,rain,bruine,nouns,3.96
718,monitor,écran,nouns,4.78
719,president,maire,nouns,2.09
720,humiliate,conforter,verbs,0.49
721,shatter,fracasser,verbs,4.33
722,stir,mélanger,verbs,4.21
723,couple,paire,nouns,5.52
724,sound,acoustique,nouns,3.7
725,beach,rivage,nouns,4.62
726,obviously,apparemment,adverbs,3.54
727,virus,sang,nouns,1.36
728,pointer,transparent,nouns,0.1
729,infection,maladie,nouns,3.98
730,maker,créateur,nouns,5.32
731,sauce,pomme,nouns,1.14
732,accident,registre,nouns,0.3
733,frightened,enthousiasmé,adjectives,0.81
734,car,réservoir,nouns,1.01
735,once,immédiatement,adverbs,1.04
736,sign,symbole,nouns,5.13
737,spirit,dieu,nouns,2.66
738,carry,prendre,verbs,1.41
739,humbly,fièrement,adverbs,1.17
740,please,divertir,verbs,1.54
741,rear,queue,nouns,2.96
742,decide,juger,verbs,3.79
743,bishop,musulman,nouns,0.96
744,alter,changer,verbs,5.56
745,molecule,matrice,nouns,0.24
746,cent,taille,nouns,0.05
747,try,penser,verbs,0.15
748,road,voie-rapide,nouns,3.75
749,bowl,ruelle,nouns,0.04
750,give,savoir,verbs,0.34
751,mother,ami,nouns,1.46
752,collect,rassembler,verbs,5.38
753,triumph,victoire,nouns,5.46
754,arrogant,fier,adjectives,4.14
755,sword,environnement,nouns,0.05
756,hammer,dent,nouns,0.0
757,timber,rondin,nouns,3.21
758,mouse,gestion,nouns,0.0
759,typhoon,cyclone,nouns,4.58
760,flight,aviation,nouns,2.86
761,tower,cloche,nouns,0.88
762,policeman,politicien,nouns,0.88
763,poor,solitaire,adjectives,0.54
764,get,mettre,verbs,0.29
765,hole,femme,nouns,0.1
766,proudly,paisiblement,adverbs,0.6
767,ignore,imprimer,verbs,0.1
768,syllabus,examen,nouns,1.36
769,lately,récemment,adverbs,5.22
770,boss,réalisateur,nouns,2.79
771,spicy,faible,adjectives,0.1
772,patient,session,nouns,0.17
773,maid,auxiliaire,nouns,2.44
774,steal,prendre,verbs,2.69
775,brightly,légèrement,adverbs,0.88
776,join,participer,verbs,3.21
777,build,créer,verbs,4.34
778,literature,mot,nouns,1.96
779,actor,polyèdre,nouns,0.04
780,deputy,officier,nouns,1.99
781,woman,jeans,nouns,0.05
782,wait,rester,verbs,2.56
783,evacuate,déterminer,verbs,0.2
784,attack,blesser,verbs,2.52
785,astronomer,galaxie,nouns,1.22
786,great,brillant,adjectives,4.55
787,companion,copain,nouns,5.0
788,softly,fermement,adverbs,0.7
789,irritate,deviner,verbs,0.15
790,theatre,batterie,nouns,0.05
791,build,ajouter,verbs,1.44
792,ministry,sultan,nouns,0.66
793,immoral,mal,adjectives,3.96
794,soft,violent,adjectives,0.65
795,win,accomplir,verbs,2.19
796,bowl,queue,nouns,0.05
797,ask,aider,verbs,0.76
798,doorway,sortie,nouns,2.8
799,head,ongle,nouns,0.6
800,send,aller,verbs,0.6
801,belief,valeur,nouns,2.81
802,poor,fier,adjectives,0.3
803,system,faute,nouns,0.32
804,cottage,hutte,nouns,3.34
805,heavy,chargé,adjectives,3.91
806,wait,laisser,verbs,0.65
807,theft,criminalité,nouns,2.51
808,mathematician,spectacle,nouns,0.1
809,protect,défendre,verbs,4.75
810,rabbit,chat,nouns,1.26
811,kindly,gentiment,adverbs,5.28
812,naturally,bizarrement,adverbs,0.79
813,ashamed,modeste,adjectives,0.67
814,sea,tsunami,nouns,1.55
815,communicate,prier,verbs,0.84
816,think,essayer,verbs,0.15
817,cheek,langue,nouns,1.34
818,gauge,voiture,nouns,0.35
819,ideally,mécaniquement,adverbs,0.15
820,evaluate,apprendre,verbs,0.92
821,allow,laisser,verbs,4.79
822,compare,analyser,verbs,3.02
823,declare,annoncer,verbs,5.43
824,sure,certain,adjectives,5.69
825,gather,réunir,verbs,5.38
826,wife,paille,nouns,0.0
827,obviously,discrètement,adverbs,0.59
828,give,permettre,verbs,0.85
829,arrange,arranger,verbs,4.99
830,movable,flexible,adjectives,3.45
831,accept,pardonner,verbs,1.55
832,rice,haricot,nouns,1.49
833,simple,facile,adjectives,5.16
834,ignore,éviter,verbs,3.23
835,loudly,subtilement,adverbs,0.69
836,receive,accepter,verbs,2.38
837,cow,bétail,nouns,4.17
838,catch,terminer,verbs,0.24
839,song,ballade,nouns,4.05
840,presence,gagnant,nouns,0.25
841,finish,ajourner,verbs,2.83
842,brilliant,génial,adjectives,4.55
843,great,merveilleux,adjectives,4.89
844,rice,garçon,nouns,0.05
845,artificial,faux,adjectives,4.72
846,surely,parfois,adverbs,0.69
847,confidence,soi,nouns,1.36
848,bean,riz,nouns,1.49
849,dawn,pistolet,nouns,0.05
850,flexible,lâche,adjectives,1.6
851,crazy,insensé,adjectives,5.67
852,baggage,circumnavigation,nouns,0.57
853,business,industrie,nouns,3.41
854,supporter,criquet,nouns,0.35
855,style,mode,nouns,4.4
856,hose,voiture,nouns,0.1
857,smartphone,ananas,nouns,0.0
858,achieve,réussir,verbs,3.86
859,clothes,tiroir,nouns,0.85
860,enter,laisser,verbs,0.24
861,rely,échouer,verbs,0.2
862,background,papier peint,nouns,3.24
863,skin,vélo,nouns,0.2
864,imagine,feindre,verbs,2.19
865,silently,passivement,adverbs,1.77
866,dirty,collant,adjectives,1.75
867,climb,randonner,verbs,2.69
868,passively,silencieusement,adverbs,1.77
869,shuffle,conduire,verbs,0.1
870,fall,blesser,verbs,0.96
871,chicken,riz,nouns,0.74
872,flexible,facile,adjectives,1.83
873,industry,affaire,nouns,3.41
874,lake,nuage,nouns,0.4
875,suffrage,sortie,nouns,0.3
876,afraid,anxieux,adjectives,2.87
877,job,outil,nouns,0.48
878,dumb,énorme,adjectives,0.69
879,read,saisir,verbs,1.44
880,madly,tristement,adverbs,0.39
881,steal,acheter,verbs,0.92
882,digit,nombre,nouns,5.18
883,strategist,conspirateur,nouns,3.2
884,girl,mec,nouns,1.44
885,uniformly,parfois,adverbs,0.35
886,decline,refuser,verbs,5.49
887,fever,grippe,nouns,2.56
888,door,cuisine,nouns,0.49
889,prophet,prêtre,nouns,1.91
890,immature,adulte,adjectives,0.74
891,rarely,d'habitude,adverbs,0.96
892,ask,plaider,verbs,2.7
893,pray,communiquer,verbs,0.84
894,bath,femme,nouns,0.05
895,steal,donner,verbs,0.74
896,wood,couverture,nouns,0.15
897,guilty,honnête,adjectives,0.6
898,paper,carton,nouns,3.39
899,cry,pleurer,verbs,3.43
900,sometimes,sûrement,adverbs,0.69
901,beat,gagner,verbs,3.49
902,glove,balle,nouns,0.97
903,muffin,persil,nouns,0.3
904,responsibly,sérieusement,adverbs,3.46
905,map,carré,nouns,0.4
906,kill,détruire,verbs,2.79
907,often,rarement,adverbs,0.96
908,simulation,robotique,nouns,1.25
909,sandwich,déjeuner,nouns,2.29
910,wear,déchirer,verbs,0.41
911,hysteria,désarroi,nouns,1.96
912,laugh,pouffer,verbs,4.58
913,straw,tâche,nouns,0.0
914,go,partir,verbs,4.44
915,task,femme,nouns,0.05
916,stomach,cours,nouns,0.1
917,cover,déguiser,verbs,2.59
918,electric,doux,adjectives,0.2
919,slave,serviteur,nouns,3.69
920,smother,submerger,verbs,3.16
921,theory,théorème,nouns,4.56
922,remainder,différence,nouns,3.27
923,disprove,permettre,verbs,0.25
924,easily,confortablement,adverbs,2.35
925,air,hélium,nouns,2.0
926,regularly,parfois,adverbs,1.97
927,despise,haïr,verbs,5.05
928,stool,chaise,nouns,3.49
929,descend,battre en retraite,verbs,1.07
930,gunboat,côte,nouns,0.24
931,shut,vomir,verbs,0.05
932,allowed,légal,adjectives,4.71
933,forecast,révision,nouns,0.66
934,winner,objectif,nouns,0.81
935,snore,réveiller,verbs,0.74
936,yarn,fil,nouns,3.16
937,writer,don,nouns,0.25
938,narrow,vaste,adjectives,0.59
939,manuscript,livre,nouns,3.66
940,bring,se plaindre,verbs,0.1
941,factory,voiture,nouns,0.55
942,lucky,honteux,adjectives,0.4
943,add,diviser,verbs,1.05
944,hunt,chercher,verbs,2.62
945,clean,désordonné,adjectives,0.79
946,happy,jeune,adjectives,0.39
947,lose,cuisiner,verbs,0.05
948,piston,moteur,nouns,2.53
949,evaluate,analyser,verbs,4.76
950,apparently,simplement,adverbs,1.07
951,galaxy,application,nouns,0.1
952,blanket,tempête,nouns,0.05
953,usually,sincèrement,adverbs,0.2
954,approve,permettre,verbs,4.18
955,loudly,doucement,adverbs,0.59
956,noticeable,évident,adjectives,3.89
957,camera,lentille,nouns,1.75
958,demon,monstre,nouns,4.31
959,president,appareil photo,nouns,0.05
960,inspect,examiner,verbs,5.4
961,entertain,apprécier,verbs,0.84
962,mint,musée,nouns,0.04
963,select,choisir,verbs,5.52
964,currently,délicatement,adverbs,0.15
965,hate,mépriser,verbs,5.05
966,coast,canonnière,nouns,0.24
967,hurt,contrarier,verbs,3.74
968,detach,diviser,verbs,2.19
969,mood,émotion,nouns,3.55
970,take,obtenir,verbs,3.17
971,attend,arriver,verbs,0.74
972,rose,papillon,nouns,0.35
973,negatively,anormalement,adverbs,0.77
974,marry,joindre,verbs,3.31
975,escape,fuir,verbs,5.25
976,food,programme,nouns,0.55
977,brother,garçon,nouns,2.2
978,speed,courrier,nouns,0.0
979,wait,s'arrêter,verbs,3.14
980,area,coin,nouns,0.86
981,pact,accord,nouns,5.3
982,boat,moteur,nouns,1.21
983,wrong,précis,adjectives,0.25
984,begin,aller,verbs,1.42
985,enjoy,divertir,verbs,0.84
986,speak,reconnaître,verbs,0.52
987,subtly,calmement,adverbs,1.34
988,hematology,pathologie,nouns,2.16
989,truck,paquet,nouns,0.1
990,haul,soulever,verbs,2.54
991,stomach,chambre,nouns,0.05
992,notify,informer,verbs,5.2
993,construct,faire,verbs,4.15
994,pair,couple,nouns,5.52
995,now,ici,adverbs,1.76
996,regular,ignorant,adjectives,0.53
997,rush,se dépêcher,verbs,5.0
998,elect,choisir,verbs,4.75
999,cup,bocal,nouns,2.25
1000,sticky,sale,adjectives,1.75
1001,prosecutor,avocat,nouns,3.05
1002,tool,emploi,nouns,0.48
1003,release,attraper,verbs,0.24
1004,probably,positivement,adverbs,0.89
1005,rely,dépendre,verbs,4.53
1006,bishop,archevêque,nouns,4.24
1007,dollar,personne,nouns,0.05
1008,convince,essayer,verbs,0.61
1009,buy,voler,verbs,0.92
1010,plead,demander,verbs,2.7
1011,cab,taxi,nouns,5.25
1012,woman,tâche,nouns,0.05
1013,competence,aptitude,nouns,5.27
1014,sculpture,statue,nouns,5.06
1015,phone,victime,nouns,0.1
1016,officially,fortement,adverbs,0.35
1017,cradle,couffin,nouns,5.52
1018,hat,boîte,nouns,0.69
1019,riot,dessin,nouns,0.15
1020,argue,argumenter,verbs,4.88
1021,pick,sélectionner,verbs,5.52
1022,unreasonably,injustement,adverbs,3.41
1023,surprise,fêter,verbs,0.69
1024,lawful,illégal,adjectives,0.69
1025,choice,prison,nouns,0.15
1026,attend,débattre,verbs,0.55
1027,make,devenir,verbs,0.82
1028,chaotically,pacifiquement,adverbs,0.54
1029,officially,grandement,adverbs,1.35
1030,opposite,unique,adjectives,0.64
1031,truthful,malhonnête,adjectives,0.54
1032,illustration,ampoule,nouns,0.15
1033,heroine,héros,nouns,3.96
1034,give,mettre,verbs,1.05
1035,pour,goutter,verbs,1.34
1036,calf,taureau,nouns,2.36
1037,discreetly,poliment,adverbs,2.08
1038,tedious,sûr,adjectives,0.24
1039,self,confiance,nouns,1.36
1040,national,gros,adjectives,0.27
1041,morning,journée,nouns,2.6
1042,program,alimentation,nouns,0.55
1043,victim,téléphone,nouns,0.1
1044,smart,intelligent,adjectives,5.25
1045,weep,crier,verbs,3.43
1046,seedling,feuille,nouns,1.04
1047,seem,devenir,verbs,0.92
1048,horn,voiture,nouns,1.41
1049,difference,reste,nouns,3.27
1050,combine,canne à sucre,nouns,0.3
1051,humble,modeste,adjectives,5.5
1052,confuse,apprendre,verbs,0.5
1053,date,date,nouns,2.29
1054,mild,tranchant,adjectives,0.7
1055,never,généreusement,adverbs,0.05
1056,pause,attendre,verbs,3.14
1057,make,détruire,verbs,0.74
1058,grow,augmenter,verbs,5.27
1059,flexible,élastique,adjectives,4.28
1060,swim,rencontrer,verbs,0.57
1061,argue,justifier,verbs,2.79
1062,whistle,arrêter,verbs,0.25
1063,glad,fou,adjectives,0.65
1064,apartment,maison,nouns,3.42
1065,sober,rationnel,adjectives,1.96
1066,drink,élever,verbs,0.05
1067,reject,éviter,verbs,1.57
1068,preschool,crèche,nouns,3.85
1069,fight,mordre,verbs,1.25
1070,destroy,faire,verbs,0.74
1071,chair,tabouret,nouns,3.49
1072,reduce,abaisser,verbs,4.47
1073,happy,content,adjectives,5.22
1074,perform,saluer,verbs,0.1
1075,fundraiser,événement,nouns,1.79
1076,confusion,hystérie,nouns,1.96
1077,buddy,compagnon,nouns,5.0
1078,calm,neutre,adjectives,1.81
1079,chaos,anarchie,nouns,3.78
1080,valley,canyon,nouns,4.03
1081,bubble,mousse,nouns,2.84
1082,carefully,fermement,adverbs,1.73
1083,mechanically,idéalement,adverbs,0.15
1084,chapel,clocher,nouns,2.12
1085,vein,bras,nouns,0.79
1086,rationalize,penser,verbs,3.45
1087,cloud,fenêtre,nouns,0.4
1088,follow,chasser,verbs,2.78
1089,book,manuscrit,nouns,3.66
1090,gift,écrivain,nouns,0.25
1091,modest,flexible,adjectives,0.2
1092,disguise,couvrir,verbs,2.59
1093,acquire,trouver,verbs,2.67
1094,doorway,porte,nouns,2.51
1095,screen,moniteur,nouns,4.78
1096,delightful,enjoué,adjectives,2.0
1097,beef,bétail,nouns,3.79
1098,easy,rigide,adjectives,0.2
1099,radar,manette,nouns,0.22
1100,rice,poulet,nouns,0.74
1101,intelligent,malin,adjectives,5.25
1102,size,centime,nouns,0.05
1103,keep,posséder,verbs,3.09
1104,ask,ignorer,verbs,0.55
1105,drawing,émeute,nouns,0.15
1106,crack,casser,verbs,3.38
1107,subroutine,compilateur,nouns,1.31
1108,wife,centime,nouns,0.05
1109,occur,arriver,verbs,5.67
1110,educate,enseigner,verbs,5.22
1111,messy,laid,adjectives,0.68
1112,theatre,film,nouns,2.09
1113,save,collecter,verbs,2.71
1114,absorb,apprendre,verbs,2.23
1115,dense,difficile,adjectives,2.22
1116,crowd,défilé,nouns,2.33
1117,mother,gardien,nouns,1.73
1118,absorb,posséder,verbs,0.69
1119,crowd,attroupement,nouns,5.12
1120,teacher,ami,nouns,0.85
1121,machine,moteur,nouns,2.79
1122,collect,organiser,verbs,1.35
1123,attitude,confiance,nouns,2.11
1124,gun,aube,nouns,0.05
1125,kindly,généreusement,adverbs,2.89
1126,needy,impuissant,adjectives,2.17
1127,become,sembler,verbs,0.92
1128,greet,rencontrer,verbs,2.21
1129,nervous,certain,adjectives,0.15
1130,mosaic,basilique,nouns,0.59
1131,offend,insulter,verbs,4.64
1132,give,nier,verbs,0.2
1133,booth,boîte,nouns,1.93
1134,goal,gagnant,nouns,0.81
1135,renounce,réprimer,verbs,1.34
1136,hard,dense,adjectives,2.22
1137,participate,rejoindre,verbs,3.21
1138,acknowledge,notifier,verbs,1.19
1139,require,se renseigner,verbs,0.45
1140,dangerously,soigneusement,adverbs,0.4
1141,giggle,rire,verbs,4.58
1142,doctor,médecin,nouns,5.25
1143,gap,ouverture,nouns,4.86
1144,wander,chercher,verbs,1.49
1145,orchard,autruche,nouns,0.05
1146,cat,lapin,nouns,1.26
1147,gravity,météore,nouns,0.81
1148,mad,terrifiant,adjectives,0.55
1149,theorem,théorie,nouns,4.56
1150,size,astuce,nouns,0.0
1151,effort,difficulté,nouns,3.46
1152,argue,rationaliser,verbs,2.67
1153,twice,toujours,adverbs,0.82
1154,mayor,chef,nouns,2.44
1155,repair,restaurer,verbs,5.16
1156,weekend,course,nouns,0.25
1157,obtain,prendre,verbs,3.17
1158,basically,pleinement,adverbs,0.74
1159,gut,nerf,nouns,1.29
1160,disappear,se dissiper,verbs,5.37
1161,advise,recommander,verbs,5.17
1162,mad,heureux,adjectives,0.65
1163,mostly,profondément,adverbs,0.71
1164,inquire,exiger,verbs,0.45
1165,uniform,crochet,nouns,0.05
1166,forget,rappeler,verbs,0.79
1167,choose,élire,verbs,4.75
1168,bath,ballon,nouns,0.1
1169,make,créer,verbs,4.95
1170,know,croire,verbs,2.55
1171,incoming,extraverti,adjectives,0.24
1172,session,patient,nouns,0.17
1173,agreement,trou,nouns,0.0
1174,candy,cannelle,nouns,0.86
1175,criticize,remarquer,verbs,1.76
1176,boat,arbre,nouns,0.2
1177,tail,arrière,nouns,2.96
1178,spoil,sentir,verbs,0.14
1179,legal,permis,adjectives,4.71
1180,cooperate,rejoindre,verbs,2.24
1181,cabin,chalet,nouns,3.34
1182,cup,cuillère,nouns,1.29
1183,deeply,surtout,adverbs,0.71
1184,victory,triomphe,nouns,5.46
1185,key,couronne,nouns,0.05
1186,cent,femme,nouns,0.05
1187,creator,auteur,nouns,4.39
1188,task,travail,nouns,4.54
1189,long,étroit,adjectives,1.0
1190,include,impliquer,verbs,4.25
1191,teacher,professeur,nouns,5.27
1192,wander,laisser,verbs,0.36
1193,angry,violent,adjectives,1.99
1194,drown,sauver,verbs,0.75
1195,phonology,écran,nouns,0.05
1196,idea,schéma,nouns,3.17
1197,brow,œil,nouns,1.82
1198,capital,argent,nouns,3.79
1199,accept,livrer,verbs,0.55
1200,cytoplasm,chiffre,nouns,0.0
1201,argue,assister,verbs,0.55
1202,billionaire,sans abri,nouns,1.02
1203,deny,éviter,verbs,0.74
1204,comfort,humilier,verbs,0.49
1205,ignore,explorer,verbs,0.3
1206,finish,rivaliser,verbs,0.79
1207,employer,ouvrier,nouns,2.09
1208,movie,film,nouns,5.83
1209,important,nécessaire,adjectives,4.35
1210,house,clé,nouns,0.86
1211,pretend,représenter,verbs,0.66
1212,car,jauge,nouns,0.35
1213,aggressive,incurvé,adjectives,0.0
1214,august,mois,nouns,2.65
1215,wealth,prestige,nouns,2.16
1216,profession,lycée,nouns,0.79
1217,sometimes,uniformément,adverbs,0.35
1218,possess,garder,verbs,3.09
1219,ball,gant,nouns,0.97
1220,discover,provenir,verbs,0.63
1221,attend,apparaître,verbs,1.02
1222,cloud,brouillard,nouns,3.03
1223,body,sous-vêtement,nouns,1.0
1224,chair,banc,nouns,3.11
1225,offering,donation,nouns,4.05
1226,learn,absorber,verbs,2.23
1227,book,dissertation,nouns,1.15
1228,happiness,paix,nouns,2.76
1229,drift,couler,verbs,2.04
1230,kid,fille,nouns,1.55
1231,tightly,incroyablement,adverbs,0.2
1232,normally,anormalement,adverbs,0.79
1233,surely,clairement,adverbs,3.7
1234,fantastically,incroyablement,adverbs,5.19
1235,pretend,mentir,verbs,3.46
1236,hypothesis,théorie,nouns,4.76
1237,graduate,terminer,verbs,2.63
1238,search,trouver,verbs,2.31
1239,sometimes,n'importe quand,adverbs,0.52
1240,squint,éblouir,verbs,0.69
1241,nice,extraverti,adjectives,1.17
1242,bridge,voiture,nouns,0.3
1243,topic,récit,nouns,1.5
1244,possess,prendre,verbs,2.21
1245,new,inutilisé,adjectives,4.52
1246,car,klaxon,nouns,1.41
1247,save,noyer,verbs,0.75
1248,essentially,nécessairement,adverbs,4.03
1249,drench,réduire,verbs,0.05
1250,deny,donner,verbs,0.2
1251,queen,abeille,nouns,1.4
1252,unique,contraire,adjectives,0.64
1253,deal,vendre,verbs,1.09
1254,chief,maire,nouns,2.44
1255,river,vallée,nouns,1.53
1256,meaningfully,profondément,adverbs,3.44
1257,formula,équation,nouns,4.34
1258,sheriff,flic,nouns,3.81
1259,congress,parlement,nouns,3.51
1260,adult,tuteur,nouns,2.22
1261,find,disparaître,verbs,0.2
1262,passively,sérieusement,adverbs,0.35
1263,boundary,limite,nouns,5.22
1264,environment,épée,nouns,0.05
1265,pupil,étudiant,nouns,5.7
1266,cold,ordinaire,adjectives,0.2
1267,take,posséder,verbs,2.21
1268,leave,attendre,verbs,0.65
1269,suspect,arrêter,verbs,0.88
1270,cloth,vêtement,nouns,2.04
1271,elephant,boussole,nouns,0.0
1272,arithmetic,rythme,nouns,0.1
1273,honestly,sincèrement,adverbs,5.5
1274,crude,laid,adjectives,1.06
1275,guy,fille,nouns,1.44
1276,biology,biotope,nouns,1.4
1277,liquor,groupe,nouns,0.15
1278,film,théâtre,nouns,2.09
1279,endurance,fleur,nouns,0.2
1280,snow,météo,nouns,1.51
1281,join,acquérir,verbs,0.76
1282,astronomical,massif,adjectives,3.17
1283,proper,poli,adjectives,2.69
1284,politician,président,nouns,3.25
1285,chemistry,théorie,nouns,1.09
1286,significant,mineur,adjectives,0.74
1287,allow,éroder,verbs,0.15
1288,later,jamais,adverbs,1.27
1289,obtain,acquérir,verbs,5.4
1290,crib,lit,nouns,3.55
1291,wonderful,génial,adjectives,4.89
1292,upset,honteux,adjectives,1.04
1293,convocation,rassemblement,nouns,3.58
1294,dirty,étroit,adjectives,0.1
1295,attack,blitz,nouns,2.95
1296,neutral,indécis,adjectives,2.67
1297,promise,jurer,verbs,5.13
1298,add,construire,verbs,1.44
1299,soul,frère,nouns,0.3
1300,guilty,honteux,adjectives,3.46
1301,retain,rester,verbs,1.19
1302,subtly,bruyamment,adverbs,0.69
1303,realistically,idéalement,adverbs,1.17
1304,hurt,tomber,verbs,0.96
1305,football,plaisir,nouns,0.35
1306,brother,sœur,nouns,2.4
1307,beauty,sonnet,nouns,0.52
1308,awful,mal,adjectives,4.04
1309,belief,fleur,nouns,0.12
1310,protestant,chrétien,nouns,3.28
1311,mine,pierre,nouns,1.27
1312,decide,représenter,verbs,0.75
1313,rescue,sauver,verbs,5.36
1314,kitchen,porte,nouns,0.49
1315,castle,mur,nouns,0.81
1316,mind,névrose,nouns,1.27
1317,might,force,nouns,5.18
1318,man,vainqueur,nouns,0.96
1319,sadly,follement,adverbs,0.39
1320,gallery,avocat,nouns,0.05
1321,window,cheville,nouns,0.0
1322,wall,château,nouns,0.81
1323,importantly,officiellement,adverbs,1.35
1324,bedroom,estomac,nouns,0.05
1325,compiler,fonction,nouns,1.31
1326,hostility,agression,nouns,4.09
1327,capability,compétence,nouns,5.27
1328,inflection,infection,nouns,0.15
1329,arrange,nécessiter,verbs,0.2
1330,culture,société,nouns,3.1
1331,impression,croyance,nouns,2.55
1332,collect,sauvegarder,verbs,2.71
1333,garden,tuyau,nouns,0.63
1334,undisclosed,manifeste,adjectives,0.67
1335,tightly,fermement,adverbs,4.58
1336,square,carte,nouns,0.4
1337,charger,disque,nouns,0.71
1338,special,précieux,adjectives,2.97
1339,medium,doux,adjectives,1.38
1340,roughly,évidemment,adverbs,0.49
1341,cyclone,typhon,nouns,4.58
1342,stream,rivière,nouns,4.06
1343,entertain,satisfaire,verbs,1.54
1344,dull,marrant,adjectives,0.25
1345,permit,approuver,verbs,4.18
1346,contribution,offre,nouns,4.05
1347,remind,oublier,verbs,0.79
1348,cuddle,étreindre,verbs,5.24
1349,ability,compétence,nouns,5.21
1350,volcano,magma,nouns,1.75
1351,danger,maladie,nouns,0.85
1352,doctor,professeur,nouns,2.52
1353,worry,gaspiller,verbs,0.15
1354,free,innocent,adjectives,1.66
1355,sad,terrible,adjectives,2.17
1356,telescope,cogitation,nouns,0.05
1357,proud,fort,adjectives,1.21
1358,attend,venir,verbs,3.27
1359,sorrow,honte,nouns,1.74
1360,incline,influencer,verbs,2.46
1361,cooperate,participer,verbs,3.29
1362,beast,animal,nouns,4.7
1363,accident,urgence,nouns,2.86
1364,find,acquérir,verbs,2.67
1365,locate,trouver,verbs,4.97
1366,mostly,principalement,adverbs,4.74
1367,cloud,lac,nouns,0.4
1368,highway,tâche,nouns,0.05
1369,box,cigare,nouns,0.77
1370,situation,circonstance,nouns,5.14
1371,undecided,neutre,adjectives,2.67
1372,god,proie,nouns,0.05
1373,securely,soigneusement,adverbs,1.73
1374,emotion,humeur,nouns,3.55
1375,hand,pied,nouns,1.75
1376,neuropsychology,parapsychologie,nouns,2.26
1377,easy,gros,adjectives,0.2
1378,upset,blesser,verbs,3.74
1379,criminal,délinquant,nouns,4.54
1380,friend,invité,nouns,2.41
1381,drive,arrêter,verbs,0.75
1382,polish,informer,verbs,0.1
1383,weave,bouger,verbs,0.34
1384,capture,imiter,verbs,0.36
1385,parade,foule,nouns,2.33
1386,belief,concept,nouns,2.22
1387,student,élève,nouns,5.7
1388,boat,pont,nouns,1.04
1389,magma,volcan,nouns,1.75
1390,happen,se produire,verbs,5.67
1391,roughly,fiablement,adverbs,0.45
1392,fever,maladie,nouns,3.02
1393,shore,côte,nouns,4.38
1394,gum,menthe,nouns,0.84
1395,gathering,convocation,nouns,3.58
1396,elevator,voiture,nouns,0.39
1397,aisle,entrée,nouns,1.89
1398,sharp,doux,adjectives,0.7
1399,dirt,boue,nouns,3.54
1400,unsure,effrayé,adjectives,0.98
1401,differ,être d'accord,verbs,0.74
1402,lightly,brillamment,adverbs,0.88
1403,collect,secouer,verbs,0.15
1404,society,club,nouns,4.29
1405,desire,vouloir,verbs,5.66
1406,bad,coupable,adjectives,2.04
1407,decade,ère,nouns,2.48
1408,sense,intuition,nouns,4.35
1409,task,paille,nouns,0.0
1410,chapel,câble,nouns,0.05
1411,become,apparaître,verbs,0.74
1412,proud,arrogant,adjectives,4.14
1413,tie,tresser,verbs,2.66
1414,attend,rassembler,verbs,0.62
1415,kindly,gentiment,adverbs,2.99
1416,business,entreprise,nouns,4.05
1417,meaningfully,spécialement,adverbs,2.11
1418,debate,débattre,verbs,4.88
1419,conversion,altitude,nouns,0.2
1420,narrow,long,adjectives,1.0
1421,composer,écrivain,nouns,3.44
1422,accuse,mentir,verbs,0.57
1423,foreigner,traducteur,nouns,0.96
1424,happily,mortellement,adverbs,0.3
1425,alloy,acier,nouns,2.92
1426,office,ouvrier,nouns,0.57
1427,find,localiser,verbs,4.97
1428,behave,obéir,verbs,2.87
1429,ice,neige,nouns,3.61
1430,lamp,génie,nouns,1.33
1431,lend,devoir,verbs,0.54
1432,avionics,aéronautique,nouns,3.99
1433,punish,enseigner,verbs,0.35
1434,busy,paresseux,adjectives,0.45
1435,important,crucial,adjectives,5.39
1436,ask,mendier,verbs,3.11
1437,viscosity,éclaboussure,nouns,0.45
1438,parcel,camion,nouns,0.1
1439,ideally,concrètement,adverbs,1.17
1440,wine,liqueur,nouns,2.05
1441,scarce,limité,adjectives,4.35
1442,separate,attacher,verbs,0.79
1443,incredible,ordinaire,adjectives,0.69
1444,beef,viande,nouns,2.96
1445,learn,confondre,verbs,0.5
1446,separate,partir,verbs,1.4
1447,building,pièce,nouns,1.11
1448,deadly,heureusement,adverbs,0.3
1449,box,chapeau,nouns,0.69
1450,generously,jamais,adverbs,0.05
1451,strong,fier,adjectives,1.21
1452,wrathful,hésitant,adjectives,0.4
1453,fraternity,base-ball,nouns,0.2
1454,save,secourir,verbs,5.36
1455,ostrich,verger,nouns,0.05
1456,illness,infection,nouns,4.09
1457,bag,porte-monnaie,nouns,2.92
1458,attract,frapper,verbs,0.55
1459,monster,démon,nouns,4.31
1460,room,bain,nouns,0.82
1461,beach,côte,nouns,3.25
1462,calmly,pacifiquement,adverbs,4.46
1463,seriously,grandement,adverbs,2.01
1464,proud,pauvre,adjectives,0.3
1465,wave,météo,nouns,0.45
1466,intelligence,sagesse,nouns,4.03
1467,excited,effrayé,adjectives,0.81
1468,adjourn,terminer,verbs,2.83
1469,umbrella,radiateur,nouns,0.25
1470,loud,grossier,adjectives,1.19
1471,door,sol,nouns,0.39
1472,jail,choix,nouns,0.15
1473,century,liqueur,nouns,0.05
1474,violent,doux,adjectives,0.65
1475,mutant,sociobiologie,nouns,0.25
1476,go,permettre,verbs,0.24
1477,professor,médecin,nouns,2.52
1478,animal,bête,nouns,4.7
1479,meet,laisser,verbs,0.35
1480,car,tuyau,nouns,0.1
1481,awake,ronfler,verbs,0.74
1482,exciting,terne,adjectives,0.34
1483,film,long métrage,nouns,5.83
1484,adversary,opposant,nouns,5.54
1485,usually,irrégulièrement,adverbs,0.81
1486,pottery,céramique,nouns,4.0
1487,unformed,uniforme,adjectives,0.5
1488,mainly,en phase terminale,adverbs,0.04
1489,glass,badge,nouns,0.29
1490,afterworld,purgatoire,nouns,2.86
1491,frigid,fragile,adjectives,0.2
1492,visa,globalisation,nouns,0.79
1493,stock,actif,nouns,3.77
1494,theme,livre,nouns,0.69
1495,inexpensive,abordable,adjectives,5.43
1496,investigate,poursuivre,verbs,2.29
1497,innocent,libre,adjectives,1.66
1498,defend,tuer,verbs,0.81
1499,bring,venir,verbs,0.49
1500,president,politicien,nouns,3.25
1501,dance,robe,nouns,0.45
1502,screenwriter,télévision,nouns,1.12
1503,keep,retenir,verbs,5.03
1504,deck,souris,nouns,0.05
1505,believe,savoir,verbs,2.55
1506,pursue,enquêter,verbs,2.29
1507,imitate,représenter,verbs,2.41
1508,meet,saluer,verbs,2.21
1509,elect,rejeter,verbs,0.55
1510,hurt,taquiner,verbs,1.36
1511,passion,émotion,nouns,3.21
1512,corner,surface,nouns,0.86
1513,friendly,improbable,adverbs,0.0
1514,pure,modeste,adjectives,1.07
1515,door,présence,nouns,0.15
1516,creator,fabricant,nouns,5.32
1517,blood,virus,nouns,1.36
1518,chase,attraper,verbs,1.12
1519,legion,armée,nouns,3.42
1520,hut,cabine,nouns,2.33
1521,elastic,flexible,adjectives,4.28
1522,tail,bol,nouns,0.05
1523,fault,système,nouns,0.32
1524,bowl,assiette,nouns,2.22
1525,strength,aptitude,nouns,2.85
1526,legal,sûr,adjectives,1.44
1527,entropy,information,nouns,1.29
1528,tree,bateau,nouns,0.2
1529,throne,épée,nouns,0.57
1530,deck,sol,nouns,2.34
1531,emotion,passion,nouns,3.21
1532,tin,aluminium,nouns,2.15
1533,screen,phonologie,nouns,0.05
1534,exit,porte,nouns,2.8
1535,white,étroit,adjectives,0.05
1536,event,collecte de fonds,nouns,1.79
1537,dumb,rare,adjectives,0.15
1538,lose,soustraire,verbs,2.26
1539,cannon,pistolet,nouns,2.67
1540,prejudice,chauvin,nouns,0.75
1541,grow,développer,verbs,4.75
1542,differently,curieusement,adverbs,1.89
1543,dive,créer,verbs,0.1
1544,instructor,enseignant,nouns,5.27
1545,quickly,instamment,adverbs,3.86
1546,cellar,porte,nouns,0.64
1547,christian,protestant,nouns,3.28
1548,cliff,queue,nouns,0.05
1549,bed,pièce,nouns,0.74
1550,destroy,tuer,verbs,2.79
1551,join,coopérer,verbs,2.24
1552,haze,nuage,nouns,3.31
1553,leave,entrer,verbs,0.24
1554,curved,droit,adjectives,0.88
1555,determine,évacuer,verbs,0.2
1556,roughly,marginalement,adverbs,1.11
1557,chips,curseur,nouns,0.1
1558,avoid,ignorer,verbs,3.23
1559,elegantly,admirablement,adverbs,3.56
1560,precise,faux,adjectives,0.25
1561,notify,représenter,verbs,0.7
1562,tank,voiture,nouns,1.01
1563,branch,bras,nouns,1.31
1564,bridge,carte,nouns,0.25
1565,conquest,hymne,nouns,0.4
1566,penny,occasion,nouns,0.27
1567,people,dollar,nouns,0.05
1568,man,père,nouns,2.61
1569,generous,agréable,adjectives,1.97
1570,winner,champion,nouns,5.07
1571,rare,inhabituel,adjectives,4.95
1572,salad,régime,nouns,1.27
1573,young,agité,adjectives,0.64
1574,club,marque,nouns,0.25
1575,pearl,argent,nouns,0.92
1576,wood,rondin,nouns,3.04
1577,retain,garder,verbs,5.03
1578,guilty,mal,adjectives,2.04
1579,go,entrer,verbs,2.34
1580,cash,argent,nouns,4.41
1581,go,vendre,verbs,0.2
1582,mad,malheureux,adjectives,1.97
1583,meet,nager,verbs,0.57
1584,helpless,vulnérable,adjectives,3.7
1585,peace,soldat,nouns,0.7
1586,believe,ressentir,verbs,2.39
1587,odd,étrange,adjectives,5.69
1588,racing,philosophe,nouns,0.15
1589,actor,actrice,nouns,4.25
1590,disown,négliger,verbs,1.45
1591,clarify,expliquer,verbs,5.23
1592,irritate,contrarier,verbs,4.56
1593,occasionally,régulièrement,adverbs,1.97
1594,optimistically,éventuellement,adverbs,0.39
1595,attorney,juriste,nouns,4.84
1596,foreclose,lutter,verbs,0.4
1597,cricket,supporter,nouns,0.35
1598,wipe,détériorer,verbs,0.2
1599,snow,glace,nouns,3.61
1600,start,commencer,verbs,5.49
1601,band,orchestre,nouns,3.19
1602,calmly,fermement,adverbs,0.81
1603,find,échapper,verbs,0.3
1604,break,fissurer,verbs,3.38
1605,huge,stupide,adjectives,0.69
1606,tail,chapitre,nouns,0.0
1607,differ,débattre,verbs,1.88
1608,jeans,femme,nouns,0.05
1609,fur,pistolet,nouns,0.05
1610,hike,grimper,verbs,2.69
1611,realize,découvrir,verbs,3.19
1612,frustration,colère,nouns,3.85
1613,ball,volley-ball,nouns,1.84
1614,warn,arrêter,verbs,1.08
1615,bacon,haricot,nouns,0.69
1616,maid,fille,nouns,0.77
1617,west,nord,nouns,1.75
1618,guess,énerver,verbs,0.15
1619,photophone,homophone,nouns,0.29
1620,rock,mine,nouns,1.27
1621,coast,rive,nouns,4.38
1622,engine,moteur,nouns,3.5
1623,let,permettre,verbs,4.79
1624,bad,terrible,adjectives,4.04
1625,booth,téléphone,nouns,1.02
1626,battle,conquête,nouns,2.87
1627,testify,juger,verbs,1.29
1628,refuse,décliner,verbs,5.49
1629,currency,concours,nouns,0.69
1630,teeth,os,nouns,2.49
1631,sharp,terne,adjectives,0.09
1632,flexible,mobile,adjectives,3.45
1633,gently,doucement,adverbs,2.99
1634,bean,bacon,nouns,0.69
1635,put,donner,verbs,1.05
1636,responsibly,indépendamment,adverbs,1.04
1637,camera,président,nouns,0.05
1638,restore,réparer,verbs,5.16
1639,alien,étranger,nouns,2.77
1640,certain,sûr,adjectives,5.69
1641,allow,donner,verbs,0.85
1642,rapid,vite,adjectives,5.51
1643,purgatory,au-delà,nouns,2.86
1644,anarchy,chaos,nouns,3.78
1645,blade,herbe,nouns,0.44
1646,immoral,illégal,adjectives,2.56
1647,rational,sobre,adjectives,1.96
1648,cook,perdre,verbs,0.05
1649,unforeseen,imprévu,adjectives,5.81
1650,frame,succès,nouns,0.1
1651,analyze,comparer,verbs,3.02
1652,alphabet,stylo,nouns,0.59
1653,politely,discrètement,adverbs,2.08
1654,evening,crépuscule,nouns,4.34
1655,lunch,sandwich,nouns,2.29
1656,antagonize,irriter,verbs,4.56
1657,avalanche,neige,nouns,2.17
1658,word,littérature,nouns,1.96
1659,fry,bouillir,verbs,2.27
1660,amazing,sale,adjectives,0.35
1661,soon,immédiatement,adverbs,3.2
1662,alley,bol,nouns,0.04
1663,banker,avocat,nouns,1.17
1664,watch,jupe,nouns,0.35
1665,learn,évaluer,verbs,0.92
1666,broad,gros,adjectives,3.11
1667,sunshine,pomme,nouns,0.3
1668,offend,déranger,verbs,2.28
1669,stupid,idiot,adjectives,5.69
1670,play,combattre,verbs,0.7
1671,keep,perdre,verbs,0.75
1672,create,construire,verbs,4.34
1673,weak,épicé,adjectives,0.1
1674,rude,critique,adjectives,0.77
1675,protect,sauver,verbs,3.28
1676,choice,veine,nouns,0.25
1677,remind,vendre,verbs,0.2
1678,sad,fier,adjectives,0.65
1679,terrible,triste,adjectives,2.17
1680,economy,écosystème,nouns,0.94
1681,hear,écouter,verbs,4.46
1682,lie,prétendre,verbs,3.46
1683,engagement,rendez-vous,nouns,3.39
1684,god,esprit,nouns,2.66
1685,teach,éduquer,verbs,5.22
1686,allow,aller,verbs,0.24
1687,top,cinquième,adjectives,0.15
1688,vague,incertain,adjectives,5.29
1689,observe,regarder,verbs,5.46
1690,hose,jardin,nouns,0.63
1691,loose,flexible,adjectives,1.6
1692,acknowledge,parler,verbs,0.52
1693,headword,syntaxe,nouns,0.84
1694,roughly,facilement,adverbs,0.25
1695,weave,attacher,verbs,2.66
1696,differently,en phase terminale,adverbs,0.04
1697,action,cours,nouns,2.15
1698,listen,entendre,verbs,4.46
1699,asset,action,nouns,3.77
1700,hymn,bible,nouns,0.73
1701,quit,faire,verbs,0.74
1702,crocodile,lézard,nouns,2.7
1703,bee,reine,nouns,1.4
1704,dress,danse,nouns,0.45
1705,anger,fureur,nouns,5.32
1706,stiff,facile,adjectives,0.2
1707,communication,conversation,nouns,4.01
1708,government,lézard,nouns,0.0
1709,slide,pointeur,nouns,0.1
1710,kindergarten,maternelle,nouns,3.85
1711,door,fraternité,nouns,0.0
1712,fight,jouer,verbs,0.7
1713,make,construire,verbs,4.15
1714,scheme,idée,nouns,3.17
1715,gun,canon,nouns,2.67
1716,wealth,renommée,nouns,1.86
1717,corridor,couloir,nouns,5.51
1718,argue,différer,verbs,1.88
1719,impatient,inquiet,adjectives,2.04
1720,class,chaos,nouns,0.15
1721,home,à l'extérieur,adverbs,1.05
1722,modest,pur,adjectives,1.07
1723,polyhedron,acteur,nouns,0.04
1724,take,porter,verbs,1.41
1725,friend,mère,nouns,1.46
1726,basilica,mosaïque,nouns,0.59
1727,hurricane,orage,nouns,3.46
1728,carpet,maison,nouns,0.69
1729,misery,désespoir,nouns,4.2
1730,reliably,passivement,adverbs,0.35
1731,philosopher,course,nouns,0.15
1732,number,chiffre,nouns,5.18
1733,cigar,boîte,nouns,0.77
1734,chess,échouage,nouns,0.88
1735,clever,stupide,adjectives,0.79
1736,stink,sentir,verbs,3.81
1737,sea,océan,nouns,4.97
1738,appear,assister,verbs,1.02
1739,bottle,pot,nouns,3.21
1740,plate,bol,nouns,2.22
1741,hole,accord,nouns,0.0
1742,rare,stupide,adjectives,0.15
1743,clearly,certainement,adverbs,3.7
1744,wrapper,port,nouns,0.45
1745,soccer,football,nouns,4.87
1746,people,centime,nouns,0.05
1747,rinse,laver,verbs,4.24
1748,globe,monde,nouns,4.4
1749,bold,fier,adjectives,2.19
1750,satisfy,saisir,verbs,0.42
1751,suspect,homme,nouns,0.82
1752,deteriorate,essuyer,verbs,0.2
1753,smell,gâcher,verbs,0.14
1754,alike,similaire,adjectives,5.57
1755,define,clarifier,verbs,3.67
1756,management,emploi,nouns,1.53
1757,precisely,inexactement,adverbs,0.79
1758,stop,conduire,verbs,0.75
1759,bath,astuce,nouns,0.0
1760,aid,assister,verbs,5.46
1761,intuition,sentiment,nouns,4.35
1762,lower,réduire,verbs,4.47
1763,definitely,sûrement,adverbs,5.35
1764,firmly,doucement,adverbs,0.7
1765,ballad,chanson,nouns,4.05
1766,grass,lame,nouns,0.44
1767,precisely,exactement,adverbs,5.52
1768,liberty,liberté,nouns,4.62
1769,motherboard,carte graphique,nouns,3.15
1770,guitar,truite,nouns,0.05
1771,roughly,impatiemment,adverbs,0.94
1772,box,cabine,nouns,1.93
1773,prey,dieu,nouns,0.05
1774,renounce,renier,verbs,3.72
1775,angry,heureux,adjectives,0.74
1776,accurately,activement,adverbs,0.29
1777,uniform,informe,adjectives,0.5
1778,funny,terne,adjectives,0.25
1779,threat,danger,nouns,5.18
1780,hallway,corridor,nouns,5.51
1781,actress,acteur,nouns,4.25
1782,cat,lion,nouns,2.33
1783,accomplish,gagner,verbs,2.19
1784,mixed,combiné,adjectives,4.81
1785,cheerful,délicieux,adjectives,2.0
1786,accuse,reprocher,verbs,4.43
1787,advance,promouvoir,verbs,2.49
1788,recently,concrètement,adverbs,0.15
1789,anatomy,biologie,nouns,3.08
1790,plant,agriculture,nouns,1.56
1791,floor,terrasse,nouns,2.34
1792,basket,ballon,nouns,0.65
1793,succeed,atteindre,verbs,3.86
1794,fire,apocalypse,nouns,1.04
1795,leave,arriver,verbs,0.24
1796,do,se produire,verbs,1.25
1797,island,marine,nouns,0.65
1798,bath,pièce,nouns,0.82
1799,acetylcholine,iris,nouns,nan
1800,swear,promettre,verbs,5.13
1801,put,pendre,verbs,0.89
1802,terminally,principalement,adverbs,0.04
1803,course,estomac,nouns,0.1
1804,ceiling,toit,nouns,4.04
1805,theory,chimie,nouns,1.09
1806,achieve,recevoir,verbs,0.19
1807,sunset,chaîne,nouns,0.0
1808,mark,club,nouns,0.25
1809,box,source,nouns,0.0
1810,college,profession,nouns,0.79
1811,salt,eau,nouns,0.72
1812,increase,croître,verbs,5.27
1813,altitude,conversion,nouns,0.2
1814,notify,reconnaître,verbs,1.19
1815,biotope,biologie,nouns,1.4
1816,narrow,blanc,adjectives,0.05
1817,potato,beurre,nouns,0.96
1818,large,énorme,adjectives,4.76
1819,mouse,réceptacle,nouns,0.05
1820,person,animal,nouns,1.06
1821,spring,geyser,nouns,3.38
1822,book,sujet,nouns,0.77
1823,beautifully,élégamment,adverbs,3.56
1824,island,princesse,nouns,0.25
1825,naive,innocent,adjectives,5.07
1826,enter,aller,verbs,2.34
1827,aviation,vol,nouns,2.86
1828,simply,apparemment,adverbs,1.07
1829,big,vaste,adjectives,3.11
1830,announce,déclarer,verbs,5.43
1831,boy,riz,nouns,0.05
1832,month,août,nouns,2.65
1833,sell,aller,verbs,0.2
1834,fragile,frigide,adjectives,0.2
1835,achieve,essayer,verbs,0.89
1836,search,chasser,verbs,2.62
1837,coffee,haricot,nouns,0.69
1838,yogurt,bétail,nouns,0.42
1839,bad,immoral,adjectives,3.96
1840,bargain,centime,nouns,0.27
1841,deserve,gagner,verbs,2.47
1842,band,alcool,nouns,0.15
1843,theory,hypothèse,nouns,4.76
1844,guy,tombeur,nouns,1.69
1845,cattle,boeuf,nouns,3.79
1846,oasis,liberté,nouns,0.35
1847,press,libérer,verbs,0.2
1848,righteously,mûrement,adverbs,1.04
1849,owe,prêter,verbs,0.54
1850,try,atteindre,verbs,0.89
1851,large,flexible,adjectives,0.15
1852,watch,observer,verbs,5.46
1853,size,magnitude,nouns,4.31
1854,honest,coupable,adjectives,0.6
1855,brother,âme,nouns,0.3
1856,course,action,nouns,2.15
1857,dumb,stupide,adjectives,5.69
1858,give,désavouer,verbs,0.14
1859,camp,chalet,nouns,0.99
1860,go,commencer,verbs,1.42
1861,pathogen,germe,nouns,3.93
1862,chocolate,tarte,nouns,1.27
1863,grass,mousse,nouns,2.21
1864,glare,loucher,verbs,0.69
1865,think,décider,verbs,2.12
1866,smash,briser,verbs,4.33
1867,circumnavigation,bagage,nouns,0.57
1868,receive,donner,verbs,0.79
1869,neck,colonne vertébrale,nouns,2.12
1870,radiator,capteur,nouns,0.61
1871,storm,ouragan,nouns,3.46
1872,leave,aller,verbs,4.44
1873,sweater,veste,nouns,3.12
1874,key,maison,nouns,0.86
1875,want,désirer,verbs,5.66
1876,cinnamon,bonbon,nouns,0.86
1877,era,décennie,nouns,2.48
1878,elephant,dinosaure,nouns,0.96
1879,never,plus tard,adverbs,1.27
1880,wash,rincer,verbs,4.24
1881,log,bois,nouns,3.21
1882,hurry,se ruer,verbs,5.0
1883,surely,évidemment,adverbs,3.75
1884,opening,brèche,nouns,4.86
1885,thread,brin,nouns,3.16
1886,chair,canapé,nouns,3.09
1887,retain,oublier,verbs,0.75
1888,strive,saisir,verbs,0.4
1889,hallway,salle de cours,nouns,0.64
1890,exam,programme,nouns,1.36
1891,therapy,comportementalisme,nouns,1.57
1892,organize,collecter,verbs,1.35
1893,announce,proclamer,verbs,5.42
1894,camera,ouvrier,nouns,0.05
1895,rationalize,débattre,verbs,2.67
1896,bad,génial,adjectives,0.34
1897,bicycle,chambre à coucher,nouns,0.05
1898,mediocre,ennuyeux,adjectives,2.48
1899,run,chevaucher,verbs,0.94
1900,wonderful,délicieux,adjectives,4.35
1901,examine,inspecter,verbs,5.4
1902,home,état,nouns,0.32
1903,choice,chapitre,nouns,0.4
1904,prohibit,arrêter,verbs,3.02
1905,dirty,incroyable,adjectives,0.35
1906,teacher,rabbin,nouns,1.91
1907,story,crayon,nouns,0.2
1908,recently,dernièrement,adverbs,5.22
1909,bull,veau,nouns,2.36
1910,firmly,solidement,adverbs,4.58
1911,save,protéger,verbs,3.28
1912,balloon,peuple,nouns,0.0
1913,rare,rare,adjectives,4.35
1914,plane,feuille,nouns,0.05
1915,carefully,dangereusement,adverbs,0.4
1916,teeth,marteau,nouns,0.0
1917,cabin,campement,nouns,0.99
1918,automobile,voiture,nouns,5.85
1919,borrow,supplier,verbs,1.13
1920,surely,certainement,adverbs,5.35
1921,escape,trouver,verbs,0.3
1922,elbow,os,nouns,1.65
1923,ceiling,cathédrale,nouns,0.25
1924,hit,attirer,verbs,0.55
1925,term,semestre,nouns,4.35
1926,purely,complètement,adverbs,2.75
1927,shrink,disparaître,verbs,1.44
1928,spoon,tasse,nouns,1.29
1929,hymn,conquête,nouns,0.4
1930,cannon,ballon,nouns,0.76
1931,known,bon,adjectives,0.92
1932,cardboard,papier,nouns,3.39
1933,conversation,communication,nouns,4.01
1934,hen,oiseau,nouns,2.27
1935,disease,danger,nouns,0.85
1936,destroy,sauver,verbs,0.6
1937,straw,femme,nouns,0.0
1938,news,éditorial,nouns,2.66
1939,foot,main,nouns,1.75
1940,peacefully,fièrement,adverbs,0.6
1941,judge,décider,verbs,3.79
1942,nihilism,film,nouns,0.15
1943,baseball,fraternité,nouns,0.2
1944,waist,repas,nouns,0.15
1945,animal,personne,nouns,1.06
1946,think,se renseigner,verbs,1.1
1947,coronation,eau,nouns,0.25
1948,meal,taille,nouns,0.15
1949,harbor,emballage,nouns,0.45
1950,check,échec,nouns,0.88
1951,calm,détendu,adjectives,5.38
1952,erode,permettre,verbs,0.15
1953,lose,obtenir,verbs,0.7
1954,literature,livre,nouns,2.87
1955,whenever,parfois,adverbs,0.52
1956,scared,incertain,adjectives,0.98
1957,happy,enjoué,adjectives,4.91
1958,private,personnel,adjectives,4.66
1959,imitate,capturer,verbs,0.36
1960,roof,plafond,nouns,4.04
1961,job,gestion,nouns,1.53
1962,museum,menthe,nouns,0.04
1963,journalist,poète,nouns,1.21
1964,lawyer,procureur,nouns,3.05
1965,army,légion,nouns,3.42
1966,regular,moyen,adjectives,3.8
1967,weak,puissant,adjectives,0.74
1968,sky,rêve,nouns,0.48
1969,dinner,poulet,nouns,1.19
1970,demand,réprimander,verbs,0.49
1971,sea,rivière,nouns,2.09
1972,lawyer,galerie,nouns,0.05
1973,realistically,récemment,adverbs,0.15
1974,innovative,créatif,adjectives,5.07
1975,stumble,tomber,verbs,3.92
1976,obviously,sûrement,adverbs,3.75
1977,lie,accuser,verbs,0.57
1978,monastery,douche,nouns,0.1
1979,juice,cuillère,nouns,0.5
1980,bush,fleur,nouns,2.05
1981,balloon,bain,nouns,0.1
1982,require,organiser,verbs,0.2
1983,reliably,grossièrement,adverbs,0.45
1984,cathedral,plafond,nouns,0.25
1985,win,battre,verbs,3.49
1986,leave,rester,verbs,0.96
1987,ugly,désordonné,adjectives,0.68
1988,catch,chasser,verbs,1.12
1989,tail,falaise,nouns,0.05
1990,mix,remuer,verbs,4.21
1991,maturely,justement,adverbs,1.04
1992,awareness,attention,nouns,3.71
1993,sociobiology,mutant,nouns,0.25
1994,argue,persuader,verbs,1.48
1995,danger,menace,nouns,5.18
1996,seriously,sincèrement,adverbs,1.98
1997,choose,décider,verbs,4.63
1998,steeple,chapelle,nouns,2.12
1999,unnaturally,naturellement,adverbs,0.79
2000,historian,historiographe,nouns,3.92
2001,attention,conscience,nouns,3.71
2002,worker,bureau,nouns,0.57
2003,chapter,choix,nouns,0.4
2004,pursue,persuader,verbs,0.39
2005,hug,câliner,verbs,5.24
2006,clarify,définir,verbs,3.67
2007,scientist,infirmier,nouns,0.81
2008,receive,atteindre,verbs,0.19
2009,inform,polir,verbs,0.1
2010,highway,route,nouns,3.75
2011,personal,privé,adjectives,4.66
2012,importantly,sérieusement,adverbs,2.01
2013,change,altérer,verbs,5.56
2014,fall,trébucher,verbs,3.92
2015,judge,magistrat,nouns,4.74
2016,helper,enseignant,nouns,2.33
2017,friend,professeur,nouns,0.85
2018,expand,croître,verbs,4.75
2019,remain,retenir,verbs,1.19
2020,proud,triste,adjectives,0.65
2021,tough,facile,adjectives,0.74
2022,poet,journaliste,nouns,1.21
2023,celebrate,surprendre,verbs,0.69
2024,cable,sorcier,nouns,0.0
2025,precious,paresseux,adjectives,0.1
2026,seem,prétendre,verbs,1.69
2027,accept,recevoir,verbs,2.38
2028,dinner,repas,nouns,3.56
2029,globalism,visa,nouns,0.79
2030,cheap,sale,adjectives,0.19
2031,beg,demander,verbs,3.11
2032,doctor,caractère,nouns,0.0
2033,great,mal,adjectives,0.34
2034,yell,débattre,verbs,1.94
2035,pie,chocolat,nouns,1.27
2036,prove,débattre,verbs,2.23
2037,funny,triste,adjectives,0.71
2038,dishonest,véridique,adjectives,0.54
2039,table,coucher de soleil,nouns,0.0
2040,instantly,autrefois,adverbs,1.04
2041,accomplish,réussir,verbs,5.29
2042,rough,frigide,adjectives,0.15
2043,bury,mourir,verbs,1.49
2044,crib,berceau,nouns,5.52
2045,safe,légal,adjectives,1.44
2046,vomit,fermer,verbs,0.05
2047,accurately,précisément,adverbs,5.52
2048,apocalypse,feu,nouns,1.04
2049,drizzle,pluie,nouns,3.96
2050,arm,veine,nouns,0.79
2051,robotics,simulation,nouns,1.25
2052,new,frais,adjectives,3.54
2053,birthday,anniversaire,nouns,2.29
2054,competence,aptitude,nouns,5.21
2055,rhythm,arithmétique,nouns,0.1
2056,happen,faire,verbs,1.25
2057,bacon,petit déjeuner,nouns,1.11
2058,pretend,imaginer,verbs,2.19
2059,men,fraternité,nouns,1.25
2060,aggressive,grossier,adjectives,1.96
2061,fully,au fond,adverbs,0.74
2062,motor,turbine,nouns,3.5
2063,justify,débattre,verbs,2.79
2064,gulp,siroter,verbs,2.17
2065,critical,grossier,adjectives,0.77
2066,north,ouest,nouns,1.75
2067,amazingly,fantastiquement,adverbs,5.19
2068,messy,propre,adjectives,0.79
2069,agreement,pacte,nouns,5.3
2070,specially,significativement,adverbs,2.11
2071,teach,punir,verbs,0.35
2072,old,frais,adjectives,0.19
2073,sly,intelligent,adjectives,2.41
2074,race,week-end,nouns,0.25
2075,peacefully,chaotiquement,adverbs,0.54
2076,never,négatif,adjectives,0.96
2077,explain,clarifier,verbs,5.23
2078,champion,gagnant,nouns,5.07
2079,cursor,frites,nouns,0.1
2080,give,recevoir,verbs,0.79
2081,belief,opinion,nouns,4.21
2082,involve,inclure,verbs,4.25
2083,skirt,montre,nouns,0.35
2084,people,pistolet,nouns,0.2
2085,sister,frère,nouns,2.4
2086,sincerely,sérieusement,adverbs,1.98
2087,bath,journal,nouns,0.0
2088,strange,bizarre,adjectives,5.69
2089,clean,impeccable,adjectives,5.39
2090,sailor,capitaine,nouns,2.74
2091,please,plaider,verbs,0.46
2092,grief,agonie,nouns,2.67
2093,telephone,cabine,nouns,1.02
2094,stop,siffler,verbs,0.25
2095,shower,couvent,nouns,0.1
2096,mountain,corniche,nouns,1.27
2097,umbrella,calibre,nouns,0.05
2098,trout,guitare,nouns,0.05
2099,burn,étouffer,verbs,0.35
2100,obvious,apparent,adjectives,4.63
2101,seldom,souvent,adverbs,0.96
2102,car,taxi,nouns,3.42
2103,infection,inflexion,nouns,0.15
2104,people,fête,nouns,0.94
2105,criticism,dispute,nouns,2.33
2106,house,tapis,nouns,0.69
2107,earn,mériter,verbs,2.47
2108,nail,tête,nouns,0.6
2109,foot,base,nouns,2.74
2110,anxious,impatient,adjectives,2.04
2111,manuscript,article,nouns,2.07
2112,happy,furieux,adjectives,0.65
2113,bird,poule,nouns,2.27
2114,flu,fièvre,nouns,2.56
2115,lamb,mouton,nouns,4.67
2116,wife,trou,nouns,0.1
2117,log,bois,nouns,3.04
2118,arrest,suspecter,verbs,0.88
2119,butterfly,rose,nouns,0.35
2120,expensive,timide,adjectives,0.1
2121,lend,donner,verbs,3.29
2122,disease,infection,nouns,3.87
2123,easy,flexible,adjectives,1.83
2124,daughter,gamin,nouns,1.55
2125,cable,chapelle,nouns,0.05
2126,daughter,bébé,nouns,2.23
2127,age,beauté,nouns,0.67
2128,film,nihilisme,nouns,0.15
2129,acquire,joindre,verbs,0.76
2130,hero,héroïne,nouns,3.96
2131,blame,accuser,verbs,4.43
2132,scared,timide,adjectives,1.79
2133,mist,nuage,nouns,3.08
2134,plead,satisfaire,verbs,0.46
2135,please,satisfaire,verbs,4.05
2136,chase,suivre,verbs,2.78
2137,party,gens,nouns,0.94
2138,task,autoroute,nouns,0.05
2139,cheerful,heureux,adjectives,4.91
2140,acoustics,son,nouns,3.7
2141,sultan,ministère,nouns,0.66
2142,star,intensité,nouns,0.96
2143,neurosis,esprit,nouns,1.27
2144,die,enterrer,verbs,1.49
2145,battery,théâtre,nouns,0.05
2146,staff,chanteur,nouns,0.2
2147,minor,important,adjectives,0.74
2148,telescope,chaise,nouns,0.2
2149,rude,bruyant,adjectives,1.19
2150,bone,coude,nouns,1.65
2151,prestige,richesse,nouns,2.16
2152,broad,étroit,adjectives,0.59
2153,terminally,différemment,adverbs,0.04
2154,ordinary,incroyable,adjectives,0.69
2155,push,critiquer,verbs,0.2
2156,couch,baseball,nouns,0.05
2157,forget,apprendre,verbs,0.79
2158,pencil,histoire,nouns,0.2
2159,cautiously,soigneusement,adverbs,4.04
2160,information,livre,nouns,1.56
2161,campaign,singe,nouns,0.05
2162,muslim,évêque,nouns,0.96
2163,daily,normalement,adverbs,2.41
2164,gullible,stupide,adjectives,3.29
2165,freedom,possibilité,nouns,4.62
2166,crochet,uniforme,nouns,0.05
2167,negative,jamais,adjectives,0.96
2168,motor,bateau,nouns,1.21
2169,squad,armée,nouns,2.26
2170,difficulty,effort,nouns,3.46
2171,money,perle,nouns,0.92
2172,take,voler,verbs,2.69
2173,jar,bouteille,nouns,3.21
2174,baby,fille,nouns,2.23
2175,pollution,président,nouns,0.36
2176,learn,oublier,verbs,0.79
2177,fame,richesse,nouns,1.86
2178,movement,activité,nouns,3.44
2179,put,obtenir,verbs,0.29
2180,sheep,agneau,nouns,4.67
2181,cab,voiture,nouns,3.42
2182,essay,livre,nouns,1.15
2183,disown,donner,verbs,0.14
2184,bedroom,vélo,nouns,0.05
2185,fast,rapide,adjectives,5.34
2186,attend,envoyer,verbs,0.25
2187,splash,viscosité,nouns,0.45
2188,fabric,lin,nouns,2.58
2189,pardon,excuser,verbs,5.29
2190,peace,bonheur,nouns,2.76
2191,nice,cruel,adjectives,0.55
2192,director,patron,nouns,2.79
2193,necessarily,fondamentalement,adverbs,4.03
2194,necessary,essentiel,adjectives,5.34
2195,fun,football,nouns,0.35
2196,care,attention,nouns,4.54
2197,deny,mentir,verbs,1.82
2198,log,bain,nouns,0.0
2199,persuade,se disputer,verbs,1.48
2200,mind,cerveau,nouns,3.56
2201,bring,restaurer,verbs,0.17
2202,arm,branche,nouns,1.31
2203,aggression,hostilité,nouns,4.09
2204,dumb,intelligent,adjectives,0.79
2205,argue,se plaindre,verbs,1.9
2206,conquest,bataille,nouns,2.87
2207,deliver,prendre,verbs,0.76
2208,business,société,nouns,3.39
2209,navy,île,nouns,0.65
2210,copilot,flic,nouns,0.44
2211,help,demander,verbs,0.76
2212,hang,mettre,verbs,0.89
2213,underwear,corps,nouns,1.0
2214,lip,hanche,nouns,0.59
2215,delightful,merveilleux,adjectives,4.35
2216,case,électricité,nouns,0.65
2217,mundane,ordinaire,adjectives,5.44
2218,divide,ajouter,verbs,1.05
2219,gather,assister,verbs,0.62
2220,confident,sûr,adjectives,5.26
2221,cruel,agréable,adjectives,0.55
2222,chauvinist,préjudice,nouns,0.75
2223,apple,régime,nouns,0.79
2224,handle,protéine,nouns,0.1
2225,magistrate,juge,nouns,4.74
2226,necessary,important,adjectives,4.35
2227,remain,partir,verbs,0.96
2228,bury,couvrir,verbs,2.65
2229,bed,berceau,nouns,3.55
2230,mainly,surtout,adverbs,4.74
2231,pen,alphabet,nouns,0.59
2232,tease,blesser,verbs,1.36
2233,engagement,bague,nouns,1.85
2234,immediately,bientôt,adverbs,3.2
2235,complete,fini,adjectives,5.92
2236,acquire,obtenir,verbs,5.35
2237,liquor,siècle,nouns,0.05
2238,satisfy,faire plaisir,verbs,4.05
2239,trick,taille,nouns,0.0
2240,ignore,demander,verbs,0.55
2241,cook,frire,verbs,2.85
2242,subtract,perdre,verbs,2.26
2243,create,faire,verbs,4.95
2244,church,cathédrale,nouns,4.2
2245,bored,terne,adjectives,1.74
2246,strength,persévérance,nouns,3.17
2247,republic,duc,nouns,0.34
2248,obviously,grossièrement,adverbs,0.49
2249,inform,notifier,verbs,5.2
2250,beg,emprunter,verbs,1.13
2251,ankle,fenêtre,nouns,0.0
2252,here,maintenant,adverbs,1.76
2253,incredibly,grandement,adverbs,2.37
2254,ordinary,froid,adjectives,0.2
2255,dream,ciel,nouns,0.48
2256,forgive,pardonner,verbs,5.29
2257,river,ruisseau,nouns,4.06
2258,bible,hymne,nouns,0.73
2259,inaccurately,précisément,adverbs,0.79
2260,aggravate,agresser,verbs,1.07
2261,diet,salade,nouns,1.27
2262,compass,éléphant,nouns,0.0
2263,finished,achevé,adjectives,5.92
2264,dull,ennuyé,adjectives,1.74
2265,bad,affreux,adjectives,3.65
2266,psychology,science,nouns,2.0
2267,calmly,subtilement,adverbs,1.34
2268,ledge,montagne,nouns,1.27
2269,aeronautics,avionique,nouns,3.99
2270,allow,réfuter,verbs,0.25
2271,cooked,bouilli,adjectives,3.22
2272,lens,appareil photo,nouns,1.75
2273,promote,avancer,verbs,2.49
2274,president,élève,nouns,0.6
2275,hit,cadre,nouns,0.1
2276,post,vitesse,nouns,0.0
2277,buddy,ami,nouns,5.26
2278,passive,violent,adjectives,0.35
2279,organize,organiser,verbs,4.99
2280,perception,vision,nouns,4.27
2281,slender,svelte,adjectives,5.49
2282,car,rue,nouns,1.04
2283,flee,s'échapper,verbs,5.25
2284,worker,employeur,nouns,2.09
