ID,FRA,SPA,PoS,score
1,voyage,viaje,nouns,3.7
2,gens,partido,nouns,1.0
3,organe,riñón,nouns,3.7
4,campagne,mono,nouns,0.1
5,bourse d'étude,matrícula,nouns,1.75
6,poursuivre,investigar,verbs,1.5
7,sauver,proteger,verbs,3.2
8,appartement,mueble,nouns,1.25
9,attitude,confianza,nouns,2.1
10,goutter,verter,verbs,1.6
11,inhabituel,único,adjectives,4.45
12,cuisiner,mezclar,verbs,1.65
13,flexible,modesto,adjectives,0.35
14,armée,legión,nouns,3.45
15,étouffer,abrumar,verbs,2.15
16,essayer,lograr,verbs,1.15
17,activement,pasivamente,adverbs,0.95
18,stupide,raro,adjectives,0.25
19,amical,improbable,adverbs,0.0
20,déterminer,evacuar,verbs,0.55
21,perle,dinero,nouns,1.3
22,marine,ejército,nouns,4.2
23,politicien,policía,nouns,1.0
24,mort,catástrofe,nouns,2.0
25,table,puesta de sol,nouns,0.05
26,critique,argumento,nouns,2.8
27,groupe,orquesta,nouns,3.95
28,candidat,ganador,nouns,2.15
29,chanter,reír,verbs,1.15
30,nombre,dígito,nouns,5.05
31,ce soir,hoy,adverbs,2.8
32,centime,tamaño,nouns,0.15
33,tenter,tener la intención,verbs,3.8
34,nain,pequeñito,adjectives,4.65
35,traiter,vender,verbs,0.85
36,soin,precaución,nouns,5.35
37,mot,periódico,nouns,1.55
38,attacher,unirse,verbs,2.3
39,rive,costa,nouns,4.8
40,portable,pistola,nouns,0.15
41,statue,escultura,nouns,5.25
42,docteur,ortodoncista,nouns,2.85
43,fille,mucama,nouns,0.75
44,précieux,especial,adjectives,3.9
45,liquide,dinero,nouns,4.2
46,bientôt,inmediatamente,adverbs,3.75
47,toit,ventana,nouns,1.1
48,fiablement,aproximadamente,adverbs,1.05
49,circoncision,prepucio,nouns,2.15
50,prétendre,retratar,verbs,0.65
51,précis,incorrecto,adjectives,0.3
52,actuellement,recientemente,adverbs,3.5
53,réussir,lograr,verbs,4.55
54,hiver,temporada,nouns,3.25
55,fort,orgulloso,adjectives,1.4
56,jeune,feliz,adjectives,0.4
57,content,feliz,adjectives,4.75
58,club,marca,nouns,0.7
59,tramway,tren,nouns,3.6
60,valeur,creencia,nouns,2.5
61,confiance,actitud,nouns,2.1
62,être d'accord,diferir de,verbs,0.85
63,reine,abeja,nouns,1.45
64,restaurer,reemplazar,verbs,2.65
65,dissertation,tarea,nouns,3.75
66,effrayé,nervioso,adjectives,1.9
67,terne,emocionante,adjectives,0.4
68,perspective,distancia,nouns,2.75
69,paresseux,ocupado,adjectives,0.6
70,élire,rechazar,verbs,0.75
71,localement,obviamente,adverbs,0.15
72,épicé,bueno,adjectives,0.15
73,choix,vena,nouns,0.25
74,candidat,solicitud,nouns,2.25
75,musée,menta,nouns,0.0
76,vendre,pedir prestado,verbs,0.8
77,jet,fluido,nouns,1.05
78,brin,hilo,nouns,2.75
79,exactement,activamente,adverbs,0.75
80,orchestre,banda,nouns,3.95
81,riz,niño,nouns,0.05
82,généralement,irregularmente,adverbs,1.0
83,obéir,comportarse,verbs,3.15
84,intime,personal,adjectives,5.15
85,punir,obedecer,verbs,1.3
86,actif,valores,nouns,3.3
87,fourmi,abeja,nouns,1.55
88,violon,instrumento,nouns,3.15
89,cube,dado,nouns,4.05
90,semaine,fin de semana,nouns,2.6
91,clé,corona,nouns,0.15
92,ouvrier,mecánico,nouns,3.0
93,enseigner,educar,verbs,5.0
94,sortie,sufragio,nouns,0.35
95,blé,maizal,nouns,3.2
96,siroter,tragar,verbs,1.95
97,échapper,encontrar,verbs,0.45
98,généreux,simpático,adjectives,2.15
99,chasser,capturar,verbs,1.4
100,accepter,recibir,verbs,2.8
101,coude,hueso,nouns,1.6
102,étamine,polinización,nouns,1.6
103,bras,muñeca,nouns,1.75
104,précisément,inexactamente,adverbs,0.8
105,virus,sangre,nouns,1.65
106,compter,fallar,verbs,0.3
107,anormalement,negativamente,adverbs,1.65
108,classe,caos,nouns,0.25
109,autobus,vehículo,nouns,3.25
110,catastrophe,accidente,nouns,4.1
111,permis,legal,adjectives,4.7
112,cyclone,tifón,nouns,4.8
113,fil,ovillo,nouns,2.75
114,mer,río,nouns,2.6
115,participer,cooperar,verbs,3.95
116,aujourd'hui,esta noche,adverbs,2.8
117,photophone,homófono,nouns,0.65
118,admirer,adorar,verbs,4.2
119,jupe,reloj,nouns,0.5
120,pont,coche,nouns,0.4
121,couvrir,proteger,verbs,4.35
122,ciel,sueño,nouns,0.65
123,pièce,aeropuerto,nouns,0.1
124,propre,sucio,adjectives,1.2
125,conversion,altitud,nouns,0.55
126,plaider,complacer,verbs,0.5
127,cheval,buey,nouns,1.9
128,femme,centavo,nouns,0.2
129,plafond,tejado,nouns,4.6
130,téléphone,teléfono móvil,nouns,5.4
131,avocat,licenciado en derecho,nouns,4.5
132,condition,situación,nouns,4.55
133,penderie,ropa,nouns,2.15
134,devoir,prestar,verbs,0.75
135,luire,irradiar,verbs,4.85
136,collant,mojado,adjectives,1.35
137,mode,estilo,nouns,4.15
138,médaille,zapatillas,nouns,0.35
139,demander,ayudar,verbs,0.85
140,ballon,esfera,nouns,2.85
141,boîtier,electricidad,nouns,0.65
142,apprendre,absorber,verbs,2.1
143,château,escultor,nouns,0.65
144,bacon,desayuno,nouns,0.95
145,élection,decisión,nouns,4.0
146,opinion,idea,nouns,4.35
147,délicatement,actualmente,adverbs,0.15
148,malin,inteligente,adjectives,5.05
149,membre,pierna,nouns,3.65
150,porter,erosionar,verbs,0.15
151,coopérer,unirse,verbs,2.9
152,terminer,resolver,verbs,3.45
153,agréable,cruel,adjectives,0.6
154,cabane,cabina,nouns,1.6
155,corridor,pasillo,nouns,5.35
156,savoir,entender,verbs,3.4
157,tissu,ropa,nouns,2.8
158,lâche,flexible,adjectives,1.25
159,mouton,ganado,nouns,3.35
160,partir,separar,verbs,1.05
161,accuser,despreciar,verbs,1.1
162,jus,batido,nouns,3.0
163,sauver,rescatar,verbs,5.65
164,smartphone,piña,nouns,0.0
165,incertain,asustado,adjectives,1.55
166,parfois,a menudo,adverbs,2.45
167,morale,leyenda,nouns,1.2
168,dur,duro,adjectives,5.5
169,chaise,banco,nouns,3.55
170,protéger,salvar,verbs,3.2
171,construire,añadir,verbs,1.25
172,ère,década,nouns,2.85
173,différer,de acuerdo,verbs,0.85
174,permettre,erosionar,verbs,0.15
175,théorie,hipótesis,nouns,4.25
176,planète,estrella,nouns,3.05
177,globalisation,visado,nouns,1.0
178,voyager,ir,verbs,3.5
179,verrou,llave,nouns,2.55
180,sonnet,belleza,nouns,0.65
181,nouveau,fresco,adjectives,4.0
182,estomac,habitación,nouns,0.15
183,animal,bestia,nouns,4.75
184,se plaindre,traer,verbs,0.1
185,voiture,manguera,nouns,0.25
186,idée,esquema,nouns,2.9
187,manette,radar,nouns,0.3
188,aluminium,estaño,nouns,1.85
189,insulter,ofender,verbs,4.55
190,échouer,desalentar,verbs,1.45
191,sucre,miel,nouns,2.15
192,personne,centavo,nouns,0.1
193,mentir,acusar,verbs,0.75
194,idéalement,mecánicamente,adverbs,0.25
195,collant,sucio,adjectives,2.05
196,célébration,ceremonia,nouns,4.7
197,livrer,tomar,verbs,0.9
198,pur,modesto,adjectives,1.1
199,prétendre,asumir,verbs,2.65
200,détacher,dividir,verbs,1.4
201,scientifique,enfermera,nouns,0.9
202,menthe,museo,nouns,0.0
203,garçon,hijo,nouns,3.8
204,vision,percepción,nouns,4.75
205,cocktail,alcohol,nouns,3.05
206,sorcier,cable,nouns,0.0
207,acteur,actriz,nouns,4.45
208,stupide,obstinado,adjectives,1.35
209,rapide,veloz,adjectives,5.65
210,bétail,oveja,nouns,3.35
211,fortement,oficialmente,adverbs,0.2
212,sournois,difícil,adjectives,0.5
213,différer,discutir,verbs,2.25
214,lutter,ejecutar,verbs,0.75
215,richesse,fama,nouns,2.1
216,engloutir,sorber,verbs,1.95
217,randonner,escalar,verbs,1.85
218,réprimander,pedir,verbs,0.7
219,obtenir,poner,verbs,0.35
220,donner,poner,verbs,1.5
221,soleil couchant,cuerda,nouns,0.0
222,perdre,mantener,verbs,0.8
223,cible,flecha,nouns,1.9
224,toit,techo,nouns,4.6
225,toujours,dos veces,adverbs,0.8
226,île,tarea,nouns,0.1
227,comportementalisme,terapia,nouns,1.6
228,furieux,feliz,adjectives,0.75
229,matériel,caso,nouns,1.25
230,apparaître,asistir,verbs,2.1
231,brume,nube,nouns,3.15
232,sale,increíble,adjectives,0.35
233,colère,estado animico,nouns,3.1
234,promettre,jurar,verbs,5.35
235,tante,tío,nouns,3.55
236,dictionnaire,definición,nouns,2.8
237,argent,perla,nouns,1.3
238,fenêtre,techo,nouns,1.1
239,vainqueur,candidato,nouns,2.15
240,singe,campaña,nouns,0.1
241,ordinaire,promedio,adjectives,3.85
242,moteur,bote,nouns,1.1
243,approuver,permitir,verbs,3.35
244,victime,teléfono,nouns,0.1
245,donation,ofrecimiento,nouns,3.75
246,week-end,semana,nouns,2.6
247,apprécier,entretener,verbs,1.3
248,garder,poseer,verbs,2.85
249,significativement,especialmente,adverbs,2.45
250,spectacle,matemático,nouns,0.15
251,poliment,discretamente,adverbs,2.1
252,s'écraser,tropezarse,verbs,3.0
253,boucle,cinturón,nouns,1.9
254,débattre,diferir de,verbs,2.25
255,base-ball,fraternidad,nouns,0.35
256,enseignant,rabino,nouns,1.25
257,parapluie,calentador,nouns,0.35
258,tuyau,coche,nouns,0.25
259,chanson,balada,nouns,4.35
260,s'échapper,huir,verbs,5.65
261,secrétaire,mujer,nouns,1.0
262,sang,médula,nouns,1.9
263,mal,terrible,adjectives,3.6
264,engagement,cita,nouns,3.7
265,arbre,arce,nouns,4.2
266,sandwich,carne,nouns,1.35
267,nécessairement,esencialmente,adverbs,3.75
268,copilote,policía,nouns,0.55
269,bête,animal,nouns,4.75
270,aller,salir,verbs,3.95
271,météore,gravedad,nouns,1.4
272,sûrement,a veces,adverbs,1.1
273,doigt,dedo del pie,nouns,4.4
274,proclamer,anunciar,verbs,4.9
275,organe,hígado,nouns,2.8
276,vérifier,justificar,verbs,2.3
277,aube,día,nouns,3.35
278,capteur,radiador,nouns,1.1
279,politicien,presidente,nouns,3.05
280,accident,libro,nouns,0.4
281,attaque,bombardeo aéreo,nouns,2.85
282,angle,curva,nouns,2.4
283,tour,campana,nouns,1.65
284,taxi,coche,nouns,3.9
285,mère,papá,nouns,2.65
286,pied,arena,nouns,0.5
287,duc,república,nouns,0.4
288,sculpteur,palacio,nouns,0.65
289,nouveau,antiguo,adjectives,0.95
290,pot,aparato,nouns,0.2
291,tarte,chocolate,nouns,1.7
292,justement,maduro,adverbs,1.2
293,oublier,saber,verbs,0.9
294,animal de compagnie,gato,nouns,3.75
295,dessiner,crear,verbs,2.2
296,rabbin,profesor,nouns,1.25
297,enseignant,ayudante,nouns,1.8
298,outil,trabajo,nouns,0.8
299,recommander,aceptar,verbs,0.9
300,sol,techo,nouns,1.45
301,radical,violento,adjectives,2.85
302,construire,hacer,verbs,3.85
303,énorme,grande,adjectives,4.8
304,professeur,amigo,nouns,0.9
305,théâtre,batería,nouns,0.15
306,séparer,salir,verbs,1.05
307,pistolet,gente,nouns,0.25
308,employé,vocalista,nouns,0.45
309,passivement,activamente,adverbs,0.95
310,malheureux,enojado,adjectives,2.35
311,attirer,golpear,verbs,0.6
312,éléphant,dinosaurio,nouns,1.3
313,mort,tragedia,nouns,2.85
314,parfois,seguramente,adverbs,1.1
315,pistolet,cuchillo,nouns,2.3
316,évidemment,en la zona,adverbs,0.15
317,influencer,inclinarse,verbs,2.45
318,herbe,marijuana,nouns,5.2
319,calmement,firmemente,adverbs,0.9
320,soigneusement,cautelosamente,adverbs,3.9
321,assister,ayudar,verbs,4.9
322,enseigner,castigar,verbs,0.6
323,commencer,comenzar,verbs,5.9
324,divertir,complacer,verbs,1.45
325,pièce,bañera,nouns,1.1
326,surtout,profundamente,adverbs,1.25
327,encourager,desalentar,verbs,1.0
328,bonheur,tristeza,nouns,1.35
329,nécessaire,esencial,adjectives,5.35
330,idée,opinión,nouns,4.35
331,représenter,notificar,verbs,1.0
332,effrayé,tímido,adjectives,2.25
333,nerf,cerebro,nouns,1.6
334,météo,ola,nouns,0.75
335,wagon,envase,nouns,0.2
336,ami,profesor,nouns,0.9
337,justice,tribunal,nouns,3.15
338,apparaître,volverse,verbs,1.15
339,atmosphère,contaminación,nouns,1.9
340,deviner,irritar,verbs,0.15
341,épée,ambiente,nouns,0.1
342,taille,centavo,nouns,0.15
343,transparent,puntero,nouns,0.35
344,persuader,discutir,verbs,1.05
345,veine,estómago,nouns,0.85
346,avoir l'intention de,intentar,verbs,3.8
347,honnêtement,sinceramente,adverbs,5.45
348,pomme,jugo,nouns,1.65
349,effrayé,inseguro,adjectives,1.55
350,lettre,párrafo,nouns,1.5
351,avec optimisme,posiblemente,adverbs,0.9
352,éroder,descolorarse,verbs,0.8
353,école,derecho,nouns,1.25
354,réduire,empapar,verbs,0.05
355,disque,cargador,nouns,0.8
356,frère,niño,nouns,2.2
357,recevoir,comprar,verbs,2.35
358,pollinisation,estambre,nouns,1.6
359,jeans,mujer,nouns,0.2
360,chercher,encontrar,verbs,2.0
361,mur,ladrillo,nouns,1.75
362,cloche,torre,nouns,1.65
363,pacte,acuerdo,nouns,5.45
364,chercher,mirar,verbs,2.3
365,honnêtement,nunca,adverbs,0.15
366,honteux,trastornado,adjectives,1.0
367,détester,disfrutar,verbs,0.85
368,au-delà,purgatorio,nouns,2.6
369,prédire,suponer,verbs,2.9
370,débattre,racionalizar,verbs,2.6
371,rêve,cielo,nouns,0.65
372,limite,límite,nouns,5.35
373,frire,cocinar,verbs,3.1
374,employeur,obrero,nouns,1.55
375,véridique,deshonesto,adjectives,0.55
376,difficulté,esfuerzo,nouns,3.15
377,permettre,dar,verbs,1.15
378,basket,medalla,nouns,0.35
379,népotisme,rey,nouns,1.95
380,affaire,industria,nouns,3.0
381,neige,avalancha,nouns,2.15
382,restaurer,reparar,verbs,5.2
383,compilateur,subrutina,nouns,1.4
384,boîte,cigarro,nouns,1.05
385,théorie,química,nouns,1.4
386,nihilisme,película,nouns,0.25
387,mur,decoración,nouns,1.35
388,effort,dificultad,nouns,3.15
389,juger,acusar,verbs,3.0
390,planète,luna,nouns,1.9
391,normalement,diariamente,adverbs,2.8
392,mythe,sátira,nouns,2.0
393,communication,noticias,nouns,2.75
394,radar,palanca de mando,nouns,0.3
395,mère,amigo,nouns,1.0
396,sphère,pelota,nouns,2.85
397,vêtement,tela,nouns,2.8
398,corps,estómago,nouns,2.3
399,surprendre,celebrar,verbs,1.0
400,être diplômé,terminar,verbs,2.35
401,quotidiennement,normalmente,adverbs,2.8
402,bol,plato,nouns,2.65
403,écouter,oír,verbs,4.9
404,apprendre,escuchar,verbs,1.7
405,ballon,voleibol,nouns,1.6
406,sûr,legal,adjectives,1.75
407,protéger,defender,verbs,5.25
408,mature,sofisticado,adjectives,1.45
409,hésitant,colérico,adjectives,0.85
410,simple,fácil,adjectives,5.15
411,délicieux,alegre,adjectives,1.85
412,prophète,sacerdote,nouns,1.85
413,bulle,jabonaduras,nouns,2.15
414,essayer,convencer,verbs,1.3
415,paracétamol,bronquitis,nouns,1.15
416,pacte,condición,nouns,2.5
417,parfois,regularmente,adverbs,2.2
418,bowling,jugador de bolos,nouns,1.85
419,ajouter,unirse,verbs,3.6
420,chauvin,prejuicio,nouns,1.0
421,passif,violento,adjectives,0.45
422,boeuf,caballo,nouns,1.9
423,fièrement,pacíficamente,adverbs,0.55
424,régime,manzana,nouns,1.05
425,sérieusement,pasivamente,adverbs,0.35
426,communiquer,rezar,verbs,0.8
427,lac,nube,nouns,0.55
428,donner,negar,verbs,0.25
429,corps,nervio,nouns,1.05
430,mur,castillo,nouns,0.95
431,cabine,teléfono,nouns,1.35
432,vendre,recordar,verbs,0.2
433,fâché,feliz,adjectives,0.8
434,événement,recaudación de fondos,nouns,2.05
435,élever,beber,verbs,0.05
436,en phase terminale,principalmente,adverbs,0.2
437,recommander,asesorar,verbs,5.25
438,rejoindre,cooperar,verbs,2.9
439,repas,cena,nouns,4.3
440,femme,secretario,nouns,1.0
441,officier,diputado,nouns,1.9
442,main,pie,nouns,1.8
443,vouloir,pedir prestado,verbs,1.0
444,haut,quinto,adjectives,0.2
445,arrêter,prohibir,verbs,2.45
446,pilote,conductor,nouns,4.75
447,collecter,organizar,verbs,1.6
448,polyester,algodón,nouns,1.95
449,boire,mezcla,verbs,0.7
450,faucon,águila,nouns,3.15
451,heureux,enojado,adjectives,0.8
452,retenir,mantener,verbs,5.1
453,canonnière,costa,nouns,0.55
454,conduire,barajar,verbs,0.4
455,graine,mostaza,nouns,2.25
456,condition,pacto,nouns,2.5
457,parlement,congreso,nouns,3.85
458,créer,dibujar,verbs,2.2
459,conduire,detener,verbs,1.05
460,cruel,bonito,adjectives,0.6
461,oiseau,gallina,nouns,2.4
462,apparaître,salir,verbs,0.4
463,volcan,magma,nouns,2.25
464,cruel,duro,adjectives,3.6
465,magnitude,tamaño,nouns,4.5
466,ami,chico,nouns,2.25
467,ordinateur,disco,nouns,1.8
468,mineur,significativo,adjectives,0.8
469,échouage,ajedrez,nouns,0.9
470,rincer,lavar,verbs,4.2
471,élire,escoger,verbs,5.25
472,interdire,detener,verbs,2.45
473,lapin,gato,nouns,1.4
474,satisfaire,estar de acuerdo,verbs,1.7
475,satisfaire,alegar,verbs,0.5
476,os,brazo,nouns,1.55
477,mariée,princesa,nouns,1.75
478,facile,sencillo,adjectives,5.15
479,assister,enviar,verbs,0.6
480,élégance,estilo,nouns,4.45
481,tisser,movimiento,verbs,0.3
482,blesser,caer,verbs,1.35
483,circumnavigation,equipaje,nouns,1.05
484,curieusement,diferentemente,adverbs,1.65
485,dent,martillo,nouns,0.05
486,pendre,poner,verbs,1.5
487,polir,informar,verbs,0.1
488,vérifier,decir,verbs,0.9
489,nécessiter,organizar,verbs,0.35
490,dieu,sacerdote,nouns,1.85
491,carte,cuadrado,nouns,0.6
492,violent,pasivo,adjectives,0.45
493,adversaire,oponente,nouns,5.25
494,corps,hombro,nouns,1.6
495,surtout,principalmente,adverbs,5.05
496,vendre,ir,verbs,0.25
497,imprévu,imprevisto,adjectives,5.7
498,colère,furia,nouns,4.8
499,raquette,ruido,nouns,0.3
500,certain,nervioso,adjectives,0.2
501,nécessaire,innecesario,adjectives,0.95
502,découvert,cubierto,adjectives,0.95
503,strictement,completamente,adverbs,2.75
504,crocodile,lagartija,nouns,3.0
505,boîte,cabina,nouns,1.6
506,détruire,crear,verbs,0.8
507,notifier,reconocer,verbs,1.15
508,débattre,debate,verbs,4.25
509,groupe,resistencia,nouns,0.15
510,calmement,pacíficamente,adverbs,4.25
511,profondément,significativamente,adverbs,3.0
512,simplement,aparentemente,adverbs,1.05
513,pointeur,diapositiva,nouns,0.35
514,garçon,hermano,nouns,2.2
515,astronome,galaxia,nouns,1.75
516,huile,visón,nouns,0.15
517,timide,costoso,adjectives,0.3
518,remarquer,criticar,verbs,1.8
519,volley-ball,pelota,nouns,1.6
520,respirer,ahogarse,verbs,1.25
521,symbole,código,nouns,2.85
522,profusion,abundancia,nouns,5.4
523,fermement,increíblemente,adverbs,0.2
524,tâche,autopista,nouns,0.1
525,résoudre,terminar,verbs,3.45
526,mère,esposa,nouns,2.7
527,champ,avena,nouns,1.3
528,haricot,arroz,nouns,1.65
529,aggraver,asaltar,verbs,1.15
530,exceptionnellement,extrañamente,adverbs,2.5
531,positivement,probablemente,adverbs,1.15
532,ancre,bote,nouns,1.55
533,poignée,proteína,nouns,0.25
534,trouver,escapar,verbs,0.45
535,valeur,tarifa,nouns,3.35
536,agité,joven,adjectives,0.7
537,août,mes,nouns,3.15
538,papier,cartulina,nouns,3.8
539,voiture,autopista,nouns,1.85
540,argumenter,discutir,verbs,4.25
541,crier,chillar,verbs,5.55
542,avancer,promover,verbs,2.5
543,intelligent,listo,adjectives,5.05
544,garçon,condición,nouns,0.1
545,rare,raro,adjectives,4.45
546,paix,felicidad,nouns,2.95
547,hymne,conquista,nouns,0.55
548,arme,casco,nouns,1.65
549,tâche,trabajo,nouns,4.6
550,battre en retraite,descender,verbs,0.75
551,réalisateur,cinematografía,nouns,2.25
552,mépriser,odiar,verbs,4.6
553,danger,amenaza,nouns,4.9
554,camion,paquete,nouns,0.4
555,contempler,pensar,verbs,2.2
556,schéma,idea,nouns,2.9
557,diode,condensador,nouns,2.0
558,mortellement,felizmente,adverbs,0.35
559,manuel,guía,nouns,5.1
560,mécanicien,obrero,nouns,3.0
561,génie,lámpara,nouns,1.45
562,frais,nuevo,adjectives,4.0
563,construire,crear,verbs,4.5
564,personne,dólar,nouns,0.1
565,débuter,empezar,verbs,5.9
566,tomber,herir,verbs,1.35
567,combiner,mezcla,verbs,4.7
568,activement,precisamente,adverbs,0.75
569,promenade,ruta,nouns,3.7
570,base,pie,nouns,2.65
571,grimper,hacer senderismo,verbs,1.85
572,calèche,coche,nouns,4.6
573,gros,fácil,adjectives,0.2
574,unique,opuesto,adjectives,0.85
575,voler,comprar,verbs,0.9
576,concept,creencia,nouns,2.5
577,liqueur,siglo,nouns,0.1
578,steak,pollo,nouns,2.35
579,souris,envase,nouns,0.1
580,estomac,vena,nouns,0.85
581,enfant,niña,nouns,3.2
582,surface,esquina,nouns,0.85
583,cadre,golpear,nouns,0.25
584,théorème,teoría,nouns,4.05
585,clé,candado,nouns,2.55
586,étroit,sucio,adjectives,0.1
587,gouverneur,emperador,nouns,3.05
588,secourir,salvar,verbs,5.65
589,absorber,poseer,verbs,1.0
590,taxi,autobús,nouns,2.55
591,penser,decidir,verbs,2.15
592,autoroute,coche,nouns,1.85
593,tsunami,mar,nouns,1.95
594,rose,mariposa,nouns,0.5
595,papier,póster,nouns,2.65
596,fraude,delito,nouns,3.75
597,sérieusement,en tono rimbombante,adverbs,1.6
598,secouer,recoger,verbs,0.35
599,ignorer,olvidar,verbs,3.05
600,écrivain,regalo,nouns,0.3
601,misère,desesperación,nouns,3.05
602,jour,amanecer,nouns,3.35
603,étoile,planeta,nouns,3.05
604,prêtre,profeta,nouns,1.85
605,os,dientes,nouns,2.3
606,hurler,discutir,verbs,1.5
607,se dépêcher,apurarse,verbs,5.5
608,viande,sándwich,nouns,1.35
609,taille,comida,nouns,0.4
610,ignorer,imprimir,verbs,0.1
611,neutre,calma,adjectives,1.55
612,entrer,deber,verbs,0.15
613,déranger,agravar,verbs,0.75
614,acquérir,robar,verbs,1.3
615,rencontrer,salir,verbs,1.25
616,obtenir,adquirir,verbs,5.15
617,mathématicien,show,nouns,0.15
618,bras,hueso,nouns,1.55
619,clarifier,definir,verbs,4.0
620,humeur,enfado,nouns,3.1
621,artiste,obra de arte,nouns,2.05
622,informer,notificar,verbs,5.25
623,dispositif,maceta,nouns,0.2
624,frustration,enfado,nouns,4.1
625,gardien,madre,nouns,1.5
626,jouet,cubo,nouns,1.7
627,extraverti,bonito,adjectives,1.15
628,sembler,volverse,verbs,1.0
629,amical,generoso,adjectives,2.15
630,voie-rapide,carretera,nouns,4.0
631,courrier,velocidad,nouns,0.2
632,force,capacidad,nouns,3.15
633,coucher de soleil,mesa,nouns,0.05
634,ruelle,cuenco,nouns,0.0
635,emploi,administración,nouns,1.8
636,chat,conejo,nouns,1.4
637,étain,aluminio,nouns,1.85
638,perdre,cocinar,verbs,0.1
639,entrer,salir,verbs,0.25
640,automobile,coche,nouns,5.75
641,fatigué,aburrido,adjectives,1.55
642,ordinateur,máquina,nouns,4.2
643,éviter,negar,verbs,1.05
644,occasion,centavo,nouns,0.3
645,chanceux,avergonzado,adjectives,0.4
646,mois,agosto,nouns,3.15
647,chemin,túnel,nouns,2.25
648,muffin,perejil,nouns,0.55
649,peut-être,probablemente,adverbs,4.6
650,petit,enano,adjectives,4.65
651,bois,piedra,nouns,1.35
652,maintenant,aquí,adverbs,1.9
653,livrer,aceptar,verbs,0.75
654,laisser,entrar,verbs,0.25
655,exotique,raro,adjectives,4.35
656,menu,orden,nouns,1.65
657,réprimer,renunciar,verbs,1.5
658,apparemment,obviamente,adverbs,3.15
659,changer,alterar,verbs,4.85
660,grossier,crítico,adjectives,0.8
661,tabou,extramatrimonial,adjectives,1.05
662,fastidieux,seguro,adjectives,0.25
663,idiot,estúpido,adjectives,5.45
664,apporter,quejar,verbs,0.1
665,accord,agujero,nouns,0.0
666,mourir,enterrar,verbs,1.6
667,ascenseur,coche,nouns,0.5
668,eau,sal,nouns,0.85
669,astuce,tamaño,nouns,0.0
670,frites,cursor,nouns,0.1
671,enterrer,morir,verbs,1.6
672,chapitre,episodio,nouns,4.7
673,lycée,profesión,nouns,1.1
674,appareil photo,presidente,nouns,0.5
675,enquêter,perseguir,verbs,1.5
676,minute,segundo,nouns,2.85
677,copilote,cabina,nouns,1.25
678,habit,cajón,nouns,1.35
679,convocation,reunión,nouns,4.05
680,accepter,perdonar,verbs,2.35
681,affaire,sociedad,nouns,2.45
682,bon,cortés,adjectives,2.6
683,arrêter,sospechar,verbs,1.2
684,couvert,descubierto,adjectives,0.95
685,pomme,salsa,nouns,1.05
686,flexible,fácil,adjectives,1.8
687,tuyau,jardín,nouns,0.8
688,extraverti,entrante,adjectives,0.3
689,décourager,animar,verbs,1.0
690,coton,suéter,nouns,1.25
691,nuage,niebla,nouns,2.75
692,apporter,venir,verbs,0.75
693,île,armada,nouns,0.85
694,fils,padre,nouns,2.15
695,fiançailles,anillo,nouns,2.25
696,rigide,fácil,adjectives,0.25
697,information,entropía,nouns,1.3
698,région,zona,nouns,3.45
699,princesse,rey,nouns,2.55
700,télévision,guionista,nouns,1.4
701,ouvertement,macizamente,adverbs,0.7
702,diviser,despegar,verbs,1.4
703,accepter,entregar,verbs,0.75
704,instamment,con rapidez,adverbs,4.35
705,danger,enfermedad,nouns,1.1
706,paragraphe,carta,nouns,1.5
707,livre,texto,nouns,3.25
708,clé,casa,nouns,1.05
709,désincarné,espiritual,adjectives,3.7
710,catastrophe,muerte,nouns,2.0
711,chaise,sofá,nouns,3.05
712,grand,grande,adjectives,3.25
713,cinéma,palomitas de maiz,nouns,1.95
714,improbable,simpático,adverbs,0.0
715,conversation,comunicación,nouns,3.8
716,parler,oír,verbs,1.3
717,boîte,sombrero,nouns,0.8
718,énorme,minúsculo,adjectives,0.95
719,dépenser,salvar,verbs,0.3
720,contrarié,avergonzado,adjectives,1.0
721,brique,pared,nouns,1.75
722,dernièrement,recientemente,adverbs,5.25
723,chiffon,ropa,nouns,2.0
724,couloir,puerta,nouns,1.3
725,facile,rígido,adjectives,0.25
726,violent,suave,adjectives,0.75
727,jamais,honestamente,adverbs,0.15
728,faible,picante,adjectives,0.1
729,fêter,sorprender,verbs,1.0
730,désarroi,histeria,nouns,2.0
731,punir,enseñar,verbs,0.6
732,chambre à coucher,baño,nouns,1.9
733,approximativement,fácilmente,adverbs,0.35
734,empereur,constitución,nouns,1.2
735,altérer,cambiar,verbs,4.85
736,don,escritor,nouns,0.3
737,enfant,chico,nouns,4.2
738,beauté,soneto,nouns,0.65
739,voiture,ascensor,nouns,0.5
740,uniformément,a veces,adverbs,0.45
741,biologiste,microscopio,nouns,1.7
742,nier,evitar,verbs,1.05
743,incliner,parcialidad,verbs,2.45
744,combinaison,unión,nouns,4.3
745,guerrier,hombre,nouns,1.6
746,énerver,adivinar,verbs,0.15
747,massif,astronómico,adjectives,2.35
748,absorber,aprender,verbs,2.1
749,homme,fraternidad,nouns,1.45
750,emprunter,dar,verbs,1.4
751,savoir,olvidar,verbs,0.9
752,viande,carne de vaca,nouns,3.75
753,gosse,chico,nouns,4.4
754,vélo,piel,nouns,0.4
755,yaourt,ganado,nouns,0.45
756,vite,rápido,adjectives,5.1
757,cuisiner,perder,verbs,0.1
758,femme,hombre,nouns,2.15
759,entendre,hablar,verbs,1.3
760,fissurer,romper,verbs,3.15
761,décider,escoger,verbs,4.55
762,thérapie,behaviorismo,nouns,1.6
763,analyser,comparar,verbs,3.1
764,important,menor,adjectives,0.8
765,généreusement,amablemente,adverbs,3.0
766,fait,prueba,nouns,3.25
767,gagnant,gol,nouns,1.0
768,pardonner,aceptar,verbs,2.35
769,oncle,tía,nouns,3.55
770,porte,portón,nouns,4.85
771,timide,asustado,adjectives,2.25
772,programme,examen,nouns,1.05
773,radiateur,paraguas,nouns,0.35
774,moyen,templado,adjectives,1.5
775,pont,tarjeta,nouns,0.25
776,étroit,largo,adjectives,1.0
777,moutarde,semilla,nouns,2.25
778,donner,robar,verbs,0.75
779,hôtel,apartamento,nouns,1.85
780,illustration,ampolla,nouns,0.15
781,date,calendario,nouns,2.25
782,commencer,ir,verbs,0.95
783,président,cámara,nouns,0.5
784,molécule,matriz,nouns,0.4
785,matin,día,nouns,3.4
786,incurvé,derecho,adjectives,0.95
787,queue,cuenco,nouns,0.15
788,mélodie,ritmo,nouns,3.65
789,grossièrement,obviamente,adverbs,0.85
790,immature,crecido,adjectives,0.95
791,étrange,ordinario,adjectives,0.9
792,marier,unirse,verbs,3.05
793,tragédie,muerte,nouns,2.85
794,national,conocido,adjectives,1.0
795,vieux,fresco,adjectives,0.15
796,explorer,ignorar,verbs,0.4
797,gin,alcohol,nouns,3.05
798,épaule,cuerpo,nouns,1.6
799,extraconjugal,inmencionable,adjectives,1.05
800,avocat,fiscal,nouns,2.8
801,laisser,permitir,verbs,5.0
802,notifier,retratar,verbs,1.0
803,représenter,decidir,verbs,1.05
804,niveau,puntuación,nouns,2.85
805,microscope,biólogo,nouns,1.7
806,chef,gerente,nouns,3.9
807,côte,playa,nouns,3.65
808,témoigner,juez,verbs,1.4
809,heureux,alegre,adjectives,5.1
810,trébucher,caerse,verbs,4.2
811,agréable,saliente,adjectives,1.15
812,page,párrafo,nouns,2.15
813,énergie,batería,nouns,3.55
814,dominer,ganar,verbs,2.9
815,avion,hoja,nouns,0.05
816,errer,buscar,verbs,1.55
817,truite,guitarra,nouns,0.05
818,élève,estudiante,nouns,5.6
819,jus,cuchara,nouns,0.6
820,condition,niño,nouns,0.1
821,sol,puerta,nouns,0.8
822,sécheresse,agua,nouns,1.5
823,incroyable,ordinario,adjectives,0.75
824,supporter,grillo,nouns,0.35
825,officiellement,en tono rimbombante,adverbs,0.55
826,pauvre,orgulloso,adjectives,0.4
827,moissonneuse-batteuse,caña de azúcar,nouns,0.5
828,épicé,débiles,adjectives,0.1
829,vélo,habitación,nouns,0.2
830,ajouter,construir,verbs,1.25
831,acquérir,unirse,verbs,1.0
832,flotter,cantar,verbs,0.1
833,rationaliser,discutir,verbs,2.6
834,brillamment,ligeramente,adverbs,0.3
835,agressif,curvo,adjectives,0.0
836,bonheur,paz,nouns,2.95
837,parent,padre,nouns,4.75
838,trouver,localizar,verbs,5.1
839,mot,literatura,nouns,2.35
840,maison,estado,nouns,0.15
841,argent,efectivo,nouns,4.2
842,droit,colegio,nouns,1.25
843,saleté,barro,nouns,2.85
844,agonie,dolor,nouns,3.05
845,entrant,saliente,adjectives,0.3
846,tête,uña,nouns,0.85
847,chiffre,número,nouns,5.05
848,verre,placa,nouns,0.6
849,boussole,elefante,nouns,0.05
850,bateau,ancla,nouns,1.55
851,mec,niña,nouns,1.65
852,souris,administración,nouns,0.0
853,taille,truco,nouns,0.0
854,merveilleux,encantador,adjectives,3.65
855,pot,botella,nouns,2.7
856,beurre,patata,nouns,1.2
857,paquet,camión,nouns,0.4
858,apporter,enviar,verbs,1.55
859,mépriser,cargar,verbs,1.1
860,inutile,necesario,adjectives,0.95
861,princesse,isla,nouns,0.3
862,triste,gracioso,adjectives,0.65
863,tranchant,aburrido,adjectives,0.05
864,meuble,apartamento,nouns,1.25
865,sentir,apestar,verbs,3.35
866,décomposer,destruir,verbs,3.55
867,abeille,insecto,nouns,3.25
868,farine,pan,nouns,1.85
869,montre,falda,nouns,0.5
870,garder,perder,verbs,0.8
871,cours,estómago,nouns,0.15
872,généralement,sinceramente,adverbs,0.6
873,provenir,descubrir,verbs,0.95
874,balai,polvo,nouns,1.45
875,élève,presidente,nouns,0.7
876,aube,pistola,nouns,0.05
877,gant,pelota,nouns,1.25
878,content,enfadado,adjectives,0.75
879,musique,flauta,nouns,2.2
880,gentiment,generosamente,adverbs,3.0
881,libérer,presionar,verbs,0.3
882,télescope,silla,nouns,0.3
883,arrogant,orgulloso,adjectives,4.05
884,rythme,poema,nouns,1.6
885,garçon,soldado,nouns,1.1
886,médecin,templar,nouns,0.15
887,personnel,íntimo,adjectives,5.15
888,nier,dar,verbs,0.25
889,profondeur,magnitud,nouns,1.45
890,agrume,naranja,nouns,3.7
891,choix,elección,nouns,4.0
892,présence,ganador,nouns,0.45
893,nécessaire,importante,adjectives,4.1
894,pomme,caramelo,nouns,1.15
895,arithmétique,ritmo,nouns,0.55
896,dur,fácil,adjectives,0.8
897,milliardaire,indigente,nouns,0.85
898,gravité,meteorito,nouns,1.4
899,soldat,niño,nouns,1.1
900,veine,brazo,nouns,1.0
901,information,libro,nouns,1.7
902,acquérir,obtener,verbs,5.15
903,abeille,reina,nouns,1.45
904,légal,permitido,adjectives,4.7
905,renommée,riqueza,nouns,2.1
906,fermement,suavemente,adverbs,0.85
907,liberté,oasis,nouns,0.3
908,comparer,analizar,verbs,3.1
909,fureur,enfado,nouns,4.8
910,impatiemment,aproximadamente,adverbs,0.45
911,profession,universidad,nouns,1.1
912,sous-vêtement,cuerpo,nouns,1.15
913,exiger,discutir,verbs,1.25
914,humilier,comodidad,verbs,0.45
915,fille,chico,nouns,1.65
916,bain,globo,nouns,0.15
917,mot-clé,sintaxis,nouns,1.1
918,serviteur,esclavo,nouns,3.55
919,emploi,herramienta,nouns,0.8
920,chapitre,noche,nouns,0.45
921,découvrir,originar,verbs,0.95
922,pomme,dieta,nouns,1.05
923,obéir,castigar,verbs,1.3
924,passivement,silenciosamente,adverbs,1.35
925,précisément,exactamente,adverbs,5.45
926,défendre,matar,verbs,0.85
927,ouragan,tormenta,nouns,3.35
928,tempête,manta,nouns,0.1
929,marine,isla,nouns,0.85
930,fuir,escapar,verbs,5.65
931,persévérance,fuerza,nouns,3.25
932,policier,político,nouns,1.0
933,canon,pelota,nouns,0.65
934,persuader,perseguir,verbs,0.55
935,chagrin,agonía,nouns,3.05
936,apporter,restaurar,verbs,0.15
937,hématologie,patología,nouns,2.15
938,affreux,malo,adjectives,3.6
939,organiser,volverse,verbs,0.25
940,saisir,satisfacer,verbs,0.7
941,confiance,yo,nouns,1.5
942,minuscule,enorme,adjectives,0.95
943,os,tobillo,nouns,1.7
944,apparent,obvio,adjectives,4.15
945,suspecter,arrestar,verbs,1.2
946,économie,ecosistema,nouns,0.95
947,beauté,años,nouns,0.85
948,fragile,frígido,adjectives,0.25
949,dispute,crítica,nouns,2.8
950,vache,cabra,nouns,1.95
951,fou,alegre,adjectives,0.75
952,mal,culpable,adjectives,2.05
953,câble,capilla,nouns,0.05
954,chat,mascota,nouns,3.75
955,rarement,nunca,adverbs,2.65
956,rarement,a menudo,adverbs,1.25
957,portail,puerta,nouns,4.85
958,stupide,listo,adjectives,0.85
959,pâlir,erosionar,verbs,0.8
960,permettre,ir,verbs,0.4
961,salaire,dinero,nouns,4.1
962,étrangement,extraordinariamente,adverbs,2.5
963,population,gente,nouns,4.0
964,réduire,encoger,verbs,4.8
965,tribunal,justicia,nouns,3.15
966,syntaxe,palabra principal,nouns,1.1
967,zinc,oro,nouns,1.95
968,bétail,ternera,nouns,4.0
969,marijuana,hierba,nouns,5.2
970,ignorant,regular,adjectives,0.45
971,systématiquement,normalmente,adverbs,3.7
972,galerie,abogado,nouns,0.15
973,mélanger,combinar,verbs,4.7
974,terrible,malo,adjectives,3.25
975,pistolet,piel,nouns,0.1
976,date,cita,nouns,2.15
977,informe,uniforme,adjectives,0.8
978,étrange,astuto,adjectives,1.05
979,vêtement,armario,nouns,2.15
980,club,sociedad,nouns,3.4
981,pacifiquement,caóticamente,adverbs,0.55
982,animal,persona,nouns,0.95
983,ampoule,ilustración,nouns,0.15
984,chapeau,caja,nouns,0.8
985,maladie,cáncer,nouns,3.55
986,débattre,asistir,verbs,0.65
987,couvrir,enterrar,verbs,3.35
988,maire,presidente,nouns,2.45
989,steak,carne,nouns,4.25
990,heureux,contento,adjectives,4.75
991,pollution,atmósfera,nouns,1.9
992,journaliste,poeta,nouns,1.35
993,jus,manzana,nouns,1.65
994,réfuter,permitir,verbs,0.5
995,devenir,parecer,verbs,1.0
996,équation,fórmula,nouns,4.05
997,long,estrecho,adjectives,1.0
998,atteindre,recibir,verbs,0.3
999,sincèrement,honestamente,adverbs,5.45
1000,journal,palabra,nouns,1.55
1001,imprimer,ignorar,verbs,0.1
1002,bras,vena,nouns,1.0
1003,pont,bote,nouns,1.35
1004,berceau,cama,nouns,3.55
1005,participer,decir,verbs,1.55
1006,sincèrement,generalmente,adverbs,0.6
1007,doucement,firmemente,adverbs,0.85
1008,haut,lado,nouns,1.65
1009,créateur,fabricante,nouns,4.4
1010,canapé,cama,nouns,2.75
1011,remplacer,restaurar,verbs,2.65
1012,nuit,capítulo,nouns,0.45
1013,analyser,evaluar,verbs,4.75
1014,différemment,extrañamente,adverbs,1.65
1015,protéine,asa,nouns,0.25
1016,opposant,adversario,nouns,5.25
1017,génial,malo,adjectives,0.35
1018,recevoir,aceptar,verbs,2.8
1019,côté,parte superior,nouns,1.65
1020,cytoplasme,dígito,nouns,0.0
1021,seconde,minuto,nouns,2.85
1022,bizarre,extraño,adjectives,5.85
1023,mer,océano,nouns,4.5
1024,fier,triste,adjectives,0.7
1025,faire,dejar,verbs,0.9
1026,courbe,ángulo,nouns,2.4
1027,satisfaire,complacer,verbs,4.9
1028,attendre,pausa,verbs,2.9
1029,assistant,profesor,nouns,1.8
1030,conseiller,recomendar,verbs,5.25
1031,gratte-ciel,palacio,nouns,1.3
1032,entropie,información,nouns,1.3
1033,dur,astuto,adjectives,0.5
1034,important,crucial,adjectives,5.05
1035,attaque,herir,verbs,2.55
1036,diviser,añadir,verbs,1.05
1037,moniteur,pantalla,nouns,5.2
1038,père,hombre,nouns,2.65
1039,juger,decidir,verbs,3.5
1040,loucher,deslumbrar,verbs,0.4
1041,se dissiper,desaparecer,verbs,5.4
1042,toit,piso,nouns,1.45
1043,voler,dar,verbs,0.75
1044,pop-corn,cine,nouns,1.95
1045,détériorer,limpiar,verbs,0.4
1046,ongle,cabeza,nouns,0.85
1047,oublier,recordar,verbs,0.8
1048,succès,marco,nouns,0.25
1049,tunnel,camino,nouns,2.25
1050,tasse,tarro,nouns,2.6
1051,monarchie,democracia,nouns,2.0
1052,supplier,pedir prestado,verbs,1.2
1053,significativement,profundamente,adverbs,3.0
1054,adulte,inmaduro,adjectives,0.95
1055,garçon,niño,nouns,4.2
1056,principalement,críticamente,adverbs,0.6
1057,devoir,ensayo,nouns,3.75
1058,moulin,semilla,nouns,1.9
1059,mariée,novio,nouns,3.6
1060,estomac,cuerpo,nouns,2.3
1061,intensité,estrella,nouns,2.0
1062,collecte de fonds,evento,nouns,2.05
1063,société,club,nouns,3.4
1064,mélodie,música,nouns,4.55
1065,garder,dar,verbs,1.3
1066,rejoindre,adjuntar,verbs,2.3
1067,coureur,atleta,nouns,3.55
1068,emprunteur,crédito,nouns,2.2
1069,demander,ignorar,verbs,0.65
1070,simulation,robótica,nouns,1.2
1071,grossièrement,ligeramente,adverbs,0.85
1072,tabouret,silla,nouns,3.7
1073,intuition,sentido,nouns,3.75
1074,jeune,inquieto,adjectives,0.7
1075,légèrement,brillantemente,adverbs,0.3
1076,os,codo,nouns,1.6
1077,vol,crimen,nouns,2.95
1078,blanc,estrecho,adjectives,0.05
1079,clavier,ligero,nouns,0.35
1080,bacon,frijol,nouns,0.8
1081,bain,habitación,nouns,1.1
1082,revenu,impuesto,nouns,1.4
1083,bouton,ropa,nouns,1.8
1084,groupe,espíritu,nouns,0.4
1085,état,casa,nouns,0.15
1086,bible,himno,nouns,0.6
1087,rue,coche,nouns,0.8
1088,éduquer,enseñar,verbs,5.0
1089,revêtement,bicicleta,nouns,0.4
1090,triomphe,victoria,nouns,5.6
1091,expulser,salir,verbs,2.5
1092,orage,huracán,nouns,3.35
1093,adjoint,oficial,nouns,1.9
1094,fondamentalement,necesariamente,adverbs,3.75
1095,entrée,pasillo,nouns,1.2
1096,découvrir,explorar,verbs,3.85
1097,code,símbolo,nouns,2.85
1098,sauce,manzana,nouns,1.05
1099,tiroir,ropa,nouns,1.35
1100,juriste,abogado,nouns,4.5
1101,mouiller,reducir,verbs,0.05
1102,cabine,caja,nouns,1.6
1103,aider,pedir,verbs,0.85
1104,livre,información,nouns,1.7
1105,cuisine,puerta,nouns,0.8
1106,centime,gente,nouns,0.1
1107,paiement,cuota,nouns,3.85
1108,étui,programa informático,nouns,1.25
1109,voiture,carro,nouns,4.6
1110,récif,playa,nouns,2.05
1111,bouilli,cocido,adjectives,4.25
1112,mousse,burbuja,nouns,2.15
1113,droit,curvo,adjectives,0.95
1114,herbe,musgo,nouns,2.45
1115,poursuivre,persuadir,verbs,0.55
1116,courir,montar,verbs,0.95
1117,difficile,fácil,adjectives,0.95
1118,femme,piel,nouns,0.4
1119,assister,ven,verbs,2.7
1120,chimie,teoría,nouns,1.4
1121,agression,hostilidad,nouns,3.4
1122,œil,lágrima,nouns,1.4
1123,ami,huésped,nouns,2.25
1124,heureux,enfadado,adjectives,0.75
1125,tranchant,templado,adjectives,0.95
1126,plage,mar,nouns,3.45
1127,grossier,ruidoso,adjectives,1.3
1128,regarder,observar,verbs,4.95
1129,infirmier,científico,nouns,0.9
1130,principalement,mayormente,adverbs,5.05
1131,travail,tarea,nouns,4.6
1132,fraternité,puerta,nouns,0.2
1133,éviter,rechazar,verbs,2.7
1134,frais,pago,nouns,3.85
1135,concrètement,recientemente,adverbs,0.15
1136,cinquième,parte superior,adjectives,0.2
1137,appartement,casa,nouns,4.05
1138,bateau,árbol,nouns,0.35
1139,carton,papel,nouns,3.8
1140,bras,rama,nouns,1.5
1141,viande,pan,nouns,1.2
1142,union,suma,nouns,3.4
1143,bien,picante,adjectives,0.15
1144,muscle,lengua,nouns,2.7
1145,mec,amigo,nouns,2.25
1146,esprit,cerebro,nouns,3.8
1147,nager,reunirse,verbs,0.3
1148,couple,par,nouns,5.2
1149,cheville,hueso,nouns,1.7
1150,médiocre,malo,adjectives,3.05
1151,chercher,indagar,verbs,3.15
1152,accomplir,ganar,verbs,1.8
1153,devenir,organizar,verbs,0.25
1154,magma,volcán,nouns,2.25
1155,dur,cruel,adjectives,3.6
1156,commande,menú,nouns,1.65
1157,pâturage,prado,nouns,4.55
1158,dent,hueso,nouns,2.3
1159,étrange,raro,adjectives,5.85
1160,croyance,concepto,nouns,2.5
1161,partir,ir,verbs,3.95
1162,gestion,trabajo,nouns,1.8
1163,présence,puerta,nouns,0.45
1164,croître,expandir,verbs,4.7
1165,mutant,sociobiología,nouns,0.45
1166,anarchie,caos,nouns,4.0
1167,homme,padre,nouns,2.65
1168,buisson,flor,nouns,2.45
1169,bol,cola,nouns,0.15
1170,au fond,completamente,adverbs,1.4
1171,mettre,obtener,verbs,0.35
1172,évidemment,aparentemente,adverbs,3.15
1173,pistolet,sargento,nouns,0.85
1174,réveiller,roncar,verbs,0.8
1175,normalement,rutinariamente,adverbs,3.7
1176,haricot,café,nouns,0.45
1177,honteux,suerte,adjectives,0.4
1178,se renseigner,exigir,verbs,1.3
1179,fier,fuerte,adjectives,1.4
1180,sculpture,estatua,nouns,5.25
1181,colline,acantilado,nouns,2.25
1182,histoire,lápiz,nouns,0.6
1183,pied,base,nouns,2.65
1184,fleur,arbusto,nouns,2.45
1185,carte,puente,nouns,0.25
1186,lit,hospital,nouns,1.15
1187,paresseux,precioso,adjectives,0.1
1188,désirer,querer,verbs,5.15
1189,jeu,truco,nouns,2.2
1190,paiement,recompensa,nouns,3.65
1191,humeur,emoción,nouns,3.55
1192,plante,agricultura,nouns,1.3
1193,glace,nieve,nouns,3.7
1194,oublier,aprender,verbs,0.8
1195,télévision,actor,nouns,1.1
1196,perception,visión,nouns,4.75
1197,calendrier,fecha,nouns,2.25
1198,bruine,lluvia,nouns,4.55
1199,homme,sospechar,nouns,0.95
1200,tissu,lino,nouns,3.05
1201,suite,cámara,nouns,0.25
1202,repas,cintura,nouns,0.4
1203,biotope,biología,nouns,1.5
1204,esprit,dios,nouns,2.25
1205,lumière,teclado,nouns,0.35
1206,terminer,graduarse,verbs,2.35
1207,apocalypse,fuego,nouns,1.3
1208,sauver,ahogar,verbs,0.9
1209,banquier,abogado,nouns,1.6
1210,appareil photo,obrero,nouns,0.1
1211,sévèrement,esencialmente,adverbs,0.6
1212,avion,aeropuerto,nouns,2.05
1213,lit,sofá,nouns,2.75
1214,pathogène,germen,nouns,3.35
1215,clairement,seguramente,adverbs,3.25
1216,ouvrier,cámara,nouns,0.1
1217,recevoir,lograr,verbs,0.3
1218,évident,perceptible,adjectives,3.2
1219,acteur,televisión,nouns,1.1
1220,vieux,mezclado,adjectives,0.05
1221,capturer,imitar,verbs,0.45
1222,ciel,sol,nouns,1.7
1223,magnitude,profundidad,nouns,1.45
1224,vampire,murciélago,nouns,2.45
1225,trou,acuerdo,nouns,0.0
1226,se renseigner,pensar,verbs,0.95
1227,mélanger,cocinar,verbs,1.65
1228,inexactement,precisamente,adverbs,0.8
1229,marrant,triste,adjectives,0.65
1230,élastique,flexible,adjectives,4.45
1231,décoration,pared,nouns,1.35
1232,facile,vulnerable,adjectives,1.1
1233,voiture,calibre,nouns,0.55
1234,racisme,xenofobia,nouns,5.0
1235,moteur,pistón,nouns,2.7
1236,indice,palabra,nouns,0.9
1237,bronchite,acetaminofeno,nouns,1.15
1238,dessin,alboroto,nouns,0.2
1239,coûteux,tímido,adjectives,0.3
1240,frais de scolarité,beca,nouns,1.75
1241,inutilisé,nuevo,adjectives,5.1
1242,longévité,flor,nouns,0.25
1243,corruption,fraude,nouns,4.1
1244,décider,retratar,verbs,1.05
1245,fouetter,golpear,verbs,4.75
1246,fonction,compilador,nouns,1.4
1247,atteindre,tener éxito,verbs,4.55
1248,feuille,avión,nouns,0.05
1249,sacre,agua,nouns,0.25
1250,mal,mediocre,adjectives,3.05
1251,presser,lanzar,verbs,0.3
1252,mordre,luchar,verbs,1.2
1253,recevoir,tomar,verbs,2.15
1254,oublier,perdonar,verbs,2.8
1255,injustement,justamente,adverbs,0.85
1256,éléphant,brújula,nouns,0.05
1257,faire,volverse,verbs,0.75
1258,négociation,diplomacia,nouns,3.15
1259,grand,enorme,adjectives,4.8
1260,condensateur,diodo,nouns,2.0
1261,coin,zona,nouns,0.85
1262,marrant,aburrido,adjectives,0.3
1263,criminalité,robo,nouns,2.95
1264,arrière,cola,nouns,2.75
1265,discrètement,obviamente,adverbs,0.75
1266,maison,apartamento,nouns,4.05
1267,impression,creencia,nouns,2.6
1268,philosophe,carreras,nouns,0.3
1269,chaîne,puesta de sol,nouns,0.0
1270,communication,conversacion,nouns,3.8
1271,prendre,obtener,verbs,3.0
1272,eau,sequía,nouns,1.5
1273,grossier,agresivo,adjectives,2.4
1274,rare,tonto,adjectives,0.25
1275,privé,personal,adjectives,4.75
1276,femme,agujero,nouns,0.1
1277,chasser,buscar,verbs,1.85
1278,venir,traer,verbs,0.75
1279,connu,popular,adjectives,4.85
1280,obtenir,perder,verbs,0.8
1281,brut,feo,adjectives,0.85
1282,heureusement,mortal,adverbs,0.35
1283,salade,vinagre,nouns,1.45
1284,devoir,entrar,verbs,0.15
1285,silencieusement,pasivamente,adverbs,1.35
1286,rencontrer,nadar,verbs,0.3
1287,décider,pensar,verbs,2.15
1288,créer,destruir,verbs,0.8
1289,mécaniquement,idealmente,adverbs,0.25
1290,représenter,imitar,verbs,2.15
1291,bétail,yogur,nouns,0.45
1292,frère,alma,nouns,0.45
1293,follement,tristemente,adverbs,0.7
1294,viser,buscar,verbs,2.3
1295,accord,pacto,nouns,5.45
1296,gymnastique,esgrima,nouns,2.55
1297,accepter,estar de acuerdo,verbs,4.0
1298,fait,visión,nouns,0.75
1299,frais,amplio,adjectives,0.15
1300,guide,manual,nouns,5.1
1301,altitude,conversión,nouns,0.55
1302,programme,comida,nouns,0.6
1303,incurvé,agresivo,adjectives,0.0
1304,poule,pájaro,nouns,2.4
1305,constitution,senado,nouns,1.9
1306,ballade,canción,nouns,4.35
1307,nerveux,cierto,adjectives,0.2
1308,sujet,libro,nouns,1.55
1309,cathédrale,techo,nouns,0.45
1310,jauge,coche,nouns,0.55
1311,feuille,árbol,nouns,1.85
1312,sale,barato,adjectives,0.15
1313,sournois,extraño,adjectives,1.05
1314,difficile,denso,adjectives,1.95
1315,entendre,escuchar,verbs,4.9
1316,café,frijol,nouns,0.45
1317,banc,silla,nouns,3.55
1318,feindre,imaginar,verbs,1.45
1319,semis,hoja,nouns,1.45
1320,organiser,recoger,verbs,1.6
1321,voiture,tanque,nouns,1.0
1322,stupide,tonto,adjectives,5.45
1323,gagner,tener éxito,verbs,3.85
1324,lune,planeta,nouns,1.9
1325,peut-être,probable,adverbs,4.7
1326,grain,molino,nouns,1.9
1327,abdomen,vientre,nouns,4.75
1328,armée,armada,nouns,4.2
1329,conquête,batalla,nouns,2.75
1330,centime,esposa,nouns,0.2
1331,uniforme,tejer,nouns,0.2
1332,désespoir,miseria,nouns,3.05
1333,ballon,bañera,nouns,0.15
1334,délicieux,maravilloso,adjectives,3.65
1335,soleil,manzana,nouns,0.55
1336,attraper,perseguir,verbs,1.4
1337,oeuvre,artista,nouns,2.05
1338,modeste,avergonzado,adjectives,0.95
1339,ballon,gente,nouns,0.25
1340,dense,difícil,adjectives,1.95
1341,émotion,pasión,nouns,3.45
1342,emboutir,chocarse,verbs,3.0
1343,sagesse,inteligencia,nouns,4.0
1344,partenaire,chico,nouns,1.45
1345,son,acústica,nouns,4.1
1346,doux,eléctrico,adjectives,0.2
1347,environnement,espada,nouns,0.1
1348,livre,materia,nouns,1.55
1349,frère,hermana,nouns,3.3
1350,définition,diccionario,nouns,2.8
1351,expliquer,aclarar,verbs,5.25
1352,enjoué,encantador,adjectives,1.85
1353,en phase terminale,diferentemente,adverbs,0.0
1354,heureux,joven,adjectives,0.4
1355,intestin,nervio,nouns,1.1
1356,aptitude,fuerza,nouns,3.15
1357,repas,cena,nouns,3.9
1358,pièce,edificio,nouns,1.2
1359,homme,guerrero,nouns,1.6
1360,style,moda,nouns,4.15
1361,équitablement,injustamente,adverbs,0.85
1362,laver,enjuagar,verbs,4.2
1363,lame,hierba,nouns,0.15
1364,queue,capítulo,nouns,0.05
1365,croire,sentir,verbs,2.45
1366,décourager,frustrar,verbs,3.4
1367,arriver,ocurrir,verbs,5.3
1368,garder,conservar,verbs,5.1
1369,actrice,actor,nouns,4.45
1370,grippe,fiebre,nouns,2.7
1371,soi,confianza,nouns,1.5
1372,confession,negación,nouns,1.45
1373,urgence,accidente,nouns,3.1
1374,être d'accord,complacer,verbs,1.7
1375,espace,región,nouns,3.45
1376,rivière,valle,nouns,2.3
1377,pistolet,amanecer,nouns,0.05
1378,coupable,honesto,adjectives,0.65
1379,anniversaire,año,nouns,2.1
1380,deux fois,siempre,adverbs,0.8
1381,cours,universidad,nouns,2.2
1382,bas,lado,nouns,1.7
1383,couvent,ducha,nouns,0.1
1384,poème,ritmo,nouns,1.6
1385,retenir,permanecer,verbs,2.3
1386,rationnel,sobrio,adjectives,1.2
1387,doux,violento,adjectives,0.75
1388,attention,cuidado,nouns,5.35
1389,renier,negar,verbs,1.7
1390,tranchant,suave,adjectives,1.1
1391,vêtement,paño,nouns,2.0
1392,mélanger,sacudir,verbs,3.5
1393,mélanger,montar,verbs,0.4
1394,chanteur,personal,nouns,0.45
1395,arguer,pedir,verbs,1.25
1396,président,alcalde,nouns,2.45
1397,sincèrement,seriamente,adverbs,2.25
1398,chirurgie,corazón,nouns,1.4
1399,étroit,ancho,adjectives,0.65
1400,restaurer,traer,verbs,0.15
1401,confidentiel,abierto,adjectives,0.4
1402,rapidement,urgentemente,adverbs,4.35
1403,faible,poderoso,adjectives,0.85
1404,flore,naturaleza,nouns,3.1
1405,salle de cours,pasillo,nouns,0.75
1406,épée,trono,nouns,0.7
1407,air,helio,nouns,2.05
1408,raquette,pelota,nouns,1.8
1409,alphabet,bolígrafo,nouns,0.95
1410,atome,molécula,nouns,3.25
1411,laisser,deambular,verbs,0.9
1412,engrais,crecimiento,nouns,1.45
1413,campus,universidad,nouns,4.1
1414,névrose,mente,nouns,1.6
1415,rue,callejón,nouns,4.25
1416,papa,madre,nouns,2.65
1417,se produire,suceder,verbs,5.3
1418,herbe,raíz,nouns,1.9
1419,fluide,boquilla,nouns,1.05
1420,organiser,organizar,verbs,4.7
1421,dieu,espíritu,nouns,2.25
1422,cigarette,tabaco,nouns,4.05
1423,condamner,rechazar,verbs,2.95
1424,poignet,brazo,nouns,1.75
1425,rabbin,ministro,nouns,1.35
1426,bras,cuerpo,nouns,1.75
1427,servante,ayudante,nouns,2.5
1428,lanceur,bolos,nouns,1.85
1429,cheval,potro,nouns,3.6
1430,chauffeur,piloto,nouns,4.75
1431,bataille,conquista,nouns,2.75
1432,cinématographie,director,nouns,2.25
1433,enquêter,examinar,verbs,4.1
1434,ministre,rabino,nouns,1.35
1435,porte,piso,nouns,0.8
1436,ouvrier,empleador,nouns,1.55
1437,bon marché,asequible,adjectives,5.15
1438,or,zinc,nouns,1.95
1439,télescope,reunión creativa,nouns,0.05
1440,ballon,cañón,nouns,0.65
1441,canne à sucre,segadora,nouns,0.5
1442,industrie,negocio,nouns,3.0
1443,port,envoltura,nouns,0.5
1444,hurler,gritar,verbs,5.55
1445,mal,horrible,adjectives,3.25
1446,compositeur,escritor,nouns,3.1
1447,dé,cubo,nouns,4.05
1448,bureau,obrero,nouns,0.55
1449,réussir,ganar,verbs,3.85
1450,voiture,calle,nouns,0.8
1451,île,princesa,nouns,0.3
1452,bruit,traqueteo,nouns,3.95
1453,fourrure,pistola,nouns,0.1
1454,sûr,tedioso,adjectives,0.25
1455,esclave,servidor,nouns,3.55
1456,racine,hierba,nouns,1.9
1457,base,ácido,nouns,1.65
1458,communication,televisión,nouns,2.1
1459,autoroute,tarea,nouns,0.1
1460,ressentir,creer,verbs,2.45
1461,cerveau,mente,nouns,3.8
1462,légion,ejército,nouns,3.45
1463,devenir,hacer,verbs,0.75
1464,film,película,nouns,5.75
1465,président,contaminación,nouns,0.5
1466,prier,comunicar,verbs,0.8
1467,acheter,robar,verbs,0.9
1468,faire,ocurrir,verbs,1.2
1469,pièce de monnaie,pago,nouns,2.65
1470,blesser,atacar,verbs,2.55
1471,penser,contemplar,verbs,2.2
1472,pousser,culpar,verbs,0.25
1473,fortuit,no previsible,adjectives,5.7
1474,spécialement,significativamente,adverbs,2.45
1475,mer,playa,nouns,3.45
1476,boire,aumentar,verbs,0.05
1477,plafond,suelo,nouns,1.4
1478,connu,nacional,adjectives,1.0
1479,gâcher,oler,verbs,0.1
1480,compétence,inteligencia,nouns,3.0
1481,clarifier,explicar,verbs,5.25
1482,bizarrement,naturalmente,adverbs,0.8
1483,courroucé,vacilante,adjectives,0.85
1484,mûrement,rectamente,adverbs,1.2
1485,grandement,seriamente,adverbs,1.6
1486,dîner,comida,nouns,3.9
1487,maison,llave,nouns,1.05
1488,certainement,claramente,adverbs,3.25
1489,merveilleux,genial,adjectives,5.0
1490,tranquillement,naturalmente,adverbs,2.05
1491,saluer,realizar,verbs,0.25
1492,style,elegancia,nouns,4.45
1493,salade,dieta,nouns,1.35
1494,n'importe quand,a veces,adverbs,0.75
1495,action,curso,nouns,1.95
1496,aller,permitir,verbs,0.4
1497,rein,órgano,nouns,3.7
1498,personne,animal,nouns,0.95
1499,faute,sistema,nouns,0.3
1500,dire,verificar,verbs,0.9
1501,admettre,negar,verbs,0.9
1502,jour,noche,nouns,1.7
1503,calmement,sutilmente,adverbs,1.7
1504,souris,rata,nouns,4.4
1505,sel,agua,nouns,0.85
1506,incroyable,sucio,adjectives,0.35
1507,ballon,cesta,nouns,0.8
1508,délinquant,criminal,nouns,4.75
1509,jurer,prometer,verbs,5.35
1510,prison,elección,nouns,0.3
1511,criquet,seguidor,nouns,0.35
1512,type,semental,nouns,1.3
1513,lire,comprender,verbs,1.3
1514,manifestement,discretamente,adverbs,0.75
1515,pathologie,hematología,nouns,2.15
1516,copain,acompañante,nouns,4.8
1517,détruire,hacer,verbs,0.8
1518,chèvre,vaca,nouns,1.95
1519,coeur,cirugía,nouns,1.4
1520,oublier,conservar,verbs,0.9
1521,bouger,tejer,verbs,0.3
1522,société,negocio,nouns,2.45
1523,mordre,leer,verbs,0.0
1524,intérêt,atención,nouns,4.2
1525,sac,monedero,nouns,2.2
1526,yaourt,miel,nouns,1.25
1527,maternelle,guardería,nouns,3.4
1528,chaise,cama,nouns,1.75
1529,bain,tronco,nouns,0.0
1530,indépendamment,responsablemente,adverbs,1.0
1531,sauver,gastar,verbs,0.3
1532,alcool,cóctel,nouns,3.05
1533,chaos,anarquía,nouns,4.0
1534,autruche,huerta,nouns,0.25
1535,nuage,tormenta,nouns,1.6
1536,ignorer,pedir,verbs,0.65
1537,session,paciente,nouns,0.45
1538,infection,inflexión,nouns,0.25
1539,recevoir,dar,verbs,0.9
1540,rappeler,vender,verbs,0.2
1541,coton,poliéster,nouns,1.95
1542,intelligent,tonto,adjectives,1.0
1543,attention,interés,nouns,4.2
1544,activité,movimiento,nouns,3.4
1545,agneau,oveja,nouns,4.3
1546,échouer,confiar,verbs,0.3
1547,foule,desfile,nouns,2.45
1548,frère,hijo,nouns,1.65
1549,généreusement,nunca,adverbs,0.05
1550,couloir,clase,nouns,0.75
1551,éroder,permitir,verbs,0.15
1552,stupide,inteligente,adjectives,0.95
1553,grandement,oficialmente,adverbs,0.55
1554,notifier,informar,verbs,5.25
1555,mère,guardián,nouns,1.5
1556,fabricant,creador,nouns,4.4
1557,salle de bain,habitación,nouns,1.9
1558,exactement,precisamente,adverbs,5.45
1559,paire,pareja,nouns,5.2
1560,feu,apocalipsis,nouns,1.3
1561,limité,escaso,adjectives,4.0
1562,terne,agudo,adjectives,0.05
1563,victoire,triunfo,nouns,5.6
1564,vinaigre,ensalada,nouns,1.45
1565,fraternité,hombres,nouns,1.45
1566,rejeter,elegir,verbs,0.75
1567,peuple,globo,nouns,0.25
1568,vol,aviación,nouns,2.5
1569,crèche,preescolar,nouns,3.4
1570,lentille,cámara,nouns,2.45
1571,autrefois,instantáneamente,adverbs,1.1
1572,subtilement,tranquilamente,adverbs,1.7
1573,calendrier,vacaciones,nouns,1.75
1574,perceptible,obvio,adjectives,3.2
1575,suivre,perseguir,verbs,3.2
1576,sujet,hashtag,nouns,2.95
1577,cours,acción,nouns,1.95
1578,roi,princesa,nouns,2.55
1579,facile,flexible,adjectives,1.8
1580,réceptacle,ratón,nouns,0.1
1581,bruyamment,sutilmente,adverbs,0.7
1582,dentiste,ortodoncista,nouns,4.45
1583,honnête,culpable,adjectives,0.65
1584,femme,tarea,nouns,0.15
1585,cinéma,televisión,nouns,2.8
1586,principalement,terminalmente,adverbs,0.2
1587,terne,gracioso,adjectives,0.3
1588,poète,periodista,nouns,1.35
1589,rythme,aritmética,nouns,0.55
1590,miel,lácteos,nouns,1.25
1591,bière,alcohol,nouns,3.1
1592,ski,snowboard,nouns,3.3
1593,bonne,niña,nouns,0.75
1594,tromper,hacer trampas,verbs,3.9
1595,sobre,racional,adjectives,1.2
1596,rassembler,asistir,verbs,0.8
1597,abondance,mucho,nouns,5.4
1598,apprendre,confundir,verbs,0.6
1599,calibre,paraguas,nouns,0.15
1600,combat,beligerancia,nouns,4.0
1601,tempête,nube,nouns,1.6
1602,satire,mito,nouns,2.0
1603,frustrer,desalentar,verbs,3.4
1604,littérature,palabra,nouns,2.35
1605,terrifiant,enojado,adjectives,0.6
1606,gomme,menta,nouns,0.55
1607,sujet,historia,nouns,1.4
1608,coopérer,participar,verbs,3.95
1609,livre,tema,nouns,1.1
1610,esprit,neurosis,nouns,1.6
1611,légende,moral,nouns,1.2
1612,nuit,día,nouns,1.7
1613,père,dios,nouns,2.25
1614,biologie,anatomía,nouns,2.8
1615,rare,exótico,adjectives,4.35
1616,personnel,privado,adjectives,4.75
1617,atteindre,tratar,verbs,1.15
1618,tristement,locamente,adverbs,0.7
1619,récemment,de manera realista,adverbs,0.15
1620,gagner,hacer,verbs,0.55
1621,posséder,tomar,verbs,2.5
1622,taux,valor,nouns,3.35
1623,molécule,átomo,nouns,3.25
1624,sultan,ministerio,nouns,0.7
1625,boîte,fuente,nouns,0.1
1626,carte mère,placa base,nouns,2.85
1627,portable,teléfono,nouns,5.4
1628,frontière,frontera,nouns,5.35
1629,arrêter,conducir,verbs,1.05
1630,pomme de terre,mantequilla,nouns,1.2
1631,décennie,era,nouns,2.85
1632,câliner,abrazo,verbs,5.0
1633,évêque,musulmán,nouns,1.0
1634,flèche,objetivo,nouns,1.9
1635,fenêtre,tobillo,nouns,0.05
1636,registre,accidente,nouns,0.4
1637,puissant,débiles,adjectives,0.85
1638,affaire,empresa,nouns,4.05
1639,rivaliser,terminar,verbs,0.2
1640,joindre,casarse,verbs,3.05
1641,spécial,valioso,adjectives,3.9
1642,dentiste,coronel,nouns,0.4
1643,père,progenitor,nouns,4.75
1644,monstre,demonio,nouns,4.0
1645,acide,base,nouns,1.65
1646,justifier,verificar,verbs,2.3
1647,alimentation,programa,nouns,0.6
1648,flic,copiloto,nouns,0.55
1649,canapé,silla,nouns,3.05
1650,fâché,violento,adjectives,2.05
1651,stupide,denso,adjectives,0.25
1652,avocat,galería,nouns,0.15
1653,éclaboussure,viscosidad,nouns,0.75
1654,officiellement,fuertemente,adverbs,0.2
1655,veste,suéter,nouns,3.15
1656,organiser,exigir,verbs,0.35
1657,humide,pegajoso,adjectives,1.35
1658,flexible,elástico,adjectives,4.45
1659,vague,clima,nouns,0.75
1660,couteau,pistola,nouns,2.3
1661,énorme,tonto,adjectives,0.65
1662,colonel,dentista,nouns,0.4
1663,dîner,comida,nouns,4.3
1664,submerger,ahogar,verbs,2.15
1665,criminel,delincuente,nouns,4.75
1666,garçon,arroz,nouns,0.05
1667,pouce,uña,nouns,2.25
1668,envoyer,traer,verbs,1.55
1669,affamé,cansado,adjectives,1.55
1670,assiette,cuenco,nouns,2.65
1671,localiser,encontrar,verbs,5.1
1672,bois,tronco,nouns,3.75
1673,empereur,gobernador,nouns,3.05
1674,créer,construir,verbs,4.5
1675,centime,ganga,nouns,0.3
1676,coupable,avergonzado,adjectives,2.4
1677,briller,brillar,verbs,4.85
1678,joindre,adquirir,verbs,1.0
1679,probablement,afirmativamente,adverbs,1.15
1680,système,culpa,nouns,0.3
1681,fleur,creencia,nouns,0.05
1682,neige,clima,nouns,1.5
1683,rappeler,olvidar,verbs,0.8
1684,diplomatie,negociación,nouns,3.15
1685,lampe,genio,nouns,1.45
1686,galaxie,aplicación,nouns,0.2
1687,ventre,abdomen,nouns,4.75
1688,légal,seguro,adjectives,1.75
1689,nuage,lago,nouns,0.55
1690,eau,coronación,nouns,0.25
1691,tabac,cigarrillo,nouns,4.05
1692,bruyant,grosero,adjectives,1.3
1693,faux,artificial,adjectives,4.0
1694,nouveau,no usado,adjectives,5.1
1695,chauve-souris,vampiro,nouns,2.45
1696,dieu,padre,nouns,2.25
1697,boeuf,ganado,nouns,4.0
1698,aller,empezar,verbs,0.95
1699,câble,mago,nouns,0.0
1700,se produire,hacer,verbs,1.2
1701,attendre,salir,verbs,0.85
1702,négliger,desconocer,verbs,1.7
1703,défilé,multitud,nouns,2.45
1704,mer,delta,nouns,1.8
1705,champion,ganador,nouns,5.0
1706,éblouir,ojear,verbs,0.4
1707,bon marché,barato,adjectives,5.4
1708,trône,espada,nouns,0.7
1709,lisse,agudo,adjectives,1.1
1710,ananas,teléfono inteligente,nouns,0.0
1711,épouse,madre,nouns,2.7
1712,récemment,últimamente,adverbs,5.25
1713,dinosaure,elefante,nouns,1.3
1714,machine,motor,nouns,3.15
1715,probablement,posiblemente,adverbs,4.7
1716,côte,barco de cañón,nouns,0.55
1717,arrêter,silbar,verbs,0.5
1718,tour,juego,nouns,2.2
1719,article,manuscrito,nouns,2.4
1720,vacances,calendario,nouns,1.75
1721,renard,sabueso,nouns,1.75
1722,fier,arrogante,adjectives,4.05
1723,chenille,gusano de seda,nouns,3.35
1724,secouer,remover,verbs,3.5
1725,anormalement,normalmente,adverbs,0.85
1726,mettre,dar,verbs,1.5
1727,siècle,año,nouns,2.05
1728,circonstance,situación,nouns,5.4
1729,vainqueur,hombre,nouns,1.0
1730,verser,gotear,verbs,1.6
1731,hôpital,cama,nouns,1.15
1732,jouer,lucha,verbs,0.9
1733,ignorer,explorar,verbs,0.4
1734,faux,preciso,adjectives,0.3
1735,trouver,buscar,verbs,2.0
1736,jambe,miembro,nouns,3.65
1737,affiche,papel,nouns,2.65
1738,homme,víctor,nouns,1.0
1739,imiter,capturar,verbs,0.45
1740,manifeste,no revelado,adjectives,0.4
1741,hymne,biblia,nouns,0.6
1742,faire,construir,verbs,3.85
1743,informer,limpiar,verbs,0.1
1744,habit,botón,nouns,1.8
1745,lire,morder,verbs,0.0
1746,étudiant,alumno,nouns,5.6
1747,intelligent,tonto,adjectives,0.95
1748,bétail,vaca,nouns,3.35
1749,langue,garganta,nouns,1.75
1750,impuissant,necesitado,adjectives,1.55
1751,créateur,autor,nouns,5.2
1752,cathédrale,iglesia,nouns,4.55
1753,donner,mantener,verbs,1.3
1754,dinde,pájaro,nouns,3.1
1755,aller,enviar,verbs,0.8
1756,sociobiologie,mutante,nouns,0.45
1757,acétylcholine,iris,nouns,nan
1758,laid,crudo,adjectives,0.85
1759,crucial,importante,adjectives,5.05
1760,blesser,molestar,verbs,1.95
1761,gentiment,amablemente,adverbs,2.85
1762,facile,grande,adjectives,0.2
1763,venir,asistir,verbs,2.7
1764,critiquer,empujar,verbs,0.25
1765,canapé,béisbol,nouns,0.15
1766,passionnant,aburrido,adjectives,0.4
1767,poignet,mano,nouns,2.75
1768,illégal,legal,adjectives,0.75
1769,saisir,esforzarse,verbs,0.75
1770,exiger,reñir,verbs,0.7
1771,rondin,madera,nouns,3.75
1772,paiement,moneda,nouns,2.65
1773,cigare,caja,nouns,1.05
1774,pull-over,chaqueta,nouns,3.15
1775,confondre,aprender,verbs,0.6
1776,penser,preguntar,verbs,0.95
1777,voiture,taxi,nouns,3.9
1778,sauver,destruir,verbs,0.65
1779,débattre,grito,verbs,1.5
1780,sénat,constitución,nouns,1.9
1781,ongle,pulgar,nouns,2.25
1782,week-end,raza,nouns,0.25
1783,aéroport,avión,nouns,2.05
1784,argent,capital,nouns,4.4
1785,accepter,recomendar,verbs,0.9
1786,cerveau,nervio,nouns,1.6
1787,reconnaître,hablar,verbs,0.65
1788,arrêter,advertir,verbs,1.05
1789,posséder,mantener,verbs,2.85
1790,bulbe,flor,nouns,2.15
1791,tristement,emocionalmente,adverbs,2.05
1792,voiture,automóvil,nouns,5.75
1793,être d'accord,discrepar,verbs,1.25
1794,hélium,aire,nouns,2.05
1795,étreindre,abrazar,verbs,5.0
1796,pollution,presidente,nouns,0.5
1797,voler,adquirir,verbs,1.3
1798,demander,mendigar,verbs,3.2
1799,brûler,ahogar,verbs,0.4
1800,porter,tomar,verbs,1.3
1801,course,filósofo,nouns,0.3
1802,croyance,valor,nouns,2.5
1803,assister,reunir,verbs,0.8
1804,tasse,cono,nouns,0.95
1805,douche,monasterio,nouns,0.1
1806,sable,pie,nouns,0.5
1807,fourrure,mujer,nouns,0.4
1808,alcool,banda,nouns,0.4
1809,perdre,obtener,verbs,0.8
1810,arranger,gestionar,verbs,4.7
1811,poitrine,cuerpo,nouns,1.8
1812,jamais,generosamente,adverbs,0.05
1813,ordinaire,extraño,adjectives,0.9
1814,bouche,diente,nouns,2.25
1815,lin,tela,nouns,3.05
1816,maison,alfombra,nouns,0.8
1817,texte,libro,nouns,3.25
1818,invité,amigo,nouns,2.25
1819,uniforme,desformado,adjectives,0.8
1820,homophone,fotófono,nouns,0.65
1821,année,cumpleaños,nouns,2.1
1822,chien,zorro,nouns,1.75
1823,couverture,cama,nouns,1.75
1824,rétrécir,reducir,verbs,4.8
1825,ordinaire,ignorante,adjectives,0.45
1826,discrètement,cortésmente,adverbs,2.1
1827,assister,discutir,verbs,0.65
1828,entreprise,negocio,nouns,4.05
1829,abordable,económico,adjectives,5.4
1830,paille,tarea,nouns,0.05
1831,faisable,imposible,adjectives,0.95
1832,chaise,taburete,nouns,3.7
1833,plage,arrecife,nouns,2.05
1834,divertir,disfrutar,verbs,1.3
1835,auteur,lector,nouns,1.55
1836,ordinaire,frío,adjectives,0.25
1837,nécessiteux,impotente,adjectives,1.55
1838,dangereusement,cuidadosamente,adverbs,0.55
1839,poulet,filete,nouns,2.35
1840,jardin,manguera,nouns,0.8
1841,téléphone,víctima,nouns,0.1
1842,boeuf,carne,nouns,3.75
1843,chambre à coucher,bicicleta,nouns,0.2
1844,porte,presencia,nouns,0.45
1845,vaste,estrecho,adjectives,0.65
1846,intelligence,sabiduría,nouns,4.0
1847,arriver,salir,verbs,0.4
1848,retenir,olvidar,verbs,0.9
1849,activement,felizmente,adverbs,0.3
1850,prévenir,detener,verbs,1.05
1851,responsablement,independientemente,adverbs,1.0
1852,rejeter,condenar,verbs,2.95
1853,application,galaxia,nouns,0.2
1854,bouteille,tarro,nouns,2.7
1855,faire,ganar,verbs,0.55
1856,suspect,hombre,nouns,0.95
1857,chiffre,citoplasma,nouns,0.0
1858,flûte,música,nouns,2.2
1859,populaire,conocido,adjectives,4.85
1860,ronfler,despierto,verbs,0.8
1861,château,pared,nouns,0.95
1862,flexible,suelto,adjectives,1.25
1863,candidature,solicitante,nouns,2.25
1864,porte,bodega,nouns,0.75
1865,prépuce,circuncisión,nouns,2.15
1866,jamais,raramente,adverbs,2.65
1867,cannelle,caramelo,nouns,1.15
1868,bon,conocido,adjectives,0.85
1869,oublier,ignorar,verbs,3.05
1870,poulain,caballo,nouns,3.6
1871,vendre,estar de acuerdo,verbs,0.85
1872,cliquetis,ruido,nouns,3.95
1873,souvent,raramente,adverbs,1.25
1874,usine,coche,nouns,0.75
1875,gros,alto,adjectives,3.25
1876,sembler,pretender,verbs,2.25
1877,normalement,anormalmente,adverbs,0.85
1878,abordable,barato,adjectives,5.15
1879,cesser,empezar,verbs,0.9
1880,attendre,permanecer,verbs,2.6
1881,puéril,tonto,adjectives,2.9
1882,adorer,admirar,verbs,4.2
1883,sans abri,multimillonario,nouns,0.85
1884,porte,fraternidad,nouns,0.2
1885,émotionnellement,tristemente,adverbs,2.05
1886,accuser,juzgar,verbs,3.0
1887,estomac,curso,nouns,0.15
1888,pain,carne,nouns,1.2
1889,cesser,hacer,verbs,0.9
1890,marteau,dientes,nouns,0.05
1891,emprunter,mendigar,verbs,1.2
1892,chercher,cazar,verbs,1.85
1893,papillon,rosa,nouns,0.5
1894,ici,ahora,adverbs,1.9
1895,chargeur,disco,nouns,0.8
1896,envoyer,ir,verbs,0.8
1897,batterie,teatro,nouns,0.15
1898,crédit,prestatario,nouns,2.2
1899,prétendre,parecer,verbs,2.25
1900,disparaître,encoger,verbs,1.1
1901,badge,vaso,nouns,0.6
1902,bateau,cubierta,nouns,1.35
1903,satisfaire,comprender,verbs,0.7
1904,étouffer,respirar,verbs,1.25
1905,société,cultura,nouns,2.55
1906,docteur,médico,nouns,5.55
1907,sérieusement,sinceramente,adverbs,2.25
1908,évaluer,analizar,verbs,4.75
1909,bateau,motor,nouns,1.1
1910,écouter,aprender,verbs,1.7
1911,hashtag,tema,nouns,2.95
1912,paix,soldado,nouns,0.85
1913,accuser,mentir,verbs,0.75
1914,recueillir,sacudir,verbs,0.35
1915,proie,dios,nouns,0.05
1916,lèvre,cadera,nouns,0.8
1917,assister,aparecer,verbs,2.1
1918,long métrage,filme,nouns,5.75
1919,grand,flexible,adjectives,0.15
1920,acoustique,sonido,nouns,4.1
1921,rire,cantar,verbs,1.15
1922,frigide,áspero,adjectives,0.55
1923,créatif,innovador,adjectives,5.05
1924,nuage,neblina,nouns,3.15
1925,ouvrier,oficina,nouns,0.55
1926,pistolet,cuaderno,nouns,0.15
1927,chocolat,tarta,nouns,1.7
1928,étoile,asteroide,nouns,2.95
1929,aller,vender,verbs,0.25
1930,doux,medio,adjectives,1.5
1931,tâche,cañita,nouns,0.05
1932,chanter,flotador,verbs,0.1
1933,différemment,terminalmente,adverbs,0.0
1934,soldat,paz,nouns,0.85
1935,crochet,uniforme,nouns,0.2
1936,panier,pelota,nouns,0.8
1937,roi,nepotismo,nouns,1.95
1938,maïs,maíz,nouns,3.2
1939,danse,vestir,nouns,0.6
1940,homme,tío,nouns,2.45
1941,pluie,llovizna,nouns,4.55
1942,indécis,neutral,adjectives,2.3
1943,mousse,hierba,nouns,2.45
1944,actuellement,delicadamente,adverbs,0.15
1945,gagner,realizar,verbs,1.8
1946,démocratie,monarquía,nouns,2.0
1947,penser,tratar,verbs,0.5
1948,chalet,campamento,nouns,1.15
1949,résultat,nivel,nouns,2.85
1950,imaginer,pretender,verbs,1.45
1951,explorer,descubrir,verbs,3.85
1952,purgatoire,más allá,nouns,2.6
1953,offenser,molestia,verbs,2.1
1954,cockpit,copiloto,nouns,1.25
1955,pierre,madera,nouns,1.35
1956,donner,pedir prestado,verbs,1.4
1957,pauvre,solitario,adjectives,0.65
1958,déchirer,vestir,verbs,0.1
1959,artificiel,0,adjectives,4.0
1960,naturellement,tranquilamente,adverbs,2.05
1961,président,alumno,nouns,0.7
1962,développer,crecer,verbs,4.7
1963,dire,participar,verbs,1.55
1964,pièce,cama,nouns,1.2
1965,passion,emoción,nouns,3.45
1966,gaspiller,preocuparse,verbs,0.2
1967,donner,recibir,verbs,0.9
1968,couloir,corredor,nouns,5.35
1969,gorge,lengua,nouns,1.75
1970,visa,globalismo,nouns,1.0
1971,chercher,deambular,verbs,1.55
1972,moyen,regular,adjectives,3.85
1973,marié,novia,nouns,3.6
1974,complètement,puramente,adverbs,2.75
1975,source,caja,nouns,0.1
1976,queue,posterior,nouns,2.75
1977,procureur,abogado,nouns,2.8
1978,critiquer,observar,verbs,1.8
1979,gagner,merecer,verbs,2.0
1980,légitime,ilegal,adjectives,0.75
1981,aviation,vuelo,nouns,2.5
1982,cogitation,telescopio,nouns,0.05
1983,agresser,agravar,verbs,1.15
1984,baseball,sofá,nouns,0.15
1985,bois,tronco,nouns,3.85
1986,porte-monnaie,bolso,nouns,2.2
1987,polyèdre,actor,nouns,0.0
1988,mot,pista,nouns,0.9
1989,frigide,frágil,adjectives,0.25
1990,auteur,creador,nouns,5.2
1991,écrivain,compositor,nouns,3.1
1992,dent,boca,nouns,2.25
1993,épargne,ahorrador,nouns,2.85
1994,évident,aparente,adjectives,4.15
1995,tâche,mujer,nouns,0.15
1996,lecteur,autor,nouns,1.55
1997,inquiéter,malgastar,verbs,0.2
1998,fête,gente,nouns,1.0
1999,pomme,sol,nouns,0.55
2000,littérature,libro,nouns,2.75
2001,personne,población,nouns,4.0
2002,permettre,dejar,verbs,5.0
2003,sale,pegajoso,adjectives,2.05
2004,marais,lago,nouns,2.9
2005,récit,tema,nouns,1.4
2006,chapelle,cable,nouns,0.05
2007,représenter,pretender,verbs,0.65
2008,détruire,salvar,verbs,0.65
2009,ordinaire,increíble,adjectives,0.75
2010,approximativement,impacientemente,adverbs,0.45
2011,delta,mar,nouns,1.8
2012,cube,juguete,nouns,1.7
2013,accomplir,saludar,verbs,0.25
2014,rester,esperar,verbs,2.6
2015,terminer,captura,verbs,0.4
2016,dieu,presa,nouns,0.05
2017,corps,ropa interior,nouns,1.15
2018,tête,hombro,nouns,2.1
2019,violent,enojado,adjectives,2.05
2020,orange,cítrico,nouns,3.7
2021,rétrécir,crecer,verbs,0.9
2022,curseur,patatas fritas,nouns,0.1
2023,branche,brazo,nouns,1.5
2024,acteur,poliedro,nouns,0.0
2025,plage,isla,nouns,2.25
2026,président,político,nouns,3.05
2027,terminer,competir,verbs,0.2
2028,rendez-vous,compromiso,nouns,3.7
2029,gagnant,campeón,nouns,5.0
2030,enterrer,cubrir,verbs,3.35
2031,émotion,estado animico,nouns,3.55
2032,mécanique,eléctrico,adjectives,1.85
2033,avoine,campo,nouns,1.3
2034,mixte,antiguo,adjectives,0.05
2035,rejoindre,participar,verbs,3.1
2036,hymne,cañita,nouns,0.15
2037,neuropsychologie,parasicología,nouns,1.85
2038,aigle,halcón,nouns,3.15
2039,ami,madre,nouns,1.0
2040,journal,bañera,nouns,0.0
2041,déni,confesión,nouns,1.45
2042,thème,libro,nouns,1.1
2043,déranger,ofender,verbs,2.1
2044,combattre,morder,verbs,1.2
2045,étranger,traductor,nouns,1.05
2046,national,grande,adjectives,0.3
2047,enthousiasmé,asustado,adjectives,1.1
2048,violent,radical,adjectives,2.85
2049,flexible,grande,adjectives,0.15
2050,colère,frustración,nouns,4.1
2051,croissance,fertilizante,nouns,1.45
2052,trouver,desaparecer,verbs,0.35
2053,astéroïde,estrella,nouns,2.95
2054,aller,viajar,verbs,3.5
2055,dollar,millonario,nouns,1.55
2056,véhicule,autobús,nouns,3.25
2057,casser,agrietar,verbs,3.15
2058,petit déjeuner,tocino,nouns,0.95
2059,modeste,puro,adjectives,1.1
2060,couverture,vendaval,nouns,0.1
2061,rétrécir,desaparecer,verbs,1.1
2062,fatigué,hambriento,adjectives,1.55
2063,apparemment,simplemente,adverbs,1.05
2064,soigneusement,peligrosamente,adverbs,0.55
2065,reconnaître,aceptar,verbs,4.95
2066,échec,comprobar,nouns,0.9
2067,cuillère,vaso,nouns,1.55
2068,bol,callejón,nouns,0.0
2069,couverture,madera,nouns,0.2
2070,balle,guante,nouns,1.25
2071,voiture,bote,nouns,1.35
2072,aéroport,pieza,nouns,0.1
2073,ouverture,puerta,nouns,2.75
2074,rationaliser,pensar,verbs,4.0
2075,facile,difícil,adjectives,0.95
2076,attraper,lanzar,verbs,0.4
2077,parfois,uniformemente,adverbs,0.45
2078,preuve,hecho,nouns,3.25
2079,être d'accord,aceptar,verbs,4.0
2080,prairie,pradera,nouns,4.55
2081,donner,permitir,verbs,1.15
2082,faire plaisir,satisfacer,verbs,4.9
2083,porte,portal,nouns,2.75
2084,fils,hermano,nouns,1.65
2085,disparaître,esfumarse,verbs,5.4
2086,médecin,doctor,nouns,5.55
2087,désordonné,limpiar,adjectives,1.2
2088,prévision,nublado,nouns,1.15
2089,allée,sala,nouns,1.2
2090,route,autopista,nouns,4.0
2091,livre,ensayo,nouns,1.4
2092,arbre,hoja,nouns,1.85
2093,viscosité,chapoteo,nouns,0.75
2094,laisser,llegar,verbs,0.4
2095,téléphone,cabina,nouns,1.35
2096,impossible,factible,adjectives,0.95
2097,contraire,otro,adjectives,1.8
2098,noyer,salvar,verbs,0.9
2099,spirituel,incorpóreo,adjectives,3.7
2100,vomir,cerrar,verbs,0.05
2101,veau,toro,nouns,2.7
2102,légion,dignidad,nouns,1.15
2103,fièvre,enfermedad,nouns,2.8
2104,orthodontiste,médico,nouns,2.85
2105,essayer,pensar,verbs,0.5
2106,écosystème,economía,nouns,0.95
2107,occupé,perezoso,adjectives,0.6
2108,belligérance,combate,nouns,4.0
2109,mendier,pedir,verbs,3.2
2110,voiture,puente,nouns,0.4
2111,démon,ángel,nouns,1.55
2112,oncle,hombre,nouns,2.45
2113,gouvernement,lagartija,nouns,0.0
2114,prêtre,dios,nouns,1.85
2115,autre,opuesto,adjectives,1.8
2116,arbre,bote,nouns,0.35
2117,posséder,absorber,verbs,1.0
2118,criminalité,ataque,nouns,2.05
2119,doux,agudo,adjectives,0.95
2120,puer,oler,verbs,3.35
2121,électricité,caso,nouns,0.65
2122,union,combinación,nouns,4.3
2123,incroyablement,herméticamente,adverbs,0.2
2124,croyance,impresión,nouns,2.6
2125,obtenir,tomar,verbs,3.0
2126,développement,recaudación de fondos,nouns,1.35
2127,désavouer,dar,verbs,0.15
2128,froid,ordinario,adjectives,0.25
2129,apprendre,evaluar,verbs,1.1
2130,malhonnête,veraz,adjectives,0.55
2131,menace,peligro,nouns,4.9
2132,dollar,gente,nouns,0.1
2133,tomber,tropezar,verbs,4.2
2134,baignoire,esposa,nouns,0.15
2135,emprunter,vender,verbs,0.8
2136,robe,danza,nouns,0.6
2137,argent,salario,nouns,4.1
2138,football,divertido,nouns,0.95
2139,piston,motor,nouns,2.7
2140,siffler,detener,verbs,0.5
2141,combattre,jugar,verbs,0.9
2142,inclure,implicar,verbs,4.05
2143,traducteur,extranjero,nouns,1.05
2144,parapsychologie,neuropsicología,nouns,1.85
2145,bébé,hija,nouns,2.75
2146,roman,escritor,nouns,1.75
2147,église,catedral,nouns,4.55
2148,menthe,goma,nouns,0.55
2149,dissertation,libro,nouns,1.4
2150,autobus,taxi,nouns,2.55
2151,examen,silaba,nouns,1.05
2152,statistique,tenis,nouns,0.5
2153,laisser,tomar,verbs,1.05
2154,vieux,nuevo,adjectives,0.95
2155,veine,elección,nouns,0.25
2156,fenêtre,nube,nouns,0.75
2157,moelle,sangre,nouns,1.9
2158,joindre,añadir,verbs,3.6
2159,modeste,flexible,adjectives,0.35
2160,idéalement,de modo realista,adverbs,1.25
2161,choix,cárcel,nouns,0.3
2162,gestion,ratón,nouns,0.0
2163,femme,cañita,nouns,0.15
2164,constitution,emperador,nouns,1.2
2165,acheter,obtener,verbs,2.35
2166,perspicacité,hecho,nouns,0.75
2167,regarder,buscar,verbs,3.15
2168,mouton,cordero,nouns,4.3
2169,paille,himno,nouns,0.15
2170,fils,niño,nouns,3.8
2171,ver à soie,oruga,nouns,3.35
2172,mériter,ganar,verbs,2.0
2173,stupide,inteligente,adjectives,1.15
2174,fermement,tranquilamente,adverbs,0.9
2175,pont,ratón,nouns,0.05
2176,ajouter,dividir,verbs,1.05
2177,fier,pobre,adjectives,0.4
2178,chapitre,elección,nouns,0.65
2179,dense,tonto,adjectives,0.25
2180,tombeur,chico,nouns,1.3
2181,rythme,melodía,nouns,3.65
2182,vouloir,desear,verbs,5.15
2183,auberge,motel,nouns,3.8
2184,prendre,entregar,verbs,0.9
2185,ruelle,calle,nouns,4.25
2186,machine,computadora,nouns,4.2
2187,carré,mapa,nouns,0.6
2188,riz,pollo,nouns,0.95
2189,mélanger,disolver,verbs,2.75
2190,fraternité,béisbol,nouns,0.35
2191,difficile,difícil,adjectives,5.5
2192,examiner,investigar,verbs,4.1
2193,appareil photo,lente,nouns,2.45
2194,haricot,tocino,nouns,0.8
2195,stupide,enorme,adjectives,0.65
2196,épisode,capítulo,nouns,4.7
2197,parfois,cuando,adverbs,0.75
2198,envoyer,asistir,verbs,0.6
2199,bras,músculo,nouns,2.0
2200,fille,bebé,nouns,2.75
2201,beau,maravilloso,adjectives,3.8
2202,chaos,clase,nouns,0.25
2203,participer,unirse,verbs,3.1
2204,âme,hermano,nouns,0.45
2205,plage,costa,nouns,3.65
2206,nerf,intestino,nouns,1.1
2207,rassemblement,convocatoria,nouns,4.05
2208,météo,nieve,nouns,1.5
2209,désordonné,feo,adjectives,0.6
2210,réparer,restaurar,verbs,5.2
2211,promouvoir,avanzar,verbs,2.5
2212,bague,compromiso,nouns,2.25
2213,coupable,malo,adjectives,2.05
2214,attacher,separar,verbs,0.8
2215,abeille,hormiga,nouns,1.55
2216,sang,virus,nouns,1.65
2217,sentir,mimar,verbs,0.1
2218,lit,manta,nouns,1.75
2219,bain,truco,nouns,0.0
2220,agriculture,planta,nouns,1.3
2221,récompense,pago,nouns,3.65
2222,motel,posada,nouns,3.8
2223,génial,maravilloso,adjectives,5.0
2224,mélanger,beber,verbs,0.7
2225,têtu,estúpido,adjectives,1.35
2226,nerf,cuerpo,nouns,1.05
2227,se disputer,quejarse,verbs,2.4
2228,théorie,teorema,nouns,4.05
2229,tasse,cuchara,nouns,1.55
2230,honteux,modesto,adjectives,0.95
2231,germe,patógeno,nouns,3.35
2232,électrique,dulce,adjectives,0.2
2233,grossièrement,seguramente,adverbs,1.05
2234,caractère,médico,nouns,0.15
2235,livre,literatura,nouns,2.75
2236,saisir,leer,verbs,1.3
2237,se ruer,darse prisa,verbs,5.5
2238,rare,raro,adjectives,4.0
2239,large,fresco,adjectives,0.15
2240,collecte de fonds,desarrollo,nouns,1.35
2241,parapluie,calibre,nouns,0.15
2242,souris,cubierta,nouns,0.05
2243,doucement,ruidosamente,adverbs,0.6
2244,mer,tsunami,nouns,1.95
2245,estomac,cintura,nouns,0.75
2246,sol,techo,nouns,1.4
2247,tuer,defender,verbs,0.85
2248,évacuer,determinar,verbs,0.55
2249,lit,cuna,nouns,3.55
2250,mentir,negar,verbs,1.85
2251,disparaître,encontrar,verbs,0.35
2252,convaincre,tratar,verbs,1.3
2253,laisser,reunirse,verbs,1.25
2254,queue,acantilado,nouns,0.05
2255,confiserie,manzana,nouns,1.15
2256,réservoir,coche,nouns,1.0
2257,stylo,alfabeto,nouns,0.95
2258,chaise,telescopio,nouns,0.3
2259,connu,bien,adjectives,0.85
2260,campement,cabina,nouns,1.15
2261,insecte,abeja,nouns,3.25
2262,pouffer,reír,verbs,5.5
2263,régulièrement,ocasionalmente,adverbs,2.2
2264,poussière,escoba,nouns,1.45
2265,rester,conservar,verbs,2.3
2266,enjoué,feliz,adjectives,5.1
2267,casque,arma,nouns,1.65
2268,lézard,gobierno,nouns,0.0
2269,rejeter,evitar,verbs,2.7
2270,cancer,enfermedad,nouns,3.55
2271,course,fin de semana,nouns,0.25
2272,feuille,planta de semilla,nouns,1.45
2273,cuit,hervido,adjectives,4.25
2274,typhon,ciclón,nouns,4.8
2275,langue,músculo,nouns,2.7
2276,ennuyeux,cansado,adjectives,1.55
2277,oiseau,pavo,nouns,3.1
2278,couronne,llave,nouns,0.15
2279,fermer,vomitar,verbs,0.05
2280,suffrage,salida,nouns,0.35
2281,comprendre,saber,verbs,3.4
2282,amorphe,informe,adjectives,2.75
2283,prendre,recibir,verbs,2.15
2284,objectif,ganador,nouns,1.0
2285,étroit,blanco,adjectives,0.05
2286,poterie,cerámico,nouns,4.75
2287,conforter,humillar,verbs,0.45
2288,phonologie,pantalla,nouns,0.1
2289,faire,destruir,verbs,0.8
2290,congrès,parlamento,nouns,3.85
2291,appartement,hotel,nouns,1.85
2292,idiot,infantil,adjectives,2.9
2293,basilique,mosaico,nouns,0.6
2294,anatomie,biología,nouns,2.8
2295,soupe,cena,nouns,2.65
2296,poulet,arroz,nouns,0.95
2297,prendre,llevar,verbs,1.3
2298,bateau,coche,nouns,1.35
2299,apprécier,odiar,verbs,0.85
2300,nuage,ventana,nouns,0.75
2301,lit,habitación,nouns,1.2
2302,facile,duro,adjectives,0.8
2303,gagnant,presencia,nouns,0.45
2304,république,duque,nouns,0.4
2305,plaisir,fútbol,nouns,0.95
2306,éventuellement,con optimismo,adverbs,0.9
2307,pousser,tirar,verbs,2.15
2308,accident,catástrofe,nouns,4.1
2309,viande,filete,nouns,4.25
2310,immédiatement,una vez,adverbs,1.1
2311,paragraphe,página,nouns,2.15
2312,récipient,vagón,nouns,0.2
2313,prédire,asumir,verbs,2.85
2314,nature,flora,nouns,3.1
2315,fraude,corrupción,nouns,4.1
2316,impliquer,incluir,verbs,4.05
2317,fleur,resistencia,nouns,0.25
2318,scénariste,televisión,nouns,1.4
2319,hystérie,confusión,nouns,2.0
2320,distance,perspectiva,nouns,2.75
2321,film,nihilismo,nouns,0.25
2322,reconnaître,notificar,verbs,1.15
2323,année,siglo,nouns,2.05
2324,récemment,actualmente,adverbs,3.5
2325,cérémonie,celebracion,nouns,4.7
2326,secousse,terremoto,nouns,4.7
2327,pleinement,básicamente,adverbs,1.4
2328,obtenir,permanecer,verbs,0.2
2329,océan,mar,nouns,4.5
2330,nerveux,asustado,adjectives,1.9
2331,attaque,delito,nouns,2.05
2332,rapide,ágil,adjectives,4.55
2333,molécule,aire,nouns,1.45
2334,île,playa,nouns,2.25
2335,main,muñeca,nouns,2.75
2336,tâche,isla,nouns,0.1
2337,supposer,predecir,verbs,2.88
2338,guitare,trucha,nouns,0.05
2339,capital,dinero,nouns,4.4
2340,plonger,crear,verbs,0.1
2341,désert,duna,nouns,2.9
2342,concours,moneda,nouns,0.8
2343,préjudice,chauvinista,nouns,1.0
2344,ronger,vestir,verbs,0.15
2345,corps,brazo,nouns,1.75
2346,furieux,estupendo,adjectives,0.6
2347,porte,pasillo,nouns,1.3
2348,mouvement,actividad,nouns,3.4
2349,oasis,libertad,nouns,0.3
2350,archer,pionero,nouns,1.5
2351,chaotiquement,pacíficamente,adverbs,0.55
2352,descendre,retirarse,verbs,0.75
2353,battre,azotar,verbs,4.75
2354,chambre,estómago,nouns,0.15
2355,furieux,infeliz,adjectives,2.35
2356,vison,petróleo,nouns,0.15
2357,sergent,pistola,nouns,0.85
2358,innovant,creativo,adjectives,5.05
2359,palais,rascacielos,nouns,1.3
2360,subtilement,ruidosamente,adverbs,0.7
2361,contraire,único,adjectives,0.85
2362,mettre,colgar,verbs,1.5
2363,musulman,obispo,nouns,1.0
2364,type,pareja,nouns,1.45
2365,gagner,dominar,verbs,2.9
2366,cheville,ventana,nouns,0.05
2367,démon,monstruo,nouns,4.0
2368,agressif,grosero,adjectives,2.4
2369,détruire,descomponer,verbs,3.55
2370,garçon,niño,nouns,4.4
2371,nouvelle,medio,nouns,2.75
2372,iris,acetilcolina,nouns,nan
2373,doucement,suavemente,adverbs,2.85
2374,infraction,fraude,nouns,3.75
2375,offenser,insultar,verbs,4.55
2376,appareil photo,continuación,nouns,0.25
2377,bruit,raqueta,nouns,0.3
2378,vache,ganado,nouns,3.35
2379,calme,neutral,adjectives,1.55
2380,hanche,labio,nouns,0.8
2381,riz,frijol,nouns,1.65
2382,ange,demonio,nouns,1.55
2383,trou,esposa,nouns,0.1
2384,escrime,gimnasia,nouns,2.55
2385,devenir,aparecer,verbs,1.15
2386,précieux,perezoso,adjectives,0.1
2387,anniversaire,cumpleaños,nouns,2.15
2388,situation,condición,nouns,4.55
2389,honneur,insignias,nouns,1.15
2390,conquête,himno,nouns,0.55
2391,immédiatement,pronto,adverbs,3.75
2392,miel,azúcar,nouns,2.15
2393,s'arrêter,esperar,verbs,2.9
2394,culture,sociedad,nouns,2.55
2395,citron,té,nouns,1.05
2396,dune,desierto,nouns,2.9
2397,astronomique,masivo,adjectives,2.35
2398,examiner,inspeccionar,verbs,5.35
2399,chasser,seguir,verbs,3.2
2400,se comporter,obedecer,verbs,3.15
2401,concrètement,idealmente,adverbs,1.25
2402,observer,mirar,verbs,4.95
2403,laid,sucio,adjectives,0.6
2404,écran,monitor,nouns,5.2
2405,tirer,empujar,verbs,2.15
2406,merveilleux,hermoso,adjectives,3.8
2407,soleil,cielo,nouns,1.7
2408,pull-over,algodón,nouns,1.25
2409,robotique,simulación,nouns,1.2
2410,taille,magnitud,nouns,4.5
2411,juger,testificar,verbs,1.4
2412,femme,bañera,nouns,0.15
2413,force,resistencia,nouns,3.25
2414,porter,romper,verbs,0.1
2415,frais,antiguo,adjectives,0.15
2416,mal,genial,adjectives,0.35
2417,annoncer,proclamar,verbs,4.9
2418,donner,saber,verbs,0.55
2419,informe,amorfo,adjectives,2.75
2420,vulnérable,fácil,adjectives,1.1
2421,compagnon,compañero,nouns,4.8
2422,tricher,engañar,verbs,3.9
2423,important,necesario,adjectives,4.1
2424,penser,racionalizar,verbs,4.0
2425,inspecter,examinar,verbs,5.35
2426,air,molécula,nouns,1.45
2427,poli,apropiado,adjectives,2.6
2428,bruyamment,suavemente,adverbs,0.6
2429,astuce,bañera,nouns,0.0
2430,mosaïque,basílica,nouns,0.6
2431,vallée,río,nouns,2.3
2432,vitesse,enviar,nouns,0.2
2433,emprunter,desear,verbs,1.0
2434,pacifiquement,tranquilamente,adverbs,4.25
2435,commencer,dejar,verbs,0.9
2436,lézard,cocodrilo,nouns,3.0
2437,falaise,cola,nouns,0.05
2438,rire,reirse,verbs,5.5
2439,athlète,corredor,nouns,3.55
2440,dîner,sopa,nouns,2.65
2441,ignorer,evitar,verbs,3.45
2442,pardonner,olvidar,verbs,2.8
2443,université,campus,nouns,4.1
2444,séparer,adjuntar,verbs,0.8
2445,créer,bucear,verbs,0.1
2446,impôt,ingresos,nouns,1.4
2447,sophistiqué,maduro,adjectives,1.45
2448,frapper,atraer,verbs,0.6
2449,prêter,deber,verbs,0.75
2450,céramique,cerámica,nouns,4.75
2451,verger,avestruz,nouns,0.25
2452,permettre,refutar,verbs,0.5
2453,lit,silla,nouns,1.75
2454,shérif,policía,nouns,3.85
2455,bagage,circunnavegación,nouns,1.05
2456,ministère,sultán,nouns,0.7
2457,taquiner,herir,verbs,1.95
2458,étouffer,quemar,verbs,0.4
2459,négatif,nunca,adjectives,1.6
2460,milk-shake,jugo,nouns,3.0
2461,choix,capítulo,nouns,0.65
2462,profondément,principalmente,adverbs,1.25
2463,rester,obtener,verbs,0.2
2464,marque,club,nouns,0.7
2465,blitz,ataque,nouns,2.85
2466,longévité,banda,nouns,0.15
2467,décider,juzgar,verbs,3.5
2468,balle,raqueta,nouns,1.8
2469,laisser,esperar,verbs,0.85
2470,neige,hielo,nouns,3.7
2471,avalanche,nieve,nouns,2.15
2472,falaise,colina,nouns,2.25
2473,facilement,aproximadamente,adverbs,0.35
2474,accident,emergencia,nouns,3.1
2475,princesse,novia,nouns,1.75
2476,rugueux,frígido,adjectives,0.55
2477,lycée,clase,nouns,2.2
2478,inflexion,infección,nouns,0.25
2479,cuillère,jugo,nouns,0.6
2480,satisfaire,entretener,verbs,1.45
2481,maladie,fiebre,nouns,2.8
2482,avocat,banquero,nouns,1.6
2483,hypothèse,teoría,nouns,4.25
2484,prendre,salir,verbs,1.05
2485,aider,asistir,verbs,4.9
2486,foie,órgano,nouns,2.8
2487,honteux,culpable,adjectives,2.4
2488,instrument,violín,nouns,3.15
2489,offre,contribución,nouns,3.75
2490,boue,suciedad,nouns,2.85
2491,saison,invierno,nouns,3.25
2492,effrayé,emocionado,adjectives,1.1
2493,snowboard,esquí,nouns,3.3
2494,cuisiner,freír,verbs,3.1
2495,sûrement,obviamente,adverbs,3.15
2496,définir,aclarar,verbs,4.0
2497,prendre,poseer,verbs,2.5
2498,galaxie,astrónomo,nouns,1.75
2499,ceinture,lazo,nouns,1.9
2500,aggraver,molestar,verbs,0.75
2501,écran,fonología,nouns,0.1
2502,dissoudre,mezclar,verbs,2.75
2503,choisir,decidir,verbs,4.55
2504,jamais,negativo,adjectives,1.6
2505,père,hijo,nouns,2.15
2506,poulet,cena,nouns,1.65
2507,échouage,habitación,nouns,1.2
2508,thé,limón,nouns,1.05
2509,bocal,vaso,nouns,2.6
2510,train,tranvía,nouns,3.6
2511,journée,mañana,nouns,3.4
2512,fièvre,gripe,nouns,2.7
2513,évaluer,aprender,verbs,1.1
2514,renoncer,reprimir,verbs,1.5
2515,manager,líder,nouns,3.9
2516,cave,puerta,nouns,0.75
2517,révision,pronóstico,nouns,1.15
2518,tremblement de terre,temblor,nouns,4.7
2519,être en désaccord,estar de acuerdo,verbs,1.25
2520,alcool,ginebra,nouns,3.05
2521,solitaire,pobre,adjectives,0.65
2522,taille,estómago,nouns,0.75
2523,orthodontiste,dentista,nouns,4.45
2524,croître,encoger,verbs,0.9
2525,musique,melodía,nouns,4.55
2526,régime,ensalada,nouns,1.35
2527,éclaireur,arquero,nouns,1.5
2528,protéger,cubrir,verbs,4.35
2529,étoile,brillo,nouns,2.0
2530,haïr,despreciar,verbs,4.6
2531,nier,admitir,verbs,0.9
2532,essuyer,deteriorarse,verbs,0.4
2533,action,activo,nouns,3.3
2534,exiger,preguntar,verbs,1.3
2535,cône,vaso,nouns,0.95
2536,éviter,ignorar,verbs,3.45
2537,donner,desconocer,verbs,0.15
2538,nier,mentir,verbs,1.85
2539,épargnant,ahorro,nouns,2.85
2540,xénophobie,racismo,nouns,5.0
2541,lac,pantano,nouns,2.9
2542,manuscrit,artículo,nouns,2.4
2543,muscle,brazo,nouns,2.0
2544,évidemment,aproximadamente,adverbs,0.85
2545,larme,ojo,nouns,1.4
2546,auxiliaire,mucama,nouns,2.5
2547,épaule,cabeza,nouns,2.1
2548,laisser,aparecer,verbs,0.4
2549,herbe,espada,nouns,0.15
2550,porte,cocina,nouns,0.8
2551,marginalement,aproximadamente,adverbs,0.85
2552,croyance,flor,nouns,0.05
2553,persil,mollete,nouns,0.55
2554,passivement,seguramente,adverbs,0.35
2555,radiateur,sensor,nouns,1.1
2556,rat,ratón,nouns,4.4
2557,parler,reconocer,verbs,0.65
2558,femme,pantalones,nouns,0.2
2559,moteur,máquina,nouns,3.15
2560,chevaucher,correr,verbs,0.95
2561,maladie,peligro,nouns,1.1
2562,bois,manta,nouns,0.2
2563,voiture,fábrica,nouns,0.75
2564,chapitre,cola,nouns,0.05
2565,tapis,casa,nouns,0.8
2566,logique,inteligencia,nouns,3.65
2567,fille,niño,nouns,3.2
2568,tennis,estadística,nouns,0.5
2569,érable,árbol,nouns,4.2
2570,alcool,cerveza,nouns,3.1
2571,savoir,dar,verbs,0.55
2572,télévision,comunicación,nouns,2.1
2573,situation,circunstancia,nouns,5.4
2574,brouillard,nube,nouns,2.75
2575,neutre,indeciso,adjectives,2.3
2576,carte graphique,tarjeta madre,nouns,2.85
2577,partir,desalojar,verbs,2.5
2578,pain,harina,nouns,1.85
2579,patient,sesión,nouns,0.45
2580,dîner,pollo,nouns,1.65
2581,somme,unión,nouns,3.4
2582,rondin,madera,nouns,3.85
2583,bonbon,canela,nouns,1.15
2584,apprendre,olvidar,verbs,0.8
2585,tristesse,felicidad,nouns,1.35
2586,côte,litoral,nouns,4.8
2587,sale,estrecho,adjectives,0.1
2588,gros,nacional,adjectives,0.3
2589,se disputer,persuadir,verbs,1.05
2590,électrique,mecánico,adjectives,1.85
2591,irrégulièrement,generalmente,adverbs,1.0
2592,errer,salir,verbs,0.9
2593,taureau,becerro,nouns,2.7
2594,cabine,choza,nouns,1.6
2595,âge,belleza,nouns,0.85
2596,emballage,puerto,nouns,0.5
2597,orteil,dedo,nouns,4.4
2598,rivière,mar,nouns,2.6
2599,hostilité,agresión,nouns,3.4
2600,millionnaire,dólar,nouns,1.55
2601,cours,concurrencia,nouns,0.8
2602,triste,orgulloso,adjectives,0.7
2603,biologie,biotopo,nouns,1.5
2604,matrice,molécula,nouns,0.4
2605,télévision,cine,nouns,2.8
2606,bon marché,sucio,adjectives,0.15
2607,massivement,abiertamente,adverbs,0.7
2608,choisir,elegir,verbs,5.25
2609,disque,ordenador,nouns,1.8
2610,gens,pistola,nouns,0.25
2611,émeute,dibujo,nouns,0.2
2612,côté,fondo,nouns,1.7
2613,supposer,pretender,verbs,2.65
2614,prudemment,cuidadosamente,adverbs,3.9
2615,critique,grosero,adjectives,0.8
2616,plafond,catedral,nouns,0.45
2617,fleur,bulbo,nouns,2.15
2618,intelligence,lógica,nouns,3.65
2619,pied,mano,nouns,1.8
2620,paisiblement,orgullosamente,adverbs,0.55
2621,naturellement,antinaturalmente,adverbs,0.8
2622,sœur,hermano,nouns,3.3
2623,décourager,fallar,verbs,1.45
2624,batterie,energía,nouns,3.55
2625,souvent,a veces,adverbs,2.45
2626,crayon,historia,nouns,0.6
2627,siècle,espíritu,nouns,0.1
2628,intelligence,destreza,nouns,3.0
2629,formule,ecuación,nouns,4.05
2630,flic,sheriff,nouns,3.85
2631,évidemment,seguramente,adverbs,3.15
2632,imiter,retratar,verbs,2.15
2633,heureusement,activamente,adverbs,0.3
2634,se plaindre,discutir,verbs,2.4
2635,probablement,quizás,adverbs,4.6
2636,négativement,antinaturalmente,adverbs,1.65
2637,paille,esposa,nouns,0.15
2638,permettre,aprobar,verbs,3.35
2639,accepter,reconocer,verbs,4.95
2640,essentiel,necesario,adjectives,5.35
2641,défendre,proteger,verbs,5.25
2642,corps,pecho,nouns,1.8
2643,homme,mujer,nouns,2.15
2644,sentiment,intuición,nouns,3.75
2645,écrivain,novela,nouns,1.75
