ID,HEB,YUE,PoS,score
1,גב,身體,nouns,1.13
2,בערך,容易地,adverbs,0.47
3,להבין,讀,verbs,0.87
4,דשן,發展,nouns,0.97
5,חוקה,皇帝,nouns,0.48
6,טוב,聞名,adjectives,0.9
7,בטוח,緊張,adjectives,0.2
8,מיד,不久,adverbs,1.22
9,אלים,被動,adjectives,0.34
10,לסיים לימודים,完成,verbs,1.26
11,אזור,角,nouns,0.7
12,פופקורן,電影,nouns,0.82
13,מדוייק,錯誤,adjectives,0.64
14,סכנה,疾病,nouns,0.96
15,מאמר מערכת,新聞,nouns,2.37
16,עץ,葉,nouns,1.17
17,חסר אונים,脆弱,adjectives,2.6
18,באמת,完美地,adverbs,0.89
19,שטח,區城,nouns,4.44
20,קלף,橋,nouns,0.7
21,מוסכמה,規則,nouns,2.91
22,קערה,碟,nouns,2.58
23,להצליח,節約,verbs,0.5
24,חברותי,友好,adjectives,3.13
25,בזהירות,小心地,adverbs,4.21
26,לשלם,購買,verbs,2.93
27,באולינג,保齡球選手,nouns,2.37
28,להאמין,知道,verbs,0.68
29,לשכנע,拗撬,verbs,1.18
30,לתעב,收費,verbs,0.4
31,קובייה,玩具,nouns,0.84
32,פחמימה,蔗糖,nouns,2.09
33,באופן אחראי,可靠,adverbs,2.9
34,הר געש,岩漿,nouns,1.71
35,איבר,腎,nouns,2.78
36,לאחר מכן,從未,adverbs,0.35
37,לעזוב,到達,verbs,0.45
38,לשלב,聯合,verbs,4.01
39,בבטחה,高高興興地,adverbs,0.61
40,מאוד,明亮地,adverbs,0.65
41,דשא,苔蘚,nouns,2.17
42,במדוייק,精確地,adverbs,4.77
43,לילה,章節,nouns,0.05
44,להקשיב,說話,verbs,0.59
45,דבורה,女王,nouns,0.6
46,לחמניה,公主,nouns,0.0
47,לנער,收集,verbs,0.1
48,כימיה,理論,nouns,0.24
49,בקרוב,立即,adverbs,1.22
50,תפריט,點菜,nouns,1.01
51,מלך,王子,nouns,2.33
52,שריר,舌頭,nouns,0.83
53,עסק,工業,nouns,2.32
54,לקבל,拒絕,verbs,0.89
55,כסף,鑽石,nouns,0.96
56,חצי אי,島,nouns,2.29
57,יקום,天空,nouns,1.99
58,כותנה,冷衫,nouns,0.93
59,מטומטם,巨大,adjectives,0.19
60,משימה,稻草,nouns,0.0
61,מנעול,鎖匙,nouns,1.25
62,בכנות,平時,adverbs,0.28
63,ויזה,全球化,nouns,0.53
64,מוות,葬禮,nouns,2.33
65,דגל,旗幟學,nouns,1.21
66,בשמחה,積極地,adverbs,0.76
67,גוף,肚,nouns,2.13
68,ריקוד,裙,nouns,0.35
69,הרס,建造,nouns,0.64
70,הנהלה,老鼠,nouns,0.04
71,לחקור,檢查,verbs,3.79
72,כדור,大炮,nouns,0.59
73,בכנות,誠實地,adverbs,4.88
74,שמח,嬲,adjectives,0.64
75,לנסוג,離開,verbs,3.7
76,פרפסיכולוגיה,神經心理學,nouns,0.7
77,להגיד,參與,verbs,0.3
78,מעי,神經,nouns,0.43
79,לרדוף,抓住,verbs,1.18
80,להתחיל,起源,verbs,2.44
81,לשוחח,說明,verbs,1.06
82,בייקון,早餐,nouns,0.92
83,להביא,恢復,verbs,0.78
84,נורמלי,奇怪,adjectives,0.59
85,לפעמים,經常,adverbs,2.44
86,להפסיק,做,verbs,0.39
87,לנסות,說服,verbs,0.65
88,עצם,腦,nouns,0.9
89,טייס משנה,座艙,nouns,0.83
90,מיותר,必須,adjectives,0.6
91,לקצור,獲得,verbs,1.78
92,לריב,不同意,verbs,0.75
93,לשקר,假扮,verbs,3.06
94,גב,頸,nouns,1.93
95,סמל,尊嚴,nouns,0.93
96,קומביין,甘蔗,nouns,0.25
97,להאשים,蔑視,verbs,0.4
98,ספה,椅子,nouns,2.69
99,ענק,大,adjectives,3.59
100,גובה,換算,nouns,0.49
101, קפלה,電纜,nouns,0.0
102,בלון,沖涼,nouns,0.05
103,קורבן,電話,nouns,0.2
104,סטטיסטיקה,網球,nouns,0.1
105,מרתף,門,nouns,0.54
106,מפוחד,不肯定,adjectives,0.97
107,לרצות,求情,verbs,0.53
108,לעיתים,經常地,adverbs,0.97
109,למנוע,拒絕,verbs,0.54
110,כלב,狐狸,nouns,1.58
111,לכפול,除,verbs,0.89
112,להתכחש,斷絕父子關係,verbs,2.83
113,לפגוש,離開,verbs,0.35
114,להצטרף,合作,verbs,0.69
115,צנוע,純,adjectives,0.73
116,כבד,肺,nouns,0.97
117,קרטון,紙,nouns,2.52
118,תחזית,雪,nouns,0.72
119,יארד,英寸,nouns,2.69
120,אובך,雲,nouns,2.22
121,הרבה,兩次,adverbs,0.64
122,מרפק,踝,nouns,1.32
123,תרנגולת,鳥,nouns,1.6
124,מצלמה,總統,nouns,0.05
125,לצמוח,增加,verbs,1.06
126,עליון,第五,adjectives,0.34
127,קופסה,帽子,nouns,0.05
128,חשבון,邏輯,nouns,1.92
129,דרך,行動,nouns,1.27
130,בת,父親,nouns,1.02
131,אוכל,程序,nouns,0.25
132,מטבע,付款,nouns,1.18
133,כף,杯子,nouns,1.25
134,צינור,汽車,nouns,0.34
135,פרוזדור,走道,nouns,4.29
136,עבודת יד,傳統,nouns,0.83
137,לדחות,拒絕,verbs,4.46
138,דשא,刀口,nouns,0.25
139,בייסבול,籃球,nouns,1.97
140,מאה,酒,nouns,0.04
141,ליידע,通知,verbs,5.13
142,תזמורת,遊行,nouns,1.18
143,כריך,肉,nouns,0.64
144,שור,馬,nouns,1.76
145,בחירות,選擇,nouns,2.58
146,שנייה,分鐘,nouns,2.74
147,בקלות,舒服地,adverbs,1.26
148,מבוגר,家長,nouns,2.58
149,להניח,掛,verbs,0.96
150,אופניים,皮膚,nouns,0.15
151,גודש,許多,nouns,3.52
152,טוב,辣,adjectives,0.49
153,באופן לא הוגן,公平,adverbs,0.55
154,לעזוב,進入,verbs,0.49
155,מודרני,古老,adjectives,0.59
156,להעיד,判斷,verbs,0.5
157,מספר,數字,nouns,4.6
158,רוח,颮,nouns,2.62
159,סופת שלגים,雨,nouns,1.98
160,מנהיג,經理,nouns,3.1
161,להתווכח,需求,verbs,0.45
162,אצטילכולין,鳶尾花,nouns,0.3
163,לפספס,打中,verbs,0.55
164,בטן,身體,nouns,2.13
165,להסתכל,搜索,verbs,1.27
166,מלך,統治者,nouns,4.33
167,פרק,尾巴,nouns,0.24
168,להטריח,加劇,verbs,0.1
169,דלת,走廊,nouns,0.88
170,לברר,需要,verbs,0.6
171,חתול,寵物,nouns,2.71
172,לעזוב,參加,verbs,0.5
173,המטולוגיה,病理學,nouns,2.42
174,באלגנטיות,美麗地,adverbs,2.92
175,תפוד,牛油,nouns,0.55
176,אטום,分子,nouns,2.44
177,סל,球,nouns,0.59
178,סאטירה,神話,nouns,0.83
179,להפריד,連接,verbs,0.5
180,באופן לא טבעי,負面地,adverbs,0.86
181,שגוי,精確,adjectives,0.64
182,מעונן,預測,nouns,0.74
183,בוודאי,看來,adverbs,0.97
184,לעולם לא,稍後,adverbs,0.35
185,להחמיר,打稿,verbs,0.1
186,גניבה,犯罪,nouns,2.88
187,מתנגד,對手,nouns,4.73
188,גיבורה,英雄,nouns,3.8
189,מס,收入,nouns,0.78
190,לבדר,享受,verbs,1.4
191,לחבר,分離,verbs,0.5
192,לבנות,毀滅,verbs,0.72
193,מלוכלך,狹窄,adjectives,0.0
194,לבחוש,混合,verbs,4.88
195,מידע,報紙,nouns,2.07
196,משעמם,沉悶,adjectives,2.36
197,פסנתר,和聲,nouns,0.82
198,בלבול,歇斯底里,nouns,1.78
199,להגיד,提醒,verbs,2.03
200,תפוח,糖果,nouns,0.69
201,ישן,雜,adjectives,0.14
202,נהג,飛行員,nouns,3.06
203,וויסקי,香檳,nouns,3.01
204,שועל,獵狗,nouns,1.58
205,ארנק,袋,nouns,2.72
206,וויסקי,杜松子酒,nouns,3.42
207,להבהיל,困擾,verbs,0.34
208,דם,病毒,nouns,0.83
209,לעודד,使氣餒,verbs,0.5
210,מוט,旗,nouns,1.11
211,באופן פסיבי,靜靜地,adverbs,0.87
212,אסטרונום,星系,nouns,1.84
213,אשראי,借款人,nouns,0.89
214,מיכל,老鼠,nouns,0.0
215,גלקסיה,天文學家,nouns,1.84
216,עליז,開心,adjectives,5.24
217,פיקח,狡猾,adjectives,2.72
218,קצב,算術,nouns,0.1
219,זרוע,骨頭,nouns,0.83
220,ים,海嘯,nouns,1.52
221,דבש,糖,nouns,2.13
222,אפס,無窮,nouns,0.82
223,משוואה,公式,nouns,4.13
224,עורך דין,畫廊,nouns,0.0
225,ליצור,毀滅,verbs,0.64
226,קשב,興趣,nouns,1.6
227,להנמיך,减少,verbs,3.67
228,משימה,工作,nouns,3.49
229,זועם,猶豫,adjectives,0.73
230,ברנדי,紅酒,nouns,2.74
231,לשנוא,喜愛,verbs,0.29
232,אנרכיה,混亂,nouns,3.84
233,רענן,最近,adjectives,2.75
234,למצוא,逃逸,verbs,0.4
235,בקר,肉,nouns,2.88
236,לשכוח,無視,verbs,1.93
237,אנרגיה,電池,nouns,2.28
238,מנהלה,行政管理,nouns,2.79
239,מיתוס,諷刺,nouns,0.83
240,צורה,時裝,nouns,0.35
241,חימום מראש,再熱,nouns,2.48
242,וירוס,血液,nouns,0.83
243,ברנדי,酒,nouns,3.07
244,ליפול,絆倒,verbs,4.29
245,תובנה,智力,nouns,2.42
246,למכור,走,verbs,0.1
247,עוצמתי,強大,adjectives,5.33
248,מעצר,單身牢房,nouns,1.35
249,משעמם,好笑,adjectives,0.49
250,הון,錢,nouns,4.07
251,לפעמים,肯定地,adverbs,0.05
252,דומה,相像,adjectives,3.54
253,רעיה,稻草,nouns,0.1
254,להסית,傾向,verbs,3.53
255,תחתית,上面,nouns,0.5
256,רע,不道德,adjectives,1.56
257,עיירה,城市,nouns,3.38
258,רחב,大,adjectives,2.56
259,מבולגן,清潔,adjectives,0.54
260,פרח,灌木,nouns,2.11
261,התזה,粘性,nouns,0.25
262,לבזבז,擔心,verbs,0.1
263,פרלמנט,國會,nouns,3.68
264,טיפשי,輕信,adjectives,1.6
265,זכות בחירה,出口,nouns,0.04
266,ברזל,維他命,nouns,0.98
267,לעצור,警告,verbs,0.54
268,לצלול,創建,verbs,0.15
269,להתחיל,戒除,verbs,0.55
270,שריר,骨頭,nouns,0.68
271,באופן אידיאלי,機械地,adverbs,0.33
272,פגישה,病人,nouns,0.87
273,אף,頭,nouns,0.79
274,מונית,的士,nouns,5.7
275,לקחת,擁有,verbs,2.31
276,סרט,劇院,nouns,1.99
277,לא סביר,友好,adverbs,0.0
278,עסוק,懶,adjectives,0.49
279,לשחוק,允許,verbs,0.05
280,לפצל,分離,verbs,2.37
281,כפל,除法,nouns,1.9
282,ג'ויסטיק,雷達,nouns,0.19
283,לתת,允許,verbs,2.72
284,הדיינות,外交,nouns,2.04
285,שמלה,舞蹈,nouns,0.35
286,נוח,脆弱,adjectives,0.28
287,מנהל,領導,nouns,3.1
288,התעמלות,擊劍,nouns,0.93
289,ערפל,雨,nouns,1.22
290,חבר,傢伙,nouns,1.35
291,רטוב,黏,adjectives,1.33
292,מעוקל,直,adjectives,0.64
293,מיידית,一次,adverbs,0.29
294,ישר,彎曲,adjectives,0.64
295,להעניש,服從,verbs,0.54
296,מזל,幸福,nouns,1.01
297,זרבובית,流體,nouns,0.58
298,הכנסה,税,nouns,0.78
299,מטחנה,種子,nouns,0.58
300,מאמנים,獎章,nouns,0.55
301,לתקוף,加劇,verbs,0.49
302,בטיחות,安慰,nouns,0.45
303,אוויר,分子,nouns,1.12
304,מנורה,精靈,nouns,0.54
305,להיכשל,依靠,verbs,0.24
306,אמיתי,假,adjectives,0.64
307,למכור,借,verbs,0.74
308,אב,哥哥,nouns,1.68
309,נקי,整齊,adjectives,3.78
310,דגל,杆,nouns,1.11
311,להתעורר,打鼻鼾,verbs,0.45
312,אולם,走道,nouns,0.6
313,פירוק,因式分解,nouns,3.69
314,מצלמה,工作者,nouns,0.28
315,קרסול,肘,nouns,1.32
316,מכונית,單車,nouns,1.68
317,להשיג,嘗試,verbs,0.63
318,בחירה,章,nouns,0.15
319,אמבטיה,原木,nouns,0.1
320,למצוא,消失,verbs,0.5
321,אחרי,之前,adverbs,0.55
322,בגדים,抽屜,nouns,0.78
323,באמת,重要地,adverbs,0.53
324,מורה,學生,nouns,1.21
325,כלי,小提琴,nouns,1.65
326,לבנות,做,verbs,2.84
327,לערבב,煮,verbs,0.88
328,אבא,女兒,nouns,1.02
329,למשוך,打,verbs,0.45
330,לחוב,借,verbs,1.07
331,נפוטיזם,國王,nouns,0.65
332,להינות,討厭,verbs,0.29
333,הערה,付款,nouns,0.28
334,לסרב,謝絕,verbs,4.46
335,זמר,演員,nouns,2.04
336,לדעת,明白,verbs,3.11
337,לדרוש,查詢,verbs,0.6
338,לימון,蘋果,nouns,1.37
339,קל,生硬,adjectives,0.4
340,לבחור,拒絕,verbs,0.1
341,קופסה,資源,nouns,0.04
342,ללחוש,說話,verbs,1.69
343,אדם חסכן,存款,nouns,1.1
344,בקבוק,廣口瓶,nouns,3.13
345,בניין,房間,nouns,0.83
346,חוף,沙灘,nouns,2.77
347,להשאיל,保持,verbs,0.55
348,שר,拉比,nouns,0.55
349,זכוכית,水晶,nouns,2.62
350,זיהום,詞性變化,nouns,0.14
351,מכונית,胎壓計,nouns,0.4
352,רפובליקה,公爵,nouns,0.63
353,חתיך,傢伙,nouns,2.3
354,להדפיס,無視,verbs,0.1
355,שיעורי בית,文章,nouns,1.71
356,בטוח,合法,adjectives,0.86
357,מיטת תינוק,幼兒床,nouns,4.15
358,חוק,慣例,nouns,2.91
359,קיר,裝飾,nouns,0.53
360,דגנים,小麥,nouns,3.04
361,גבול,分界線,nouns,4.01
362,חליפין,貨幣,nouns,0.97
363,להחזיר,帶來,verbs,0.78
364,ירח,行星,nouns,2.32
365,פחמן,原子,nouns,1.54
366,לעזוב,出現,verbs,0.34
367,כבל,教堂,nouns,0.0
368,ילד,兒子,nouns,3.17
369,חצוף,批評,adjectives,0.82
370,הפוך,其他,adjectives,0.39
371,מכללה,級數,nouns,0.74
372,להתכנס,出席,verbs,1.07
373,לכתוב,匆匆地寫,verbs,3.27
374,נוכחות,優勝者,nouns,0.04
375,שיח,花,nouns,2.11
376,תא,電話,nouns,0.3
377,דיסק,充電器,nouns,0.15
378,נדיר,笨,adjectives,0.24
379,לחשוב,嘗試,verbs,0.61
380,לקנות,得到,verbs,0.6
381,להגיע,出現,verbs,3.68
382,מכונית,貨車,nouns,2.63
383,לדאוג,浪費,verbs,0.1
384,איבר,肝臟,nouns,2.17
385,עצב,身體,nouns,0.78
386,אשמה,系統,nouns,0.24
387,מועמד,獲勝者,nouns,1.01
388,ליצור,毀滅,verbs,0.55
389,מאה,十年,nouns,1.35
390,שסתום,發動機,nouns,1.21
391,דוקטור,脾氣,nouns,0.18
392,כן,內疚,adjectives,0.43
393,עצם,手臂,nouns,0.83
394,מהומה,畫畫,nouns,0.15
395,אנשים,派對,nouns,1.11
396,אצבע,手掌,nouns,1.63
397,להנות,娛樂,verbs,1.4
398,בהירות,星,nouns,1.97
399,סמטה,碗,nouns,0.0
400,טייס,司機,nouns,3.06
401,יכולת,才能,nouns,4.05
402,דיפלומטיה,談判,nouns,2.04
403,שלפוחית,插圖,nouns,0.04
404,להזכיר,忘記,verbs,0.55
405,דם,身體,nouns,0.92
406,מכונית,喇叭,nouns,0.74
407,לרדוף,調查,verbs,1.1
408,ללמד,懲罰,verbs,0.72
409,כעס,狂怒,nouns,4.59
410,להתכווץ,成長,verbs,0.65
411,משעמם,刺激,adjectives,0.63
412,הזיה,現實,nouns,1.02
413,שדה,燕麥,nouns,1.31
414,חד,鈍,adjectives,0.89
415,לשרבט,寫,verbs,3.27
416,מונוקלטורה,農業,nouns,1.46
417,לטפס,遠足,verbs,1.26
418,קשיח,堅硬,adjectives,3.82
419,ורד,蝴蝶,nouns,0.29
420,משמעותי,次要,adjectives,0.58
421,כובע,盒子,nouns,0.05
422,בחשיבות,認真地,adverbs,2.94
423,טיפשי,笨,adjectives,4.62
424,להסכים,拗撬,verbs,0.45
425,לאחד,劃分,verbs,0.5
426,מצביע,幻灯片,nouns,0.34
427,פירוק לגורמים,分解,nouns,3.69
428,בעיקר,深深地,adverbs,0.91
429,פסל,大廈,nouns,0.25
430,מערכת,故障,nouns,0.24
431,בקר,乳酪,nouns,0.68
432,משחק,戲法,nouns,0.93
433,גן חובה,幼兒,nouns,1.83
434,מזג אוויר,波浪,nouns,0.34
435,גברים,兄弟會,nouns,1.5
436,אלומיניום,金屬,nouns,2.19
437,לדכא,鼓勵,verbs,0.5
438,סוס,小馬,nouns,2.83
439,כרגע,微妙地,adverbs,0.18
440,לאמוד,學習,verbs,0.34
441,חבר,朋友,nouns,4.38
442,שיר,演員,nouns,0.4
443,ספרות,書,nouns,2.45
444,מגירה,衣服,nouns,0.78
445,לקלקל,聞,verbs,0.05
446,להימלט,逃走,verbs,5.23
447,נייר,硬紙板,nouns,2.52
448,הסכמה,爭論,nouns,0.59
449,תרבות,社會,nouns,1.17
450,מוזר,怪異,adjectives,4.32
451,למות,埋葬,verbs,1.1
452,בלתי אפשרי,可行,adjectives,0.59
453,קולנוע,歌劇,nouns,2.37
454,קפלה,尖頂,nouns,1.32
455,כבידה,流星,nouns,0.78
456,דרום,北,nouns,1.39
457,רחב,狹窄,adjectives,0.64
458,לעקוב,追逐,verbs,2.23
459,באופן מסוכן,小心地,adverbs,0.54
460,פעמיים,總是,adverbs,0.58
461,קרדיגן,衫,nouns,2.46
462,עין,眉頭,nouns,0.88
463,בית,公寓,nouns,4.29
464,צר,髒,adjectives,0.0
465,אחרת,奇怪地,adverbs,0.24
466,ערך,信念,nouns,2.78
467,רופא,正牙醫生,nouns,4.97
468,גבר,武士,nouns,1.4
469,להתפורר,死,verbs,0.3
470,לצבוט,用拳猛擊,verbs,0.57
471,פעילות,運動,nouns,2.32
472,חדשני,有創意,adjectives,3.88
473,מנוע,引擎,nouns,5.28
474,לנתח,比較,verbs,2.68
475,תא הטייס,副駕駛,nouns,0.83
476,גבר,哨兵,nouns,0.8
477,ציקלון,颱風,nouns,3.75
478,תיבה,電,nouns,0.2
479,להשוות,分析,verbs,2.68
480,פשוט,看來,adverbs,0.71
481,אווירונאוטיקה,航空電子學,nouns,2.68
482,ליקר,紅酒,nouns,2.54
483,תזמורת,樂隊,nouns,3.72
484,קריקט,支持者,nouns,0.34
485,שרפרף,椅子,nouns,3.83
486,באופן אחיד,有時,adverbs,0.29
487,רציונלי,清醒,adjectives,2.22
488,אמן,藝術品,nouns,1.16
489,זכות,正義,nouns,0.78
490,קשת,探路者,nouns,0.15
491,אבא,兒子,nouns,2.0
492,להחזיק,攞,verbs,2.31
493,לבנים,身體,nouns,0.56
494,שמח,瘋狂,adjectives,0.78
495,לתת,斷絕父子關係,verbs,0.49
496,לשמור,防御,verbs,3.83
497,כוס,匙羹,nouns,1.25
498,להצטרף,獲得,verbs,0.15
499,כיתה,走廊,nouns,0.45
500,אדום,藍色,adjectives,0.84
501,לחשוד,逮捕,verbs,0.58
502,ביושר,真誠地,adverbs,4.88
503,טלפון סללורי,菠蘿,nouns,0.0
504,תחפושת,球,nouns,0.24
505,פרדס,鴕鳥,nouns,0.1
506,להתגבר,統治,verbs,0.4
507,צר,白色,adjectives,0.0
508,טיפש,頑固,adjectives,0.63
509,לילה,黎明,nouns,0.97
510,להמליץ,接受,verbs,0.55
511,גודל,一分錢,nouns,0.15
512,לקבל,發送,verbs,0.49
513,אוטובוס,車輛,nouns,2.04
514,לטייל,走,verbs,1.6
515,בלתי נסלח,婚外,adjectives,0.33
516,ליצור,建立,verbs,3.96
517,לסיים,競爭,verbs,0.19
518,להקטין,限制,verbs,1.21
519,עריסה,床,nouns,3.53
520,להרוס,創建,verbs,0.55
521,שוטר,警長,nouns,4.07
522,להזדרז,趕,verbs,4.88
523,אל,父親,nouns,0.29
524,קל,困難,adjectives,0.66
525,למכור,提醒,verbs,0.0
526,לספוג,學習,verbs,2.44
527,זרע,磨坊,nouns,0.58
528,כתף,手臂,nouns,1.81
529,ארוע,募捐活動,nouns,0.93
530,לשיר,浮動,verbs,0.2
531,להימנע,唔睬,verbs,1.4
532,חולי,傳染病,nouns,2.69
533,רכב,巴士,nouns,2.04
534,קערה,尾巴,nouns,0.0
535,ילד,男孩子,nouns,3.08
536,חול,腳,nouns,0.29
537,טייפון,氣旋,nouns,3.75
538,נושא,書,nouns,0.54
539,עובד,相機,nouns,0.28
540,כלב,馬,nouns,1.38
541,סירה,樹,nouns,0.6
542,פרצטמול,支氣管炎,nouns,0.65
543,שלג,雪崩,nouns,2.13
544,ערמומי,靠不住的,adjectives,2.32
545,שיר,歌謠,nouns,4.18
546,בצדקנות,成熟地,adverbs,0.39
547,ללמוד,迷惑,verbs,0.3
548,פשע,盜竊,nouns,2.88
549,בגאווה,和平地,adverbs,0.38
550,פרוזדור,課堂,nouns,0.45
551,לבכות,大笑,verbs,0.49
552,אדם,動物,nouns,0.88
553,תובע,律師,nouns,3.02
554,בוגר,未成熟的,adjectives,0.55
555,לצחוק,傻笑,verbs,3.93
556,דקה,秒,nouns,2.74
557,בר מזל,慚愧,adjectives,0.1
558,לאסוף,搖動,verbs,0.1
559,מלך,公主,nouns,2.04
560,בנקאי,律師,nouns,1.46
561,לבשל,炒,verbs,1.46
562,קפה,豆,nouns,0.97
563,סוכרוז,醣類,nouns,2.09
564,לארגן,成為,verbs,0.64
565,אריג,衣服,nouns,2.24
566,חלון,雲,nouns,0.3
567,נשמה,兄弟,nouns,0.1
568,באופן חריג,一般,adverbs,0.45
569,ראש,首領,nouns,3.46
570,להכחיש,接受,verbs,0.7
571,להחליט,描繪,verbs,0.2
572,שחקנית,演員,nouns,3.47
573,להיווצר,開始,verbs,2.44
574,רציני,有趣,adjectives,0.54
575,צינור,花園,nouns,0.65
576,רחוב,小巷,nouns,3.3
577,חייל,和平,nouns,0.45
578,חרות,自由,nouns,5.17
579,לקבל,原諒,verbs,1.07
580,להגיע,發送,verbs,0.54
581,באופן לא מדויק,精確地,adverbs,0.55
582,אופרה,電影,nouns,2.37
583,בשר,牛肉,nouns,2.88
584,אמבטיה,房間,nouns,0.93
585,חסר צורה,制服,adjectives,0.1
586,בעצם,關鍵地,adverbs,0.28
587,יקר,害羞,adjectives,0.05
588,מכוסה,沒有冚住的,adjectives,0.55
589,עוינות,侵略,nouns,3.88
590,שחקן,歌手,nouns,2.04
591,לדחות,避免,verbs,0.54
592,נשיא,小學生,nouns,0.24
593,רגיל,難以置信,adjectives,0.4
594,אמון,態度,nouns,0.76
595,האבקה,蕊,nouns,1.46
596,מצחיק,傷心,adjectives,0.55
597,סופני,主要,adverbs,0.04
598,מייפל,橡木,nouns,2.5
599,חדר שינה,肚,nouns,0.1
600,קש,任務,nouns,0.0
601,עצמי,自信,nouns,0.67
602,כועס,開心,adjectives,0.64
603,גדה,海滨,nouns,2.77
604,ברך,骨頭,nouns,1.21
605,שקרן,真實,adjectives,0.55
606,מזוייף,真實,adjectives,0.64
607,איריס,乙酰膽鹼,nouns,0.3
608,מורה,幫手,nouns,1.03
609,להזכיר,賣,verbs,0.0
610,למשוך,推,verbs,0.64
611,גוף,脊柱,nouns,1.13
612,קסדה,武器,nouns,1.57
613,בחשאי,明顯地,adverbs,0.15
614,להתפעל,崇拜,verbs,4.27
615,גיטרה,小提琴,nouns,2.27
616,כינור,吉他,nouns,2.27
617,לדמיין,創建,verbs,0.89
618,בנחישות,冷靜地,adverbs,0.56
619,בדרך כלל,常規地,adverbs,4.01
620,סעודה,湯,nouns,1.49
621,להצדיק,拗撬,verbs,0.88
622,להתנגש,碰撞,verbs,4.14
623,עלה,樹,nouns,1.17
624,סוס,牛,nouns,1.76
625,עולם,地球,nouns,3.94
626,נוקשה,簡單,adjectives,0.4
627,לדחות,退出,verbs,0.29
628,ג'ינס,女人,nouns,0.39
629,קומה,屋頂,nouns,0.83
630,חרב,環境,nouns,0.0
631,להכות,瞄准,verbs,0.8
632,בעצב,感情上,adverbs,0.77
633,לנשל,給,verbs,0.49
634,לא חוקי,合法,adjectives,0.59
635,זריז,快,adjectives,5.18
636,גשם,暴風雪,nouns,1.98
637,לעצור,控制,verbs,0.57
638,דלת,廚房,nouns,0.63
639,סערה,颶風,nouns,3.44
640,נמלה,蜜蜂,nouns,1.62
641,חיל הים,島,nouns,0.2
642,תינוקת,女兒,nouns,2.56
643,ספר,主題,nouns,0.72
644,לעזוב,無視,verbs,0.58
645,לנשל,聲明放棄,verbs,2.83
646,להיפגש,打招呼,verbs,0.81
647,מנצח,候選人,nouns,1.01
648,להבין,知道,verbs,3.11
649,להבין,原諒,verbs,0.78
650,ביולוג,顯微鏡,nouns,0.92
651,בשר,麵包,nouns,0.63
652,כסף,工資,nouns,3.75
653,לנצח,統治,verbs,1.22
654,קערה,小巷,nouns,0.0
655,אי,海軍,nouns,0.2
656,גדר,跳躍,nouns,0.35
657,בגדים,衣櫃,nouns,0.96
658,בקול רם,微妙地,adverbs,0.24
659,מטען,磁盤,nouns,0.15
660,דבורה,螞蟻,nouns,1.62
661,בטן,靜脈,nouns,0.54
662,חדשות,媒介,nouns,2.91
663,מנצח,目標,nouns,0.68
664,להלוות,欠,verbs,1.07
665,חופשי,無辜,adjectives,0.1
666,בחוכמה,成熟,adverbs,0.73
667,שפה,溝通,nouns,1.63
668,תחליף,交換,nouns,3.94
669,רחב,窄小,adjectives,0.59
670,שיחה,溝通,nouns,2.55
671,לדחות,選舉,verbs,0.1
672,מלחין,作家,nouns,2.13
673,לחם,芝士,nouns,0.83
674,אחוה,男人,nouns,1.5
675,תנור חימום,遮,nouns,0.6
676,ביישן,害怕,adjectives,2.13
677,לפני,之後,adverbs,0.55
678,אלוף,優勝者,nouns,3.98
679,עור,自行車,nouns,0.15
680,גבר,丈夫,nouns,2.58
681,בבהירות,輕輕地,adverbs,0.54
682,בבטחה,小心地,adverbs,2.64
683,מפרק,手臂,nouns,1.31
684,קש,聖歌,nouns,0.18
685,שנה,生日,nouns,1.1
686,באופן אחראי,獨立地,adverbs,1.39
687,התחייבות,約定,nouns,0.9
688,לווה,信用,nouns,0.89
689,חדר שינה,床,nouns,1.52
690,רשמית,重要的,adverbs,0.86
691,להרוס,做,verbs,0.64
692,נורא,傷心,adjectives,0.79
693,לעצור,禁止,verbs,2.32
694,נייר,海報,nouns,2.42
695,אחות,兄弟,nouns,2.17
696,בהמה,動物,nouns,3.33
697,עריסה,搖床,nouns,4.15
698,משועמם,平淡,adjectives,2.36
699,שמש,射線,nouns,1.12
700,שומר,男人,nouns,0.8
701,סוכר,蜜糖,nouns,2.13
702,שקיעה,表,nouns,0.0
703,להתקדם,促進,verbs,1.51
704,חוטא,聖,nouns,0.49
705,מעיל,帽子,nouns,0.73
706,מנגינה,音樂,nouns,3.21
707,בן,小孩,nouns,3.08
708,ספה,床,nouns,2.51
709,לרצות,選擇,verbs,0.69
710,עצלן,忙碌,adjectives,0.49
711,אשם,誠實,adjectives,0.43
712,חומצה,鹼,nouns,1.42
713,מטבע,並行性,nouns,0.6
714,למסור,接受,verbs,0.5
715,מרק,晚餐,nouns,1.49
716,ישן,新,adjectives,0.59
717,מיץ,匙羹,nouns,0.43
718,נפלא,靚,adjectives,1.17
719,כוכב,明亮,nouns,1.97
720,אנתרופולוגיה,考古學,nouns,2.13
721,לתפוס,收到,verbs,0.78
722,לנהוג,停,verbs,0.49
723,לבנה,牆,nouns,1.26
724,להרגיז,刺激,verbs,4.74
725,לטעון,辯解,verbs,0.88
726,גרון,鼻子,nouns,0.83
727,להשאיל,給予,verbs,3.78
728,בוודאי,當然,adverbs,5.03
729,להביס,贏,verbs,3.97
730,להרשות,給,verbs,2.72
731,להופיע,敬禮,verbs,0.3
732,באופן אמין,被動地,adverbs,0.5
733,צדק,法庭,nouns,2.42
734,רובוטיקה,模擬,nouns,0.82
735,בית,穀倉,nouns,1.02
736,שורש,草,nouns,0.88
737,בנימוס,謹慎地,adverbs,0.69
738,צמיגות,濺,nouns,0.25
739,כומר,預言家,nouns,1.18
740,שוקולד,派,nouns,0.64
741,צד,下面,nouns,1.03
742,סגנון,時裝,nouns,3.25
743,קרן,陽光,nouns,1.12
744,סמן,微晶片,nouns,0.2
745,להיכחד,消失,verbs,4.67
746,בזהירות,危險地,adverbs,0.54
747,להשאיל,乞求,verbs,0.32
748,נשיא,相機,nouns,0.05
749,נייר,木,nouns,0.92
750,להתערב,賭,verbs,3.4
751,צלחת,碗,nouns,2.58
752,קמפיין,猴子,nouns,0.09
753,טפטוף,雨,nouns,3.68
754,סיפון,老鼠,nouns,0.1
755,חלבון,柄,nouns,0.04
756,ילדותי,傻,adjectives,2.17
757,מטומטם,稀罕,adjectives,0.24
758,אלסטי,靈活的,adjectives,4.89
759,באופן שולי,大致,adverbs,0.95
760,במרץ,被動地,adverbs,0.29
761,עצם,頸,nouns,0.78
762,יצירתי,創新,adjectives,3.88
763,אטמוספירה,污染,nouns,0.62
764,משקה,啤酒,nouns,2.13
765,מבוגר,嬰兒,nouns,0.88
766,סבולת,樂隊,nouns,0.1
767,לעצור,哨,verbs,0.24
768,מטרה,赢家,nouns,0.68
769,בדיוק,不準確地,adverbs,0.55
770,כפתור,衣服,nouns,1.06
771,לדכא,失敗,verbs,0.43
772,מקרה,硬件,nouns,0.34
773,הכרחי,重要,adjectives,3.24
774,לברוח,搵到,verbs,0.4
775,לברוח,逃跑,verbs,5.23
776,להבחין,聽,verbs,1.26
777,מאמר,手稿,nouns,2.33
778,החלפה,替換,nouns,3.94
779,מעורבב,舊,adjectives,0.14
780,מטומטם,醒目,adjectives,0.73
781,מטען,環球航行,nouns,0.33
782,יין,酒,nouns,2.92
783,באופן מציאותי,最近,adverbs,0.42
784,רשמית,強烈地,adverbs,0.32
785,ביישן,昂貴,adjectives,0.05
786,לספוג,退出,verbs,0.24
787,בעצם,必然,adverbs,0.67
788,עתיק,新,adjectives,0.59
789,מאמן,播放機,nouns,0.65
790,פסיקה,審判,nouns,2.65
791,עניין,意識,nouns,2.11
792,מוזר,普通,adjectives,0.55
793,קיר,磚,nouns,1.26
794,בוודאי,清楚地,adverbs,3.89
795,מחשב,機器,nouns,2.62
796,אופנה,模式,nouns,0.35
797,מיטה,傢俱,nouns,2.42
798,גוף,神經,nouns,0.78
799,רחב,新鮮,adjectives,0.0
800,ביוגרפיה,小說,nouns,1.22
801,כתב יד,書,nouns,1.21
802,בדיל,鋁,nouns,2.08
803,שארית,差數,nouns,2.21
804,שונה,正常,adjectives,0.49
805,קל,靈活,adjectives,1.74
806,אב,天神,nouns,0.29
807,זרוע,膝蓋,nouns,0.93
808,לשלוח,接收,verbs,0.49
809,אוטו,車,nouns,5.95
810,קנקן,瓶子,nouns,3.13
811,קופסה,雪茄,nouns,0.39
812,פוטופון,同音詞,nouns,0.5
813,חלש,強大,adjectives,0.55
814,רגש,激情,nouns,2.59
815,להמתין,暫停,verbs,0.96
816,להיות ראוי,賺,verbs,0.14
817,ברונכיטיס,對乙酰氨基酚,nouns,0.65
818,ענן,霧,nouns,1.75
819,זמר,員工,nouns,0.23
820,רע,平庸,adjectives,0.35
821,גרון,舌頭,nouns,1.05
822,לקבור,死,verbs,1.1
823,גמיש,鬆動,adjectives,1.4
824,לספוג,擁有,verbs,0.24
825,להתעלם,離開,verbs,0.58
826,להסכים,接受,verbs,3.4
827,דירה,屋,nouns,4.29
828,קמע,性能,nouns,0.05
829,מילקשייק,果汁,nouns,1.32
830,ביטחון,自己,nouns,0.67
831,כלי,工作,nouns,0.54
832,ברצינות,重要的,adverbs,2.94
833,המשך,相機,nouns,0.04
834,דוד,男人,nouns,1.89
835,משאית,郵包,nouns,0.44
836,נהר,大海,nouns,2.19
837,רב,老師,nouns,1.6
838,זרוע,頸,nouns,0.88
839,במקור,創造性地,adverbs,0.44
840,מדבר,沙丘,nouns,2.23
841,להריח,溺愛,verbs,0.05
842,לסיים,解決,verbs,2.36
843,חסר גוף,心靈,adjectives,1.21
844,עץ,毯,nouns,0.15
845,עמוס,沉重,adjectives,1.11
846,לדבר,聽見,verbs,0.59
847,אמונה,花,nouns,0.0
848,צמיחה,肥料,nouns,0.97
849,היסטריה,混亂,nouns,1.78
850,קמח,麵包,nouns,1.07
851,מכני,電動,adjectives,1.97
852,רעד,地震,nouns,3.07
853,ראש,指甲,nouns,0.39
854,כניסה,門,nouns,3.31
855,לדבר,承認,verbs,0.68
856,להפריע,麻煩,verbs,0.65
857,לעצור,駕駛,verbs,0.49
858,פושע,犯罪者,nouns,5.57
859,להקטין,收縮,verbs,3.05
860,לשפוט,決定,verbs,2.45
861,חרדל,種子,nouns,1.25
862,בחור,夥伴,nouns,2.02
863,צעיר,開心,adjectives,0.39
864,צר,寬廣,adjectives,0.64
865,מצוין,壞,adjectives,0.34
866,רע,不誠實,adjectives,1.04
867,מצחיק,嚴肅,adjectives,0.54
868,קריסטל,玻璃,nouns,2.62
869,מקהלה,歌手,nouns,1.21
870,חיית מחמד,貓,nouns,2.71
871,שמן,貂,nouns,0.2
872,להתחזות,假設,verbs,0.28
873,לבדר,使滿意,verbs,0.34
874,יצירה,藝術家,nouns,1.16
875,סיעור מוחות,望遠鏡,nouns,0.04
876,בר השגה,便宜,adjectives,1.66
877,ארכיאולוגיה,人類學,nouns,2.13
878,לסיים,休會,verbs,0.39
879,פרח,紫羅蘭,nouns,2.97
880,דשא,根,nouns,0.88
881,מתון,尖,adjectives,0.45
882,לצעוד,站立,verbs,0.83
883,חשמלית,火車,nouns,2.52
884,נכנס,向外,adjectives,0.6
885,תיק,錢包,nouns,2.72
886,חגורה,環,nouns,1.79
887,חילוק,乘法,nouns,1.9
888,כיף,遊戲,nouns,0.88
889,חשוד,男人,nouns,0.58
890,מטרה,箭頭,nouns,1.25
891,גבר,叔叔,nouns,1.89
892,לזהור,照耀,verbs,3.83
893,פיל,指南針,nouns,0.04
894,מסודר,雜亂無章,verbs,0.55
895,אורח חיים,文明,nouns,0.77
896,תלמיד,總統,nouns,0.24
897,עצב,腸子,nouns,0.43
898,להפסיק,開始,verbs,0.55
899,אוניברסיטה,校園,nouns,2.33
900,חולה,瘋,adjectives,0.65
901,לדרוש,拗撬,verbs,0.45
902,נפש,神經官能症,nouns,0.82
903,לקרות,做,verbs,0.74
904,עסק,公司,nouns,3.31
905,אינסוף,零,nouns,0.82
906,להתדרדר,抹,verbs,0.09
907,הקפת כדור הארץ,行李,nouns,0.33
908,לעצבן,對抗,verbs,4.74
909,לא משומש,新,adjectives,4.22
910,מים,冰,nouns,2.34
911,שיכור,清醒,adjectives,0.59
912,אינץ',碼,nouns,2.69
913,ניצחון,凱旋,nouns,3.93
914,אח,男孩,nouns,2.75
915,להתחרות,完成,verbs,0.19
916,להרשות,贊成,verbs,4.03
917,תותח,槍,nouns,2.34
918,צוואר,骨頭,nouns,0.78
919,באופן לא טבעי,自然地,adverbs,0.49
920,אל,獵物,nouns,0.05
921,שדה תעופה,片,nouns,0.1
922,למסור,攞,verbs,1.0
923,אנשים,氣球,nouns,0.1
924,קשה,簡單,adjectives,0.45
925,תיאוריה,化學,nouns,0.24
926,חמישי,最佳,adjectives,0.34
927,תקרה,屋頂,nouns,3.54
928,ברך,手臂,nouns,0.93
929,הר,窗台,nouns,0.2
930,קורס,肚,nouns,0.0
931,להביא,發送,verbs,0.64
932,מכשיר,鍋,nouns,1.64
933,עוצמה,力量,nouns,4.08
934,זעיר,巨大,adjectives,0.55
935,בור,頻繁,adjectives,0.1
936,הורה,父親,nouns,3.25
937,להראות,假扮,verbs,0.73
938,לקבל,推介,verbs,0.55
939,ארוחת בוקר,晚餐,nouns,2.15
940,בעוני,謙遜地,adverbs,0.39
941,אי,半島,nouns,2.29
942,דודן,叔叔,nouns,2.27
943,זרוע,靜脈,nouns,0.64
944,להתחזות,想像,verbs,0.59
945,להודיע,聲明,verbs,3.56
946,לסמוך,依賴,verbs,3.97
947,להושיע,拯救,verbs,5.53
948,לחלק,團結,verbs,0.5
949,מבולגן,井然有序,adjectives,0.59
950,נסיכה,島,nouns,0.3
951,רדאר,操縱桿,nouns,0.19
952,אוכלוסייה,人,nouns,3.15
953,פטיש,牙,nouns,0.04
954,לבנות,創建,verbs,3.96
955,עייף,無聊,adjectives,0.55
956,לצעוק,叫喊,verbs,4.01
957,במדוייק,積極地,adverbs,1.2
958,בקפידה,謹慎地,adverbs,4.21
959,לעזוב,走開,verbs,3.13
960,ארוחת ערב,早餐,nouns,2.15
961,להסתמך,依靠,verbs,3.97
962,בחשאי,有禮貌地,adverbs,0.69
963,לעולם לא,慷慨地,adverbs,0.49
964,מקצב,韻律,nouns,4.7
965,מלאך,惡魔,nouns,0.79
966,רגל,肢體,nouns,2.67
967,מורה,拉比,nouns,1.6
968,לקבל,留,verbs,0.9
969,דירה,酒店,nouns,1.75
970,אקדח,刀,nouns,1.85
971,להגיע,離開,verbs,0.45
972,לחקור,追求,verbs,1.1
973,פרק,晚上,nouns,0.05
974,תחביר,首詞,nouns,0.73
975,גאה,堅強,adjectives,0.33
976,כיבוש,旅程,nouns,0.74
977,נכס,股票,nouns,3.13
978,להתעלם,忘記,verbs,1.93
979,ברית מילה,包皮,nouns,1.67
980,שמחה,悲傷,nouns,0.64
981,רגשית,傷心地,adverbs,0.77
982,חיה,野獸,nouns,3.33
983,לחלק,加,verbs,1.42
984,לצמוח,收縮,verbs,0.65
985,התרמה,事件,nouns,0.93
986,מטריצה,分子,nouns,0.56
987,סמטה,街,nouns,3.3
988,אנשים,槍,nouns,0.57
989,חשוף,冚住,adjectives,0.55
990,לאמת,說,verbs,0.4
991,מסורת,手工業,nouns,0.83
992,ללחוץ,放開,verbs,0.54
993,להסוות,偽裝,verbs,3.27
994,לרוב,真誠地,adverbs,0.28
995,מבולגן,井井有條,verbs,0.55
996,להכריז,宣告,verbs,4.48
997,לבזבז,保存,verbs,0.5
998,ביוטופ,生物學,nouns,0.94
999,לנבוע,發現,verbs,0.63
1000,שחר,白天,nouns,2.33
1001,מילה,提示,nouns,0.48
1002,שפה,臀部,nouns,0.79
1003,דת,世俗主義,nouns,0.69
1004,תקרה,大教堂,nouns,0.45
1005,תמיד,兩次,adverbs,0.58
1006,במהירות,紧急,adverbs,3.46
1007,לשכנע,追求,verbs,0.39
1008,עסק,公司,nouns,3.55
1009,מסכן,自豪,adjectives,0.1
1010,להחליט,想,verbs,0.77
1011,צבא,軍團,nouns,3.13
1012,להציל,淹,verbs,0.6
1013,ראש,鼻子,nouns,0.79
1014,סוודר,棉,nouns,0.93
1015,ביזארי,奇怪,adjectives,4.83
1016,צער,羞愧,nouns,1.73
1017,מים,鹽,nouns,0.55
1018,סוללה,能量,nouns,2.28
1019,כנסייה,合唱團,nouns,1.07
1020,לנתק,裂開,verbs,2.37
1021,ספרה,細胞質,nouns,0.25
1022,ידית,蛋白質,nouns,0.04
1023,לצלוע,步行,verbs,2.07
1024,ויטמין,鐵,nouns,0.98
1025,בקוצר רוח,大致,adverbs,0.28
1026,פרפר,玫瑰,nouns,0.29
1027,מדליה,運動鞋,nouns,0.55
1028,מערכת אקולוגית,經濟,nouns,0.64
1029,חד,平滑,adjectives,0.45
1030,דבש,乳製品,nouns,0.39
1031,זיהום,總統,nouns,0.05
1032,מצפן,大象,nouns,0.04
1033,כרכרה,汽車,nouns,1.59
1034,מוזר,狡猾,adjectives,0.76
1035,מחנה,艙,nouns,0.83
1036,עייף,飢餓,adjectives,0.73
1037,קורה,木材,nouns,2.68
1038,חדש,新,adjectives,2.75
1039,חדש,沒用過,adjectives,4.22
1040,להכחיש,承認,verbs,0.55
1041,חתן,新娘,nouns,2.13
1042,כיף,足球,nouns,0.58
1043,גמיש,大,adjectives,0.15
1044,לדחות,接受,verbs,1.08
1045,לשלוח,帶來,verbs,0.64
1046,בית,鎖匙,nouns,0.83
1047,הסכם,契約,nouns,4.46
1048,בחוזקה,堅固地,adverbs,2.7
1049,חשמל,案件,nouns,0.2
1050,חקלאות,植物,nouns,1.26
1051,טלפון,手提電話,nouns,4.33
1052,ממתק,肉桂,nouns,0.78
1053,מהירות,郵件,nouns,0.3
1054,שחקן כדורת,保齡球,nouns,2.37
1055,להאשים,推,verbs,0.43
1056,לכפול,加,verbs,1.02
1057,בהגינות,不公平,adverbs,0.55
1058,טלה,羊,nouns,3.62
1059,היגיון,算術,nouns,1.92
1060,למהר,匆忙,verbs,4.88
1061,כהונה,蘇丹,nouns,0.6
1062,לבכות,哭泣,verbs,5.04
1063,קודם,過去,nouns,2.65
1064,לפזול,怒視,verbs,0.8
1065,לרכוש,搵到,verbs,1.92
1066,חרב,王座,nouns,0.3
1067,לקבוע,撤離,verbs,0.1
1068,בירה,香檳,nouns,2.56
1069,מטרייה,暖爐,nouns,0.6
1070,קיסר,憲法,nouns,0.48
1071,מילה,頁,nouns,0.88
1072,לגנוב,購買,verbs,0.35
1073,לשמור,擁有,verbs,2.08
1074,לייבב,哭,verbs,5.04
1075,צנום,瘦,adjectives,4.76
1076,צמא,飢餓,adjectives,1.79
1077,חלק,飛機場,nouns,0.1
1078,רופא,上校,nouns,0.34
1079,מוט,窗帘,nouns,0.83
1080,להיכנס,欠,verbs,0.0
1081,במאי,攝影,nouns,1.23
1082,להתעלם,探索,verbs,0.25
1083,עגל,公牛,nouns,2.98
1084,ספר,資料,nouns,1.2
1085,הלילה,明天,adverbs,0.69
1086,עכבר,容器,nouns,0.0
1087,עצום,大規模,adjectives,4.41
1088,יום הולדת,日期,nouns,1.75
1089,אגם,雲,nouns,0.58
1090,טבע,植物群,nouns,1.78
1091,לערבב,喝,verbs,0.49
1092,פתולוגיה,血液學,nouns,2.42
1093,חופש,綠洲,nouns,0.25
1094,מכונית,運輸,nouns,1.59
1095,לימון,茶,nouns,0.58
1096,ביצה,湖,nouns,1.97
1097,אבא,男人,nouns,2.82
1098,להכות,混合,verbs,0.05
1099,קשה,容易,adjectives,0.68
1100,ברוגע,堅固地,adverbs,0.56
1101,לתת,放,verbs,0.72
1102,זווית,彎曲,nouns,2.31
1103,ענן,霧氣,nouns,2.22
1104,להצליח,實現,verbs,1.64
1105,המרה,高度,nouns,0.49
1106,מוסלמי,主教,nouns,0.74
1107,ארוחה,腰部,nouns,0.4
1108,להכות,吸引,verbs,0.45
1109,לחנוק,制服,verbs,0.47
1110,בטוח,確定,adjectives,5.04
1111,חלב,果汁,nouns,1.02
1112,זנב,懸崖,nouns,0.04
1113,בשקט,自然地,adverbs,0.48
1114,בגדים,布,nouns,2.24
1115,לשתות,混合,verbs,0.49
1116,תפוח,飲食,nouns,0.78
1117,פעולה,課程,nouns,1.27
1118,מודעות,注意,nouns,2.11
1119,אנטרופיה,信息,nouns,0.89
1120,מעסיק,員工,nouns,0.98
1121,קיר,城堡,nouns,0.83
1122,יהיר,自豪,adjectives,3.4
1123,רעידת אדמה,震,nouns,3.07
1124,סלע,礦,nouns,1.26
1125,עצם,踝,nouns,1.13
1126,יין,白蘭地,nouns,2.74
1127,צד,頂,nouns,0.47
1128,משרה,管理,nouns,0.92
1129,תמוה,奇怪,adjectives,5.08
1130,לתת,偷,verbs,0.45
1131,פשע,違反,nouns,2.63
1132,כיסא,床,nouns,1.51
1133,נץ,鳥,nouns,2.83
1134,הגדרה,字典,nouns,1.35
1135,משעמם,累,adjectives,0.55
1136,עץ,石,nouns,0.72
1137,דיסק,電腦,nouns,1.14
1138,להגן,保護,verbs,3.83
1139,חיבור,功課,nouns,1.71
1140,חוקי,非法,adjectives,0.59
1141,מושחת,壞,adjectives,1.56
1142,מוח,血液,nouns,1.02
1143,זול,付得起,adjectives,1.66
1144,בוודאי,本地,adverbs,0.19
1145,סרט,戲,nouns,3.97
1146,זהב,鋅,nouns,1.98
1147,מפתח,鎖,nouns,1.25
1148,עבר,前情,nouns,2.65
1149,מטרה,尋求,nouns,0.73
1150,ישן,新鮮,adjectives,0.5
1151,לברך,見面,verbs,0.81
1152,חיישן,散熱器,nouns,0.77
1153,חוף,濱,nouns,3.09
1154,הפוך,獨特,adjectives,0.29
1155,מכונה,電腦,nouns,2.62
1156,קוף,参加競選,nouns,0.09
1157,ברור,肯定地,adverbs,3.65
1158,שטח,地帶,nouns,4.45
1159,סלט,醋,nouns,0.78
1160,ריאה,肝,nouns,0.97
1161,איום,危險,nouns,4.13
1162,עלה,幼苗,nouns,1.45
1163,ענן,風暴,nouns,1.92
1164,לרחף,唱,verbs,0.2
1165,אכזרי,和藹,adjectives,0.4
1166,חלון,門,nouns,1.11
1167,לערבב,攪拌,verbs,4.88
1168,אינטואיציה,感覺,nouns,4.34
1169,אמבטיה,妻子,nouns,0.1
1170,בעיקרון,充分,adverbs,0.92
1171,פגיע,無助,adjectives,2.6
1172,חדר,大厦,nouns,0.83
1173,בינוני,溫和,adjectives,2.8
1174,משפטן,律師,nouns,4.47
1175,להשפיל,安慰,verbs,0.35
1176,לחלק,乘,verbs,0.89
1177,מטומטם,蠢,adjectives,5.04
1178,גוף,手臂,nouns,1.16
1179,לשחוק,穿,verbs,0.39
1180,לשלב,打,verbs,0.05
1181,מנוע,摩打,nouns,5.28
1182,לעזוב,分離,verbs,3.04
1183,רוטב,蘋果,nouns,0.53
1184,לשמור,保留,verbs,3.41
1185,לוח שנה,假日,nouns,1.07
1186,כיכר,地圖,nouns,0.63
1187,ארוחה,三文治,nouns,1.26
1188,גיטרה,鱒魚,nouns,0.05
1189,לרוב,不定期地,adverbs,0.63
1190,כביש,任務,nouns,0.0
1191,ספר,話題,nouns,0.35
1192,פסיכולוגיה,科學,nouns,1.4
1193,טיסה,航空,nouns,3.17
1194,גלובוס,世界,nouns,3.94
1195,מסע,征服,nouns,0.74
1196,סוודר,褸,nouns,2.46
1197,הבדל,剩餘,nouns,2.21
1198,לנחש,刺激,verbs,0.23
1199,מיטה,醫院,nouns,0.64
1200,דיודה,電容器,nouns,2.17
1201,לבשל,混合,verbs,0.88
1202,מפוחד,害羞,adjectives,2.13
1203,מכונית,橋,nouns,0.54
1204,לקבל,給予,verbs,1.08
1205,להישבע,承諾,verbs,4.32
1206,לצרוך,安排,verbs,0.24
1207,בעל,老婆,nouns,1.94
1208,צלב,僧侣,nouns,0.69
1209,אינטליגנציה,技巧,nouns,1.79
1210,להיכשל,使氣餒,verbs,0.43
1211,לקבל,放,verbs,0.4
1212,בקר,牛,nouns,4.0
1213,פילם,電影,nouns,3.97
1214,סיפון,船,nouns,1.3
1215,הברה,詞元,nouns,1.16
1216,לאפות,炒,verbs,2.28
1217,נווה מדבר,自由,nouns,0.25
1218,אנטומיה,生物學,nouns,2.77
1219,להסביר,討論,verbs,1.06
1220,יופי,年齡,nouns,0.55
1221,גלובליזם,簽證,nouns,0.53
1222,אגם,沼澤,nouns,1.97
1223,שור,小牛,nouns,2.98
1224,גג,地板,nouns,0.83
1225,לנשוך,讀,verbs,0.09
1226,שמיים,陽光,nouns,1.16
1227,רעיה,沖涼,nouns,0.1
1228,לרכב,拖著腳走,verbs,0.4
1229,לאומי,大,adjectives,0.35
1230,זיהום,感染,nouns,2.69
1231,מעורפל,不清楚,adjectives,4.03
1232,כעס,心情,nouns,0.63
1233,מדהים,普通,adjectives,0.4
1234,לגחך,大笑,verbs,3.93
1235,לסמוך,失敗,verbs,0.24
1236,מצב רוח,情感,nouns,3.19
1237,ללמוד,教育,verbs,2.45
1238,שיניים,鎚,nouns,0.04
1239,מכונית,電梯,nouns,0.49
1240,קיץ,冬天,nouns,0.79
1241,גלריה,律師,nouns,0.0
1242,אבץ,金,nouns,1.98
1243,טריק,尺寸,nouns,0.0
1244,להתחתן,加入,verbs,0.25
1245,חסר בית,億萬富翁,nouns,0.49
1246,להצדיק,想,verbs,0.7
1247,כסף,資本,nouns,4.07
1248,חצאית,手錶,nouns,0.34
1249,מדיה,新聞,nouns,2.91
1250,היעדרות,在场,nouns,0.59
1251,קשוח,狡猾,adjectives,0.25
1252,מכנית,理想地,adverbs,0.33
1253,צמחייה,大自然,nouns,1.78
1254,להתעלם,避免,verbs,1.4
1255,רב,部長,nouns,0.55
1256,שולחן,日落,nouns,0.0
1257,תחבולן,策略家,nouns,3.06
1258,לטבוע,救,verbs,0.6
1259,שמיים,夢想,nouns,0.4
1260,אל,心靈,nouns,0.55
1261,מנייה,資產,nouns,3.13
1262,הנהלה,工作,nouns,0.92
1263,מכרה,岩石,nouns,1.26
1264,גרגיר,芥末,nouns,1.25
1265,תשלום,硬幣,nouns,1.18
1266,להרגיז,對抗,verbs,0.23
1267,מדביר,蟲害,nouns,0.96
1268,בגדים,鈕扣,nouns,1.06
1269,להאשים,責怪,verbs,2.61
1270,לחנוק,殺,verbs,3.06
1271,בנחישות,緊緊,adverbs,2.7
1272,ציפור,火雞,nouns,1.94
1273,תנין,蜥蜴,nouns,2.4
1274,מצעד,人群,nouns,1.35
1275,דירה,家具,nouns,0.68
1276,להגביר,成長,verbs,1.06
1277,בודד,貧窮,adjectives,0.75
1278,מילה,文學,nouns,2.02
1279,חדר שינה,廁所,nouns,0.87
1280,נוחות,安全,nouns,0.45
1281,שלג,天氣,nouns,0.72
1282,בבגרות,巧妙,adverbs,0.73
1283,לשטוף,洗,verbs,4.7
1284,באופן שגרתי,一般,adverbs,4.01
1285,באופטימיות,可能,adverbs,0.78
1286,בורות,智力,nouns,0.49
1287,אשם,壞,adjectives,0.73
1288,נינוח,強調,adjectives,0.68
1289,להשאיל,賣,verbs,0.74
1290,אוויר,氦氣,nouns,1.27
1291,סוציוביולוגיה,突變體,nouns,0.54
1292,אור,鍵盤,nouns,0.09
1293,מגמה,火山,nouns,1.71
1294,טיול,旅程,nouns,4.55
1295,דוד,表哥,nouns,2.27
1296,תחתית,側面,nouns,1.03
1297,בפתיחות,大規模,adverbs,0.53
1298,צי,軍隊,nouns,3.38
1299,תנאי,協議,nouns,1.48
1300,אינטליגנציה,邏輯,nouns,2.76
1301,לנצח,完成,verbs,1.45
1302,מעולה,壞,adjectives,0.49
1303,גבר,勝利者,nouns,0.58
1304,בוודאי,大致,adverbs,0.95
1305,שער,門,nouns,4.92
1306,ענו,謙虛,adjectives,5.58
1307,לייעץ,推介,verbs,2.85
1308,צופן,標誌,nouns,0.65
1309,אוהד,蟋蟀,nouns,0.34
1310,לחנוק,呼吸,verbs,0.86
1311,דוקטור,牙醫,nouns,4.97
1312,משימה,便條,nouns,0.57
1313,בבית,在別處,adverbs,0.64
1314,לתפוס,放走,verbs,0.72
1315,תרנגולת,晚餐,nouns,0.54
1316,סופר,讀者,nouns,0.78
1317,להתרסק,撞擊,verbs,4.14
1318,פרטי,個人,adjectives,4.46
1319,מכריע,重要,adjectives,3.69
1320,כוס,罐子,nouns,2.19
1321,מדינה,家,nouns,0.7
1322,בהחלט,大概,adverbs,1.11
1323,שחקן,女演員,nouns,3.47
1324,לעומק,大多,adverbs,0.91
1325,תה,檸檬,nouns,0.58
1326,בשמחה,安全地,adverbs,0.61
1327,הורה,大人,nouns,2.58
1328,להעיר,批評,verbs,3.01
1329,להשתתף,說,verbs,0.3
1330,חג,日曆,nouns,1.07
1331,מיץ,蘋果,nouns,1.02
1332,כביש,高速公路,nouns,3.74
1333,כישרון,作家,nouns,0.7
1334,מכונית,街,nouns,0.87
1335,דלת,鐘,nouns,0.83
1336,חדשות,流言蜚語,nouns,1.56
1337,באדיבות,慷慨地,adverbs,2.98
1338,בנחישות,輕輕的,adverbs,0.24
1339,רעב,渴,adjectives,1.79
1340,תשלום,費用,nouns,2.96
1341,מלון,公寓,nouns,1.75
1342,להציל,救援,verbs,5.53
1343,מרפאה,床,nouns,0.64
1344,מחוץ לנישואין,不宜說出口的,adjectives,0.33
1345,עפרון,故事,nouns,0.3
1346,לשמור,借,verbs,0.55
1347,להתלונן,帶來,verbs,0.0
1348,לעמוד,步行,verbs,0.83
1349,כשירות,能力,nouns,4.5
1350,שמש,天空,nouns,1.16
1351,אקדח,軍士,nouns,0.53
1352,מכוער,亂,adjectives,0.92
1353,אלכוהול,雞尾酒,nouns,3.25
1354,עכבר,甲板,nouns,0.1
1355,חכם,笨,adjectives,0.55
1356,בברור,肯定地,adverbs,3.89
1357,כדור,球拍,nouns,1.02
1358,סופה,風,nouns,2.62
1359,להתפלל,溝通,verbs,0.79
1360,כחול,紅色,adjectives,0.84
1361,מבוגר,小孩,nouns,0.97
1362,קמפוס,大學,nouns,2.33
1363,למחוץ,擁抱,verbs,0.55
1364,שיבולת שועל,田,nouns,1.31
1365,מלוכלך,淫賤,adjectives,0.68
1366,תשוקה,情緒,nouns,2.59
1367,עובד,辦公室,nouns,0.78
1368,מדריך,老師,nouns,3.59
1369,עשור,世紀,nouns,1.35
1370,באופן משמעותי,深度地,adverbs,2.02
1371,עיר,城鎮,nouns,3.38
1372,לספק,理解,verbs,0.15
1373,דאגה,謹慎,nouns,3.21
1374,דלת,門口,nouns,3.31
1375,תיאטרון,電池,nouns,0.09
1376,מוזר,怪誕,adjectives,4.83
1377,ערמומי,堅固,adjectives,0.25
1378,להקה,管弦樂隊,nouns,3.72
1379,בית משפט,法官,nouns,1.3
1380,רועש,無禮貌,adjectives,0.53
1381,סנט,人,nouns,0.79
1382,רע,偉大,adjectives,0.49
1383,פיל,恐龍,nouns,0.73
1384,משוגע,瘋,adjectives,5.13
1385,לחנך,教,verbs,3.55
1386,לקבל,運送,verbs,0.5
1387,אבא,母親,nouns,2.06
1388,כבוש,聖歌,nouns,0.25
1389,לגלות,起源,verbs,0.63
1390,סימולציה,機器人技術,nouns,0.82
1391,עוגן,船,nouns,1.02
1392,זרוע,肌肉,nouns,0.97
1393,גמיש,有彈性,adjectives,4.89
1394,חומרה,案件,nouns,0.34
1395,לחיות,生存,verbs,3.17
1396,איש,嫌疑人,nouns,0.58
1397,טיפש,笨,adjectives,5.04
1398,חזק,強大,adjectives,5.33
1399,נזיר,神職人員,nouns,3.39
1400,סלט,減肥,nouns,0.97
1401,גיל,美人,nouns,0.55
1402,אופניים,睡房,nouns,0.15
1403,להגן,幫助,verbs,2.07
1404,לעזוב,留,verbs,0.55
1405,גוף,肩,nouns,1.17
1406,טלויזיה,編劇,nouns,1.06
1407,פאסיבי,暴力,adjectives,0.34
1408,לרכב,跑,verbs,0.59
1409,הרחק,在家裡,adverbs,0.64
1410,בירה,飲品,nouns,2.13
1411,ליידע,擦亮,verbs,0.0
1412,לעצבן,攻擊,verbs,0.49
1413,שמפניה,威士忌酒,nouns,3.01
1414,שפעת,發熱,nouns,1.25
1415,צנוע,謙遜,adjectives,5.58
1416,מלהיב,平淡,adjectives,0.63
1417,לחנוק,擁抱,verbs,0.39
1418,מינט,博物館,nouns,0.24
1419,גבר,兒童,nouns,1.91
1420,לתפוס,追逐,verbs,1.18
1421,נדיר,非一般,adjectives,4.17
1422,חופש,審查,nouns,0.55
1423,הכרחי,不需要,adjectives,0.6
1424,עצם,牙齒,nouns,1.8
1425,עיתון,資料,nouns,2.07
1426,עמק,峽谷,nouns,4.18
1427,סוסון,馬,nouns,2.83
1428,מטורף,瘋狂,adjectives,5.13
1429,להופיע,離開,verbs,0.34
1430,לחבר,除,verbs,1.42
1431,כבש,羊肉,nouns,3.62
1432,לדחוף,責怪,verbs,0.43
1433,שלג,冰,nouns,3.17
1434,זחל,蠶,nouns,2.47
1435,זרוע,肩膀,nouns,1.81
1436,לסדר,需要,verbs,0.24
1437,כבוד,徽章,nouns,0.93
1438,שבבים,遊標,nouns,0.2
1439,כתף,身體,nouns,1.17
1440,להתייפח,哭,verbs,5.18
1441,ביקורת,爭論,nouns,1.98
1442,נטייה,感染,nouns,0.14
1443,אגודל,指甲,nouns,1.75
1444,המנון,稻草,nouns,0.18
1445,לקנות,偷,verbs,0.35
1446,לשון,喉,nouns,1.05
1447,לחם,肉,nouns,0.63
1448,פוליטיקאי,警察,nouns,0.39
1449,גדול,國民,adjectives,0.35
1450,מצב,狀況,nouns,4.88
1451,לעומק,有意義,adverbs,2.02
1452,לאפשר,走,verbs,0.05
1453,חכם,醒目,adjectives,4.79
1454,עורף,尾巴,nouns,1.16
1455,תורה,書,nouns,1.21
1456,ערמומי,奇怪,adjectives,0.76
1457,לתת,保持,verbs,0.39
1458,קבר,重新安葬,nouns,1.25
1459,להרוג,防守,verbs,0.4
1460,יוצא דופן,罕見,adjectives,4.17
1461,כבד,器官,nouns,2.17
1462,לנסות,打算,verbs,0.63
1463,מאוד,緊緊地,adverbs,0.94
1464,לרוץ,騎,verbs,0.59
1465,אי,海灘,nouns,1.06
1466,ציוויליזציה,生活方式,nouns,0.77
1467,בישוף,大主教,nouns,3.59
1468,סינמטוגרפיה,導演,nouns,1.23
1469,חדר,沖涼,nouns,0.93
1470,לחשוק,想要,verbs,3.82
1471,להפציר,乞求,verbs,4.07
1472,מנוע,船,nouns,0.74
1473,באופן יצירתי,本來,adverbs,0.44
1474,ענן,天氣,nouns,0.92
1475,בקול רם,輕輕的,adverbs,0.39
1476,רגש,心情,nouns,3.19
1477,חודשי,每週,adjectives,1.52
1478,לרחוץ,沖洗,verbs,4.7
1479,לבלוע,喝,verbs,1.35
1480,בינוני,好的,adjectives,0.69
1481,מצלמה,續集,nouns,0.04
1482,רחוב,汽車,nouns,0.87
1483,נזיר,十字架,nouns,0.69
1484,נורמלי,不同,adjectives,0.49
1485,ארמון,高樓大廈,nouns,0.98
1486,כדורעף,球,nouns,2.69
1487,לפנות,確定,verbs,0.1
1488,מיטה,椅子,nouns,1.51
1489,בד,麻布,nouns,2.5
1490,קרח,雪,nouns,3.17
1491,מיטה,毯子,nouns,0.79
1492,גשם,毛毛雨,nouns,3.68
1493,כיסא,望遠鏡,nouns,0.2
1494,אלים,柔軟,adjectives,0.35
1495,להזכיר,告訴,verbs,2.03
1496,פעמון,門,nouns,0.83
1497,עמלה,工資,nouns,1.09
1498,קומבינציה,結合,nouns,3.08
1499,מסכן,孤獨,adjectives,0.75
1500,כיסא,凳子,nouns,3.83
1501,לכסות,掩飾,verbs,3.27
1502,אינטליגנציה,洞察力,nouns,2.42
1503,באופן שולי,十足地,adverbs,0.45
1504,עיתון,文章,nouns,2.13
1505,יען,果園,nouns,0.1
1506,ייאוש,苦難,nouns,3.32
1507,חורף,季節,nouns,2.03
1508,כיבוש,戰役,nouns,1.31
1509,צר,長,adjectives,1.22
1510,מפעל,汽車,nouns,0.45
1511,לנשוך,搏鬥,verbs,0.82
1512,תותח,球,nouns,0.59
1513,מטבע,交換,nouns,0.97
1514,פיכח,理性的,adjectives,2.22
1515,כלא,選擇,nouns,0.35
1516,חיוני,必須,adjectives,5.18
1517,בחוזקה,正式,adverbs,0.32
1518,עצוב,搞笑,adjectives,0.55
1519,עצם,顎,nouns,1.75
1520,הערה,作業,nouns,0.57
1521,ציפורן,拇指,nouns,1.75
1522,לצוד,搜索,verbs,1.36
1523,אישה,秘書,nouns,1.97
1524,פעמיים,多,adverbs,0.64
1525,בבטחה,偷偷,adverbs,0.45
1526,יפה,精彩,adjectives,1.17
1527,להפוך,出現,verbs,0.18
1528,נשק,頭盔,nouns,1.57
1529,פונולוגיה,屏幕,nouns,0.15
1530,להפריך,允許,verbs,0.1
1531,גורד שחקים,宮殿,nouns,0.98
1532,קישוט,牆壁,nouns,0.53
1533,כדורגל,有趣,nouns,0.58
1534,לבעוט,傷害,verbs,1.97
1535,סוללה,劇院,nouns,0.09
1536,פלנטה,月亮,nouns,2.32
1537,זכוכית,徽章,nouns,0.29
1538,גוף,底衫褲,nouns,0.56
1539,טיפול,行動主義,nouns,0.65
1540,מטוס,機場,nouns,1.02
1541,סיגר,盒子,nouns,0.39
1542,חיה,人,nouns,0.88
1543,לאבד,搵到,verbs,0.5
1544,לבקר,評論說,verbs,3.01
1545,אבקן,授粉,nouns,1.46
1546,טלויזיה,電影,nouns,2.71
1547,לשיר,大笑,verbs,0.53
1548,נוסחה,等式,nouns,4.13
1549,פגיע,簡單,adjectives,0.28
1550,ערמומי,機靈,adjectives,2.72
1551,קורא,作者,nouns,0.78
1552,לשים,得到,verbs,0.4
1553,לסדר,收集,verbs,1.64
1554,להיעלם,消逝,verbs,4.67
1555,מיליונר,無家可歸,nouns,0.49
1556,תפוח,檸檬,nouns,1.37
1557,דלת,存在,nouns,0.15
1558,לקבל,抓住,verbs,0.78
1559,מנהיג,市長,nouns,3.46
1560,חבילה,貨車,nouns,0.44
1561,צעיר,焦躁不安,adjectives,0.24
1562,מחבט,球,nouns,1.02
1563,בחוזקה,難以置信地,adverbs,0.94
1564,ליקר,樂隊,nouns,0.0
1565,אישה,任務,nouns,0.04
1566,רע,內疚,adjectives,0.73
1567,מתקפה,閃電攻擊,nouns,3.19
1568,המון,遊行,nouns,1.35
1569,תהילה,財富,nouns,1.17
1570,לשמוע,察覺,verbs,1.26
1571,להניח,給,verbs,0.72
1572,קרסול,骨頭,nouns,1.13
1573,יומיומי,通常,adverbs,3.49
1574,להגן,冚住,verbs,1.17
1575,לנצח,打敗,verbs,3.97
1576,לעולם לא,否定,adjectives,1.35
1577,משמים,枯燥,adjectives,4.32
1578,חוק,學校,nouns,0.68
1579,סביבה,劍,nouns,0.0
1580,עצבני,某些,adjectives,0.2
1581,לבקש,唔睬,verbs,0.35
1582,וריד,選擇,nouns,0.04
1583,סילבוס,考試,nouns,1.04
1584,אגדה,道德,nouns,0.2
1585,ילד,成人,nouns,0.97
1586,פסגה,下面,nouns,0.5
1587,טריק,遊戲,nouns,0.93
1588,פה,牙齒,nouns,1.12
1589,לעזוב,撤退,verbs,3.7
1590,אקדח,筆記本,nouns,0.0
1591,ביתן,茅屋,nouns,3.58
1592,פעמון,塔,nouns,0.68
1593,שטיח,屋,nouns,0.72
1594,מכונית,坦克,nouns,1.11
1595,ודאי,肯定,adjectives,5.04
1596,עין,眼淚,nouns,1.07
1597,מיליונר,元,nouns,0.78
1598,בייקון,肉,nouns,2.47
1599,לעזוב,徘徊,verbs,0.79
1600,פוליטיקאי,總統,nouns,2.59
1601,להסכים,不同,verbs,0.6
1602,לפגוע,未打中,verbs,0.55
1603,מדים,未成形,adjectives,0.1
1604,ידיד,夥伴,nouns,4.38
1605,אפליקציה,星系,nouns,0.3
1606,כבש,牛,nouns,2.25
1607,שחקן,電視,nouns,1.1
1608,להפסיד,減去,verbs,2.27
1609,לשחות,見面,verbs,0.1
1610,לולאה,帶,nouns,1.79
1611,יקר ערך,懶,adjectives,0.04
1612,מולקולה,基質,nouns,0.56
1613,אחווה,門,nouns,0.0
1614,ניקוד,水平,nouns,0.77
1615,מונית,巴士,nouns,2.42
1616,טיעון,批評,nouns,1.98
1617,מוות,災難,nouns,1.65
1618,סנט,憲法,nouns,0.96
1619,חלום,天空,nouns,0.4
1620,כביש,車,nouns,1.16
1621,להקטין,降低,verbs,3.67
1622,להפוך,似乎,verbs,0.41
1623,לדחות,完成,verbs,0.39
1624,ללבוש,侵蝕,verbs,0.39
1625,לשאוף,阻礙,verbs,0.1
1626,מולקולה,空氣,nouns,1.12
1627,לתת,知道,verbs,0.04
1628,כיתה,大學,nouns,0.74
1629,כיסא,長凳,nouns,2.98
1630,שחקן,多面體,nouns,0.88
1631,וילון,竿,nouns,0.83
1632,סמל,槍,nouns,0.53
1633,נוקשה,易損壞,adjectives,0.3
1634,סימן,俱樂部,nouns,0.04
1635,רע,極好,adjectives,0.34
1636,ספר,手稿,nouns,1.21
1637,ענן,薄霧,nouns,2.48
1638,משימה,高速公路,nouns,0.0
1639,מריחואנה,草藥,nouns,2.59
1640,להצדיע,演出,verbs,0.3
1641,קבורה מחדש,墳墓,nouns,1.25
1642,ענן,湖,nouns,0.58
1643,פורל,吉他,nouns,0.05
1644,בדיוק,準確地,adverbs,4.77
1645,לנדוד,離開,verbs,0.79
1646,מבחן,教學大綱,nouns,1.04
1647,לשקר,指控,verbs,0.49
1648,להרשות,反駁,verbs,0.1
1649,כס,劍,nouns,0.3
1650,לשער,預測,verbs,4.44
1651,כיסא,沙發,nouns,2.69
1652,בייקון,豆,nouns,0.5
1653,יד,指甲,nouns,0.96
1654,חבר,母親,nouns,0.78
1655,ייתכן,樂觀地,adverbs,0.78
1656,ציור,暴動,nouns,0.15
1657,קולונל,牙醫,nouns,0.34
1658,אלים,嬲,adjectives,1.02
1659,ללכת,旅行,verbs,1.6
1660,לבכות,哭泣,verbs,5.18
1661,עצב,幸福,nouns,0.64
1662,זעיר,重大,adjectives,0.58
1663,לבן,狹窄,adjectives,0.0
1664,אוטובוס,的士,nouns,2.42
1665,גבה,眼睛,nouns,0.88
1666,תאונה,大災難,nouns,3.56
1667,מטר,碼,nouns,2.64
1668,נפלא,愉快,adjectives,2.92
1669,גן טרום חובה,幼兒園,nouns,1.83
1670,סנט,尺寸,nouns,0.15
1671,לחגוג,使驚奇,verbs,0.7
1672,מסוק,飛機,nouns,2.54
1673,ארנב,貓,nouns,1.47
1674,כתבה,雜誌,nouns,2.13
1675,אמבטיה,睡房,nouns,0.87
1676,יד,拇指,nouns,1.67
1677,גדול,容易,adjectives,0.35
1678,פרספקטיבה,距離,nouns,1.18
1679,מעבר,走廊,nouns,4.29
1680,מתוחכם,成熟,adjectives,0.83
1681,דיאטה,沙拉,nouns,0.97
1682,חוט,日落,nouns,0.0
1683,תיבה,電梯,nouns,0.34
1684,גבר,父親,nouns,2.82
1685,דם,骨髓,nouns,1.02
1686,זול,髒,adjectives,0.68
1687,לאשר,接受,verbs,3.55
1688,מכוער,粗糙,adjectives,1.11
1689,להיפגש,游泳,verbs,0.1
1690,אורז,豆,nouns,1.02
1691,להיכנס,走,verbs,0.67
1692,גוף,血液,nouns,0.92
1693,דביק,脏,adjectives,0.73
1694,יד,手指,nouns,1.63
1695,צנוע,靈活,adjectives,0.24
1696,ענן,窗口,nouns,0.3
1697,לא הוגן,殘忍,adjectives,0.82
1698,לדהות,侵蝕,verbs,1.99
1699,ביתן,營地,nouns,0.83
1700,מנוע,活塞,nouns,1.21
1701,לפעמים,一致地,adverbs,0.29
1702,אמונה,價值觀,nouns,2.78
1703,בורא,製作者,nouns,4.64
1704,כוח,能力,nouns,2.94
1705,צוק,尾巴,nouns,0.04
1706,להסכים,承認,verbs,3.55
1707,פינה,地區,nouns,0.7
1708,עץ,紙,nouns,0.92
1709,בשר,牛扒,nouns,3.84
1710,כסף,珍珠,nouns,0.68
1711,תוף,吉他,nouns,1.42
1712,רגיל,無知,adjectives,0.1
1713,ילד,狀態,nouns,0.04
1714,סיפור,話題,nouns,1.16
1715,סירה,電動機,nouns,0.74
1716,לשון,臉頰,nouns,0.83
1717,דיאטה,蘋果,nouns,0.78
1718,כלה,公主,nouns,0.93
1719,מקצוע,學院,nouns,0.65
1720,כומר,僧侶,nouns,3.39
1721,הוריקן,暴風雨,nouns,3.44
1722,לקחת,離開,verbs,0.2
1723,ים,河流,nouns,2.19
1724,לחזות,確定,verbs,0.55
1725,להופיע,出席,verbs,3.68
1726,סוף שבוע,星期,nouns,2.26
1727,מנגינה,節奏,nouns,3.33
1728,עגלה,馬車,nouns,3.84
1729,קליבר,遮,nouns,0.3
1730,וריד,手臂,nouns,0.64
1731,להשיג,贏得,verbs,1.45
1732,קוקטייל,酒,nouns,3.25
1733,לגנוב,給,verbs,0.45
1734,לשכוח,學習,verbs,0.49
1735,לשלוח,出席,verbs,0.54
1736,חברה,商業,nouns,3.55
1737,אינטליגנטי,笨,adjectives,0.73
1738,בחירה,靜脈,nouns,0.04
1739,מטופל,複診,nouns,0.87
1740,בטן,課程,nouns,0.0
1741,חבוי,公開,adjectives,0.59
1742,להתחנן,懇求,verbs,4.07
1743,אופניים,汽車,nouns,1.68
1744,אטום,碳,nouns,1.54
1745,חור,協議,nouns,0.0
1746,בזוי,輕視,adjectives,3.71
1747,עצום,笨,adjectives,0.19
1748,חוף,海,nouns,2.38
1749,אמא,朋友,nouns,0.78
1750,שמיים,宇宙,nouns,1.99
1751,עקום,彎曲,adjectives,3.98
1752,טקסי,的士,nouns,5.7
1753,לאפשר,侵蝕,verbs,0.05
1754,מצעד,樂隊,nouns,1.18
1755,עט,字母,nouns,0.4
1756,שמח,瘋狂,adjectives,0.95
1757,קרושה,制服,nouns,0.15
1758,בד,衣服,nouns,2.33
1759,סגנון,優雅,nouns,1.36
1760,גמיש,謙虛,adjectives,0.24
1761,חזה,身體,nouns,1.67
1762,מרחק,角度,nouns,1.18
1763,נשיא,污染,nouns,0.05
1764,עונה,冬天,nouns,2.03
1765,כינור,樂器,nouns,1.65
1766,אח,姊妹,nouns,2.17
1767,מתוק,電動,adjectives,0.0
1768,ייחודי,相反,adjectives,0.29
1769,לבחון,調查,verbs,3.79
1770,גלוי,未公開,adjectives,0.59
1771,בית,州,nouns,0.7
1772,פה,鼻子,nouns,0.73
1773,יציאה,選舉權,nouns,0.04
1774,להשתכר,值得,verbs,0.14
1775,היום,今晚,adverbs,1.11
1776,לסיים,畢業,verbs,1.26
1777,אינטליגנטי,聰明,adjectives,4.79
1778,אור,蘋果,nouns,0.0
1779,שפך,海,nouns,1.07
1780,בסיס,酸,nouns,1.42
1781,נקי,一塵不染,adjectives,4.6
1782,אנשים,元,nouns,0.05
1783, בענווה,糟糕,adverbs,0.39
1784,שביר,冷淡,adjectives,0.3
1785,רגוע,中性,adjectives,1.08
1786,יום,黎明,nouns,2.33
1787,קל,困難,adjectives,0.55
1788,רצפה,天花板,nouns,0.78
1789,כועס,暴力,adjectives,1.02
1790,חיפוש,目標,nouns,0.73
1791,משרה,速度,nouns,0.3
1792,להראות,變成,verbs,0.41
1793,לתקוף,傷害,verbs,3.0
1794,עבודה,工具,nouns,0.54
1795,טקס,慶祝,nouns,2.92
1796,לשלוט,贏,verbs,1.22
1797,חצוף,好鬥,adjectives,0.64
1798,לחנך,學習,verbs,2.45
1799,אנושות,實質上,adverbs,0.28
1800,מלוכלך,黏,adjectives,0.73
1801,לשלוט,克服,verbs,0.4
1802,חריף,弱,adjectives,0.15
1803,ספינת תותחים,海岸,nouns,0.65
1804,להבין,滿足,verbs,0.15
1805,להרים,運輸,verbs,0.97
1806,אקדח,黎明,nouns,0.0
1807,לצמצם,降落,verbs,0.7
1808,כף,果汁,nouns,0.43
1809,בשר,煙肉,nouns,2.47
1810,בוודאי,明顯地,adverbs,3.65
1811,לסלוח,接受,verbs,1.07
1812,אחות,科學家,nouns,0.29
1813,כביכול,明顯地,adverbs,0.97
1814,בישוף,穆斯林,nouns,0.74
1815,כדור,籃子,nouns,0.59
1816,גיטרה,鼓,nouns,1.42
1817,טלפון,受害者,nouns,0.2
1818,באופן סביל,可靠地,adverbs,0.5
1819,עכבר,管理,nouns,0.04
1820,מנטה,口香糖,nouns,0.78
1821,טבעת,訂婚,nouns,1.69
1822,מרווח,開口,nouns,3.66
1823,בלון,人,nouns,0.1
1824,להתעלם,打印,verbs,0.1
1825,אפשרי,不可能,adjectives,0.59
1826,חלון,屋頂,nouns,0.92
1827,הססני,中性,adjectives,0.96
1828,ים,三角洲,nouns,1.07
1829,תחזית,灰濛蒙,nouns,0.74
1830,לחלוטין,基本上,adverbs,0.92
1831,משוגע,開心,adjectives,0.95
1832,עוזרת,女孩,nouns,0.57
1833,ציטופלזמה,數字,nouns,0.25
1834,חצוף,噪,adjectives,0.53
1835,טלסקופ,椅子,nouns,0.2
1836,לאסוף,组织,verbs,1.64
1837,חשמלי,機械,adjectives,1.97
1838,תפוח,果汁,nouns,1.02
1839,לפגוע,攻擊,verbs,3.0
1840,לקרוא,理解,verbs,0.87
1841,בן,男孩子,nouns,3.17
1842,חימום מחדש,預熱,nouns,2.48
1843,בחור,靚仔,nouns,2.3
1844,בכנות,從未,adverbs,0.0
1845,רעב,累,adjectives,0.73
1846,דולר,人,nouns,0.05
1847,שקיעה,日出,nouns,1.32
1848,תוקפני,彎曲,adjectives,0.05
1849,גדול,重,adjectives,1.07
1850,רכבת,電車,nouns,2.52
1851,סונטה,美,nouns,0.2
1852,טחב,草,nouns,2.17
1853,מעטפה,裝飾,nouns,0.2
1854,בעל,男人,nouns,2.58
1855,שקיעה,線,nouns,0.0
1856,לשמור,給,verbs,0.39
1857,זנב,碗,nouns,0.0
1858,צמח,農業,nouns,1.26
1859,דיונה,沙漠,nouns,2.23
1860,לסת,骨頭,nouns,1.75
1861,סוס,母馬,nouns,3.42
1862,פרקליט,銀行家,nouns,1.46
1863,לקנות,付款,verbs,2.93
1864,משחק,樂趣,nouns,0.88
1865,בוודאי,不顯眼地,adverbs,0.15
1866,רעשן,噪聲,nouns,2.33
1867,ציפורן,手,nouns,0.96
1868,חתול,老鼠,nouns,0.89
1869,תא,鎖起來,nouns,1.35
1870,ללכת,允許,verbs,0.05
1871,להודיע,承認,verbs,0.97
1872,קול ,聲學,nouns,2.94
1873,לשמור,失去,verbs,0.39
1874,לנסות,想,verbs,0.61
1875,שופט,法庭,nouns,1.3
1876,קש,妻子,nouns,0.1
1877,אל,牧師,nouns,0.97
1878,מועסק,僱主,nouns,0.98
1879,באופן אמין,負責任,adverbs,2.9
1880,פוליאסטר,棉,nouns,0.92
1881,להצטרף,結婚,verbs,0.25
1882,ליצור,想像,verbs,0.89
1883,דוקטור,大夫,nouns,5.1
1884,שלילי,從未,adjectives,1.35
1885,שמיכה,床,nouns,0.79
1886,יקר ערך,神聖,adjectives,1.64
1887,ללמוד,聽,verbs,0.98
1888,גברת,先生,nouns,1.01
1889,הודו,母雞,nouns,1.89
1890,נחמד,開朗,adjectives,3.13
1891,מכללה,職業,nouns,0.65
1892,הצלחה,勝利,nouns,3.93
1893,באדיבות,好心地,adverbs,4.32
1894,כדור,球狀物,nouns,3.26
1895,שעועית,米飯,nouns,1.02
1896,יפה,優雅地,adverbs,2.92
1897,מתרגם,外國人,nouns,0.43
1898,ליפול,傷害,verbs,0.93
1899,להאמין,感覺到,verbs,0.89
1900,לרדוף,跟隨,verbs,2.23
1901,לחקור,無視,verbs,0.25
1902,משפט,判決書,nouns,2.65
1903,נשיא,市長,nouns,2.45
1904,חום,疾病,nouns,2.13
1905,מיטה,幼兒床,nouns,3.53
1906,אלומיניום,錫,nouns,2.08
1907,קדרות,陶瓷,nouns,3.54
1908,חברה,文化,nouns,1.17
1909,לשמור,忘記,verbs,0.49
1910,לכסות,埋葬,verbs,2.58
1911,שותף,男孩,nouns,0.78
1912,שלג,風暴,nouns,1.42
1913,גודל,戲法,nouns,0.0
1914,מנצח,男人,nouns,0.58
1915,נשיא,政治家,nouns,2.59
1916,סוס,狗,nouns,1.38
1917,נבט,葉,nouns,1.45
1918,להעניש,教,verbs,0.72
1919,נוכחות,缺席,nouns,0.59
1920,ילד,合作夥伴,nouns,0.78
1921,להשיג,成功,verbs,1.64
1922,אקדח,毛,nouns,0.04
1923,רופא,正牙醫生,nouns,2.88
1924,אפוקליפסה,火,nouns,0.64
1925,מחלה,發燒,nouns,2.13
1926,לפגוע,踢,verbs,1.97
1927,רעיה,母親,nouns,2.62
1928,להתכווץ,消失,verbs,1.27
1929,פרווה,槍,nouns,0.04
1930,מזכירה,女人,nouns,1.97
1931,מחבר,創造者,nouns,3.77
1932,יכולת,才能,nouns,4.5
1933,כנסייה,大教堂,nouns,4.78
1934,ספה,棒球,nouns,0.1
1935,עושר,名譽,nouns,1.17
1936,סופית,不同,adverbs,0.15
1937,מזוייף,人造,adjectives,3.48
1938,נדיב,善良,adjectives,1.74
1939,לסגת,拒絕,verbs,0.29
1940,להסתכל,觀察,verbs,4.88
1941,מבולגן,核突,adjectives,0.92
1942,נושא,故事,nouns,1.16
1943,יוגורט,家牛,nouns,0.68
1944,בקתה,小木屋,nouns,3.58
1945,מים,加冕禮,nouns,0.05
1946,לחי,舌頭,nouns,0.83
1947,בענווה,自豪的,adverbs,0.64
1948,לחפש,狩獵,verbs,1.36
1949,בטבעיות,悄悄地,adverbs,0.48
1950,אנדרטה,雕塑,nouns,4.28
1951,גף,腿,nouns,2.67
1952,גודל,大小,nouns,3.77
1953,בהכרח,實質上,adverbs,0.67
1954,טניס,統計資料,nouns,0.1
1955,פתוגן,病菌,nouns,3.16
1956,מקלט,棚屋,nouns,1.13
1957,מבצע,歌曲,nouns,0.4
1958,אמא,妻子,nouns,2.62
1959,לחנוק,燒傷,verbs,0.57
1960,חלק,尖,adjectives,0.45
1961,קצר,長,adjectives,0.64
1962,להפוך,組織,verbs,0.64
1963,אסם,屋,nouns,1.02
1964,לחלוק,搏鬥,verbs,0.75
1965,עמלה,付款,nouns,2.96
1966,תמים,自由,adjectives,0.1
1967,דם,肉,nouns,0.88
1968,נערה,女傭,nouns,0.57
1969,סולטן,部,nouns,0.6
1970,ראש,總統,nouns,2.45
1971,להתבונן,觀看,verbs,4.88
1972,אנשים,一分錢,nouns,0.79
1973,כותנה,聚酯纖維,nouns,0.92
1974,לשמוע,聽,verbs,3.9
1975,מקור,盒子,nouns,0.04
1976,עז,牛,nouns,1.98
1977,מכונית,的士,nouns,3.44
1978,מהנה,精彩,adjectives,2.92
1979,לשכנע,拗撬,verbs,1.18
1980,תעלול,槍,nouns,0.1
1981,עבד,僕人,nouns,4.25
1982,בייסבול,兄弟會,nouns,0.39
1983,מקהלה,教堂,nouns,1.07
1984,ארוחת ערב,早餐,nouns,2.5
1985,לעדכן,通知,verbs,5.13
1986,טלפון,小亭,nouns,0.3
1987,מעוקל,好鬥,adjectives,0.05
1988,ברכות,堅固地,adverbs,0.24
1989,טפט,背景,nouns,2.69
1990,לאשר,准許,verbs,4.03
1991,אבק,掃帚,nouns,1.1
1992,מילון,百科全書,nouns,2.42
1993,מפתח,房屋,nouns,0.83
1994,חבר,老師,nouns,0.91
1995,בנייה,毀滅,nouns,0.64
1996,בגדים,布料,nouns,2.33
1997,להאשים,說謊,verbs,0.49
1998,לדעת,給,verbs,0.04
1999,לאסור,停止,verbs,2.32
2000,ממשלה,蜥蜴,nouns,0.1
2001,טלויזיה,演員,nouns,1.1
2002,אקדח,人,nouns,0.57
2003,פרח,信念,nouns,0.0
2004,משוגע,生病,adjectives,0.65
2005,ניתוח,心臟,nouns,0.81
2006,לעיתים קרובות,有時候,adverbs,2.44
2007,נקי,亂,adjectives,0.54
2008,עצבני,年輕,adjectives,0.24
2009,בקר,羊,nouns,2.25
2010,אחר,相反,adjectives,0.39
2011,נועז,自豪,adjectives,1.07
2012,מעיל,衣服,nouns,2.18
2013,לסגור,嘔吐,verbs,0.05
2014,בלדה,歌曲,nouns,4.18
2015,פלדה,合金,nouns,2.84
2016,לדבר,低語,verbs,1.69
2017,מכונית,高速公路,nouns,1.16
2018,נהר,溪流,nouns,2.54
2019,לשרוף,扼殺,verbs,0.57
2020,ציפור,母雞,nouns,1.6
2021,כדור,服裝,nouns,0.24
2022,לימודים,法律,nouns,0.68
2023,להתרכבל,擁抱,verbs,4.17
2024,כלייה,器官,nouns,2.78
2025,ירך,嘴唇,nouns,0.79
2026,קונגרס,議會,nouns,3.68
2027,מנצח,存在,nouns,0.04
2028,מפולת שלגים,雪,nouns,2.13
2029,כבד,滿載,adjectives,1.11
2030,דביק,濕,adjectives,1.33
2031,פתי,蠢,adjectives,1.6
2032,אטמוספירה,臭氧,nouns,3.38
2033,ללכת,來,verbs,0.79
2034,בנוחיות,容易地,adverbs,1.26
2035,קניון,山谷,nouns,4.18
2036,להתווכח,說服,verbs,1.18
2037,פשיטת רגל,失敗,nouns,1.29
2038,לבלבל,學習,verbs,0.3
2039,סיפור,鉛筆,nouns,0.3
2040,להחליט,判斷,verbs,2.45
2041,עמוד,詞,nouns,0.88
2042,מציאות,幻想,nouns,1.02
2043,לשוטט,搜索,verbs,0.78
2044,ביולוגיה,群落生境,nouns,0.94
2045,מעסיק,工作者,nouns,1.02
2046,פרקליט,大狀,nouns,4.47
2047,ללכת,開始,verbs,0.15
2048,סימן,象徵,nouns,4.26
2049,ילד,哥哥,nouns,2.75
2050,רעיה,一分錢,nouns,0.0
2051,בנדיבות,從未,adverbs,0.49
2052,כתר,锁匙,nouns,0.04
2053,לעולם לא,誠實地,adverbs,0.0
2054,כאוס,無政府,nouns,3.84
2055,חדש,舊,adjectives,0.59
2056,שחר,晚上,nouns,0.97
2057,סבולת,強度,nouns,2.76
2058,גאה,傷心,adjectives,0.25
2059,לטאה,鱷魚,nouns,2.4
2060,הפרה,犯罪,nouns,2.63
2061,רגל,頭,nouns,0.69
2062,ילד,人,nouns,1.91
2063,נסיכה,新娘,nouns,0.93
2064,נוזל,噴嘴,nouns,0.58
2065,לאחרונה,現實地,adverbs,0.42
2066,לתלות,放,verbs,0.96
2067,שיפוע,座位,nouns,0.05
2068,מחלה,癌症,nouns,2.97
2069,לעצור,懷疑,verbs,0.58
2070,להעציב,受傷,verbs,0.73
2071,שמח,快樂,adjectives,5.15
2072,קדוש,珍貴,adjectives,1.64
2073,גג,窗口,nouns,0.92
2074,פנינה,錢,nouns,0.68
2075,לחפש,徘徊,verbs,0.78
2076,מידע,熵,nouns,0.89
2077,מיץ,奶昔,nouns,1.32
2078,קומה,門,nouns,0.68
2079,רגיל,平凡,adjectives,5.3
2080,הסכם,洞,nouns,0.0
2081,לזרוח,發光,verbs,3.83
2082,להרתיח,炒,verbs,1.07
2083,בערך,明顯地,adverbs,0.95
2084,לעשות,戒除,verbs,0.39
2085,רפוי,靈活,adjectives,1.4
2086,מוכר,好,adjectives,0.9
2087,סדין,平面,nouns,0.36
2088,לשלוט,停止,verbs,0.57
2089,שדה תעופה,飛機,nouns,1.02
2090,טרי,舊,adjectives,0.5
2091,שמיכה,大風,nouns,0.4
2092,מעיל,針織套衫,nouns,2.46
2093,אי,公主,nouns,0.3
2094,לחבק,扼殺,verbs,0.39
2095,להתעלם,問,verbs,0.35
2096,עניין,注意,nouns,1.6
2097,טלסקופ,頭腦風暴,nouns,0.04
2098,שותף,傢伙,nouns,2.02
2099,קצב,韻律,nouns,4.7
2100,מיטה,睡房,nouns,1.52
2101,גדול,大規模,adjectives,3.59
2102,אכזר,不公平,adjectives,0.82
2103,נסיבות,情況,nouns,4.88
2104,סיגלית,花朵,nouns,2.97
2105,לקבל,謝絕,verbs,0.45
2106,לשכנע,嘗試,verbs,0.65
2107,מפה,廣場,nouns,0.63
2108,הליום,空氣,nouns,1.27
2109,להכריע,扼殺,verbs,0.47
2110,עץ,原木,nouns,2.68
2111,חלש,辣,adjectives,0.15
2112,קדוש,罪人,nouns,0.49
2113,עצם,肌肉,nouns,0.68
2114,לסגת,吸收,verbs,0.24
2115,ראש,肩,nouns,0.97
2116,שלום,士兵,nouns,0.45
2117,נורא,可悲的是,adverbs,0.55
2118,רופא,醫生,nouns,5.1
2119,מגדל,鐘,nouns,0.68
2120,ילדותי,長大,adjectives,0.55
2121,להרוס,建造,verbs,0.72
2122,יכולת,力量,nouns,2.94
2123,תרומה,給予,nouns,2.8
2124,להבין,知道,verbs,2.54
2125,לכוון,打中,verbs,0.8
2126,פונקציה,編譯器,nouns,1.08
2127,משונה,正常,adjectives,0.59
2128,לנסות,實現,verbs,0.63
2129,לשתף,參與,verbs,0.93
2130,להגן,殺,verbs,0.4
2131,לאבד,煮,verbs,0.04
2132,כדור,手套,nouns,0.59
2133,חולצה,開襟衫,nouns,2.46
2134,אקוסטיקה,聲音,nouns,2.94
2135,וריד,肚,nouns,0.54
2136,להרוס,保留,verbs,0.34
2137,מנהרה,路徑,nouns,1.16
2138,קתדרלה,天花板,nouns,0.45
2139,פשתן,布,nouns,2.5
2140,היגיון,智力,nouns,2.76
2141,באופן מציאותי,理想地,adverbs,0.55
2142,קרב,征服,nouns,1.31
2143,יין,酒,nouns,2.54
2144,לרדוף,說服,verbs,0.39
2145,בעיקר,末期,adverbs,0.04
2146,לנגב,惡化,verbs,0.09
2147,קרח,水,nouns,2.34
2148,דעה,選擇,nouns,1.1
2149,מעוקל,歪斜,adjectives,3.98
2150,נוכחות,門,nouns,0.15
2151,ללמוד,評估,verbs,0.34
2152,תקרה,地板,nouns,0.78
2153,באופן מוזר,不同的,adverbs,0.24
2154,מוות,悲劇,nouns,1.79
2155,יומן,公式,nouns,0.2
2156,נורא,高高興興地,adverbs,0.2
2157,להכחיש,說謊,verbs,0.92
2158,לקרוע,穿,verbs,0.15
2159,כובע,大褸,nouns,0.73
2160,חתול,兔子,nouns,1.47
2161,עורלה,割禮,nouns,1.67
2162,סערה,毯,nouns,0.4
2163,משימה,女人,nouns,0.04
2164,בוודאי,有時,adverbs,0.05
2165,מעלית,汽車,nouns,0.49
2166,בוגר,複雜,adjectives,0.83
2167,מועדון,標識,nouns,0.04
2168,מלח,水,nouns,0.55
2169,ללמד,教育,verbs,3.55
2170,חתול,獅子,nouns,1.87
2171,לעזוב,見面,verbs,0.35
2172,להגיד,校驗,verbs,0.4
2173,ספר,文學,nouns,2.45
2174,מזיק,農藥,nouns,0.96
2175,תולעת משי,毛毛蟲,nouns,2.47
2176,סוסה,馬,nouns,3.42
2177,מדען,護士,nouns,0.29
2178,קולנוע,爆谷,nouns,0.82
2179,מדים,鈎織編織,nouns,0.15
2180,אופנה,風尚,nouns,3.25
2181,נסיך,國王,nouns,2.33
2182,ללא רבב,清潔,adjectives,4.6
2183,שקרן,壞,adjectives,1.04
2184,עצם,膝蓋,nouns,1.21
2185,פשוט,困難,adjectives,0.45
2186,מכונה,引擎,nouns,2.24
2187,לשחרר,按下,verbs,0.54
2188,מילה,報紙,nouns,1.25
2189,לנחם,羞辱,verbs,0.35
2190,מסיבה,面具,nouns,0.58
2191,לחסוך,花费,verbs,0.5
2192,חיטה,穀物,nouns,3.04
2193,יין,威士忌酒,nouns,3.42
2194,שמח,年輕,adjectives,0.39
2195,ללכת,離開,verbs,3.13
2196,כנראה,也許,adverbs,4.05
2197,לאשר,說話,verbs,0.68
2198,לגלות,探索,verbs,2.71
2199,תעופה,飛行,nouns,3.17
2200,חדש,新鮮,adjectives,3.07
2201,אחרת,終末,adverbs,0.15
2202,לחשוב,查詢,verbs,0.69
2203,נמרצות,準確地,adverbs,1.2
2204,בייסבול,沙發,nouns,0.1
2205,לריב,玩,verbs,1.03
2206,מיקרוסקופ,生物學家,nouns,0.92
2207,יריב,對手,nouns,4.73
2208,פיקח,笨,adjectives,0.73
2209,מד,車,nouns,0.4
2210,לברר,想,verbs,0.69
2211,לשתף,參加,verbs,0.69
2212,מידע,書,nouns,1.2
2213,מצחיק,枯燥,adjectives,0.49
2214,חשבון,韻律,nouns,0.1
2215,מחר,今晚,adverbs,0.69
2216,הזמנה,菜單,nouns,1.01
2217,בבהירות,非常,adverbs,0.65
2218,לעגני,輕蔑,adjectives,3.71
2219,ספרה,數,nouns,4.6
2220,דלת,兄弟會,nouns,0.0
2221,פשע,詐騙,nouns,2.47
2222,להסביר,澄清,verbs,3.96
2223,בית דין,正義,nouns,2.42
2224,קולנוע,電視,nouns,2.71
2225,לקבל,同意,verbs,3.4
2226,פאון,演員,nouns,0.88
2227,לחלוטין,真實地,adverbs,0.89
2228,פוסטר,紙,nouns,2.42
2229,גאה,貧窮,adjectives,0.1
2230,בקלות,大致地,adverbs,0.47
2231,רהיט,公寓,nouns,0.68
2232,כבל,巫師,nouns,0.15
2233,לצרוח,尖叫,verbs,4.01
2234,לבחור,想,verbs,0.69
2235,דמעה,眼睛,nouns,1.07
2236,הנהלה,管理,nouns,2.79
2237,רכילות,新聞,nouns,1.56
2238,דלת,大門,nouns,4.92
2239,מכונאי,工人,nouns,1.9
2240,חוף,島,nouns,1.06
2241,לכווץ,減少,verbs,3.05
2242,חמאה,土豆,nouns,0.55
2243,עושר,貧困,nouns,0.64
2244,סופר,小說,nouns,0.97
2245,הכרחי,完全必要,adjectives,5.18
2246,להגיע,走,verbs,0.79
2247,מיץ,牛奶,nouns,1.02
2248,באופן פסיבי,積極地,adverbs,0.29
2249,לשלוח,走,verbs,0.35
2250,קישוט,信封,nouns,0.2
2251,ויכוח,協議,nouns,0.59
2252,בקבוק,罐,nouns,2.13
2253,מעבר,大廳,nouns,0.6
2254,חור,妻子,nouns,0.0
2255,להופיע,成為,verbs,0.18
2256,אישה,毛,nouns,0.2
2257,שוטר,副駕駛,nouns,0.65
2258,שפע,豐富,nouns,3.52
2259,דינוזאור,大象,nouns,0.73
2260,אלגברה,手術,nouns,0.55
2261,ללכת,發送,verbs,0.35
2262,נביא,牧師,nouns,1.18
2263,סגסוגת,鋼,nouns,2.84
2264,גג,天花板,nouns,3.54
2265,בשלווה,混亂,adverbs,0.2
2266,תלותי,缺乏信心,adjectives,0.88
2267,שבוע,週末,nouns,2.26
2268,טיפשי,孩子氣,adjectives,2.17
2269,גשש,射手,nouns,0.15
2270,מתמטיקאי,節目,nouns,0.1
2271,רקע,牆紙,nouns,2.69
2272,צעצוע,立方體,nouns,0.84
2273,באופן אמין,大致,adverbs,0.43
2274,להתחיל,走,verbs,0.15
2275,חוקי,安全,adjectives,0.86
2276,פעולה,代數,nouns,0.55
2277,להעליב,得罪,verbs,3.63
2278,מדהים,脏,adjectives,0.15
2279,להעמיד פנים,講大話,verbs,3.06
2280,חוזה,協議,nouns,4.46
2281,משכורת,錢,nouns,3.75
2282,תמימות דעים,貨幣,nouns,0.6
2283,חום,流感,nouns,1.25
2284,מתכת,鋁,nouns,2.19
2285,שמחה,自豪,nouns,2.18
2286,להשאיר,得到,verbs,0.9
2287,לבהות,瞇,verbs,0.8
2288,לימודים,年級,nouns,1.08
2289,יוצר,作者,nouns,3.77
2290,כאוס,類別,nouns,0.1
2291,לחוב,進入,verbs,0.0
2292,שבועי,每月,adjectives,1.52
2293,אופן,方法,nouns,4.53
2294,מאפין,香芹,nouns,0.45
2295,אישה,牛仔褲,nouns,0.39
2296,אגודל,手,nouns,1.67
2297,שריר,手臂,nouns,0.97
2298,סרטן,疾病,nouns,2.97
2299,מצב,憤怒,nouns,0.63
2300,להסכים,不同意,verbs,0.59
2301,דעה קדומה,沙文主義,nouns,2.89
2302,עתיק,現代,adjectives,0.59
2303,לפגוע,侮辱,verbs,3.63
2304,גיוס כספים,發展,nouns,0.49
2305,להמתין,離開,verbs,0.2
2306,קרמיקה,陶藝,nouns,3.54
2307,תפוח,陽光,nouns,0.0
2308,להחזיק,保持,verbs,3.41
2309,עץ,沖涼,nouns,0.1
2310,פילוסוף,賽跑,nouns,0.09
2311,גדול,巨大,adjectives,4.41
2312,לפגוע,搞到唔開心,verbs,0.73
2313,צנצנת,杯子,nouns,2.19
2314,הומופון,光線電話機,nouns,0.5
2315,בצורה יפה,仁慈地,adverbs,4.32
2316,קוד,符號,nouns,1.66
2317,קשה,强硬,adjectives,3.82
2318,פרווה,女人,nouns,0.2
2319,לאומי,聞名,adjectives,0.6
2320,תות,櫻桃,nouns,2.27
2321,מכונית,廠,nouns,0.45
2322,דוכס,共和國,nouns,0.63
2323,לשחרר,抓住,verbs,0.72
2324,פרה,家牛,nouns,4.0
2325,בהחלט,肯定地,adverbs,5.03
2326,רגיל,奇怪,adjectives,0.55
2327,להתחנן,借,verbs,0.32
2328,לנשום,嗆,verbs,0.86
2329,להיכנס,離開,verbs,0.49
2330,וידוי,否認,nouns,0.57
2331,להבריק,通知,verbs,0.0
2332,סערה,雲,nouns,1.92
2333,שריפה,大災變,nouns,0.64
2334,לחשוב,合理的解釋,verbs,0.7
2335,לחבק,擠壓,verbs,0.55
2336,עצלן,珍貴,adjectives,0.04
2337,תבונה,智力,nouns,4.6
2338,אחוזה,雕塑家,nouns,0.25
2339,לחלוק,同意,verbs,0.59
2340,כתף,頭,nouns,0.97
2341,ארון,衣服,nouns,0.96
2342,שחר,槍,nouns,0.0
2343,מדע,心理學,nouns,1.4
2344,בית,地毯,nouns,0.72
2345,עקשן,蠢,adjectives,0.63
2346,זיהום,疾病,nouns,1.7
2347,מילת מפתח,句法,nouns,0.73
2348,סכנה,威脅,nouns,4.13
2349,חגיגה,儀式,nouns,2.92
2350,בחירה,監獄,nouns,0.35
2351,לעשות,建造,verbs,2.84
2352,להתחתן,訂婚,verbs,2.46
2353,ספירה,球,nouns,3.26
2354,ארוך,短,adjectives,0.64
2355,לנחור,醒覺,verbs,0.45
2356,חשוב,必須,adjectives,3.24
2357,להחזיק,吸收,verbs,0.24
2358,כלכלה,生態系統,nouns,0.64
2359,פרופסור,學生,nouns,0.73
2360,להפסיק,等待,verbs,0.96
2361,פח,金屬,nouns,1.98
2362,להגביל,減少,verbs,1.21
2363,טרי,新,adjectives,3.07
2364,ממתק,蘋果,nouns,0.69
2365,לא בטוח,害怕,adjectives,0.97
2366,הופעה,客串角色,nouns,0.05
2367,תחזית,雲,nouns,0.92
2368,שמיכה,木,nouns,0.15
2369,בערך,可靠地,adverbs,0.43
2370,מורכב,容易,adjectives,0.63
2371,רגיל,冷,adjectives,0.2
2372,להטריח,打稿,verbs,0.65
2373,ברכות,大聲地,adverbs,0.39
2374,ציפור,鷹,nouns,2.83
2375,שריף,警察,nouns,4.07
2376,עקומה,角度,nouns,2.31
2377,כומר,天神,nouns,0.97
2378,חירום,意外,nouns,2.69
2379,חייל,男孩,nouns,1.0
2380,להבטיח,發誓,verbs,4.32
2381,דלת,地窖,nouns,0.54
2382,המולה,喧鬧聲,nouns,4.12
2383,בדיה,傳記,nouns,1.22
2384,להביא,抱怨,verbs,0.0
2385,טייס,警察,nouns,0.65
2386,ארכיבישוף,主教,nouns,3.59
2387,שד,燈,nouns,0.54
2388,מהיר,迅速,adjectives,5.18
2389,אוויוניקה,航空學,nouns,2.68
2390,חוש,直覺,nouns,4.34
2391,באופן לא סדיר,平時,adverbs,0.63
2392,לספוג,减少,verbs,0.29
2393,להודות,否認,verbs,0.55
2394,זנב,後部,nouns,1.16
2395,מלאכותי,假,adjectives,3.48
2396,מחלה,危險,nouns,0.96
2397,להיכשל,成功,verbs,0.5
2398,עצוב,可怕,adjectives,0.79
2399,אננס,手機,nouns,0.0
2400,להסביר,證明,verbs,2.4
2401,פטרוזיליה,瑪芬,nouns,0.45
2402,חתול,狗,nouns,1.07
2403,לקבל,購買,verbs,0.6
2404,לעקל,努力,verbs,0.1
2405,עובד,機器匠,nouns,1.9
2406,ללמוד,吸收,verbs,2.44
2407,לגדל,喝,verbs,0.0
2408,טלפון סלולרי,電話,nouns,4.33
2409,תרנגולת,火雞,nouns,1.89
2410,לשקר,否認,verbs,0.92
2411,שד,天使,nouns,0.79
2412,ספר,故事,nouns,2.6
2413,רעיה,洞,nouns,0.0
2414,זרוע,手腕,nouns,1.31
2415,פרק,選擇,nouns,0.15
2416,פעם אחת,馬上,adverbs,0.29
2417,מטומטם,聰明,adjectives,0.55
2418,ספר,意外,nouns,0.0
2419,תקשורת,偈,nouns,2.55
2420,דובדבן,士多啤梨,nouns,2.27
2421,חוף,小炮艦,nouns,0.65
2422,זהירות,注意,nouns,3.21
2423,לתת,借,verbs,3.78
2424,לתקשר,祈禱,verbs,0.79
2425,הדגמה,起泡,nouns,0.04
2426,ליצור,潛水,verbs,0.15
2427,להקשיב,學習,verbs,0.98
2428,כישלון,破產,nouns,1.29
2429,צריח,教堂,nouns,1.32
2430,להב,草,nouns,0.25
2431,בחשאיות,信心十足地,adverbs,0.45
2432,שיניים,嘴巴,nouns,1.12
2433,אמבטיה,氣球,nouns,0.05
2434,לחקור,發現,verbs,2.71
2435,מילון,定義,nouns,1.35
2436,חוקה,參議院,nouns,0.96
2437,לעזוב,攞,verbs,0.2
2438,גלקסי,應用程式,nouns,0.3
2439,כנראה,積極地,adverbs,1.11
2440,רדיאטור,傳感器,nouns,0.77
2441,לטייל,爬,verbs,1.26
2442,פאי,巧克力,nouns,0.64
2443,מצב,男孩,nouns,0.04
2444,פלילי,不道德,adjectives,2.42
2445,כדור,排球,nouns,2.69
2446,כביש מהיר,路,nouns,3.74
2447,לגרור,電梯,verbs,0.97
2448,בחירה,選舉,nouns,2.58
2449,משרת,奴隸,nouns,4.25
2450,לצרף,混合,verbs,4.01
2451,אחיין,阿姨,nouns,1.24
2452,רצועה,耐力,nouns,0.1
2453,חריף,好,adjectives,0.49
2454,עוזר,老師,nouns,1.03
2455,להקשיב,聽見,verbs,3.9
2456,גבר,女人,nouns,1.12
2457,נחמד,残酷,adjectives,0.4
2458,מעיק,安全,adjectives,0.15
2459,להמר,打賭,verbs,3.4
2460,טרי,寬,adjectives,0.0
2461,ילד,士兵,nouns,1.0
2462,לאשר,通知,verbs,0.97
2463,גאה,膽大,adjectives,1.07
2464,להפתיע,慶祝,verbs,0.7
2465,מבוהל,興奮,adjectives,0.88
2466,אחווה,棒球,nouns,0.39
2467,אגורה,便宜貨,nouns,0.34
2468,מחברת,槍,nouns,0.0
2469,פסגה,側面,nouns,0.47
2470,סירה,甲板,nouns,1.3
2471,צנזורה,自由,nouns,0.55
2472,להיפרד,離開,verbs,3.04
2473,לצחוק,唱,verbs,0.53
2474,זיהום,大氣層,nouns,0.62
2475,לרדוף,嚇,verbs,0.34
2476,אורתודונט,醫生,nouns,2.88
2477,לריב,咬,verbs,0.82
2478,גשם,薄霧,nouns,1.22
2479,למה,音節,nouns,1.16
2480,חשוב,關鍵,adjectives,3.69
2481,רעש,吵鬧,nouns,4.12
2482,להפסיד,保持,verbs,0.39
2483,כרכרה,四輪貨運馬車,nouns,3.84
2484,לדמיין,假扮,verbs,0.59
2485,אומללות,絕望,nouns,3.32
2486,שמחה,運氣,nouns,1.01
2487,בן,父親,nouns,2.0
2488,משרד,工作者,nouns,0.78
2489,רזה,苗條,adjectives,4.76
2490,להוכיח,解釋,verbs,2.4
2491,ניהיליזם,電影,nouns,0.24
2492,מהיר,快,adjectives,5.33
2493,ילד,米飯,nouns,0.24
2494,סכין,槍,nouns,1.85
2495,מלכה,蜜蜂,nouns,0.6
2496,מים,乾旱,nouns,0.35
2497,אדן,山,nouns,0.2
2498,מכונית,船,nouns,1.03
2499,חץ,目標,nouns,1.25
2500,בושה,悲傷,nouns,1.73
2501,שיר,韻律,nouns,1.42
2502,שגרתי,普通,adjectives,5.3
2503,אף,嘴巴,nouns,0.73
2504,צבא,海軍,nouns,3.38
2505,לטאה,蛇,nouns,1.36
2506,מוזר,古怪,adjectives,5.08
2507,להעריץ,敬佩,verbs,4.27
2508,לכאורה,簡直,adverbs,0.71
2509,יוצר,創造者,nouns,4.64
2510,קוסם,電纜,nouns,0.15
2511,להגיע,聚集,verbs,1.07
2512,לא ברור,模糊,adjectives,4.03
2513,באופן אידיאלי,現實地,adverbs,0.55
2514,אלכוהול,白蘭地酒,nouns,3.07
2515,להתארס,結婚,verbs,2.46
2516,נסיכה,國王,nouns,2.04
2517,תלמיד,老師,nouns,1.21
2518,כועס,高興,adjectives,0.78
2519,חדר,床,nouns,0.63
2520,מסגרת,打,nouns,0.14
2521,ים,海灘,nouns,2.38
2522,בזמן האחרון,最近,adverbs,5.67
2523,חוקי,允許,adjectives,3.77
2524,להישאר,離開,verbs,0.55
2525,כלב,貓,nouns,1.07
2526,לקדם,前進,verbs,1.51
2527,דולר,百萬富翁,nouns,0.78
2528,להצהיר,宣告,verbs,3.56
2529,עובדה,證明,nouns,1.35
2530,להימנע,拒絕,verbs,0.73
2531,להודיע,描繪,verbs,0.45
2532,חקלאות,單一耕作,nouns,1.46
2533,אריה,貓,nouns,1.87
2534,מסודר,乾淨,adjectives,3.78
2535,להניח,假扮,verbs,0.28
2536,להודיע,宣布,verbs,4.48
2537,זמר,合唱,nouns,1.21
2538,בליץ,攻擊,nouns,3.19
2539,לכסות,保護,verbs,1.17
2540,תנועה,活動,nouns,2.32
2541,תג,玻璃,nouns,0.29
2542,גס,核突,adjectives,1.11
2543,רוח,天神,nouns,0.55
2544,עדשה,相機,nouns,1.36
2545,שמפניה,啤酒,nouns,2.56
2546,אסון,意外,nouns,3.56
2547,שביל,隧道,nouns,1.16
2548,יהלום,錢,nouns,0.96
2549,פרה,山羊,nouns,1.98
2550,בבגרות,正直地,adverbs,0.39
2551,אלפבית,鋼筆,nouns,0.4
2552,בערך,稍微地,adverbs,0.95
2553,לרצות,借,verbs,0.19
2554,רוחני,無實體,adjectives,1.21
2555,בצורת,水,nouns,0.35
2556,כריך,午飯,nouns,1.26
2557,לרכוש,偷,verbs,0.92
2558,להתווכח,說服,verbs,1.18
2559,חילוניות,宗教,nouns,0.69
2560,קשה,容易,adjectives,0.55
2561,נחש,蜥蜴,nouns,1.36
2562,אנשים,人口,nouns,3.15
2563,שמח,高興,adjectives,5.33
2564,לעזוב,等待,verbs,0.2
2565,להתווכח,同意,verbs,0.52
2566,להחזיק,保持,verbs,2.08
2567,סופר,作曲家,nouns,2.13
2568,מצלמה,鏡片,nouns,1.36
2569,דלת,窗,nouns,1.11
2570,מטרייה,品質,nouns,0.3
2571,רעיון,形象,nouns,0.49
2572,לגנות,指控,verbs,2.61
2573,מסיבה,人們,nouns,1.11
2574,יום הולדת,年,nouns,1.1
2575,אינטליגנציה,無知,nouns,0.49
2576,למות,分化,verbs,0.3
2577,טהור,謙虛,adjectives,0.73
2578,נסיכה,餅乾,nouns,0.0
2579,שיניים,骨頭,nouns,1.8
2580,להתחבק,摟抱,verbs,4.17
2581,עבריין,罪犯,nouns,5.57
2582,צפון,南,nouns,1.39
2583,פול,咖啡,nouns,0.97
2584,מוסיקה,旋律,nouns,3.21
2585,מסודר,亂七八糟,adjectives,0.59
2586,מחלבה,蜜糖,nouns,0.39
2587,וריד,容器,nouns,1.13
2588,אורז,男孩,nouns,0.24
2589,לטגן,煮沸,verbs,1.07
2590,לקבל,失去,verbs,0.45
2591,לרדת,減少,verbs,0.7
2592,בדרך כלל,日常,adverbs,3.49
2593,רגל,手,nouns,1.56
2594,מונית,車,nouns,3.44
2595,תחום,國境,nouns,4.01
2596,זרם,河,nouns,2.54
2597,כבד,大,adjectives,1.07
2598,מכה,陷害,nouns,0.14
2599,לחקות,捕獲,verbs,0.15
2600,כדורסל,棒球,nouns,1.97
2601,ערפל,雲,nouns,2.11
2602,גל,天氣,nouns,0.34
2603,באופן עצמאי,負責可靠地,adverbs,1.39
2604,לדחוף,拉,verbs,0.64
2605,שעועית,煙肉,nouns,0.5
2606,זרוע,身體,nouns,1.16
2607,איחוד,組合,nouns,3.08
2608,עוני,財富,nouns,0.64
2609,גיבור,女英雄,nouns,3.8
2610,מוסר,傳說,nouns,0.2
2611,הססן,憤怒,adjectives,0.73
2612,ללכת,賣,verbs,0.1
2613,כפפה,球,nouns,0.59
2614,בחור,朋友,nouns,1.35
2615,שחקן,教練,nouns,0.65
2616,גדה,海岸,nouns,3.09
2617,מטבח,洗手間,nouns,0.93
2618,סמל,密碼,nouns,1.15
2619,אוגוסט,月,nouns,2.33
2620,באופן ידידותי,不會,adverbs,0.0
2621,קרן,鼓,nouns,0.73
2622,אף,喉嚨,nouns,0.83
2623,בעוצמה,公開地,adverbs,0.53
2624,נחמד,大方,adjectives,1.74
2625,זעיר,矬小,adjectives,4.37
2626,גישה,自信,nouns,0.76
2627,להוסיף,乘,verbs,1.02
2628,ביולוגיה,解剖學,nouns,2.77
2629,מוזיאון,薄荷,nouns,0.24
2630,ציון,學校,nouns,1.08
2631,לקבור,冚住,verbs,2.58
2632,חשוב,正式地,adverbs,0.86
2633,עוף,米飯,nouns,0.78
2634,כתב יד,文章,nouns,2.33
2635,מותר,合法,adjectives,3.77
2636,שכר לימוד,獎學金,nouns,1.02
2637,לשפוט,作證,verbs,0.5
2638,המנון,征服,nouns,0.25
2639,חדשות,社論,nouns,2.37
2640,אי,任務,nouns,0.0
2641,מעלית,盒子,nouns,0.34
2642,להזניח,斷絕父子關係,verbs,0.55
2643,לאחרונה,最近,adverbs,5.67
2644,משימה,島,nouns,0.0
2645,רעש,搖鈴,nouns,2.33
2646,סוף שבוע,種族,nouns,0.05
2647,ננסי,短小,adjectives,4.37
2648,מטוס,直升機,nouns,2.54
2649,מקצב,詩,nouns,1.42
2650,לשרוד,生活,verbs,3.17
2651,לשנוא,批評,verbs,0.53
2652,להקשיב,服從,verbs,3.41
2653,ללכוד,模仿,verbs,0.15
2654,נוירופסיכולוגיה,通靈研究,nouns,0.7
2655,בטבעיות,非自然,adverbs,0.49
2656,מטאור,地心吸力,nouns,0.78
2657,לדעת,理解,verbs,2.54
2658,סעודה,雞,nouns,0.54
2659,אח,靈魂,nouns,0.1
2660,מעולה,瘋狂,adjectives,0.3
2661,לקחת,交付,verbs,1.0
2662,משאית,汽車,nouns,2.63
2663,זנב,章,nouns,0.24
2664,לעיתים רחוקות,經常,adverbs,0.6
2665,תוקפנות,敵意,nouns,3.88
2666,צריף,避難所,nouns,1.13
2667,בערך,粗糙地,adverbs,1.67
2668,תוכנית,食物,nouns,0.25
2669,תמונה,主意,nouns,0.49
2670,מציאה,便士,nouns,0.34
2671,בהרס,和平地,adverbs,0.2
2672,מיטה,沙發,nouns,2.51
2673,בקביעות,偶然,adverbs,0.97
2674,צוואר,脊柱,nouns,1.93
2675,פסל,雕像,nouns,4.28
2676,גינה,軟管,nouns,0.65
2677,למצוא,獲得,verbs,1.92
2678,לציית,聽,verbs,3.41
2679,אזור,地區,nouns,4.45
2680,חליל,音樂,nouns,1.48
2681,מינק,油,nouns,0.2
2682,גמיש,容易,adjectives,1.74
2683,תינוק,成人,nouns,0.88
2684,מולקולה,原子,nouns,2.44
2685,קצב,旋律,nouns,3.33
2686,מובך,幸運,adjectives,0.1
2687,גבינה,麵包,nouns,0.83
2688,אורז,雞,nouns,0.78
2689,גאה,傲慢,adjectives,3.4
2690,תפוח,醬,nouns,0.53
2691,זהה,類似,adjectives,3.54
2692,סופר,禮物,nouns,0.7
2693,ישר,不誠實,adjectives,0.55
2694,אם,爸爸,nouns,2.06
2695,גשר,汽車,nouns,0.54
2696,לב,手術,nouns,0.81
2697,לסרב,接受,verbs,0.45
2698,מתכת,錫,nouns,1.98
2699,מוכר,國民,adjectives,0.6
2700,מתון,適中,adjectives,2.8
2701,אסון,死亡,nouns,1.65
2702,רמז,字,nouns,0.48
2703,להפסיד,得到,verbs,0.45
2704,טנק,汽車,nouns,1.11
2705,לצחוק,哭,verbs,0.49
2706,הצגה,數學家,nouns,0.1
2707,ליקר,世紀,nouns,0.04
2708,ספסל,椅子,nouns,2.98
2709,מטאטא,灰塵,nouns,1.1
2710,לשחוק,褪色,verbs,1.99
2711,רומן,作家,nouns,0.97
2712,מנחה,貢獻,nouns,2.8
2713,ג'נטלמן,女士,nouns,1.01
2714,להקטין,淋透,verbs,0.29
2715,ספרות,詞,nouns,2.02
2716,תיאטרון,電影,nouns,1.99
2717,אישה,男人,nouns,1.12
2718,קבורה,死亡,nouns,2.33
2719,מטבח,門,nouns,0.63
2720,חשוב,真實地,adverbs,0.53
2721,חוזק,耐力,nouns,2.76
2722,לחפש,看,verbs,1.27
2723,יארד,米,nouns,2.64
2724,לילה,白天,nouns,0.64
2725,באופן מקומי,明顯地,adverbs,0.19
2726,מלך,裙帶關係,nouns,0.65
2727,ניטרלי,冷靜,adjectives,1.08
2728,מלוכלך,非常好,adjectives,0.15
2729,מוזיקה,長笛,nouns,1.48
2730,ביהביוריזם,治療,nouns,0.65
2731,יום,晚上,nouns,0.64
2732,לסלוח,明白,verbs,0.78
2733,מכונית,汽車,nouns,5.95
2734,בערך,不耐煩地,adverbs,0.28
2735,חדש,古老,adjectives,0.59
2736,לדעת,相信,verbs,0.68
2737,שקופית,光標,nouns,0.34
2738,להרוויח,收割,verbs,1.78
2739,חקר דגלים,旗,nouns,1.21
2740,דודה,侄子,nouns,1.24
2741,פיתוח,募捐,nouns,0.49
2742,להכחיש,給予,verbs,0.05
2743,הלילה,今天,adverbs,1.11
2744,טרגדיה,死亡,nouns,1.79
2745,בזהירות,安全地,adverbs,2.64
2746,באושר,死氣沈沈的,adverbs,0.2
2747,מכונית,軟管,nouns,0.34
2748,גדול,柔韌,adjectives,0.15
2749,זריחה,日落,nouns,1.32
2750,לשתות,提高,verbs,0.0
2751,לטאה,政府,nouns,0.1
2752,לדעת,忘記,verbs,0.55
2753,לחלוטין,輕微,adverbs,0.45
2754,מרוץ,哲學家,nouns,0.09
2755,לשכוח,提醒,verbs,0.55
2756,להיעלם,收縮,verbs,1.27
2757,לתת,收到,verbs,1.08
2758,זר,翻譯者,nouns,0.43
2759,להרוג,掐死,verbs,3.06
2760,מוח,神經,nouns,0.9
2761,לציית,懲罰,verbs,0.54
2762,להרגיש,相信,verbs,0.89
2763,הוכחה,事實,nouns,1.35
2764,מחשב,磁盘,nouns,1.14
2765,אינטליגנציה,智慧,nouns,4.6
2766,אבן,木,nouns,0.72
2767,להשתתף,合作,verbs,0.93
2768,בת,嬰兒,nouns,2.56
2769,מילון,字,nouns,1.31
2770,לדשדש,騎,verbs,0.4
2771,להתכוון,试着,verbs,0.63
2772,סיפור,書,nouns,2.6
2773,מבצר,壁,nouns,0.83
2774,מסטיק,薄荷,nouns,0.78
2775,חודש,八月,nouns,2.33
2776,בחירה,意見,nouns,1.1
2777,אישה,老公,nouns,1.94
2778,אמבטיה,廚房,nouns,0.93
2779,קבל,二極管,nouns,2.17
2780,להתחזות,似乎,verbs,0.73
2781,שליט,國王,nouns,4.33
2782,סנט,妻子,nouns,0.0
2783,קל,大,adjectives,0.35
2784,לתת,拒絕,verbs,0.05
2785,דם,靜脈,nouns,1.13
2786,אלגנטיות,風格,nouns,1.36
2787,עבודה,任務,nouns,3.49
2788,חשמלי,甜,adjectives,0.0
2789,לבשל,失去,verbs,0.04
2790,לטגן,烘烤,verbs,2.28
2791,להמליץ,建議,verbs,2.85
2792,בינוני,壞,adjectives,0.35
2793,סערה,雪,nouns,1.42
2794,שוטר,政治家,nouns,0.39
2795,טוב,平庸,adjectives,0.69
2796,אקדח,戲法,nouns,0.1
2797,משוגע,極好,adjectives,0.3
2798,זעם,生氣,nouns,4.59
2799,להזהיר,停,verbs,0.54
2800,בשלווה,自豪地,adverbs,0.38
2801,כוח,威力,nouns,4.08
2802,תאריך,生日,nouns,1.75
2803,תוקפני,無禮貌,adjectives,0.64
2804,חסר ביטחון,黏人,adjectives,0.88
2805,כלה,新郎,nouns,2.13
2806,להטות,偏見,verbs,3.53
2807,מעולה,攞命,adjectives,0.49
2808,לפתור,完成,verbs,2.36
2809,חוזה,條件,nouns,1.48
2810,גוף,胸部,nouns,1.67
2811,בעדינות,目前,adverbs,0.18
2812,אירוסין,戒指,nouns,1.69
2813,לחזות,假設,verbs,4.44
2814,תאונה,書,nouns,0.0
2815,מטומטם,傻,adjectives,4.62
2816,לשכוח,知道,verbs,0.55
2817,לעזור,保護,verbs,2.07
2818,למעוד,跌倒,verbs,4.29
2819,סירה,錨,nouns,1.02
2820,נוירוזה,頭腦,nouns,0.82
2821,הכתרה,水,nouns,0.05
2822,מקלדת,光,nouns,0.09
2823,שוביניסט,偏見,nouns,2.89
2824,להציל,毀滅,verbs,0.34
2825,מזג,醫生,nouns,0.18
2826,אסטרטג,陰謀家,nouns,3.06
2827,בטן,睡房,nouns,0.1
2828,מיטה,房間,nouns,0.63
2829,אמבטיה,戲法,nouns,0.04
2830,לרכוש,加入,verbs,0.15
2831,לרצות,慾望,verbs,3.82
2832,בעצב,猛烈地,adverbs,0.55
2833,רגל,沙漠,nouns,0.29
2834,דלת,地板,nouns,0.68
2835,ללכת,進入,verbs,0.67
2836,קר,普通,adjectives,0.2
2837,פיכח,醉酒,adjectives,0.59
2838,תעשייה,商業,nouns,2.32
2839,מסדרון,門,nouns,0.88
2840,אנציקלופדיה,字典,nouns,2.42
2841,לחבוט,捏,verbs,0.57
2842,לא אמין,狡詐,adjectives,2.32
2843,לקרוא,咬,verbs,0.09
2844,ציפורן,頭,nouns,0.39
2845,עצום,小,adjectives,0.55
2846,שיעור,混亂,nouns,0.1
2847,מסך,音系學,nouns,0.15
2848,תוף,喇叭,nouns,0.73
2849,עובד,雇主,nouns,1.02
2850,יד,腳,nouns,1.56
2851,מיומנות,智力,nouns,1.79
2852,צופר,車,nouns,0.74
2853,ביקורתי,無禮貌,adjectives,0.82
2854,יוצא,進來,adjectives,0.6
2855,מותן,一餐,nouns,0.4
2856,להקיא,關閉,verbs,0.05
2857,בשר,血液,nouns,0.88
2858,ייתכן,大概,adverbs,4.05
2859,ספר,聖經,nouns,1.21
2860,ארוך,狹窄,adjectives,1.22
2861,לבקר,討厭,verbs,0.53
2862,בגאווה,謙遜地,adverbs,0.64
2863,בגדים,大褸,nouns,2.18
2864,פחית,瓶子,nouns,2.13
2865,מושב,銀行,nouns,0.05
2866,בדחיפות,迅速地,adverbs,3.46
2867,רך,暴力,adjectives,0.35
2868,צר,寬大,adjectives,0.59
2869,עשב,大麻,nouns,2.59
2870,בשר,三明治,nouns,0.64
2871,מנוע,機器,nouns,2.24
2872,נרגש,受驚,adjectives,0.88
2873,להצטרף,離開,verbs,0.5
2874,נוסחה,日誌,nouns,0.2
2875,סירה,車,nouns,1.03
2876,אלכוהול,葡萄酒,nouns,2.92
2877,בעדינות,大聲地,adverbs,0.24
2878,לגיון,軍隊,nouns,3.13
2879,להחסיר,失去,verbs,2.27
2880,בדרך כלל,異常地,adverbs,0.45
2881,אמונה,印象,nouns,0.72
2882,דרך,方式,nouns,4.53
2883,לעיתים קרובות,不經常,adverbs,0.6
2884,ראש,腳,nouns,0.69
2885,לוחם,男人,nouns,1.4
2886,מושחת,非法,adjectives,2.42
2887,הכחשה,坦白,nouns,0.57
2888,מילה,字典,nouns,1.31
2889,משונה,奇怪,adjectives,4.32
2890,מנזר,沖涼,nouns,0.0
2891,תקשורת,語言,nouns,1.63
2892,סיוף,體操,nouns,0.93
2893,מרוץ,週末,nouns,0.05
2894,סיר,器具,nouns,1.64
2895,זריז,迅速,adjectives,5.33
2896,ארוחת בוקר,晚餐,nouns,2.5
2897,להקה,酒,nouns,0.0
2898,חזק,自豪,adjectives,0.33
2899,סרט,虛無主義,nouns,0.24
2900,מידה,量,nouns,3.77
2901,כשירות,能力,nouns,4.05
2902,מורה,教練,nouns,3.59
2903,משעמם,沈悶,adjectives,4.32
2904,בשקט,被動地,adverbs,0.87
2905,לרצות,娛樂,verbs,0.34
2906,נורא,偉大,adjectives,0.49
2907,בן,父親,nouns,1.68
2908,קהה,尖,adjectives,0.89
2909,צדק,權利,nouns,0.78
2910,קנה סוכר,聯合,nouns,0.25
2911,הודו,鳥,nouns,1.94
2912,מחלה,發炎,nouns,1.7
2913,תאונה,緊急情況,nouns,2.69
2914,סמל,標誌,nouns,4.26
2915,קרסול,窗口,nouns,0.09
2916,בנדיבות,好心地,adverbs,2.98
2917,קפיצה,籬笆,nouns,0.35
2918,ללבוש,撕開,verbs,0.15
2919,לנשל,疏忽,verbs,0.55
2920,רהיט,床,nouns,2.42
2921,לטגן,煮,verbs,1.46
2922,בקלות,明亮地,adverbs,0.54
2923,מפתח,王冠,nouns,0.04
2924,בגסות,大致,adverbs,1.67
2925,רושם,信念,nouns,0.72
2926,מסע,旅行,nouns,4.55
2927,אלון,楓木,nouns,2.5
2928,להשאיל,想要,verbs,0.19
2929,חד,溫和,adjectives,0.45
2930,מהדר,子程序,nouns,1.08
2931,גדול,寬廣,adjectives,2.56
2932,ברידג',卡,nouns,0.7
2933,אישי,私人,adjectives,4.46
2934,מנצח,冠軍,nouns,3.98
2935,חורף,夏天,nouns,0.79
2936,אוזון,大氣層,nouns,3.38
2937,מוטציה,社會生物學,nouns,0.54
2938,תשלום,紙幣,nouns,0.28
2939,לגנוב,獲得,verbs,0.92
2940,סטייק,肉,nouns,3.84
2941,חופש,自由,nouns,5.17
2942,שלב,得分,nouns,0.77
2943,ללמוד,忘記,verbs,0.49
2944,הונאה,犯罪,nouns,2.47
2945,עכבר,貓,nouns,0.89
2946,מסיכה,派對,nouns,0.58
2947,לשון,肌肉,nouns,0.83
2948,חומץ,沙拉,nouns,0.78
2949,קינמון,糖果,nouns,0.78
2950,סטודנט,教授,nouns,0.73
2951,להפציר,請,verbs,0.53
2952,חלון,踝,nouns,0.09
2953,טרף,神,nouns,0.05
2954,ללכת,跛行,verbs,2.07
2955,לשתות,吞,verbs,1.35
2956,הרמוניה,鋼琴,nouns,0.82
2957,מורה,朋友,nouns,0.91
2958,לקבוע,預測,verbs,0.55
2959,פתח,缺口,nouns,3.66
2960,להכחיש,避免,verbs,0.73
2961,נמרצות,高高興興,adverbs,0.76
2962,עורך דין,檢察官,nouns,3.02
2963,תסריטאי,電視,nouns,1.06
2964,מלגה,學費,nouns,1.02
2965,ניטרלי,未定,adjectives,0.96
2966,צוות,歌手,nouns,0.23
2967,להבהיר,說明,verbs,3.96
2968,פגישה,訂婚,nouns,0.9
2969,שעון,裙子,nouns,0.34
2970,תעלול,沖涼,nouns,0.04
2971,לעשות,發生,verbs,0.74
2972,מוגן,乏味,adjectives,0.15
2973,להרוס,殺,verbs,2.04
2974,להיפצע,跌,verbs,0.93
2975,לתאר,決定,verbs,0.2
2976,מקלחת,修道院,nouns,0.0
2977,חדר שינה,單車,nouns,0.15
2978,עיתון,字,nouns,1.25
2979,משכורת,費用,nouns,1.09
2980,רובה,大炮,nouns,2.34
2981,לשכוח,保留,verbs,0.49
2982,יופי,十四行詩,nouns,0.2
2983,באופן שלילי,非自然,adverbs,0.86
2984,סבולת,花朵,nouns,0.04
2985,גאווה,喜悅,nouns,2.18
2986,עץ,船,nouns,0.6
2987,לחם,小麥粉,nouns,1.07
2988,לתאר,通知,verbs,0.45
2989,לחוץ,輕鬆,adjectives,0.68
2990,לחשוב,決定,verbs,0.77
2991,פרח,忍耐力,nouns,0.04
2992,צוואר,手臂,nouns,0.88
2993,צונאמי,海,nouns,1.52
2994,חיסכון,儲蓄者,nouns,1.1
2995,מטוס,大薄片,nouns,0.36
2996,קתדרלה,教堂,nouns,4.78
2997,אבא,家長,nouns,3.25
2998,לשרוק,停,verbs,0.24
2999,עצוב,自豪,adjectives,0.25
3000,להרוג,毀滅,verbs,2.04
3001,ארוחה,煙肉,nouns,0.92
3002,לשחק,搏鬥,verbs,1.03
3003,תאגיד,企業,nouns,3.31
3004,חזק,弱,adjectives,0.55
3005,חיידק,病原,nouns,3.16
