ID,POL,YUE,PoS,score
1,bydło,牛肉,nouns,2.84
2,wisieć,放,verbs,0.56
3,dziecko,成人,nouns,0.28
4,sensor,散熱器,nouns,0.41
5,fasola,米飯,nouns,0.57
6,szczerze,平時,adverbs,0.53
7,neutralny,未定,adjectives,1.42
8,silnik,活塞,nouns,1.36
9,zgadzać się,不同意,verbs,0.09
10,samochód,街,nouns,0.47
11,opowieść,話題,nouns,0.91
12,adidasy,獎章,nouns,0.1
13,sacharoza,醣類,nouns,2.19
14,mężczyzna,父親,nouns,2.47
15,niemoralny,非法,adjectives,2.07
16,wąski,寬大,adjectives,0.09
17,sytuacja,狀況,nouns,5.13
18,kryminalista,犯罪者,nouns,5.38
19,daleko,在家裡,adverbs,0.09
20,bóg,魔鬼,nouns,0.1
21,wyrafinowany,成熟,adjectives,1.02
22,głębia,大小,nouns,0.83
23,opłata,工資,nouns,1.14
24,duży,寬廣,adjectives,2.5
25,przywrócić,修理,verbs,1.69
26,odrzutowiec,飛機,nouns,3.73
27,mięso,牛肉,nouns,3.79
28,maska,派對,nouns,0.39
29,łatwo,舒服地,adverbs,1.6
30,osoba,動物,nouns,0.18
31,skóra,自行車,nouns,0.04
32,bok,下面,nouns,0.38
33,drewno,毯,nouns,0.0
34,biedny,孤獨,adjectives,0.45
35,twardy,强硬,adjectives,3.42
36,rower,睡房,nouns,0.0
37,pudełko,電梯,nouns,0.15
38,wpłynąć,傾向,verbs,3.13
39,broń,頭盔,nouns,1.12
40,przekonanie,花,nouns,0.0
41,przyłączyć się,離開,verbs,0.0
42,hołubić,保持,verbs,0.1
43,dostać,放,verbs,0.0
44,kula,球,nouns,3.16
45,później,從未,adverbs,0.3
46,rękodzieło,傳統,nouns,0.28
47,ściana,裝飾,nouns,0.38
48,niecenzuralny,婚外,adjectives,0.33
49,ratować,毀滅,verbs,0.04
50,inteligencja,邏輯,nouns,2.61
51,wiśnia,士多啤梨,nouns,2.47
52,konwersja,高度,nouns,0.24
53,zadowalać,滿足,verbs,5.04
54,wyrażać,說,verbs,2.98
55,radar,操縱桿,nouns,0.09
56,sprawiedliwość,權利,nouns,0.93
57,stodoła,屋,nouns,0.67
58,liść,幼苗,nouns,0.65
59,przymały,矬小,adjectives,3.51
60,król,統治者,nouns,4.93
61,pozdrawiać,見面,verbs,0.81
62,drzeć,穿,verbs,0.0
63,dysza,流體,nouns,0.14
64,młody,焦躁不安,adjectives,0.45
65,ostrzegać,停,verbs,0.29
66,dzień,晚上,nouns,0.18
67,cent,尺寸,nouns,0.04
68,ściana,城堡,nouns,0.14
69,zawód,學院,nouns,0.04
70,napadać,加劇,verbs,0.49
71,porwać,偷,verbs,1.03
72,wschód słońca,日落,nouns,0.47
73,taksówka,的士,nouns,5.95
74,obciążać,蔑視,verbs,0.1
75,dyskretnie,有禮貌地,adverbs,1.19
76,szklanka,徽章,nouns,0.14
77,nabiał,蜜糖,nouns,0.18
78,pozwalać,贊成,verbs,3.68
79,depresja,谷,nouns,2.02
80,mąka,麵包,nouns,0.62
81,kanapa,床,nouns,3.17
82,miły,残酷,adjectives,0.0
83,film,劇院,nouns,1.54
84,giętki,大,adjectives,0.04
85,kostka,窗口,nouns,0.09
86,dysk,充電器,nouns,0.2
87,brat,姊妹,nouns,1.07
88,razić,瞇,verbs,0.04
89,słuchać,學習,verbs,0.43
90,teoria,化學,nouns,0.54
91,motyw,書,nouns,0.23
92,motel,小旅館,nouns,2.21
93,wanna,氣球,nouns,0.0
94,nalewać,滴,verbs,1.06
95,zaułek,碗,nouns,0.0
96,ceramika,陶藝,nouns,2.89
97,akceptować,收到,verbs,1.22
98,drzwi,門口,nouns,4.11
99,przewodniczący,市長,nouns,2.11
100,niepotrzebny,必須,adjectives,0.04
101,biuro,工作者,nouns,0.33
102,księżniczka,國王,nouns,1.65
103,chór,教堂,nouns,0.82
104,okno,門,nouns,0.86
105,burza,颶風,nouns,2.83
106,piłka,籃子,nouns,0.39
107,stulecie,十年,nouns,0.9
108,przyjaciel,老師,nouns,0.56
109,sztuczny,假,adjectives,3.88
110,kompletnie,輕微,adverbs,0.15
111,szczupły,苗條,adjectives,5.06
112,firma,商業,nouns,4.35
113,inny,正常,adjectives,0.15
114,gromadzić się,出席,verbs,1.18
115,indyk,母雞,nouns,2.69
116,niedawno,現實地,adverbs,0.32
117,pośpieszny,迅速,adjectives,5.08
118,chmura,風暴,nouns,1.22
119,rozumieć,知道,verbs,3.16
120,szosa,車,nouns,0.6
121,zegarek,裙子,nouns,0.14
122,ukazywać,假扮,verbs,0.15
123,sułtan,部,nouns,0.2
124,placek,巧克力,nouns,0.34
125,meteor,地心吸力,nouns,0.43
126,pobieżnie,粗糙地,adverbs,0.93
127,pojawić się,離開,verbs,0.29
128,wada,系統,nouns,0.1
129,aktywnie,準確地,adverbs,0.84
130,miły,大方,adjectives,1.44
131,galaktyka,天文學家,nouns,1.64
132,potrzebujący,無助,adjectives,1.6
133,fakt,洞察力,nouns,1.12
134,ciało,肩,nouns,0.86
135,rytm,詩,nouns,0.67
136,dać,偷,verbs,0.04
137,słup,旗,nouns,0.52
138,pistolet,人,nouns,0.28
139,trząść,攪拌,verbs,1.27
140,kaliber,遮,nouns,0.0
141,wytwórca,創造者,nouns,3.65
142,zaczynać,起源,verbs,3.29
143,szczerze,忠誠地,adverbs,3.44
144,myśleć,沉思,verbs,3.03
145,powiedzieć,表達,verbs,2.98
146,moc,力量,nouns,3.98
147,tajfun,氣旋,nouns,3.69
148,papier,硬紙板,nouns,3.02
149,tłok,發動機,nouns,1.36
150,obniżać,减少,verbs,4.27
151,winda,汽車,nouns,0.09
152,więzienie,選擇,nouns,0.05
153,niedawno,最近,adverbs,5.63
154,książę,共和國,nouns,0.18
155,klawiatura,光,nouns,0.09
156,pistolet,黎明,nouns,0.0
157,monokultura,農業,nouns,1.76
158,zdarzyć się,做,verbs,0.34
159,złapać,追逐,verbs,0.73
160,mężczyzna,女人,nouns,0.42
161,dieta,蘋果,nouns,0.33
162,pobieżnie,明顯地,adverbs,0.65
163,kość,肌肉,nouns,0.23
164,klub,標識,nouns,0.04
165,sączyć,大口地吃,verbs,0.73
166,kwiat,信念,nouns,0.0
167,rozumieć,知道,verbs,3.04
168,arytmetyka,韻律,nouns,0.0
169,winić,推,verbs,0.23
170,honor,敬重,nouns,2.31
171,nieobecność,在场,nouns,0.09
172,kurczak,晚餐,nouns,0.34
173,płyn,噴嘴,nouns,0.14
174,klatka piersiowa,身體,nouns,1.77
175,trunek,世紀,nouns,0.1
176,weryfikować,說,verbs,0.25
177,reżyser,攝影,nouns,1.19
178,sprawiedliwie,不公平,adverbs,0.04
179,ranić,踢,verbs,1.82
180,ciotka,侄子,nouns,1.04
181,redukować,收縮,verbs,3.2
182,atakować,傷害,verbs,2.65
183,wiedzieć,相信,verbs,0.28
184,naturalnie,非自然,adverbs,0.04
185,mężczyzna,嫌疑人,nouns,0.43
186,próbować,實現,verbs,0.38
187,chaotycznie,和平地,adverbs,0.0
188,cząsteczka,原子,nouns,2.83
189,prawdziwie,完美地,adverbs,0.64
190,udowodnić,解釋,verbs,2.3
191,najwyraźniej,明顯地,adverbs,2.08
192,płyta główna,主機板,nouns,3.56
193,informacja,熵,nouns,0.19
194,nihilizm,電影,nouns,0.09
195,artykuł,雜誌,nouns,1.83
196,niszczyć,創建,verbs,0.04
197,niemowlę,女兒,nouns,2.25
198,kapelusz,大褸,nouns,0.38
199,ładowarka,磁盤,nouns,0.2
200,mapa,廣場,nouns,0.18
201,pijany,清醒,adjectives,0.09
202,dodawać,除,verbs,0.36
203,naśladować,捕獲,verbs,0.0
204,zęby,鎚,nouns,0.04
205,aktywnie,高高興興,adverbs,0.71
206,łódź,車,nouns,0.53
207,klucz,鎖,nouns,0.7
208,dumny,膽大,adjectives,1.48
209,stop ,鋼,nouns,2.69
210,strzała,目標,nouns,0.65
211,odkryć,探索,verbs,3.01
212,cel,赢家,nouns,0.28
213,pięknie,優雅地,adverbs,3.33
214,prawo,學校,nouns,0.28
215,miecz,環境,nouns,0.0
216,brać,離開,verbs,0.04
217,zarabiać,值得,verbs,0.64
218,wyrzec się,給,verbs,0.1
219,spokojny,中性,adjectives,1.02
220,kłócić się,玩,verbs,0.18
221,pewny,乏味,adjectives,0.04
222,gryźć,搏鬥,verbs,0.68
223,brzydki,粗糙,adjectives,0.86
224,ranić,攻擊,verbs,2.65
225,nienaturalnie,自然地,adverbs,0.04
226,prorok,牧師,nouns,0.38
227,biologia,群落生境,nouns,0.34
228,odrzucić,接受,verbs,0.18
229,umiejętność,智力,nouns,2.09
230,szuflada,衣服,nouns,0.38
231,winny,誠實,adjectives,0.14
232,dolar,人,nouns,0.0
233,obłąkany,高興,adjectives,0.28
234,zasada,慣例,nouns,2.71
235,karłowaty,短小,adjectives,3.51
236,czysty,一塵不染,adjectives,5.15
237,zachmurzenie,預測,nouns,0.19
238,szczęśliwie,積極地,adverbs,0.71
239,nieśmiały,昂貴,adjectives,0.0
240,przestępstwo,違反,nouns,3.38
241,smutny,可怕,adjectives,0.19
242,zasługiwać,賺,verbs,0.64
243,sznurek,日落,nouns,0.0
244,wojownik,男人,nouns,1.15
245,frustracja,憤怒,nouns,4.37
246,kotwica,船,nouns,0.82
247,twardo,輕輕的,adverbs,0.04
248,wyznanie,否認,nouns,0.38
249,autor,讀者,nouns,0.18
250,czołg,汽車,nouns,0.56
251,poważnie,重要的,adverbs,3.15
252,parada,樂隊,nouns,0.33
253,mężczyzna,叔叔,nouns,1.98
254,łatwy,簡單,adjectives,5.53
255,nawalić,成功,verbs,0.0
256,wampir,蝙蝠,nouns,0.9
257,emocja,心情,nouns,3.59
258,przybywać,離開,verbs,0.0
259,katastrofa,死亡,nouns,1.5
260,ząb,嘴巴,nouns,0.72
261,wysypka,濕疹,nouns,3.31
262,swobodnie,容易地,adverbs,1.6
263,energia,電池,nouns,2.23
264,święto,日曆,nouns,0.82
265,dolina,凹地,nouns,2.02
266,odmawiać,拒絕,verbs,4.0
267,zwykły,難以置信,adjectives,0.05
268,inaczej,終末,adverbs,0.34
269,dziwny,普通,adjectives,0.04
270,cudzoziemiec,異族,nouns,4.58
271,atom,碳,nouns,1.33
272,mieszkanie,屋,nouns,4.49
273,praca,任務,nouns,3.09
274,mit,諷刺,nouns,1.18
275,informować,通知,verbs,5.58
276,odgrzewać,預熱,verbs,1.98
277,młotek,牙,nouns,0.04
278,wirus,血液,nouns,0.53
279,znany,好,adjectives,0.55
280,konieczny,重要,adjectives,3.69
281,tekst,書,nouns,1.5
282,ogłaszać,宣布,verbs,4.18
283,klejący,脏,adjectives,1.13
284,cyfra,細胞質,nouns,0.0
285,miły,開朗,adjectives,3.13
286,symbol,密碼,nouns,1.46
287,stracić,減去,verbs,1.97
288,pęcherz,插圖,nouns,0.04
289,burmistrz,首領,nouns,2.11
290,hymn,稻草,nouns,0.18
291,uszczypnąć,用拳猛擊,verbs,0.42
292,ostatnio,最近,adverbs,5.63
293,kłócić się,同意,verbs,0.0
294,telewizja,編劇,nouns,0.46
295,ofiara,電話,nouns,0.04
296,zbierać,獲得,verbs,1.44
297,chłopiec,米飯,nouns,0.04
298,obłąkany,開心,adjectives,0.5
299,zadanie,女人,nouns,0.04
300,smukły,瘦,adjectives,5.06
301,truskawka,櫻桃,nouns,2.47
302,pochówek,死亡,nouns,1.88
303,krokodyl,蜥蜴,nouns,1.65
304,świat,地球,nouns,4.29
305,ksiądz,預言家,nouns,0.38
306,polityk,總統,nouns,3.54
307,nienawidzić,批評,verbs,1.08
308,krowa,山羊,nouns,1.69
309,ukraść,獲得,verbs,0.63
310,niezły,平庸,adjectives,0.19
311,badać,調查,verbs,3.74
312,zadanie,工作,nouns,3.09
313,książka,主題,nouns,0.23
314,słoik,杯子,nouns,1.79
315,przysięgać,承諾,verbs,4.07
316,powóz,汽車,nouns,1.89
317,ignorować,問,verbs,0.0
318,dinozaur,大象,nouns,0.43
319,informacja,報紙,nouns,2.12
320,esej,功課,nouns,2.06
321,nawalić,使氣餒,verbs,0.18
322,wspinać się,遠足,verbs,0.86
323,rzeka,大海,nouns,1.79
324,radzić,建議,verbs,4.68
325,zadanie,高速公路,nouns,0.05
326,prosto,看來,adverbs,0.96
327,tłum ,遊行,nouns,1.54
328,gorączka,疾病,nouns,1.88
329,motyl,玫瑰,nouns,0.15
330,atak,犯罪,nouns,1.46
331,satyra,神話,nouns,1.18
332,bankructwo,失敗,nouns,1.75
333,upaść,傷害,verbs,0.33
334,więzienie,酒吧,nouns,0.2
335,bystry,醒目,adjectives,4.68
336,baseball,沙發,nouns,0.0
337,chleb,芝士,nouns,0.33
338,myśleć,嘗試,verbs,0.61
339,wesoły,開心,adjectives,4.8
340,temat ,故事,nouns,0.91
341,świetny,壞,adjectives,0.04
342,szeroki,窄小,adjectives,0.09
343,rak,疾病,nouns,3.82
344,ciało,手臂,nouns,1.16
345,słodki,電動,adjectives,0.0
346,zniknąć,消失,verbs,4.57
347,stracić,得到,verbs,0.04
348,bronchit,對乙酰氨基酚,nouns,0.25
349,pić,提高,verbs,0.1
350,pogorszyć się,抹,verbs,0.29
351,posiadłość,雕塑家,nouns,0.0
352,gwiazda,行星,nouns,2.0
353,obecnie,微妙地,adverbs,0.18
354,inteligencja,技巧,nouns,2.09
355,wybrzeże,海灘,nouns,3.56
356,samolot,機場,nouns,0.87
357,kapelusz,盒子,nouns,0.1
358,miesiąc,八月,nouns,2.28
359,podejrzany,男人,nouns,0.43
360,wycieczka,旅程,nouns,5.05
361,odchodzić,見面,verbs,0.0
362,czysty,亂,adjectives,0.09
363,płaszcz,衣服,nouns,2.48
364,ściana,磚,nouns,0.76
365,marzenie,天空,nouns,0.0
366,radzić,推介,verbs,3.2
367,dziecko,男孩子,nouns,2.93
368,bierny,暴力,adjectives,0.04
369,małpa,参加競選,nouns,0.09
370,anatomia,生物學,nouns,2.42
371,zaprzeczać,避免,verbs,0.34
372,miotła,灰塵,nouns,0.56
373,przerobić,更改,verbs,3.74
374,środowisko,劍,nouns,0.0
375,ostry,溫和,adjectives,0.0
376,zwyczajny,冷,adjectives,0.0
377,łatwowierny,蠢,adjectives,1.75
378,pudełko,帽子,nouns,0.1
379,smutno,感情上,adverbs,0.77
380,znacząco,正式地,adverbs,1.21
381,cielę,公牛,nouns,2.68
382,zabawka,立方體,nouns,0.14
383,pierścień,訂婚,nouns,0.98
384,optymistycznie,可能,adverbs,0.73
385,ostry,鈍,adjectives,0.09
386,babeczka,香芹,nouns,0.04
387,dysk,電腦,nouns,1.29
388,luźny,靈活,adjectives,1.29
389,arogancki,自豪,adjectives,2.65
390,odchodzić,等待,verbs,0.0
391,wyspa,半島,nouns,1.59
392,drzewo,楓樹,nouns,3.53
393,pewnie,有時,adverbs,0.0
394,duży,國民,adjectives,0.0
395,holować,電梯,verbs,0.92
396,służący,奴隸,nouns,3.7
397,kobieta,妻子,nouns,2.24
398,okrutny,不公平,adjectives,1.17
399,błagać,懇求,verbs,4.03
400,niegrzeczny,粗糙,adjectives,0.63
401,flet,音樂,nouns,1.13
402,ksiądz,僧侶,nouns,2.84
403,nieuczciwy,真實,adjectives,0.04
404,meble,公寓,nouns,0.48
405,modlić się,問,verbs,0.23
406,lampa,精靈,nouns,0.39
407,uczciwie,真誠地,adverbs,4.58
408,pojazd,巴士,nouns,2.79
409,niegrzeczny,噪,adjectives,0.73
410,żołądek,課程,nouns,0.0
411,dziecko,女孩,nouns,1.78
412,wujek,男人,nouns,1.98
413,zasłona,竿,nouns,0.14
414,szczęście,和平,nouns,2.37
415,iść,開始,verbs,0.0
416,irytować,對抗,verbs,0.33
417,mężczyźni,兄弟會,nouns,1.55
418,pocieszać,羞辱,verbs,0.0
419,bogactwo,名譽,nouns,0.62
420,tytoń,香煙,nouns,3.22
421,podłoga,屋頂,nouns,0.43
422,katedra,天花板,nouns,0.29
423,róg,鼓,nouns,0.53
424,powiesić,殺,verbs,2.58
425,spódnica,手錶,nouns,0.14
426,pojmać,模仿,verbs,0.0
427,robótka szydełkowa,制服,nouns,0.0
428,giętki,有彈性,adjectives,4.74
429,dżojstik,雷達,nouns,0.09
430,hardy,狡猾,adjectives,0.65
431,drukować,無視,verbs,0.0
432,społeczeństwo,文化,nouns,1.02
433,delta,海,nouns,0.77
434,dowiadywać się,需要,verbs,0.24
435,pewność siebie,自己,nouns,0.77
436,infekcja,感染,nouns,3.04
437,wycofywać się,離開,verbs,3.7
438,bateria,能量,nouns,2.23
439,dach,地板,nouns,0.43
440,drzwi,廚房,nouns,0.28
441,brat,兒子,nouns,0.86
442,tulić,擁抱,verbs,5.02
443,współbieżność,貨幣,nouns,0.0
444,dach,窗口,nouns,0.47
445,oponent,對手,nouns,5.28
446,usta,鼻子,nouns,0.43
447,szczęscie,悲傷,nouns,0.09
448,błyskotliwy,棒,adjectives,3.4
449,księżniczka,新娘,nouns,0.43
450,przyjazny,不會,adjectives,0.05
451,chwytać,攞,verbs,2.36
452,rozumieć,滿足,verbs,0.15
453,skłonność,意見,nouns,0.24
454,towarzysz,夥伴,nouns,3.84
455,marynarka,島,nouns,0.05
456,jawny,未公開,adjectives,0.09
457,pistolet,軍士,nouns,0.38
458,kolano,手臂,nouns,0.48
459,palec,手掌,nouns,1.48
460,sól,水,nouns,0.3
461,drzwi,窗,nouns,0.86
462,południe,北,nouns,0.73
463,udusić,擁抱,verbs,0.04
464,kot,獅子,nouns,2.12
465,zachować,保護,verbs,1.13
466,ruchomy,靈活,adjectives,2.11
467,białko,柄,nouns,0.04
468,księżniczka,島,nouns,0.0
469,student,老師,nouns,0.56
470,przyjaciel,母親,nouns,0.43
471,dziwaczny,正常,adjectives,0.09
472,narzekać,拗撬,verbs,0.84
473,wujek,表哥,nouns,1.38
474,burza,雪,nouns,0.81
475,ważny,關鍵,adjectives,4.79
476,zyskać,收割,verbs,1.44
477,opera,電影,nouns,2.02
478,wykonalny,不可能,adjectives,0.09
479,niewinny,自由,adjectives,0.55
480,melodia,節奏,nouns,2.74
481,metal,鋁,nouns,2.29
482,mięsień,手臂,nouns,0.93
483,matka,監護人,nouns,3.15
484,wymieszać,喝,verbs,0.1
485,bezpiecznie,小心地,adverbs,3.44
486,brew,眼睛,nouns,0.57
487,podbój,聖歌,nouns,0.0
488,płuco,肝,nouns,0.73
489,odejmować,失去,verbs,1.97
490,fasola,煙肉,nouns,0.2
491,szukać,徘徊,verbs,0.83
492,nauczyciel,學生,nouns,0.56
493,zasadniczo,充分,adverbs,0.96
494,zupełnie,基本上,adverbs,0.96
495,obcokrajowiec,翻譯者,nouns,0.34
496,zniechęcać,失敗,verbs,0.18
497,usposobienie,醫生,nouns,0.18
498,współczesny,古老,adjectives,0.09
499,ubrania,衣櫃,nouns,0.46
500,metr,碼,nouns,2.29
501,konwersacja,溝通,nouns,2.95
502,snowboard,滑雪,nouns,1.31
503,nerwowy,某些,adjectives,0.04
504,masło,土豆,nouns,0.24
505,pomagać,問,verbs,0.0
506,rakieta,球,nouns,0.46
507,miska,碟,nouns,2.73
508,pokrętny,靠不住的,adjectives,2.32
509,trzewia,神經,nouns,0.39
510,wymagać,查詢,verbs,0.24
511,braterstwo,棒球,nouns,0.14
512,strona,詞,nouns,0.63
513,ogród,軟管,nouns,0.29
514,nadzwyczajnie,奇怪地,adverbs,2.34
515,udawać,描繪,verbs,0.15
516,noga,手臂,nouns,0.53
517,biografia,小說,nouns,0.97
518,ogon,碗,nouns,0.0
519,święty,罪人,nouns,0.04
520,kibic,蟋蟀,nouns,0.24
521,zakładać,預測,verbs,4.07
522,praca domowa,文章,nouns,2.06
523,prawnik,銀行家,nouns,1.06
524,pieniądze,現金,nouns,5.34
525,perła,錢,nouns,0.33
526,kamera,續集,nouns,0.04
527,spotykać,游泳,verbs,0.04
528,zabić,防守,verbs,0.15
529,podłoga,門,nouns,0.38
530,rok,生日,nouns,0.8
531,biznes,公司,nouns,4.35
532,sufiks,詞綴,nouns,0.98
533,klasztor,沖涼,nouns,0.0
534,galaktyka,應用程式,nouns,0.0
535,skromny,謙遜,adjectives,4.63
536,nieużywany,新,adjectives,4.83
537,głośno,猛烈地,adverbs,1.17
538,orkiestra,樂隊,nouns,3.67
539,jaszczurka,蛇,nouns,0.71
540,przytulić,扼殺,verbs,0.04
541,tłumacz,外國人,nouns,0.34
542,krytyczny,無禮貌,adjectives,0.62
543,przestrzegać,懲罰,verbs,0.54
544,drzewo,船,nouns,0.15
545,słoń,指南針,nouns,0.04
546,wizerunek,主意,nouns,0.04
547,kierownictwo,工作,nouns,0.72
548,senat,憲法,nouns,0.91
549,pytać,幫忙,verbs,0.0
550,otwarcie,大規模,adverbs,0.38
551,słaby,強大,adjectives,0.04
552,piłka nożna,有趣,nouns,0.78
553,mechanicznie,理想地,adverbs,0.48
554,pora roku,冬天,nouns,2.98
555,dumnie,謙遜地,adverbs,0.24
556,filiżanka,錐形蛋筒,nouns,0.04
557,ludzie,槍,nouns,0.28
558,lokalnie,明顯地,adverbs,0.09
559,marginalnie,十足地,adverbs,0.15
560,żona,沖涼,nouns,0.04
561,słowo,頁,nouns,0.63
562,słoma,任務,nouns,0.0
563,neutralny,冷靜,adjectives,1.02
564,zimny,普通,adjectives,0.0
565,wiązać,編織,verbs,1.29
566,kobieta,牛仔褲,nouns,0.09
567,przywrócić,帶來,verbs,0.98
568,słownik,百科全書,nouns,2.23
569,adwokat,律師,nouns,4.47
570,wieżowiec,宮殿,nouns,0.64
571,menadżer,領導,nouns,3.55
572,szermierka,體操,nouns,0.68
573,źródło,盒子,nouns,0.04
574,kongres,議會,nouns,2.83
575,biedny,自豪,adjectives,0.1
576,mówić,承認,verbs,0.53
577,parlament,國會,nouns,2.83
578,opinia,偏壓,nouns,0.24
579,okazja,便士,nouns,0.14
580,nigdy,慷慨地,adverbs,0.04
581,odpowiedzialnie,獨立地,adverbs,1.04
582,pogardliwy,輕蔑,adjectives,3.71
583,prosty,彎曲,adjectives,0.14
584,sok,蘋果,nouns,0.67
585,warunek,協議,nouns,1.58
586,dzień,黎明,nouns,2.27
587,czasem,一致地,adverbs,0.04
588,rzadko,平時,adverbs,0.1
589,powietrze,分子,nouns,0.77
590,dom,地毯,nouns,0.33
591,zastępstwo,交換,nouns,3.59
592,kreatywny,創新,adjectives,4.28
593,nabyć,搵到,verbs,2.08
594,szczerze,認真地,adverbs,2.54
595,fałszywy,真實,adjectives,0.14
596,próbować,成功,verbs,0.14
597,pielęgniarka,科學家,nouns,0.04
598,gardło,鼻子,nouns,0.53
599,futro,女人,nouns,0.0
600,mnożyć,加,verbs,0.46
601,ptak,火雞,nouns,2.64
602,niewolnik,僕人,nouns,3.7
603,poważnie,真誠地,adverbs,2.54
604,niemądry,笨,adjectives,4.71
605,piłka nożna,英式足球,nouns,5.29
606,wybór,靜脈,nouns,0.04
607,ustalać,需要,verbs,0.34
608,pożyczać,賣,verbs,0.04
609,teatr,電影,nouns,1.54
610,teoria,假設,nouns,3.83
611,deszcz,薄霧,nouns,0.82
612,pogoda,雲,nouns,0.72
613,urodziny,年,nouns,0.8
614,edukować,學習,verbs,3.65
615,formuła,等式,nouns,3.47
616,ruszać,編織,verbs,0.0
617,stanowczo,冷靜地,adverbs,0.76
618,oczywiście,本地,adverbs,0.09
619,nabyć,加入,verbs,0.1
620,własna osoba,自信,nouns,0.77
621,gardło,舌頭,nouns,0.95
622,praca,工具,nouns,0.48
623,iglica,教堂,nouns,0.57
624,zespół,遊行,nouns,0.33
625,konieczny,不需要,adjectives,0.04
626,ganić,需求,verbs,0.7
627,zgadzać się,拗撬,verbs,0.0
628,naciskać,放開,verbs,0.09
629,łóżko,沙發,nouns,3.17
630,wskaźnik,幻灯片,nouns,0.14
631,karton,紙,nouns,3.02
632,śnieg,天氣,nouns,0.38
633,kamień,木,nouns,0.42
634,planeta,月亮,nouns,2.02
635,stopa,沙漠,nouns,0.04
636,głęboko,大多,adverbs,0.41
637,prezydent,相機,nouns,0.0
638,słońce,天空,nouns,1.1
639,szczęśliwy,高興,adjectives,5.03
640,balon,沖涼,nouns,0.0
641,bronić,殺,verbs,0.15
642,regularny,無知,adjectives,0.04
643,indyk,鳥,nouns,2.64
644,rolnictwo,植物,nouns,0.66
645,kontynuacja,相機,nouns,0.04
646,zmierzch,傍晚,nouns,4.71
647,węgiel,木炭,nouns,3.63
648,silnie,正式,adverbs,0.67
649,posiąść,攞,verbs,2.51
650,ratować,救援,verbs,5.48
651,robotnik,相機,nouns,0.33
652,pracownik,僱主,nouns,0.68
653,hojny,友善,adjectives,1.64
654,zawstydzony,謙虛,adjectives,0.83
655,muzyka,旋律,nouns,3.36
656,liść,樹,nouns,0.71
657,obszar,地帶,nouns,4.7
658,niemądry,孩子氣,adjectives,2.33
659,kino,爆谷,nouns,0.52
660,ukazywać,模仿,verbs,0.6
661,opowieść,書,nouns,2.75
662,tępy,蠢,adjectives,5.38
663,żołądek,身體,nouns,1.68
664,most,汽車,nouns,0.14
665,hol,走廊,nouns,4.75
666,dusza,兄弟,nouns,0.15
667,owca,牛,nouns,1.6
668,tłumić,宣佈放棄,verbs,0.94
669,opiekun,成人,nouns,2.87
670,mechanik,工人,nouns,2.06
671,kwestarz,事件,nouns,0.58
672,przeciwnik,對手,nouns,5.28
673,przytulić,保持,verbs,0.5
674,kaplica,尖頂,nouns,0.57
675,gimnastyka,擊劍,nouns,0.68
676,tępy,稀罕,adjectives,0.14
677,długi,短,adjectives,0.14
678,olej,貂,nouns,0.04
679,wystraszony,興奮,adjectives,0.43
680,dżin,燈,nouns,0.39
681,notatka,作業,nouns,0.53
682,chronić,幫助,verbs,2.62
683,kampus,大學,nouns,2.83
684,tenis,統計資料,nouns,0.05
685,zaprzeczać,給予,verbs,0.0
686,jechać,停,verbs,0.04
687,zapominać,無視,verbs,1.93
688,rząd,蜥蜴,nouns,0.04
689,płot,跳躍,nouns,0.1
690,chronić,冚住,verbs,1.42
691,niegrzeczny,批評,adjectives,0.62
692,mnóstwo,豐富,nouns,4.07
693,w domu,在別處,adverbs,0.09
694,piękno,十四行詩,nouns,0.1
695,nabyć,取得,verbs,4.47
696,mrówka,蒼蠅,nouns,1.01
697,parada,人群,nouns,1.54
698,giętki,謙虛,adjectives,0.14
699,mięso,三明治,nouns,0.09
700,piosenkarz,合唱,nouns,0.46
701,samolot,噴射機,nouns,3.73
702,absorbować,退出,verbs,0.04
703,pieniądze,鑽石,nouns,0.66
704,wybierać,選擇,verbs,4.88
705,zupa,晚餐,nouns,1.39
706,walnąć,捏,verbs,0.42
707,prawdopodobnie,也許,adverbs,4.25
708,aparat,鏡片,nouns,0.71
709,bystry,笨,adjectives,0.04
710,klacz,馬,nouns,3.33
711,len,布,nouns,3.56
712,nepotyzm,國王,nouns,0.39
713,rutynowo,一般,adverbs,3.71
714,ser,麵包,nouns,0.33
715,ramię,手腕,nouns,0.86
716,mianowanie,訂婚,nouns,1.0
717,żyła,選擇,nouns,0.04
718,lawina,雪,nouns,2.23
719,lemma,音節,nouns,0.6
720,notatka,付款,nouns,0.28
721,muzeum,薄荷,nouns,0.1
722,przebiegły,奇怪,adjectives,0.41
723,facet,女孩,nouns,0.32
724,teatr,電池,nouns,0.09
725,ogon,懸崖,nouns,0.04
726,dumny,貧窮,adjectives,0.1
727,pasywnie,可靠地,adverbs,0.1
728,pochować,死,verbs,1.15
729,gospoda,汽車旅館,nouns,2.21
730,szczęśliwy,嬲,adjectives,0.18
731,manuskrypt,文章,nouns,1.73
732,dziwny,怪誕,adjectives,4.43
733,zwięrzę domowe,貓,nouns,2.96
734,rezygnować,開始,verbs,0.04
735,dać,收到,verbs,0.38
736,chłopiec,小孩,nouns,2.93
737,biegać,騎,verbs,0.19
738,negocjacja,外交,nouns,2.38
739,piosenka ,歌謠,nouns,3.98
740,deszcz,毛毛雨,nouns,3.93
741,miasto,城鎮,nouns,3.63
742,ręka,拇指,nouns,1.52
743,plotka,新聞,nouns,1.3
744,papier,海報,nouns,1.98
745,krytycznie,實質上,adverbs,0.78
746,przybywać,出席,verbs,2.46
747,polegać,失敗,verbs,0.04
748,żona,洞,nouns,0.0
749,atmosfera,污染,nouns,0.52
750,wektor,矩陣,nouns,0.53
751,tępy,尖,adjectives,0.09
752,kurczak,牛扒,nouns,0.45
753,dać,斷絕父子關係,verbs,0.1
754,okno,屋頂,nouns,0.47
755,hojny,善良,adjectives,1.44
756,dolina,峽谷,nouns,3.78
757,kamea,性能,nouns,0.15
758,obszar,角,nouns,0.29
759,szczerze,誠實地,adverbs,4.58
760,kura,火雞,nouns,2.69
761,głowa,鼻子,nouns,0.54
762,jagnię,羊,nouns,3.87
763,aparat,總統,nouns,0.0
764,koń,母馬,nouns,3.33
765,dać,拒絕,verbs,0.0
766,nawiedzać,嚇,verbs,0.6
767,gniew,心情,nouns,0.97
768,wydarzyć się,發生,verbs,3.27
769,dumnie,和平地,adverbs,0.28
770,wołowina,家牛,nouns,2.84
771,rytm,旋律,nouns,2.74
772,kolano,骨頭,nouns,1.16
773,oczywiście,大致,adverbs,0.65
774,antropologia,考古學,nouns,1.93
775,chcieć,選擇,verbs,0.79
776,radość,自豪,nouns,1.93
777,przytulić,摟抱,verbs,5.02
778,spekulować,打賭,verbs,3.3
779,ciało,脊柱,nouns,0.68
780,świt,白天,nouns,2.27
781,światło słoneczne,蘋果,nouns,0.05
782,unia,總數,nouns,0.53
783,normalnie,日常,adverbs,2.49
784,kłamać,指控,verbs,0.09
785,podobny,相像,adjectives,3.15
786,stal,合金,nouns,2.69
787,piwo,飲品,nouns,2.63
788,kolacja,餐,nouns,3.25
789,drzewo,葉,nouns,0.71
790,podłoga,天花板,nouns,0.23
791,stary,新,adjectives,0.09
792,trunek,紅酒,nouns,3.39
793,ostrożnie,安全地,adverbs,3.44
794,swoboda,審查,nouns,0.04
795,niebieski,紅色,adjectives,0.09
796,autobus,車輛,nouns,2.79
797,wizja,知覺,nouns,1.45
798,atmosfera,臭氧,nouns,2.78
799,winny,壞,adjectives,1.27
800,śpieszyć się,趕,verbs,4.72
801,mieszać,混合,verbs,4.03
802,automobil,汽車,nouns,5.7
803,taksówka,巴士,nouns,1.92
804,właściwy,正式,adjectives,3.39
805,sufit,大教堂,nouns,0.29
806,analizować,比較,verbs,3.78
807,konwencja,規則,nouns,2.71
808,sylaba,詞元,nouns,0.6
809,dowiadywać się,想,verbs,0.29
810,przebiegły,堅固,adjectives,0.65
811,wyparcie,坦白,nouns,0.38
812,bęben,吉他,nouns,0.81
813,twórca,製作者,nouns,3.65
814,prawnik,大狀,nouns,4.47
815,oczywiście,肯定地,adverbs,4.15
816,rama,打,nouns,0.14
817,kot,寵物,nouns,2.96
818,bezpiecznie,高高興興地,adverbs,1.31
819,dać,放,verbs,0.52
820,cyfra,數,nouns,4.3
821,redukować,淋透,verbs,0.04
822,policjant,政治家,nouns,0.1
823,skończyć,休會,verbs,0.15
824,uciec,搵到,verbs,0.0
825,odgraniczenie,國境,nouns,3.56
826,stracić,煮,verbs,0.04
827,uznawać,通知,verbs,0.48
828,uczęszczać,發送,verbs,0.09
829,mgiełka,雨,nouns,0.82
830,opłynięcie,行李,nouns,0.23
831,wyspa,海軍,nouns,0.05
832,fałszywy,人造,adjectives,3.88
833,koc,大風,nouns,0.0
834,klakson,車,nouns,0.19
835,zrelaksowany,強調,adjectives,0.18
836,filiżanka,匙羹,nouns,0.7
837,księżniczka,餅乾,nouns,0.0
838,dwukrotnie,多,adverbs,0.49
839,odchodzić,撤退,verbs,3.7
840,wypadek,緊急情況,nouns,2.99
841,ubrania,抽屜,nouns,0.38
842,pogoda,雪,nouns,0.38
843,okoliczność,情況,nouns,5.13
844,film,電影,nouns,4.57
845,stopa,手,nouns,1.26
846,wielce,明亮地,adverbs,0.75
847,wiersz,韻律,nouns,0.67
848,katedra,教堂,nouns,4.68
849,pszczoła,女王,nouns,0.35
850,porozumienie,洞,nouns,0.0
851,sufit,屋頂,nouns,2.74
852,przeważnie,深深地,adverbs,0.41
853,zestresowany,輕鬆,adjectives,0.18
854,kwiat,灌木,nouns,1.46
855,idealnie,現實地,adverbs,0.49
856,siostrzeniec,阿姨,nouns,1.04
857,kolacja,雞,nouns,0.34
858,budzić się,打鼻鼾,verbs,0.05
859,znacząco,認真地,adverbs,3.15
860,tło,牆紙,nouns,2.69
861,telewizja,演員,nouns,0.85
862,łąka,草原,nouns,4.08
863,wymiana,替換,nouns,3.59
864,futro,貂,nouns,0.82
865,gotować,混合,verbs,0.38
866,usta,牙齒,nouns,0.72
867,smutno,猛烈地,adverbs,0.04
868,budynek,房間,nouns,0.58
869,śnieg,雪崩,nouns,2.23
870,pomysł,方案,nouns,3.49
871,lubić,討厭,verbs,0.09
872,monarchia,民主,nouns,0.3
873,niebezpieczeństwo,疾病,nouns,0.52
874,stek,雞,nouns,0.45
875,cicho,大聲地,adverbs,0.14
876,mężczyzna,武士,nouns,1.15
877,opłata,紙幣,nouns,0.28
878,dostać,購買,verbs,0.1
879,krzesło,望遠鏡,nouns,0.04
880,sprawiedliwość,法庭,nouns,2.32
881,klif,尾巴,nouns,0.04
882,motor,引擎,nouns,4.42
883,marginalnie,大致,adverbs,1.05
884,odchodzić,參加,verbs,0.0
885,tłumaczyć,證明,verbs,2.3
886,drzwi,鐘,nouns,0.38
887,lotnisko,片,nouns,0.0
888,pensja,費用,nouns,1.14
889,wydawać się,變成,verbs,0.61
890,naturalnie,悄悄地,adverbs,0.28
891,jezioro,雲,nouns,0.38
892,stół,日落,nouns,0.0
893,sierpień,月,nouns,2.28
894,dać,保持,verbs,0.19
895,ramię,樹枝,nouns,0.1
896,kompetencja,能力,nouns,3.79
897,sekularysta,宗教,nouns,0.09
898,powiedzieć,參與,verbs,0.0
899,płakać,哭泣,verbs,5.23
900,zdolność,才能,nouns,3.79
901,dyskretnie,明顯地,adverbs,0.04
902,destrukcja,建造,nouns,0.14
903,uczestniczyć,說,verbs,0.0
904,wichura,毯,nouns,0.0
905,nieprawdopodobny,友好,adjectives,0.05
906,wyrzec się,疏忽,verbs,0.65
907,szeroki,狹窄,adjectives,0.14
908,dzwon,門,nouns,0.38
909,węgiel drzewny,煤,nouns,3.63
910,po,之前,adverbs,0.24
911,zwykły,奇怪,adjectives,0.04
912,łódź,電動機,nouns,0.39
913,różnica,剩餘,nouns,2.17
914,plaża,海滨,nouns,3.17
915,umiejętność,才能,nouns,4.0
916,zgadzać się,不同,verbs,0.04
917,zatrzymywać,哨,verbs,0.18
918,śmieszny,枯燥,adjectives,0.04
919,siła,耐力,nouns,2.71
920,dolar,百萬富翁,nouns,0.43
921,mleko,果汁,nouns,0.57
922,wszechmoc,霸權,nouns,1.02
923,telewizja,溝通,nouns,0.65
924,drżeć,凍結,verbs,0.3
925,wygoda,安全,nouns,0.6
926,zamek,鎖匙,nouns,0.7
927,kursor,微晶片,nouns,0.04
928,hasło,句法,nouns,0.48
929,bal,服裝,nouns,0.24
930,supremacja,全能,nouns,1.02
931,oglądać,觀察,verbs,4.48
932,próbować,想,verbs,0.61
933,wąż (ogrodowy),汽車,nouns,0.34
934,pomagać,保護,verbs,2.62
935,pobieżnie,不耐煩地,adverbs,0.78
936,czerwony,藍色,adjectives,0.09
937,absorbować,擁有,verbs,0.79
938,ciułacz,存款,nouns,1.05
939,trudny,容易,adjectives,0.18
940,powiadamiać,通知,verbs,5.58
941,zasadniczo,必然,adverbs,0.87
942,duży,重,adjectives,0.92
943,świeży,舊,adjectives,0.0
944,zdarzyć się,出現,verbs,3.27
945,koń,狗,nouns,1.02
946,chemia,理論,nouns,0.54
947,obecność,門,nouns,0.0
948,zakrzywiony,彎曲,adjectives,4.18
949,startować,開始,verbs,4.12
950,nieskończoność,零,nouns,0.47
951,paznokieć,頭,nouns,0.2
952,srogi,殘酷,adjectives,3.96
953,baseball,籃球,nouns,1.71
954,smażyć,烘烤,verbs,2.58
955,inteligencja,智慧,nouns,4.25
956,spalić,扼殺,verbs,0.33
957,precyzyjnie,積極地,adverbs,0.84
958,nudny,好笑,adjectives,0.04
959,trunek,樂隊,nouns,0.0
960,sześcian,玩具,nouns,0.14
961,zabraniać,停止,verbs,2.12
962,piec,炒,verbs,2.58
963,kłamać,假扮,verbs,2.91
964,deszcz,冰雹,nouns,0.91
965,skromny,靈活,adjectives,0.14
966,moda,模式,nouns,0.05
967,suma,結合,nouns,0.53
968,zwycięzca,目標,nouns,0.28
969,zabić,毀滅,verbs,2.04
970,obalać,允許,verbs,0.0
971,bawić się,搏鬥,verbs,0.18
972,akcja,課程,nouns,0.73
973,żyła,手臂,nouns,0.14
974,demon,怪獸,nouns,3.74
975,stać  ,步行,verbs,0.18
976,topić,救,verbs,0.04
977,gazeta,字,nouns,0.7
978,ogromny,小,adjectives,0.04
979,gejzer,泉,nouns,3.17
980,drewno,原木,nouns,3.63
981,błagać,問,verbs,0.57
982,kawa ,豆,nouns,0.83
983,legion,軍隊,nouns,3.18
984,klucz,王冠,nouns,0.1
985,oszczędzać,花费,verbs,0.0
986,naiwny,天,adjectives,0.44
987,przemysł,商業,nouns,2.47
988,niezawodnie,大致,adverbs,0.33
989,list,段,nouns,0.15
990,książka,故事,nouns,2.75
991,klon,橡木,nouns,2.4
992,porównywać,分析,verbs,3.78
993,dezorientować,學習,verbs,0.0
994,siewka,葉,nouns,0.65
995,region,地區,nouns,4.64
996,intuicja,感覺,nouns,4.09
997,wysyłać,發射,verbs,1.25
998,zstępować,撤退,verbs,0.8
999,powiadamiać,描繪,verbs,0.65
1000,robotyka,模擬,nouns,0.68
1001,pracodawca,員工,nouns,0.68
1002,ogromnie,公開地,adverbs,0.38
1003,dywan,屋,nouns,0.33
1004,łagodny,尖,adjectives,0.0
1005,konstruować,做,verbs,3.29
1006,satysfakcjonować,理解,verbs,0.15
1007,podróż,征服,nouns,0.39
1008,obrzezanie,包皮,nouns,1.42
1009,mnich,十字架,nouns,0.29
1010,czytać,理解,verbs,0.72
1011,kinematografia,導演,nouns,1.19
1012,wygięty,直,adjectives,0.14
1013,okno,雲,nouns,0.0
1014,głównie,末期,adverbs,0.04
1015,robić,發生,verbs,0.34
1016,spragniony,飢餓,adjectives,1.54
1017,umrzeć,埋葬,verbs,1.15
1018,pomysł,形象,nouns,0.04
1019,rozwiązać,完成,verbs,3.41
1020,bok,頂,nouns,0.38
1021,tata,母親,nouns,1.36
1022,okno,踝,nouns,0.09
1023,przyjaciel,傢伙,nouns,1.05
1024,potężny,強大,adjectives,4.88
1025,krzywa,角度,nouns,1.3
1026,aktorka,演員,nouns,3.08
1027,normalny,不同,adjectives,0.15
1028,filozof,賽跑,nouns,0.09
1029,korytarz,過道,nouns,4.75
1030,pożyczkobiorca,信用,nouns,0.83
1031,nastrój,憤怒,nouns,0.97
1032,koza,牛,nouns,1.69
1033,biotop,生物學,nouns,0.34
1034,jaszczurka,政府,nouns,0.04
1035,odpowiedzialnie,可靠,adverbs,2.44
1036,oczywiście,看來,adverbs,2.08
1037,motor,船,nouns,0.39
1038,zapominać,提醒,verbs,0.04
1039,poniżać,安慰,verbs,0.0
1040,prawnik,畫廊,nouns,0.0
1041,pistolet,毛,nouns,0.04
1042,magma,火山,nouns,1.81
1043,niejasny,模糊,adjectives,4.28
1044,wrogość,侵略,nouns,4.03
1045,rodzic,大人,nouns,2.79
1046,uniwersytet,校園,nouns,2.83
1047,armia,海軍,nouns,3.48
1048,przestraszony,害羞,adjectives,2.23
1049,śpiewać,浮動,verbs,0.0
1050,ogień,大災變,nouns,0.69
1051,kłamać,否認,verbs,0.68
1052,elegancko,美麗地,adverbs,3.33
1053,słuchać,明白,verbs,0.64
1054,mikroskop,生物學家,nouns,0.71
1055,tapeta,背景,nouns,2.69
1056,bractwo,門,nouns,0.05
1057,selekcjonować,挑選,verbs,4.88
1058,telefon,小亭,nouns,0.65
1059,struś,果園,nouns,0.0
1060,bekon,豆,nouns,0.2
1061,krykiet,支持者,nouns,0.24
1062,jaszczurka,鱷魚,nouns,1.65
1063,odznaka,玻璃,nouns,0.14
1064,ludzie,一分錢,nouns,0.18
1065,matryca,分子,nouns,0.56
1066,oziębły,易損壞,adjectives,0.15
1067,alkohol,白蘭地酒,nouns,3.47
1068,kobieta,男人,nouns,0.42
1069,dekada,世紀,nouns,0.9
1070,nosić,撕開,verbs,0.0
1071,wielokrotnie,兩次,adverbs,0.49
1072,pole,艙,nouns,0.43
1073,raz,馬上,adverbs,0.19
1074,trybunał,正義,nouns,2.32
1075,zostawić,無視,verbs,0.89
1076,zatrzymywać,駕駛,verbs,0.04
1077,śmierć,葬禮,nouns,1.88
1078,płakać,哭泣,verbs,5.18
1079,wydawać się,假扮,verbs,0.73
1080,najwyraźniej,簡直,adverbs,0.96
1081,zachowywać się,服從,verbs,3.03
1082,zamieć,雨,nouns,1.73
1083,mądrość,智力,nouns,4.25
1084,zobowiązanie,約定,nouns,1.0
1085,stać się,完成,verbs,2.32
1086,znany,國民,adjectives,0.25
1087,kraść,購買,verbs,0.0
1088,partner,男孩,nouns,0.83
1089,miksować,聯合,verbs,4.17
1090,przyjęcie,人們,nouns,0.61
1091,moneta,付款,nouns,1.13
1092,kolacja,湯,nouns,1.39
1093,tasować,騎,verbs,0.0
1094,wybór,監獄,nouns,0.05
1095,polerować,通知,verbs,0.0
1096,asystować,援助,verbs,4.49
1097,ministerstwo,蘇丹,nouns,0.2
1098,złączyć,合作,verbs,0.64
1099,aktor,電視,nouns,0.85
1100,odroczyć,完成,verbs,0.15
1101,głupi,輕信,adjectives,1.75
1102,śniadanie,晚餐,nouns,1.21
1103,schorzenie,發燒,nouns,1.88
1104,udawać,假設,verbs,0.38
1105,pytać,乞求,verbs,0.57
1106,ciało,胸部,nouns,1.77
1107,pokojowo,冷靜地,adverbs,3.49
1108,uzyskać,獲得,verbs,4.47
1109,psychologia,科學,nouns,1.5
1110,przypominać,忘記,verbs,0.04
1111,matryca,向量,nouns,0.53
1112,działo,槍,nouns,1.74
1113,źrebak,馬,nouns,3.42
1114,ramię,身體,nouns,1.16
1115,malutki,巨大,adjectives,0.04
1116,koledż,級數,nouns,0.34
1117,wytrzymałość,花朵,nouns,0.04
1118,modlić się,溝通,verbs,0.34
1119,waluta,並行性,nouns,0.0
1120,brudny,非常好,adjectives,0.0
1121,pokój,大厦,nouns,0.58
1122,literatura,書,nouns,3.3
1123,galeria,律師,nouns,0.0
1124,witamina,鐵,nouns,0.69
1125,córka,嬰兒,nouns,2.25
1126,lider,經理,nouns,3.55
1127,pensja,錢,nouns,3.6
1128,może,大概,adverbs,4.25
1129,baseball,兄弟會,nouns,0.14
1130,nos,頭,nouns,0.54
1131,mistrz,優勝者,nouns,4.58
1132,odchodzić,徘徊,verbs,0.44
1133,próbować,說服,verbs,0.7
1134,woda,加冕禮,nouns,0.0
1135,rzeźba,雕像,nouns,4.78
1136,sędzia,裁判官,nouns,3.9
1137,kość,牙齒,nouns,2.15
1138,zatrzymywać,保持,verbs,3.71
1139,budka,電話,nouns,0.65
1140,erodować,允許,verbs,0.0
1141,lew,貓,nouns,2.12
1142,konstytucja,參議院,nouns,0.91
1143,impreza,面具,nouns,0.39
1144,łza,眼睛,nouns,0.62
1145,zły,偉大,adjectives,0.04
1146,wyspa,公主,nouns,0.0
1147,wybaczać,赦免,verbs,3.5
1148,pobieżnie,稍微地,adverbs,1.05
1149,atleta,賽跑運動員,nouns,3.3
1150,zachować,擁有,verbs,1.73
1151,giętki,活動,adjectives,2.11
1152,poręcz,籬笆,nouns,0.3
1153,brać,收到,verbs,2.88
1154,czarodziej,電纜,nouns,0.0
1155,mięta,口香糖,nouns,0.33
1156,wyrzekać się,壓抑,verbs,0.94
1157,myśleć,記得,verbs,0.34
1158,dyskutować,說明,verbs,1.41
1159,cukierek,蘋果,nouns,0.29
1160,pens,便宜貨,nouns,0.14
1161,zmysł,直覺,nouns,4.09
1162,zezwalać,給,verbs,2.17
1163,doktor,正牙醫生,nouns,3.38
1164,bydło,乳酪,nouns,0.33
1165,pudełko,小亭,nouns,0.15
1166,dar,作家,nouns,0.04
1167,zaprzeczać,接受,verbs,0.5
1168,usta,嘴唇,nouns,3.72
1169,nastrój,情感,nouns,3.59
1170,ryż,男孩,nouns,0.04
1171,odchodzić,到達,verbs,0.0
1172,rozpuszczać,混合,verbs,0.74
1173,wino,酒,nouns,3.39
1174,aktywnie,被動地,adverbs,0.1
1175,oaza,自由,nouns,0.3
1176,żona,女人,nouns,2.24
1177,czasami,經常地,adverbs,0.53
1178,znudzony,平淡,adjectives,2.31
1179,twierdzenie,理論,nouns,4.58
1180,kłaść,給,verbs,0.52
1181,sędzia,法庭,nouns,1.3
1182,ksiądz,天神,nouns,0.62
1183,zezwalać,走,verbs,0.1
1184,kredyt,借款人,nouns,0.83
1185,gra,戲法,nouns,0.68
1186,żona,稻草,nouns,0.0
1187,agresja,敵意,nouns,4.03
1188,unikać,拒絕,verbs,0.34
1189,silnik,摩打,nouns,4.42
1190,drzwi,存在,nouns,0.0
1191,neuropsychologia,通靈研究,nouns,0.6
1192,postrzegać,聽,verbs,0.6
1193,tsunami,海,nouns,1.21
1194,uwaga,意識,nouns,2.71
1195,pianino,和聲,nouns,0.47
1196,szkoła,年級,nouns,0.63
1197,otrzymywać,接受,verbs,1.22
1198,wgląd,事實,nouns,1.12
1199,zachód,北,nouns,0.45
1200,szlochać,哭,verbs,5.23
1201,pożyczać,想要,verbs,0.34
1202,choroba,癌症,nouns,3.82
1203,łódź,甲板,nouns,1.56
1204,zmęczony,無聊,adjectives,0.2
1205,spokojnie,安然,adverbs,3.49
1206,zrealizować,達到,verbs,4.75
1207,czekolada,派,nouns,0.34
1208,łazienka,睡房,nouns,0.67
1209,ocena,學校,nouns,0.63
1210,wątroba,肺,nouns,0.73
1211,patrzeć,搜索,verbs,0.46
1212,kapać,倒,verbs,1.06
1213,dama,先生,nouns,1.01
1214,doktor,教授,nouns,0.97
1215,tęczówka,乙酰膽鹼,nouns,0.3
1216,łódź,樹,nouns,0.15
1217,niespokojny,年輕,adjectives,0.45
1218,błyszczeć,照耀,verbs,4.08
1219,whisky,酒,nouns,3.55
1220,zezwalać,侵蝕,verbs,0.0
1221,brzuch,腹部,nouns,2.38
1222,miernik,車,nouns,0.0
1223,pole,燕麥,nouns,1.01
1224,milkshake,果汁,nouns,0.67
1225,poważanie,榮譽,nouns,2.31
1226,obierać,拒絕,verbs,0.2
1227,zrealizować,成為,verbs,2.32
1228,demokracja,帝制,nouns,0.3
1229,komputer,機器,nouns,3.31
1230,zbierać,搖動,verbs,0.05
1231,niesprawiedliwy,殘忍,adjectives,1.17
1232,dzisiaj wieczorem,明天,adverbs,0.14
1233,szczęśliwie,安全地,adverbs,1.31
1234,pokojowo,混亂,adverbs,0.0
1235,klejący,濕,adjectives,1.07
1236,niszczyć,建造,verbs,0.23
1237,dom,穀倉,nouns,0.67
1238,klucz,房屋,nouns,0.28
1239,dyrektor,老闆,nouns,4.5
1240,dojrzały,複雜,adjectives,1.02
1241,zboże ,小麥,nouns,3.79
1242,dach,天花板,nouns,2.74
1243,dostać,留,verbs,0.55
1244,funkcjonariusz,副手,nouns,0.84
1245,nawalić,依靠,verbs,0.04
1246,warga,嘴巴,nouns,3.72
1247,uznawać,說話,verbs,0.53
1248,grawitacja,流星,nouns,0.43
1249,mrówka,蜜蜂,nouns,1.17
1250,pałac,高樓大廈,nouns,0.64
1251,ludzie,元,nouns,0.0
1252,kręglarstwo,保齡球選手,nouns,1.81
1253,komunikacja,電視,nouns,0.65
1254,kobieta,毛,nouns,0.0
1255,trzeźwy,醉酒,adjectives,0.09
1256,korona ,锁匙,nouns,0.1
1257,wyrzec się,聲明放棄,verbs,4.03
1258,słowo,字典,nouns,0.77
1259,strona,段,nouns,0.47
1260,szeroki,新鮮,adjectives,0.05
1261,wieczór,黃昏,nouns,4.71
1262,rządać,拗撬,verbs,0.29
1263,cel,箭頭,nouns,0.65
1264,towarzyski,進來,adjectives,0.55
1265,niepewny,憤怒,adjectives,0.33
1266,ciało,底衫褲,nouns,0.52
1267,zaskoczyć,慶祝,verbs,0.24
1268,ojciec,男人,nouns,2.47
1269,nowy,舊,adjectives,0.09
1270,akceptować,推介,verbs,0.2
1271,wytrzymałość,強度,nouns,2.71
1272,pisarz,小說,nouns,0.53
1273,zęby,骨頭,nouns,2.15
1274,dyplomacja,談判,nouns,2.38
1275,zadanie,島,nouns,0.0
1276,wyspa,海灘,nouns,1.26
1277,drewno,原木,nouns,4.62
1278,cel,尋求,nouns,0.83
1279,nielegalny,合法,adjectives,0.09
1280,papier,木,nouns,0.68
1281,drugi pilot,座艙,nouns,0.24
1282,ołówek,故事,nouns,0.05
1283,błędny,精確,adjectives,0.14
1284,ukazywać,決定,verbs,0.05
1285,wyjście,選舉權,nouns,0.1
1286,dżentelmen,女士,nouns,1.01
1287,pojętny,笨,adjectives,0.28
1288,zgądzać się,接受,verbs,4.45
1289,dwukrotnie,一次,adverbs,0.09
1290,samochód,車,nouns,5.7
1291,bawełna,冷衫,nouns,0.73
1292,giętki,鬆動,adjectives,1.29
1293,chmura,薄霧,nouns,1.88
1294,alkohol,雞尾酒,nouns,3.25
1295,zachód słońca,表,nouns,0.0
1296,zespół,酒,nouns,0.0
1297,księżyc,行星,nouns,2.02
1298,mąż,老婆,nouns,1.44
1299,wysyłać,接收,verbs,0.29
1300,patogen,病菌,nouns,3.46
1301,percepcja,視力,nouns,1.45
1302,bezradny,貧困,adjectives,1.6
1303,umysł,大腦,nouns,4.08
1304,wycofywać się,降落,verbs,0.8
1305,błagać,借,verbs,0.77
1306,skomplikowany,容易,adjectives,0.04
1307,kość,肘,nouns,0.69
1308,trawa,根,nouns,0.43
1309,kalendarz,假日,nouns,0.82
1310,formuła,日誌,nouns,0.45
1311,inteligentny,聰明,adjectives,4.68
1312,złapać,放走,verbs,0.23
1313,różnić się,同意,verbs,0.04
1314,bateria,劇院,nouns,0.09
1315,operacja,代數,nouns,0.24
1316,ogon,章,nouns,0.04
1317,zawstydzony,幸運,adjectives,0.1
1318,norka,毛,nouns,0.82
1319,zapominać,知道,verbs,0.04
1320,ozon,大氣層,nouns,2.78
1321,krytykować,討厭,verbs,1.08
1322,wokalista,員工,nouns,0.23
1323,drzwi,兄弟會,nouns,0.05
1324,kot,兔子,nouns,1.37
1325,piwo,酒,nouns,3.84
1326,zero,無窮,nouns,0.47
1327,robotnik,雇主,nouns,0.57
1328,atom,分子,nouns,2.83
1329,pręcik,授粉,nouns,0.56
1330,szkoła,法律,nouns,0.28
1331,osądzać,作證,verbs,0.2
1332,torebka,錢包,nouns,1.92
1333,krzyż,僧侣,nouns,0.29
1334,grzesznik,聖,nouns,0.04
1335,eksplorować,無視,verbs,0.0
1336,konstruować,毀滅,verbs,0.23
1337,płacić,購買,verbs,2.83
1338,notatnik,槍,nouns,0.0
1339,pewny,確定,adjectives,4.59
1340,tworzyć,毀滅,verbs,0.04
1341,parapsychologia,神經心理學,nouns,0.6
1342,przekonanie,印象,nouns,1.18
1343,kurczyć się,成長,verbs,0.0
1344,miasteczko,城市,nouns,3.63
1345,chłopiec,合作夥伴,nouns,0.83
1346,nieuleczalnie,主要,adverbs,0.04
1347,ramię,腿,nouns,0.53
1348,program,食物,nouns,0.0
1349,butelka,罐,nouns,1.63
1350,erodować,穿,verbs,0.14
1351,nudny,累,adjectives,0.2
1352,tępy,聰明,adjectives,0.04
1353,porozumienie,爭論,nouns,0.29
1354,rozdział,選擇,nouns,0.2
1355,miska,小巷,nouns,0.0
1356,udusić,燒傷,verbs,0.33
1357,wybór,章,nouns,0.2
1358,niechlujny,清潔,adjectives,0.09
1359,szyja,骨頭,nouns,0.43
1360,znacząco,深度地,adverbs,1.77
1361,decydować,描繪,verbs,0.05
1362,ułaskawić,原諒,verbs,3.5
1363,poszukiwanie,目標,nouns,0.83
1364,trik,槍,nouns,0.05
1365,pojemnik,瓶子,nouns,2.88
1366,opakowanie,港口,nouns,0.1
1367,encyklopedia,字典,nouns,2.23
1368,dokładnie,準確地,adverbs,5.37
1369,mgiełka,雲,nouns,1.88
1370,pozostać,得到,verbs,0.55
1371,mgła,雲,nouns,1.3
1372,wątroba,器官,nouns,3.02
1373,kwadrat,地圖,nouns,0.18
1374,udusić,制服,verbs,0.78
1375,cudaczny,奇怪,adjectives,4.43
1376,łatwy,困難,adjectives,0.18
1377,plaża,暗礁,nouns,0.39
1378,facet,朋友,nouns,1.05
1379,chleb,肉,nouns,0.18
1380,pobieżnie,可靠地,adverbs,0.33
1381,tłumaczyć,討論,verbs,1.41
1382,ręka,指甲,nouns,0.41
1383,niecierpliwie,大致,adverbs,0.78
1384,wysyłać,走,verbs,0.0
1385,nerwowy,害怕,adjectives,2.3
1386,wiedzieć,給,verbs,0.15
1387,statystyka,網球,nouns,0.05
1388,pasja,情緒,nouns,2.19
1389,idealnie,機械地,adverbs,0.48
1390,robotnik,機器匠,nouns,2.06
1391,bieg,行動,nouns,0.73
1392,dostarczać,攞,verbs,0.65
1393,nerka,器官,nouns,3.48
1394,ogromny,笨,adjectives,0.09
1395,wędrować,爬,verbs,0.86
1396,wyraźnie,肯定地,adverbs,3.79
1397,władca,國王,nouns,4.93
1398,stać się,似乎,verbs,0.61
1399,ciągnąć,推,verbs,0.39
1400,złączyć,加,verbs,3.32
1401,kod,符號,nouns,1.46
1402,dochód,税,nouns,0.38
1403,fonologia,屏幕,nouns,0.0
1404,słyszeć,說話,verbs,0.49
1405,gwałtowny,被動,adjectives,0.04
1406,zwykle,真誠地,adverbs,0.53
1407,aluminium,錫,nouns,2.49
1408,starożytny,新,adjectives,0.09
1409,łkać,哭,verbs,5.18
1410,piękno,年齡,nouns,0.04
1411,personel,歌手,nouns,0.23
1412,język ,肌肉,nouns,0.79
1413,pozdrawiać,演出,verbs,0.05
1414,dokładnie,不準確地,adverbs,0.04
1415,zaczynać,走,verbs,0.0
1416,artysta ,藝術品,nouns,0.91
1417,pieniądze,工資,nouns,3.6
1418,myśleć,查詢,verbs,0.29
1419,legalny,允許,adjectives,4.18
1420,bestia,動物,nouns,2.98
1421,futerał,電,nouns,0.0
1422,rok,世紀,nouns,0.76
1423,przypomnieć,告訴,verbs,1.88
1424,przed,之後,adverbs,0.24
1425,obserwować,觀看,verbs,4.48
1426,uparty,蠢,adjectives,0.53
1427,balon,人,nouns,0.05
1428,mysz,容器,nouns,0.05
1429,powiadamiać,承認,verbs,0.48
1430,duma,喜悅,nouns,1.93
1431,zwycięzca,存在,nouns,0.1
1432,gracz,教練,nouns,0.35
1433,wznosić,喝,verbs,0.1
1434,zniechęcać,鼓勵,verbs,0.0
1435,komórka,電話,nouns,4.88
1436,plakat,紙,nouns,1.98
1437,pisarz,禮物,nouns,0.04
1438,kino,歌劇,nouns,2.02
1439,sprzedawać,借,verbs,0.04
1440,uczyć,懲罰,verbs,0.23
1441,potwór,惡魔,nouns,3.74
1442,kostium,球,nouns,0.24
1443,diament,錢,nouns,0.66
1444,proklamować,宣告,verbs,4.18
1445,kręgosłup,身體,nouns,0.68
1446,duży,容易,adjectives,0.0
1447,pudełko,資源,nouns,0.04
1448,pies,貓,nouns,0.37
1449,pistolet,大炮,nouns,1.74
1450,świadomość,注意,nouns,2.71
1451,kanonierka,海岸,nouns,0.04
1452,wiadomości,流言蜚語,nouns,1.3
1453,prezydent,市長,nouns,2.35
1454,rejestr,公式,nouns,0.45
1455,tkać,绑,verbs,1.29
1456,możliwie,樂觀地,adverbs,0.73
1457,córka,父親,nouns,0.52
1458,wysokość,換算,nouns,0.24
1459,talia,一餐,nouns,0.05
1460,szpital,床,nouns,0.29
1461,oczywiście,不顯眼地,adverbs,0.04
1462,zdecydowanie,肯定地,adverbs,4.88
1463,sukno,衣服,nouns,1.73
1464,taksówka,車,nouns,3.84
1465,silny,弱,adjectives,0.04
1466,koc,床,nouns,0.34
1467,elektryczność,案件,nouns,0.0
1468,niemożliwy,可行,adjectives,0.09
1469,cegła,牆,nouns,0.76
1470,polecać,接受,verbs,0.2
1471,sok,匙羹,nouns,0.18
1472,lepkość,濺,nouns,0.0
1473,bekon,早餐,nouns,0.78
1474,psuć,聞,verbs,0.6
1475,gliniarz,警長,nouns,3.67
1476,diabeł,天神,nouns,0.1
1477,przyznawać,否認,verbs,0.04
1478,anioł,惡魔,nouns,0.24
1479,rozwój,募捐,nouns,0.14
1480,nienaturalnie,負面地,adverbs,0.46
1481,artykuł,手稿,nouns,1.73
1482,przynieść,恢復,verbs,0.98
1483,wygięty,好鬥,adjectives,0.0
1484,cytoplazma,數字,nouns,0.0
1485,mieszać,抖動,verbs,1.27
1486,perfekcyjnie,真實地,adverbs,0.64
1487,kraść,綁架,verbs,1.03
1488,pokład,船,nouns,1.56
1489,sypialnia,廁所,nouns,0.67
1490,łóżko,毯子,nouns,0.34
1491,ćwiczyć,重複,verbs,3.0
1492,mąż,男人,nouns,2.19
1493,zwykle,很少地,adverbs,0.1
1494,przestępstwo,攻擊,nouns,1.46
1495,robić,賺,verbs,0.45
1496,płatność,硬幣,nouns,1.13
1497,tworzyć,畫,verbs,1.18
1498,objuczony,沉重,adjectives,0.91
1499,biskup,穆斯林,nouns,0.14
1500,osobliwy,奇怪,adjectives,5.03
1501,jasność,星,nouns,1.82
1502,nigdy,誠實地,adverbs,0.0
1503,równanie,公式,nouns,3.47
1504,reperować,恢復,verbs,1.69
1505,ubrania,大褸,nouns,2.48
1506,narzędzie,工作,nouns,0.48
1507,sok,牛奶,nouns,0.57
1508,grzecznie,謹慎地,adverbs,1.19
1509,wielkość,深度,nouns,0.83
1510,profesor,學生,nouns,0.39
1511,skończyć,競爭,verbs,0.14
1512,opowieść,鉛筆,nouns,0.05
1513,książka,意外,nouns,0.0
1514,kobieta,秘書,nouns,2.17
1515,acetaminofen,支氣管炎,nouns,0.25
1516,polano,木,nouns,4.62
1517,nieść,運送,verbs,2.94
1518,jabłko,飲食,nouns,0.33
1519,zaślubić,團結,verbs,1.13
1520,łazienka,廚房,nouns,0.48
1521,powietrze,氦氣,nouns,0.92
1522,kłaść,掛,verbs,0.56
1523,niszczyć,殺,verbs,2.04
1524,szczęśliwy,快樂,adjectives,4.8
1525,północ,西方,nouns,0.45
1526,ekscytujący,平淡,adjectives,0.18
1527,sugerować,提議,verbs,4.68
1528,zezować,怒視,verbs,0.04
1529,rzeźbiarz,大廈,nouns,0.0
1530,pułkownik,牙醫,nouns,0.04
1531,wierzch,側面,nouns,0.38
1532,lekko,明亮地,adverbs,0.29
1533,kość,膝蓋,nouns,1.16
1534,kampania,猴子,nouns,0.09
1535,ojciec,兒子,nouns,1.55
1536,drzwi,地板,nouns,0.38
1537,nigdy,否定,adjectives,0.46
1538,cenzura,自由,nouns,0.04
1539,gwałtowny,柔軟,adjectives,0.0
1540,bóg,牧師,nouns,0.62
1541,bark,身體,nouns,0.86
1542,uczeń,學生,nouns,3.75
1543,hotel,公寓,nouns,1.55
1544,koktajl,酒,nouns,3.25
1545,dąb,楓木,nouns,2.4
1546,pomniejszy,重大,adjectives,0.14
1547,parasol,暖爐,nouns,0.04
1548,informacja,書,nouns,0.95
1549,szyja,手臂,nouns,0.48
1550,samochód,胎壓計,nouns,0.0
1551,uderzyć,未打中,verbs,0.1
1552,miło,仁慈地,adverbs,4.32
1553,waluta,交換,nouns,0.43
1554,rura,雪茄,nouns,0.24
1555,mieszkanie,家具,nouns,0.48
1556,kompozytor,作家,nouns,1.54
1557,podejrzewać,逮捕,verbs,0.78
1558,prosty,容易,adjectives,5.53
1559,myć,沖洗,verbs,3.75
1560,pilnie,迅速地,adverbs,4.01
1561,mnożyć,除,verbs,0.19
1562,dążyć,調查,verbs,0.7
1563,wierzyć,知道,verbs,0.28
1564,pudełko,雪茄,nouns,0.04
1565,kuchnia,門,nouns,0.28
1566,skończyć,解決,verbs,3.41
1567,dozwolony,合法,adjectives,4.18
1568,uczyć się,迷惑,verbs,0.0
1569,student,教授,nouns,0.39
1570,żyć,生存,verbs,3.37
1571,piłka,球拍,nouns,0.46
1572,wąż ,蜥蜴,nouns,0.71
1573,ignorować,離開,verbs,0.89
1574,prymitywny,核突,adjectives,0.86
1575,samochód,貨車,nouns,3.03
1576,argumentować,需求,verbs,0.29
1577,portmonetka,袋,nouns,1.92
1578,wanna,原木,nouns,0.0
1579,facet,夥伴,nouns,2.72
1580,prawowity,非法,adjectives,0.09
1581,kumpel,伴侶,nouns,3.84
1582,powiedzieć,校驗,verbs,0.25
1583,kopalnia,岩石,nouns,0.76
1584,wieża,鐘,nouns,0.43
1585,jabłko,果汁,nouns,0.67
1586,pozamałżeński,不宜說出口的,adjectives,0.33
1587,deszcz,暴風雪,nouns,1.73
1588,drugi pilot,警察,nouns,0.04
1589,pisarz,作曲家,nouns,1.54
1590,nieprzewidziany,意料之外,adjectives,4.37
1591,brzydki,亂,adjectives,0.96
1592,być dłużnym,進入,verbs,0.0
1593,dodawać,乘,verbs,0.46
1594,ofiara,神,nouns,0.0
1595,tradycja,手工業,nouns,0.28
1596,chłopiec,士兵,nouns,0.55
1597,prezydent,政治家,nouns,3.54
1598,usprawiedliwiać,想,verbs,0.1
1599,sweter,棉,nouns,0.73
1600,trawa,苔蘚,nouns,1.82
1601,posiłek,晚飯,nouns,3.25
1602,smutek,幸福,nouns,0.09
1603,statua,雕塑,nouns,4.78
1604,tramwaj,火車,nouns,2.17
1605,życzliwie,好心地,adverbs,4.32
1606,ananas,手機,nouns,0.0
1607,kanion,山谷,nouns,3.78
1608,zmęczony,飢餓,adjectives,0.43
1609,zachować,珍愛,verbs,0.1
1610,awionika,航空學,nouns,2.83
1611,przewidywać,假設,verbs,4.25
1612,drogi,害羞,adjectives,0.0
1613,współpracować,參加,verbs,0.64
1614,zachować,借,verbs,0.0
1615,łączyć,混合,verbs,4.17
1616,ciastko,公主,nouns,0.0
1617,talerz,碗,nouns,2.73
1618,jedwabnik,毛毛蟲,nouns,2.72
1619,ponowny pochówek,墳墓,nouns,1.35
1620,granica,分界線,nouns,3.56
1621,miód,乳製品,nouns,0.18
1622,marnować,擔心,verbs,0.0
1623,zawsze,兩次,adverbs,0.18
1624,kompas,大象,nouns,0.04
1625,dziewczyna,小孩,nouns,1.78
1626,wymieszać,攪拌,verbs,4.03
1627,krew,病毒,nouns,0.53
1628,zapominać,保留,verbs,0.34
1629,wysyłać,出席,verbs,0.09
1630,odbicie,圖像,nouns,3.22
1631,ukazywać,通知,verbs,0.65
1632,okrutny,和藹,adjectives,0.0
1633,aplikant,申請,nouns,0.57
1634,pisać,匆匆地寫,verbs,3.17
1635,noc,章節,nouns,0.0
1636,ciężarówka,郵包,nouns,0.59
1637,komunikacja,語言,nouns,1.98
1638,wiedzieć,理解,verbs,3.04
1639,powtarzać,練習,verbs,3.0
1640,lot,航空,nouns,2.73
1641,robić,戒除,verbs,0.04
1642,bić,混合,verbs,0.25
1643,aplikacja,星系,nouns,0.0
1644,pewien,肯定,adjectives,4.59
1645,trzeźwy,理性的,adjectives,3.02
1646,kiedykolwiek,有時,adverbs,0.88
1647,system,故障,nouns,0.1
1648,pokornie,糟糕,adverbs,0.18
1649,rozprawa,判決書,nouns,2.4
1650,sprzedawać,提醒,verbs,0.0
1651,argumentować,出席,verbs,0.04
1652,wierzch,下面,nouns,0.0
1653,głupi,笨,adjectives,5.38
1654,ciężki,滿載,adjectives,0.91
1655,sprzedawać,走,verbs,0.04
1656,niewiarygodny,狡詐,adjectives,2.32
1657,pszczoła,螞蟻,nouns,1.17
1658,kłaść,得到,verbs,0.0
1659,niezdecydowany,中性,adjectives,1.42
1660,płakać,大笑,verbs,0.1
1661,butelka,容器,nouns,2.88
1662,otwór drzwiowy,門,nouns,4.11
1663,uwalniać,抓住,verbs,0.23
1664,mennica,博物館,nouns,0.1
1665,wędrować,離開,verbs,0.44
1666,ciało,血液,nouns,0.61
1667,przejąć,努力,verbs,0.0
1668,zostawić,攞,verbs,0.04
1669,karać,擊中,verbs,0.6
1670,maszyna,電腦,nouns,3.31
1671,szeryf,警察,nouns,3.67
1672,harmonia,鋼琴,nouns,0.47
1673,wolność,綠洲,nouns,0.3
1674,samochód,運輸,nouns,1.89
1675,teleskop,椅子,nouns,0.04
1676,realistycznie,理想地,adverbs,0.49
1677,prędki,快,adjectives,5.3
1678,towarzyski,友好,adjectives,3.13
1679,kumpel,朋友,nouns,4.38
1680,spotykać,打招呼,verbs,0.81
1681,otrzymywać,抓住,verbs,0.48
1682,świeży,寬,adjectives,0.05
1683,wymiotować,關閉,verbs,0.0
1684,codziennie,通常,adverbs,2.49
1685,niepewny,害怕,adjectives,1.23
1686,projekt,主意,nouns,3.49
1687,śniadanie,煙肉,nouns,0.78
1688,brać,交付,verbs,0.65
1689,nauczyciel,朋友,nouns,0.56
1690,bark,頭,nouns,0.63
1691,mężczyzna,勝利者,nouns,0.33
1692,sonet,美,nouns,0.1
1693,siedzenie,銀行,nouns,0.15
1694,organizować,收集,verbs,1.78
1695,zarabiać,做,verbs,0.45
1696,zadowalać,求情,verbs,0.23
1697,sędzia pokoju,法官,nouns,3.9
1698,zabawiać,享受,verbs,0.7
1699,książka,文學,nouns,3.3
1700,kość,頸,nouns,0.43
1701,biolog,顯微鏡,nouns,0.71
1702,gąsienica,蠶,nouns,2.72
1703,karać,服從,verbs,0.54
1704,obecność,優勝者,nouns,0.1
1705,chrapać,醒覺,verbs,0.05
1706,gotować,失去,verbs,0.04
1707,przyłączać,分離,verbs,0.0
1708,pewnie,清楚地,adverbs,3.79
1709,udawać,似乎,verbs,0.73
1710,koń,牛,nouns,1.71
1711,troska,謹慎,nouns,3.25
1712,bezpieczeństwo,安慰,nouns,0.6
1713,nużący,安全,adjectives,0.04
1714,smutny,自豪,adjectives,0.0
1715,unikatowy,相反,adjectives,0.29
1716,rosnąć,收縮,verbs,0.0
1717,ludzie,氣球,nouns,0.05
1718,pobić,贏,verbs,2.97
1719,chmura,霧氣,nouns,2.08
1720,ludzie,派對,nouns,0.61
1721,konkludować,決定,verbs,2.83
1722,gardzić,收費,verbs,0.1
1723,dążyć,阻礙,verbs,0.0
1724,prosty,困難,adjectives,0.09
1725,ramię,頸,nouns,0.48
1726,budować,加,verbs,0.77
1727,pozostać,離開,verbs,0.04
1728,byk,小牛,nouns,2.68
1729,zwierzę,野獸,nouns,2.98
1730,aparat,工作者,nouns,0.33
1731,biały,狹窄,adjectives,0.0
1732,żelazo,維他命,nouns,0.69
1733,miękki,暴力,adjectives,0.0
1734,zachować,失去,verbs,0.04
1735,piąty,最佳,adjectives,0.09
1736,słowo,提示,nouns,0.58
1737,kostka,肘,nouns,0.72
1738,komputer,磁盘,nouns,1.29
1739,inny,相反,adjectives,0.89
1740,śmieszny,嚴肅,adjectives,0.09
1741,zbierać,组织,verbs,1.78
1742,gwałtowny,激進,adjectives,2.45
1743,kanapka,午飯,nouns,0.66
1744,oko,眉頭,nouns,0.57
1745,wzrost,肥料,nouns,0.62
1746,poważny,有趣,adjectives,0.09
1747,taxi,的士,nouns,5.95
1748,przełykać,啜,verbs,0.73
1749,pastwisko,草地,nouns,4.08
1750,rzeka,溪流,nouns,2.88
1751,słoma,妻子,nouns,0.0
1752,elektryczny,甜,adjectives,0.0
1753,pszczoła,昆蟲,nouns,3.13
1754,królowa,蜜蜂,nouns,0.35
1755,medal,運動鞋,nouns,0.1
1756,akcja,遊戲,nouns,1.06
1757,fiołek,花朵,nouns,3.52
1758,śmiać się,唱,verbs,0.28
1759,zaprzeczać,說謊,verbs,0.68
1760,fotofon,同音詞,nouns,0.05
1761,zaczynać,啟,verbs,4.12
1762,zarazek,病原,nouns,3.46
1763,ciotka,叔叔,nouns,0.78
1764,konieczny,完全必要,adjectives,5.38
1765,biologia,解剖學,nouns,2.42
1766,pistolet,戲法,nouns,0.05
1767,inteligencja,無知,nouns,0.04
1768,mocny,強大,adjectives,4.88
1769,skromny,純,adjectives,0.54
1770,brać,奪取,verbs,2.36
1771,łóżko,醫院,nouns,0.29
1772,obcy,外國人,nouns,4.58
1773,mężczyzna,哨兵,nouns,1.05
1774,gniew,狂怒,nouns,4.29
1775,hipoteza,理論,nouns,3.83
1776,budować,創建,verbs,4.06
1777,urodziny,日期,nouns,1.9
1778,triumfator,男人,nouns,0.33
1779,aluminium,金屬,nouns,2.29
1780,pamiętać,想,verbs,0.34
1781,wybierać,想,verbs,0.79
1782,spód,側面,nouns,0.38
1783,sypialnia,床,nouns,1.52
1784,podręcznik,指南,nouns,3.0
1785,ścieżka,隧道,nouns,0.56
1786,mysz,甲板,nouns,0.04
1787,samochód,坦克,nouns,0.56
1788,herbata,檸檬,nouns,0.18
1789,nosić,侵蝕,verbs,0.14
1790,wolny,無辜,adjectives,0.55
1791,pokój,沖涼,nouns,0.38
1792,umysł,神經官能症,nouns,0.53
1793,tunel,路徑,nouns,0.56
1794,dzieciak,女兒,nouns,2.15
1795,skończony,完結,adjectives,4.63
1796,rzadko,經常,adverbs,0.04
1797,święty,珍貴,adjectives,1.04
1798,nieuczciwy,壞,adjectives,1.79
1799,gniewny,猶豫,adjectives,0.33
1800,lojalnie,誠實地,adverbs,3.44
1801,chmura,窗口,nouns,0.0
1802,oficjalnie,強烈地,adverbs,0.67
1803,kurczak,米飯,nouns,0.28
1804,narożnik,地區,nouns,0.29
1805,niezbędny,必須,adjectives,5.38
1806,wóz,容器,nouns,0.1
1807,trik,尺寸,nouns,0.0
1808,kluczowy,重要,adjectives,4.79
1809,chybić,打中,verbs,0.1
1810,umrzeć,分化,verbs,0.4
1811,niewinny,幼稚,adjectives,0.44
1812,prawdomówny,不誠實,adjectives,0.04
1813,brzęk,噪聲,nouns,2.73
1814,helikopter,飛機,nouns,1.94
1815,korzeń,草,nouns,0.43
1816,dziwny,狡猾,adjectives,0.41
1817,wymagać,安排,verbs,0.34
1818,sesja,病人,nouns,0.32
1819,styl życia,文明,nouns,0.67
1820,przeciwny,其他,adjectives,0.89
1821,subtelnie,大聲地,adverbs,0.04
1822,znacząco,真實地,adverbs,1.03
1823,czasem,每當,adverbs,0.88
1824,odmawiać,接受,verbs,0.0
1825,trik,沖涼,nouns,0.04
1826,aresztować,懷疑,verbs,0.78
1827,hełm,武器,nouns,1.12
1828,szukać,看,verbs,0.46
1829,podnieść,提高,verbs,2.62
1830,roztrzaskać,摔碎,verbs,4.5
1831,zły,內疚,adjectives,1.27
1832,wystraszyć,困擾,verbs,0.6
1833,chaos,類別,nouns,0.05
1834,dziwnie,異常,adverbs,2.34
1835,wulkan,岩漿,nouns,1.81
1836,szeroki,大,adjectives,2.5
1837,otwór drzwiowy,出口,nouns,3.58
1838,noc,黎明,nouns,0.23
1839,drzwi,走廊,nouns,0.28
1840,otrzymywać,給予,verbs,0.38
1841,robić,建造,verbs,3.29
1842,futbol,足球,nouns,5.29
1843,łatwo,大致地,adverbs,0.47
1844,mucha,螞蟻,nouns,1.01
1845,mysz,管理,nouns,0.1
1846,dom ,鎖匙,nouns,0.28
1847,robić,毀滅,verbs,0.14
1848,łatwy,生硬,adjectives,0.0
1849,nasienie,芥末,nouns,0.55
1850,podatny,無助,adjectives,1.46
1851,brydż,卡,nouns,0.5
1852,akapit,頁,nouns,0.47
1853,krzesło,凳子,nouns,3.73
1854,węglowodan,蔗糖,nouns,2.19
1855,normalny,奇怪,adjectives,0.09
1856,iść,發送,verbs,0.0
1857,wybory,選擇,nouns,2.43
1858,książka,資料,nouns,0.95
1859,żołnierz,男孩,nouns,0.55
1860,scenarzysta,電視,nouns,0.46
1861,filiżanka,罐子,nouns,1.79
1862,powieść się,節約,verbs,0.0
1863,praca,管理,nouns,0.72
1864,słownik,字,nouns,0.77
1865,rzeczywistość,幻想,nouns,0.36
1866,akceptować,謝絕,verbs,0.0
1867,węgiel,原子,nouns,1.33
1868,ramię,靜脈,nouns,0.14
1869,cywilizacja,生活方式,nouns,0.67
1870,schorzenie,傳染病,nouns,3.04
1871,znaleźć,獲得,verbs,2.08
1872,miękko,堅固地,adverbs,0.04
1873,myśleć,決定,verbs,1.37
1874,ciężki,大,adjectives,0.92
1875,ścigać,抓住,verbs,0.73
1876,napój,啤酒,nouns,2.63
1877,wielki,柔韌,adjectives,0.04
1878,klon,樹木,nouns,3.53
1879,powiedzieć,提醒,verbs,1.88
1880,kraść,給,verbs,0.04
1881,strefa,地區,nouns,4.7
1882,data,生日,nouns,1.9
1883,wartownik,男人,nouns,1.05
1884,pewien,緊張,adjectives,0.04
1885,pszenica,穀物,nouns,3.79
1886,podbój,旅程,nouns,0.39
1887,unosić się,唱,verbs,0.0
1888,dziura,妻子,nouns,0.0
1889,dłoń,手指,nouns,1.48
1890,dom ,州,nouns,0.04
1891,hit,陷害,nouns,0.14
1892,globalizm,簽證,nouns,0.18
1893,młyn,種子,nouns,0.18
1894,zatrzymywać,警告,verbs,0.29
1895,wycofać,吸收,verbs,0.04
1896,narodowy,大,adjectives,0.0
1897,martwić,浪費,verbs,0.0
1898,chicho,自然地,adverbs,0.28
1899,stulecie,酒,nouns,0.1
1900,schowek,衣服,nouns,0.46
1901,kciuk,手,nouns,1.52
1902,słaby,辣,adjectives,0.04
1903,uczęszczać,來,verbs,2.81
1904,chaotyczny,井井有條,adjectives,0.04
1905,kciuk,指甲,nouns,1.5
1906,ostry,平滑,adjectives,0.15
1907,uczyć się,教育,verbs,3.65
1908,dentysta,正牙醫生,nouns,4.32
1909,koszykówka,棒球,nouns,1.71
1910,brudny,黏,adjectives,1.13
1911,dorosły,監護人,nouns,2.87
1912,oko,眼淚,nouns,0.62
1913,czasopismo,文章,nouns,1.83
1914,zanieczyszczenie,大氣層,nouns,0.52
1915,spotykać,離開,verbs,0.0
1916,bęben,喇叭,nouns,0.53
1917,syn,父親,nouns,1.55
1918,futerał,硬件,nouns,0.34
1919,prosić,請,verbs,0.23
1920,brat,父親,nouns,0.98
1921,jednorodnie,有時,adverbs,0.04
1922,rozdział,尾巴,nouns,0.04
1923,szczerze,從未,adverbs,0.0
1924,aktor,多面體,nouns,0.28
1925,noc,白天,nouns,0.18
1926,żyła,肚,nouns,0.29
1927,czołowy,第五,adjectives,0.09
1928,samochód,橋,nouns,0.14
1929,cicho,被動地,adverbs,0.77
1930,negatywny,從未,adjectives,0.46
1931,zachód słońca,線,nouns,0.0
1932,kościół,大教堂,nouns,4.68
1933,alkohol,杜松子酒,nouns,4.0
1934,nos,喉嚨,nouns,0.53
1935,ryż,雞,nouns,0.28
1936,przestraszony,不肯定,adjectives,1.23
1937,trzęsienie ziemi,震,nouns,3.87
1938,polano,沖涼,nouns,0.0
1939,żołnierz,和平,nouns,0.2
1940,myśleć,合理的解釋,verbs,0.1
1941,koronacja,水,nouns,0.0
1942,róża,蝴蝶,nouns,0.15
1943,rozdział,晚上,nouns,0.0
1944,bawełna,聚酯纖維,nouns,0.53
1945,fabryka,汽車,nouns,0.1
1946,bohaterka,英雄,nouns,4.4
1947,wyścigi,哲學家,nouns,0.09
1948,zachować,保留,verbs,3.71
1949,teoria,定理,nouns,4.58
1950,podbrzusze,肚皮,nouns,2.38
1951,łyżka,果汁,nouns,0.18
1952,chłopiec,兒子,nouns,2.56
1953,decydować,想,verbs,1.37
1954,kokpit,副駕駛,nouns,0.24
1955,natychmiast,一次,adverbs,0.19
1956,ostrożnie,危險地,adverbs,0.09
1957,dieta,沙拉,nouns,0.48
1958,pociągać,打,verbs,0.0
1959,łódź,錨,nouns,0.82
1960,marynarka,軍隊,nouns,3.48
1961,przyjść,出席,verbs,2.81
1962,karać,教,verbs,0.23
1963,wygrać,打敗,verbs,2.97
1964,religia,世俗主義,nouns,0.09
1965,polano,木材,nouns,3.63
1966,ulica,小巷,nouns,3.1
1967,zeznawać,判斷,verbs,0.2
1968,świecić,發光,verbs,4.08
1969,piosenka,演員,nouns,0.45
1970,kruchy,冷淡,adjectives,0.15
1971,taboret,椅子,nouns,3.73
1972,roślina,農業,nouns,0.66
1973,decydować,判斷,verbs,2.25
1974,rower,汽車,nouns,0.98
1975,flaga,杆,nouns,0.52
1976,naukowiec,護士,nouns,0.04
1977,ignorować,探索,verbs,0.0
1978,łączyć,劃分,verbs,0.0
1979,morał,傳說,nouns,0.45
1980,hardy,堅硬,adjectives,3.42
1981,akceptować,運送,verbs,0.0
1982,woda,冰,nouns,1.59
1983,nagrzewać,再熱,verbs,1.98
1984,strumień,河,nouns,2.88
1985,niszczyć,做,verbs,0.14
1986,klatka,柵欄,nouns,0.47
1987,pytać,祈禱,verbs,0.23
1988,metal,錫,nouns,2.88
1989,obierać,任命,verbs,0.6
1990,wykonawca,歌曲,nouns,0.45
1991,rozumieć,聽,verbs,0.64
1992,chmura,霧,nouns,1.3
1993,gniew,懊惱,nouns,4.37
1994,ekonomia,生態系統,nouns,0.18
1995,zlecenie,便條,nouns,0.53
1996,kupować,偷,verbs,0.0
1997,normalnie,異常地,adverbs,0.0
1998,kręglarz,保齡球,nouns,1.81
1999,hałas,搖鈴,nouns,2.73
2000,pływać,見面,verbs,0.04
2001,zima,季節,nouns,2.98
2002,ubrania,鈕扣,nouns,0.71
2003,zrealizować,贏得,verbs,1.6
2004,insekt,蜜蜂,nouns,3.13
2005,dentysta,上校,nouns,0.04
2006,opinia,選擇,nouns,0.8
2007,czytać,咬,verbs,0.09
2008,aplikacja,申請人,nouns,0.57
2009,lista,陣列,nouns,1.44
2010,drewno,紙,nouns,0.68
2011,zniknąć,搵到,verbs,0.0
2012,kurs,肚,nouns,0.0
2013,umknąć,逃走,verbs,5.48
2014,wędrować,搜索,verbs,0.83
2015,samolot,直升機,nouns,1.94
2016,zadanie,稻草,nouns,0.0
2017,osiągnąć,完成,verbs,4.75
2018,skłaniać,偏見,verbs,3.13
2019,potajemnie,信心十足地,adverbs,0.0
2020,taniec,裙,nouns,0.0
2021,śmierć,災難,nouns,1.5
2022,tygodniowy,每月,adjectives,0.97
2023,wyspa,任務,nouns,0.0
2024,zajęty,懶,adjectives,0.09
2025,szybki,迅速,adjectives,5.53
2026,lód,水,nouns,1.59
2027,kawałek,飛機場,nouns,0.0
2028,piłka,球狀物,nouns,3.16
2029,wymiana,貨幣,nouns,0.43
2030,budka,盒子,nouns,0.15
2031,burza mózgów,望遠鏡,nouns,0.04
2032,drewno,石,nouns,0.42
2033,kreatywnie,本來,adverbs,0.29
2034,śledzić,追逐,verbs,2.88
2035,łokieć,骨頭,nouns,0.69
2036,tani,髒,adjectives,0.33
2037,demon,天使,nouns,0.24
2038,przekonanie,概念,nouns,1.3
2039,król,裙帶關係,nouns,0.39
2040,konstrukcja,毀滅,nouns,0.14
2041,szybko,紧急,adverbs,4.01
2042,zabawa,足球,nouns,0.78
2043,szpik,血液,nouns,0.67
2044,wygięty,歪斜,adjectives,4.18
2045,blacha,金屬,nouns,2.88
2046,miksować,打,verbs,0.25
2047,jabłko,檸檬,nouns,0.52
2048,wąż ogrodowy,花園,nouns,0.29
2049,delikatnie,目前,adverbs,0.18
2050,pomyślny,慚愧,adjectives,0.1
2051,algebra,手術,nouns,0.24
2052,kandydat,獲勝者,nouns,0.76
2053,tkać,移動,verbs,0.0
2054,brzeg morski,沙灘,nouns,3.17
2055,jednolity,未成形,adjectives,0.05
2056,bankier,律師,nouns,1.06
2057,lekcja,混亂,nouns,0.05
2058,rysunek,暴動,nouns,0.04
2059,gra,行動,nouns,1.06
2060,cząsteczka,基質,nouns,0.56
2061,wchodzić,欠,verbs,0.0
2062,nienormalnie,一般,adverbs,0.0
2063,zespół,管弦樂隊,nouns,3.67
2064,wiza,全球化,nouns,0.18
2065,elastyczny,靈活的,adjectives,4.74
2066,ubrania,布,nouns,1.64
2067,sałatka,減肥,nouns,0.48
2068,przeciwny,獨特,adjectives,0.29
2069,zanieczyszczenie,總統,nouns,0.1
2070,norka,油,nouns,0.04
2071,znaleźć,消失,verbs,0.0
2072,opiekun,母親,nouns,3.15
2073,siostra,兄弟,nouns,1.07
2074,przywrócić,代替,verbs,1.06
2075,ojciec,女兒,nouns,0.52
2076,znikać,消逝,verbs,4.57
2077,głowa,指甲,nouns,0.2
2078,niepewny,黏人,adjectives,0.43
2079,gładki,尖,adjectives,0.15
2080,skromny,羞愧,adjectives,0.83
2081,bielizna,身體,nouns,0.52
2082,dziura,協議,nouns,0.0
2083,nieuleczalnie,不同,adverbs,0.34
2084,tryb,時裝,nouns,0.05
2085,nos,嘴巴,nouns,0.43
2086,przytłaczać,扼殺,verbs,0.78
2087,nawóz,發展,nouns,0.62
2088,sztywny,簡單,adjectives,0.0
2089,ekranizacja,戲,nouns,4.57
2090,oskarżać,說謊,verbs,0.09
2091,schludny,乾淨,adjectives,4.63
2092,dzieło sztuki,藝術家,nouns,0.91
2093,brać,擁有,verbs,2.51
2094,zdać sobie sprawę,發現,verbs,3.68
2095,grad,雨,nouns,0.91
2096,lekarz,醫生,nouns,5.2
2097,pomocnik,女僕,nouns,1.84
2098,partner,傢伙,nouns,2.72
2099,cyklon,颱風,nouns,3.69
2100,słoma,聖歌,nouns,0.18
2101,wyrzekać się,斷絕父子關係,verbs,4.03
2102,napletek,割禮,nouns,1.42
2103,szał,生氣,nouns,4.29
2104,pikantny,好,adjectives,0.29
2105,szalenie,可悲的是,adverbs,0.04
2106,pożyczać,乞求,verbs,0.77
2107,wychodzić,進入,verbs,0.29
2108,temat,書,nouns,0.35
2109,kość,顎,nouns,1.55
2110,brudny,淫賤,adjectives,0.33
2111,jeździć,拖著腳走,verbs,0.0
2112,krytyka,爭論,nouns,1.68
2113,obiad,三文治,nouns,0.66
2114,nóż,槍,nouns,1.3
2115,opowieść,歌曲,nouns,0.54
2116,mózg,頭腦,nouns,4.08
2117,pokój,幸福,nouns,2.37
2118,fala,天氣,nouns,0.1
2119,wycierać,惡化,verbs,0.29
2120,wrzechświat,天空,nouns,1.84
2121,agresywny,彎曲,adjectives,0.0
2122,występ,客串角色,nouns,0.15
2123,cent,人,nouns,0.18
2124,wiatr,颮,nouns,2.96
2125,refren,歌手,nouns,0.46
2126,stan,家,nouns,0.04
2127,awaria,意外,nouns,2.99
2128,łyżka,杯子,nouns,0.7
2129,aeronautyka,航空電子學,nouns,2.83
2130,matka,朋友,nouns,0.43
2131,burmistrz,總統,nouns,2.35
2132,rożek,杯子,nouns,0.04
2133,morze,三角洲,nouns,0.77
2134,warga,臀部,nouns,0.19
2135,naśladować,描繪,verbs,0.6
2136,cenny,神聖,adjectives,1.04
2137,ciężarówka,汽車,nouns,3.03
2138,wiedzieć,忘記,verbs,0.04
2139,konstytucja,皇帝,nouns,0.18
2140,syn,哥哥,nouns,0.86
2141,jutro,今晚,adverbs,0.14
2142,przypominać,賣,verbs,0.0
2143,nieoczekiwany,未預見到,adjectives,4.37
2144,hel,空氣,nouns,0.92
2145,chcieć,借,verbs,0.34
2146,dorosły,未成熟的,adjectives,0.04
2147,wyjście,門口,nouns,3.58
2148,formalny,合乎體統,adjectives,3.39
2149,emocjonalnie,傷心地,adverbs,0.77
2150,starożytny,現代,adjectives,0.09
2151,celebrować,使驚奇,verbs,0.24
2152,wielościan,演員,nouns,0.28
2153,tępy,巨大,adjectives,0.09
2154,stary,雜,adjectives,0.18
2155,mięsień,舌頭,nouns,0.79
2156,niedojrzały,長大,adjectives,0.04
2157,winda,盒子,nouns,0.15
2158,obfitość,許多,nouns,4.07
2159,smutny,搞笑,adjectives,0.04
2160,niesprawiedliwie,公平,adverbs,0.04
2161,sypialnia,肚,nouns,0.04
2162,rezygnować,做,verbs,0.04
2163,trener,播放機,nouns,0.35
2164,sos,蘋果,nouns,0.23
2165,kryształ,玻璃,nouns,2.37
2166,jabłko,糖果,nouns,0.29
2167,gubernator,皇帝,nouns,0.81
2168,łokieć,踝,nouns,0.72
2169,zachować,給,verbs,0.19
2170,pokład,老鼠,nouns,0.04
2171,poliester,棉,nouns,0.53
2172,boleć,跌,verbs,0.33
2173,grzejnik,遮,nouns,0.04
2174,definicja,字典,nouns,1.29
2175,przypuszczać,預測,verbs,4.44
2176,oddzielać,連接,verbs,0.0
2177,potrzebujący,缺乏信心,adjectives,0.43
2178,organ,肝臟,nouns,3.02
2179,dać,知道,verbs,0.15
2180,stać się,出現,verbs,0.89
2181,głośno,輕輕的,adverbs,0.14
2182,fantazja,現實,nouns,0.36
2183,drażnić,攻擊,verbs,0.49
2184,czuć,相信,verbs,0.73
2185,trik,遊戲,nouns,0.68
2186,głośny,無禮貌,adjectives,0.73
2187,nauczyciel,拉比,nouns,1.65
2188,wąski,髒,adjectives,0.0
2189,często,不經常,adverbs,0.04
2190,precyzyjny,錯誤,adjectives,0.14
2191,wystrzelić,发送,verbs,1.25
2192,ubrania,布料,nouns,1.73
2193,zapominać,學習,verbs,0.04
2194,racjonalny,清醒,adjectives,3.02
2195,pytać,唔睬,verbs,0.0
2196,pojemnik,老鼠,nouns,0.05
2197,cent,妻子,nouns,0.05
2198,inteligentny,笨,adjectives,0.28
2199,mierny,好的,adjectives,0.19
2200,musztarda,種子,nouns,0.55
2201,ważny,必須,adjectives,3.69
2202,zwycięzca,候選人,nouns,0.76
2203,grypa,發熱,nouns,1.2
2204,gitara,鱒魚,nouns,0.0
2205,pobieżnie,容易地,adverbs,0.47
2206,kościół,合唱團,nouns,0.82
2207,ulica,汽車,nouns,0.47
2208,uchwyt,蛋白質,nouns,0.04
2209,armia,軍團,nouns,3.18
2210,dekoracja,信封,nouns,0.1
2211,wartość,信念,nouns,2.63
2212,mężczyzna,丈夫,nouns,2.19
2213,krew,身體,nouns,0.61
2214,wymieszać,溶解,verbs,0.74
2215,samochód,的士,nouns,3.84
2216,iść,允許,verbs,0.1
2217,blaknąć,侵蝕,verbs,1.23
2218,dolegliwość,危險,nouns,0.52
2219,złapać,收到,verbs,0.48
2220,dziwny,古怪,adjectives,5.03
2221,blacha,鋁,nouns,2.49
2222,nerw,身體,nouns,0.48
2223,egzamin,教學大綱,nouns,0.65
2224,pacjent,複診,nouns,0.32
2225,panna młoda,公主,nouns,0.43
2226,kwiat,忍耐力,nouns,0.04
2227,wierzyć,感覺到,verbs,0.73
2228,miesięczny,每週,adjectives,0.97
2229,rzadki,笨,adjectives,0.14
2230,dekoracja,牆壁,nouns,0.38
2231,garncarstwo,陶瓷,nouns,2.89
2232,ramię,膝蓋,nouns,0.48
2233,dziennikarz,詩人,nouns,0.29
2234,ignorować,打印,verbs,0.0
2235,porozumienie,契約,nouns,4.26
2236,organizować,成為,verbs,0.14
2237,podróż,旅行,nouns,5.05
2238,głośno,微妙地,adverbs,0.04
2239,pojemnik,四輪貨運馬車,nouns,0.1
2240,nasienie,磨坊,nouns,0.18
2241,bóg,獵物,nouns,0.0
2242,kosz,球,nouns,0.39
2243,pokojówka,幫手,nouns,1.84
2244,jasno,非常,adverbs,0.75
2245,plaża,海岸,nouns,3.56
2246,dziecko,男孩,nouns,2.64
2247,zamykać,嘔吐,verbs,0.0
2248,prawdziwy,假,adjectives,0.14
2249,zaczynać,戒除,verbs,0.04
2250,reszta,差數,nouns,2.17
2251,ramię,肌肉,nouns,0.93
2252,niezwykły,罕見,adjectives,4.26
2253,rządać,訓斥,verbs,0.7
2254,soczewka,相機,nouns,0.71
2255,bal,大炮,nouns,0.14
2256,dumny,傲慢,adjectives,2.65
2257,kierownictwo,老鼠,nouns,0.1
2258,biznes,工業,nouns,2.47
2259,uporządkowany,亂七八糟,adjectives,0.09
2260,wspomagać,協助,verbs,4.49
2261,mutant,社會生物學,nouns,0.29
2262,mówić,低語,verbs,1.69
2263,jabłko,醬,nouns,0.23
2264,przeżyć,生活,verbs,3.37
2265,chronić,保持,verbs,1.13
2266,łóżko,傢俱,nouns,2.81
2267,uczęszczać,拗撬,verbs,0.04
2268,hol,課堂,nouns,0.24
2269,płachta,平面,nouns,0.61
2270,zmienić,改變,verbs,3.74
2271,ciąg,名單,nouns,1.44
2272,rozumieć,讀,verbs,0.72
2273,słyszeć,察覺,verbs,0.6
2274,gotówka,錢,nouns,5.34
2275,natychmiast,不久,adverbs,1.02
2276,szkodnik,農藥,nouns,1.11
2277,szeptać,說話,verbs,1.69
2278,zbadać,追求,verbs,0.7
2279,mianować,選舉,verbs,0.6
2280,alkohol,威士忌酒,nouns,3.55
2281,guzik,衣服,nouns,0.71
2282,niechlujny,核突,adjectives,0.96
2283,rozpadać się,死,verbs,0.4
2284,koń,小馬,nouns,3.42
2285,przyjazny,大方,adjectives,1.64
2286,niebezpiecznie,小心地,adverbs,0.09
2287,sufit,地板,nouns,0.23
2288,słoń,恐龍,nouns,0.43
2289,prawo,正義,nouns,0.93
2290,woda,鹽,nouns,0.3
2291,zorganizowany,雜亂無章,adjectives,0.04
2292,ostrożnie,謹慎地,adverbs,4.52
2293,student,小學生,nouns,3.75
2294,chirurgia,心臟,nouns,0.52
2295,światło,鍵盤,nouns,0.09
2296,owies,田,nouns,1.01
2297,nowatorski,有創意,adjectives,4.28
2298,skomplikowany,簡單,adjectives,0.04
2299,akceptować,同意,verbs,4.45
2300,prezydent,污染,nouns,0.1
2301,ewakuować,確定,verbs,0.0
2302,erodować,褪色,verbs,1.23
2303,pietruszka,瑪芬,nouns,0.04
2304,rabin,老師,nouns,1.65
2305,mięso,牛扒,nouns,4.09
2306,kot,老鼠,nouns,0.29
2307,ekran,音系學,nouns,0.0
2308,książka,正文,nouns,1.5
2309,przekonywać,嘗試,verbs,0.7
2310,nielegalny,不道德,adjectives,2.07
2311,pewny,自信,adjectives,4.29
2312,muzułmanin,主教,nouns,0.14
2313,pręt,監獄,nouns,0.2
2314,nieprawdopodobny,普通,adjectives,0.05
2315,łatwy,大,adjectives,0.0
2316,mozaika,教堂,nouns,0.2
2317,organ,腎,nouns,3.48
2318,rozwalić,打碎,verbs,4.5
2319,zadowolony,瘋狂,adjectives,0.28
2320,kupować,得到,verbs,0.1
2321,zachęcać,使氣餒,verbs,0.0
2322,zamarzać,發抖,verbs,0.3
2323,śpieszyć,匆忙,verbs,4.72
2324,mżawka,雨,nouns,3.93
2325,weekend,種族,nouns,0.0
2326,narzędzia,案件,nouns,0.34
2327,mokry,黏,adjectives,1.07
2328,pewny siebie,肯定,adjectives,4.29
2329,legenda,道德,nouns,0.45
2330,wanna,房間,nouns,0.38
2331,stulecie,年,nouns,0.76
2332,jeździć,跑,verbs,0.19
2333,rozkoszny,精彩,adjectives,2.87
2334,plaża,島,nouns,1.26
2335,sukienka,舞蹈,nouns,0.0
2336,nigdy,稍後,adverbs,0.3
2337,ojciec,哥哥,nouns,0.98
2338,działo,球,nouns,0.14
2339,świetny,精彩,adjectives,3.4
2340,kultura,社會,nouns,1.02
2341,zwierzę,人,nouns,0.18
2342,wieczór,日落,nouns,3.53
2343,szef,董事,nouns,4.5
2344,wanna,妻子,nouns,0.04
2345,pchać,拉,verbs,0.39
2346,obecność,缺席,nouns,0.09
2347,zasadniczo,關鍵地,adverbs,0.78
2348,osądzać,決定,verbs,2.25
2349,alkohol,啤酒,nouns,3.84
2350,świt,晚上,nouns,0.23
2351,kontemplować,想,verbs,3.03
2352,powieść,作家,nouns,0.53
2353,papieros,煙草,nouns,3.22
2354,język,臉頰,nouns,0.48
2355,brzeg,座位,nouns,0.15
2356,zadowolony,開心,adjectives,5.03
2357,skała,礦,nouns,0.76
2358,zdrowy,聞名,adjectives,0.55
2359,doktor,脾氣,nouns,0.18
2360,czysty,整齊,adjectives,4.63
2361,decydować,得出結論,verbs,2.83
2362,telefon,受害者,nouns,0.04
2363,pistolet,筆記本,nouns,0.0
2364,kraść,攞,verbs,0.82
2365,rękawica,球,nouns,0.19
2366,brudny,狹窄,adjectives,0.0
2367,wujek,姨媽,nouns,0.78
2368,słowo,文學,nouns,2.27
2369,bydło,牛,nouns,4.5
2370,zbadać,檢查,verbs,3.74
2371,okrutny,嚴酷,adjectives,3.96
2372,frytki,遊標,nouns,0.04
2373,zostać,等待,verbs,1.18
2374,bydło,羊,nouns,1.6
2375,pieniądze,珍珠,nouns,0.33
2376,niepoczytalny,瘋狂,adjectives,5.23
2377,pewnie,明顯地,adverbs,4.15
2378,dać,允許,verbs,2.17
2379,uderzyć,瞄准,verbs,1.29
2380,piosenka,故事,nouns,0.54
2381,film,虛無主義,nouns,0.09
2382,nauka,心理學,nouns,1.5
2383,kłócić się,抱怨,verbs,0.84
2384,wznosić,舉起,verbs,2.62
2385,literatura,詞,nouns,2.27
2386,oficjalnie,重要的,adverbs,1.21
2387,wołowina,肉,nouns,3.79
2388,szkwał,風,nouns,2.96
2389,warunek,男孩,nouns,0.04
2390,nienawidzić,喜愛,verbs,0.09
2391,samochód,電梯,nouns,0.09
2392,policzek,舌頭,nouns,0.48
2393,skrzypce,吉他,nouns,2.02
2394,pies,馬,nouns,1.02
2395,szczęśliwy,年輕,adjectives,0.2
2396,braterstwo,男人,nouns,1.55
2397,podatek,收入,nouns,0.38
2398,regularnie,偶然,adverbs,0.53
2399,niezawodnie,負責任,adverbs,2.44
2400,cesarz,州長,nouns,0.81
2401,gwiazda,明亮,nouns,1.82
2402,śmiały,自豪,adjectives,1.48
2403,wymieszać,煮,verbs,0.38
2404,bazylika,馬賽克,nouns,0.2
2405,dumny,傷心,adjectives,0.0
2406,komunikacja,偈,nouns,2.95
2407,jednakowy,類似,adjectives,3.15
2408,występować,敬禮,verbs,0.05
2409,siła,威力,nouns,3.98
2410,dodawać,建立,verbs,0.77
2411,wrażenie,信念,nouns,1.18
2412,informować,擦亮,verbs,0.0
2413,woda,乾旱,nouns,0.0
2414,melodia,音樂,nouns,3.36
2415,rolnictwo,單一耕作,nouns,1.76
2416,wychodzić,出現,verbs,0.29
2417,zaręczyny,戒指,nouns,0.98
2418,dusić,呼吸,verbs,0.36
2419,nieświadomy,頻繁,adjectives,0.04
2420,zakryty,沒有冚住的,adjectives,0.1
2421,dżinsy,女人,nouns,0.09
2422,cygaro,盒子,nouns,0.04
2423,gryźć,讀,verbs,0.09
2424,klasa,走廊,nouns,0.24
2425,eksplorować,發現,verbs,3.01
2426,kaloryfer,傳感器,nouns,0.41
2427,mózg,神經,nouns,0.9
2428,samochód,高速公路,nouns,0.6
2429,nurkować,創建,verbs,0.04
2430,pchać,責怪,verbs,0.23
2431,uczyć się,聽,verbs,0.43
2432,narciarstwo,滑雪板,nouns,1.31
2433,dwukrotnie,總是,adverbs,0.18
2434,slajd,光標,nouns,0.14
2435,mięso,血液,nouns,0.48
2436,telefon,手提電話,nouns,4.88
2437,straszny,傷心,adjectives,0.19
2438,lotnictwo,飛行,nouns,2.73
2439,dodać,加入,verbs,3.32
2440,dziecinny,傻,adjectives,2.33
2441,rytm,算術,nouns,0.0
2442,walczyć,咬,verbs,0.68
2443,oszczędzać,收藏,verbs,4.3
2444,północ,南,nouns,0.73
2445,nerw,腦,nouns,0.9
2446,słup,速度,nouns,0.0
2447,oddychać,嗆,verbs,0.36
2448,ocet,沙拉,nouns,0.38
2449,wysyłać,帶來,verbs,0.09
2450,mnich,神職人員,nouns,2.84
2451,wino,酒,nouns,3.37
2452,ciężki,容易,adjectives,0.18
2453,szalony,瘋,adjectives,5.23
2454,przędza,線,nouns,3.36
2455,zwiadowca,射手,nouns,0.8
2456,podekscytowany,受驚,adjectives,0.43
2457,tkanina,麻布,nouns,3.56
2458,miecz,王座,nouns,0.05
2459,głodny,累,adjectives,0.43
2460,aktor,女演員,nouns,3.08
2461,lubić,娛樂,verbs,0.7
2462,widowisko,數學家,nouns,0.04
2463,żona,老公,nouns,1.44
2464,niszczyć,腐爛,verbs,1.03
2465,argument,協議,nouns,0.29
2466,satysfakcjonować,使滿意,verbs,5.04
2467,ryż,豆,nouns,0.57
2468,niebo,宇宙,nouns,1.84
2469,uczciwy,內疚,adjectives,0.14
2470,zakładać,假扮,verbs,0.38
2471,milioner,元,nouns,0.43
2472,tkanina,衣服,nouns,1.64
2473,jogurt,家牛,nouns,0.33
2474,jard,米,nouns,2.29
2475,przestrzegać,守規矩,verbs,3.03
2476,zatrzymywać,禁止,verbs,2.12
2477,egzema,皮炎,nouns,3.31
2478,narodowy,聞名,adjectives,0.25
2479,niebo,夢想,nouns,0.0
2480,raz,兩次,adverbs,0.09
2481,dorosły,小孩,nouns,0.28
2482,źródło,噴泉,nouns,3.17
2483,pewnie,當然,adverbs,4.88
2484,pręt,籠子,nouns,0.47
2485,mieszany,舊,adjectives,0.18
2486,tworzyć,潛水,verbs,0.04
2487,jastrząb,鳥,nouns,3.53
2488,wybór,選舉,nouns,2.43
2489,zwycięzca,冠軍,nouns,4.58
2490,mięso,麵包,nouns,0.18
2491,rzadki,非一般,adjectives,4.26
2492,obierać,選擇,verbs,1.15
2493,nieśmiały,害怕,adjectives,2.23
2494,dostarczać,攜帶,verbs,2.94
2495,prawdopodobnie,積極地,adverbs,1.42
2496,uczęszczać,聚集,verbs,1.18
2497,kobieta,任務,nouns,0.04
2498,cytryna,茶,nouns,0.18
2499,odkryty,冚住,adjectives,0.1
2500,królik,貓,nouns,1.37
2501,guma,薄荷,nouns,0.33
2502,mięsień,骨頭,nouns,0.23
2503,wybór,意見,nouns,0.8
2504,książę,國王,nouns,1.88
2505,zbierać,保存,verbs,4.3
2506,niebawem,立即,adverbs,1.02
2507,ortodonta,醫生,nouns,3.38
2508,pogoda,波浪,nouns,0.1
2509,samochód,船,nouns,0.53
2510,popcorn,電影,nouns,0.52
2511,sierżant,槍,nouns,0.38
2512,język,喉,nouns,0.95
2513,trudny,簡單,adjectives,0.14
2514,zapoczątkować,開始,verbs,3.29
2515,pokój,士兵,nouns,0.2
2516,łóżko,房間,nouns,0.33
2517,niemowlę,成人,nouns,0.18
2518,krew,肉,nouns,0.48
2519,uciec,逃跑,verbs,5.48
2520,półwysep,島,nouns,1.59
2521,niedokładnie,精確地,adverbs,0.04
2522,uwalniać,按下,verbs,0.09
2523,zastąpić,恢復,verbs,1.06
2524,pić,混合,verbs,0.1
2525,ratować,淹,verbs,0.04
2526,podnieść,運輸,verbs,0.92
2527,serce,手術,nouns,0.52
2528,nauczyciel,幫手,nouns,0.38
2529,iść,賣,verbs,0.04
2530,doktor,大夫,nouns,5.2
2531,paznokieć,拇指,nouns,1.5
2532,dostarczać,接受,verbs,0.0
2533,płukać,洗,verbs,3.75
2534,okropny,偉大,adjectives,0.09
2535,ortodonta,牙醫,nouns,4.32
2536,świt,槍,nouns,0.0
2537,logika,智力,nouns,2.61
2538,świetny,攞命,adjectives,0.09
2539,ścigać,跟隨,verbs,2.88
2540,wąski,寬廣,adjectives,0.14
2541,koperta,裝飾,nouns,0.1
2542,radykalny,暴力,adjectives,2.45
2543,hymn,征服,nouns,0.0
2544,długopis,字母,nouns,0.05
2545,niewiarygodnie,緊緊地,adverbs,0.43
2546,bagaż,環球航行,nouns,0.23
2547,niezależnie,負責可靠地,adverbs,1.04
2548,zaprzeczać,承認,verbs,0.04
2549,prymitywny,無禮貌,adjectives,0.63
2550,samochód,廠,nouns,0.1
2551,sława,財富,nouns,0.62
2552,ptak,鷹,nouns,3.53
2553,spokojnie,巧妙的,adverbs,1.66
2554,młody,開心,adjectives,0.2
2555,bezdomny,億萬富翁,nouns,0.04
2556,rozpadać się,毀滅,verbs,1.03
2557,aprobować,准許,verbs,3.68
2558,zły,不誠實,adjectives,1.79
2559,kanapa,棒球,nouns,0.0
2560,stek,肉,nouns,4.09
2561,znak,俱樂部,nouns,0.04
2562,płaszczyzna,大薄片,nouns,0.61
2563,zima,夏天,nouns,0.44
2564,brat,靈魂,nouns,0.15
2565,wizerunek,映像,nouns,3.22
2566,przyjaciel,夥伴,nouns,4.38
2567,narzekać,帶來,verbs,0.0
2568,przezornie,小心地,adverbs,4.52
2569,żona,一分錢,nouns,0.05
2570,wskazówka,字,nouns,0.58
2571,socjobiologia,突變體,nouns,0.29
2572,odrzucać,謝絕,verbs,4.0
2573,wanna,戲法,nouns,0.04
2574,zachód słońca,日出,nouns,0.47
2575,mówić,聽見,verbs,0.49
2576,leniwy,珍貴,adjectives,0.04
2577,dorosły,家長,nouns,2.79
2578,długi,狹窄,adjectives,0.42
2579,uderzyć,吸引,verbs,0.0
2580,wygrać,完成,verbs,1.6
2581,autobus,的士,nouns,1.92
2582,archeologia,人類學,nouns,1.93
2583,przestraszony,緊張,adjectives,2.3
2584,sylabus,考試,nouns,0.65
2585,rozmiar,戲法,nouns,0.0
2586,infekcja,詞性變化,nouns,0.14
2587,lis,獵狗,nouns,0.73
2588,teraz,這裡,adverbs,0.73
2589,astronom,星系,nouns,1.64
2590,ciało,肚,nouns,1.68
2591,zgadywać,刺激,verbs,0.33
2592,zamieszki,畫畫,nouns,0.04
2593,język,溝通,nouns,1.98
2594,początkowo,創造性地,adverbs,0.29
2595,dobry,辣,adjectives,0.29
2596,prezydent,小學生,nouns,0.04
2597,mundur,鈎織編織,nouns,0.0
2598,rafa,海灘,nouns,0.39
2599,apokalipsa,火,nouns,0.69
2600,złączyć,獲得,verbs,0.1
2601,król,公主,nouns,1.65
2602,samochód,喇叭,nouns,0.19
2603,sekretarka,女人,nouns,2.17
2604,sałatka,醋,nouns,0.38
2605,stopa,頭,nouns,0.29
2606,puszka,瓶子,nouns,1.63
2607,pręt,窗帘,nouns,0.14
2608,ręka,腳,nouns,1.26
2609,kość,手臂,nouns,0.63
2610,werdykt,審判,nouns,2.4
2611,akapit,信,nouns,0.15
2612,chmura,天氣,nouns,0.72
2613,składnia,首詞,nouns,0.48
2614,czysty,謙虛,adjectives,0.54
2615,zachód słońca,傍晚,nouns,3.53
2616,otrzymywać,發送,verbs,0.29
2617,śmiać się,哭,verbs,0.1
2618,samotny,貧窮,adjectives,0.45
2619,udawać,講大話,verbs,2.91
2620,bilioner,無家可歸,nouns,0.04
2621,wypadek,書,nouns,0.0
2622,sąd,法官,nouns,1.3
2623,precyzyjnie,精確地,adverbs,5.37
2624,odkryć,認識到,verbs,3.68
2625,pokorny,謙虛,adjectives,4.63
2626,głowa,腳,nouns,0.29
2627,negatywnie,非自然,adverbs,0.46
2628,piwnica,門,nouns,0.19
2629,szosa,任務,nouns,0.05
2630,cynamon,糖果,nouns,0.23
2631,szkło,水晶,nouns,2.37
2632,kontrolować,停止,verbs,0.53
2633,ciasno,難以置信地,adverbs,0.43
2634,jedzenie,程序,nouns,0.0
2635,znaleźć,逃逸,verbs,0.0
2636,pogwałcenie,犯罪,nouns,3.38
2637,czekać,留,verbs,1.18
2638,gwóźdź,手,nouns,0.41
2639,pokój,床,nouns,0.33
2640,pakt,協議,nouns,4.26
2641,przynieść,抱怨,verbs,0.0
2642,nieregularnie,平時,adverbs,0.23
2643,ziarnko,咖啡,nouns,0.83
2644,rozbić,摔碎,verbs,3.34
2645,swoboda,自由,nouns,4.92
2646,tworzyć,建立,verbs,4.06
2647,wydawać,保存,verbs,0.0
2648,rower,皮膚,nouns,0.04
2649,administracja,行政管理,nouns,3.54
2650,dumny,堅強,adjectives,0.58
2651,wzgardliwy,輕視,adjectives,3.71
2652,zamek,壁,nouns,0.14
2653,chłopiec,狀態,nouns,0.04
2654,homofon,光線電話機,nouns,0.05
2655,oszczędność,儲蓄者,nouns,1.05
2656,sad,鴕鳥,nouns,0.0
2657,lato,冬天,nouns,0.44
2658,słowo,報紙,nouns,0.7
2659,gitara,鼓,nouns,0.81
2660,przychodzący,向外,adjectives,0.55
2661,nieskazitelny,清潔,adjectives,5.15
2662,bezradny,脆弱,adjectives,1.46
2663,piasek,腳,nouns,0.04
2664,sypialnia,單車,nouns,0.0
2665,śpiewać,大笑,verbs,0.28
2666,nietoperz,吸血殭屍,nouns,0.9
2667,zaułek,街,nouns,3.1
2668,posiadać,保持,verbs,1.73
2669,symulacja,機器人技術,nouns,0.68
2670,żłobek,幼兒,nouns,1.53
2671,chmura,湖,nouns,0.38
2672,matematyk,節目,nouns,0.04
2673,ignorancja,智力,nouns,0.04
2674,smartfon,菠蘿,nouns,0.0
2675,pokojowo,自豪地,adverbs,0.28
2676,rozwalić,撞,verbs,3.34
2677,redukować,降低,verbs,4.27
2678,żołądek,睡房,nouns,0.04
2679,nudny,刺激,adjectives,0.18
2680,odłączyć,裂開,verbs,3.17
2681,uczyć się,忘記,verbs,0.04
2682,grubo,大致,adverbs,0.93
2683,morze,河流,nouns,1.79
2684,wybierać,選舉,verbs,1.15
2685,nadgarstek,手臂,nouns,0.86
2686,opary,雲,nouns,2.08
2687,owca,羊肉,nouns,3.87
2688,koniecznie,實質上,adverbs,0.87
2689,nerw,腸子,nouns,0.39
2690,kuchnia,洗手間,nouns,0.48
2691,poeta,記者,nouns,0.29
2692,niebo,陽光,nouns,1.1
2693,nudny,沉悶,adjectives,2.31
2694,grób,重新安葬,nouns,1.35
2695,stary,新鮮,adjectives,0.0
2696,śnieg,風暴,nouns,0.81
2697,przykryć,埋葬,verbs,2.58
2698,lotnisko,飛機,nouns,0.87
2699,ostrożność,注意,nouns,3.25
2700,silny,自豪,adjectives,0.58
2701,nieujawniony,公開,adjectives,0.09
2702,dzielić,團結,verbs,0.0
2703,odchodzić,留,verbs,0.04
2704,ziemniak,牛油,nouns,0.24
2705,tutaj,現在,adverbs,0.73
2706,pojęcie,信念,nouns,1.3
2707,głupi,頑固,adjectives,0.53
2708,płyta matka,主板,nouns,3.56
2709,zakryć,保護,verbs,1.42
2710,cesarz,憲法,nouns,0.18
2711,ciało,神經,nouns,0.48
2712,dom,公寓,nouns,4.49
2713,wiek,美人,nouns,0.04
2714,dziewczyna,男人,nouns,0.32
2715,parasol,品質,nouns,0.0
2716,odrzucić,選舉,verbs,0.2
2717,szczęśliwie,死氣沈沈的,adverbs,0.04
2718,głęboko,有意義,adverbs,1.77
2719,krótki,長,adjectives,0.14
2720,żołądek,靜脈,nouns,0.29
2721,wybrzeże,小炮艦,nouns,0.04
2722,trząść,收集,verbs,0.05
2723,śmiertelnie,高高興興地,adverbs,0.04
2724,wolność,自由,nouns,4.92
2725,wspaniały,愉快,adjectives,2.87
2726,posiłek,腰部,nouns,0.05
2727,zatrzymywać,控制,verbs,0.53
2728,przewodnik,手冊,nouns,3.0
2729,klasa,大學,nouns,0.34
2730,król,王子,nouns,1.88
2731,nabyć,偷,verbs,0.63
2732,prosić,乞求,verbs,4.03
2733,rozdzielić,分離,verbs,3.17
2734,syn,男孩子,nouns,2.56
2735,domek,營地,nouns,0.43
2736,niezawodnie,被動地,adverbs,0.1
2737,pikantny,弱,adjectives,0.04
2738,wiedzieć,明白,verbs,3.16
2739,kuzyn,叔叔,nouns,1.38
2740,korytarz,門,nouns,0.28
2741,koledż,職業,nouns,0.04
2742,meble,床,nouns,2.81
2743,nowy,古老,adjectives,0.09
2744,uczęszczać,到達,verbs,2.46
2745,glina,副駕駛,nouns,0.04
2746,bieda,財富,nouns,0.24
2747,cząsteczka,空氣,nouns,0.77
2748,zapylanie,蕊,nouns,0.56
2749,słownik,定義,nouns,1.29
2750,naprawdę,大概,adverbs,1.42
2751,plusk,粘性,nouns,0.0
2752,spokojnie,堅固地,adverbs,0.76
2753,pakt,條件,nouns,1.58
2754,pojawić się,成為,verbs,0.89
2755,kopać,傷害,verbs,1.82
2756,gazeta,資料,nouns,2.12
2757,planeta,星星,nouns,2.0
2758,leniwy,忙碌,adjectives,0.09
2759,alkohol,葡萄酒,nouns,3.37
2760,wąski,白色,adjectives,0.0
2761,niesamowity,脏,adjectives,0.0
2762,nieukształtowany,制服,adjectives,0.05
2763,dostać,失去,verbs,0.04
2764,mysz,貓,nouns,0.29
2765,życzliwie,慷慨地,adverbs,2.83
2766,flaga,旗幟學,nouns,1.01
2767,normalnie,常規地,adverbs,3.71
2768,wytrzymałość,樂隊,nouns,0.0
2769,tron,劍,nouns,0.05
2770,konsorcjum,甘蔗,nouns,0.05
2771,fikcja,傳記,nouns,0.97
2772,kompetencja,能力,nouns,4.0
2773,krew,骨髓,nouns,0.67
2774,zaniedbać,斷絕父子關係,verbs,0.65
2775,przemoczyć,减少,verbs,0.04
2776,samochód,單車,nouns,0.98
2777,jasno,輕輕地,adverbs,0.29
2778,stać się,組織,verbs,0.14
2779,wchodzić,離開,verbs,0.29
2780,zakończony,完成,adjectives,4.63
2781,susza,水,nouns,0.0
2782,nie zgadzać się,同意,verbs,0.09
2783,gitara,小提琴,nouns,2.02
2784,neuroza,頭腦,nouns,0.53
2785,dzielić,乘,verbs,0.19
2786,śmieszny,傷心,adjectives,0.04
2787,sok,奶昔,nouns,0.67
2788,śmiało,偷偷,adverbs,0.0
2789,drzwi,地窖,nouns,0.19
2790,rysować,創建,verbs,1.18
2791,biodro,嘴唇,nouns,0.19
2792,wół,馬,nouns,1.71
2793,futro,槍,nouns,0.04
2794,wyścig,週末,nouns,0.0
2795,otrzymywać,攞,verbs,2.88
2796,kolacja,早餐,nouns,1.21
2797,szczęka,骨頭,nouns,1.55
2798,pasywnie,靜靜地,adverbs,0.77
2799,jabłko,陽光,nouns,0.05
2800,kupować,付款,verbs,2.83
2801,burza,雲,nouns,1.22
2802,koc,木,nouns,0.0
2803,kwestowanie,發展,nouns,0.14
2804,przestępca,罪犯,nouns,5.38
2805,książka,話題,nouns,0.35
2806,kurczyć się,減少,verbs,3.2
2807,głowa,肩,nouns,0.63
2808,cytryna,蘋果,nouns,0.52
2809,uderzyć,懲罰,verbs,0.6
2810,porażka,破產,nouns,1.75
2811,pakunek,貨車,nouns,0.59
2812,dzwon,塔,nouns,0.43
2813,trzymać,擁抱,verbs,0.5
2814,samochód,軟管,nouns,0.34
2815,pracodawca,工作者,nouns,0.57
2816,emocja,激情,nouns,2.19
2817,ogar,狐狸,nouns,0.73
2818,biegacz,運動員,nouns,3.3
2819,powieść się,嘗試,verbs,0.14
2820,mętny,不清楚,adjectives,4.28
2821,istotny,次要,adjectives,0.14
2822,cukierek,肉桂,nouns,0.23
2823,łóżko,睡房,nouns,1.52
2824,szczęśliwy,瘋狂,adjectives,0.5
2825,śmierdzieć,溺愛,verbs,0.6
2826,czytelnik,作者,nouns,0.18
2827,dorosły,嬰兒,nouns,0.18
2828,kąt,彎曲,nouns,1.3
2829,cenny,懶,adjectives,0.04
2830,polityk,警察,nouns,0.1
2831,spód,上面,nouns,0.0
2832,chojnie,好心地,adverbs,2.83
2833,gałęź,手臂,nouns,0.1
2834,miska,尾巴,nouns,0.0
2835,kanapka,肉,nouns,0.09
2836,weksylologia,旗,nouns,1.01
2837,bohater,女英雄,nouns,4.4
2838,kabel,教堂,nouns,0.05
2839,posiąść,吸收,verbs,0.79
2840,pożyczać,保持,verbs,0.0
2841,przedszkole,幼兒園,nouns,1.53
2842,entropia,信息,nouns,0.19
2843,gwizdać,停,verbs,0.18
2844,przynieść,發送,verbs,0.09
2845,zwykle,不定期地,adverbs,0.23
2846,robotnik,辦公室,nouns,0.33
2847,ustalać,撤離,verbs,0.0
2848,gorączka,流感,nouns,1.2
2849,ocalać,拯救,verbs,5.48
2850,jałowcówka,酒,nouns,4.0
2851,krzak,花,nouns,1.46
2852,łucznik,探路者,nouns,0.8
2853,zatrzymywać,忘記,verbs,0.34
2854,krowa,家牛,nouns,4.5
2855,zezwalać,反駁,verbs,0.0
2856,morze,海嘯,nouns,1.21
2857,kaplica,電纜,nouns,0.05
2858,trzcina cukrowa,聯合,nouns,0.05
2859,brać,偷,verbs,0.82
2860,argument,批評,nouns,1.68
2861,łatwy,困難,adjectives,0.04
2862,glob,世界,nouns,4.29
2863,mieszkanie,酒店,nouns,1.55
2864,dzielić,加,verbs,0.36
2865,prawdziwie,重要地,adverbs,1.03
2866,prysznic,修道院,nouns,0.0
2867,koniak,酒,nouns,3.47
2868,alfabet,鋼筆,nouns,0.05
2869,pistolet,刀,nouns,1.3
2870,tępy,醒目,adjectives,0.28
2871,córka,孩子,nouns,2.15
2872,zamówienie,菜單,nouns,0.91
2873,polecić,建議,verbs,3.2
2874,czasem,肯定地,adverbs,0.0
2875,przekonanie,價值觀,nouns,2.63
2876,chodzić,站立,verbs,0.18
2877,bazgrać,寫,verbs,3.17
2878,ilustracja,起泡,nouns,0.04
2879,akceptować,拒絕,verbs,0.34
2880,port,包裝紙,nouns,0.1
2881,acetylocholina,鳶尾花,nouns,0.3
2882,nić,紗,nouns,3.36
2883,zakładać się,賭,verbs,3.3
2884,chojnie,從未,adverbs,0.04
2885,celować,打中,verbs,1.29
2886,fleksja,感染,nouns,0.14
2887,stracić,保持,verbs,0.04
2888,kwiat,紫羅蘭,nouns,3.52
2889,republika,公爵,nouns,0.18
2890,ekosystem,經濟,nouns,0.18
2891,ramię,骨頭,nouns,0.63
2892,liczba,數字,nouns,4.3
2893,menu,點菜,nouns,0.91
2894,bogactwo,貧困,nouns,0.24
2895,kierownictwo,管理,nouns,3.54
2896,nowy,沒用過,adjectives,4.83
2897,niechlujny,井然有序,adjectives,0.09
2898,cygaro,煙鬥,nouns,0.24
2899,wydarzenie,募捐活動,nouns,0.58
2900,marnie,謙遜地,adverbs,0.18
2901,kot,狗,nouns,0.37
2902,pstrąg,吉他,nouns,0.0
2903,głodny,渴,adjectives,1.54
2904,zabić,絞刑,verbs,2.58
2905,płot,軌,nouns,0.3
2906,mech,草,nouns,1.82
2907,pomocnik,老師,nouns,0.38
2908,ballada,歌曲,nouns,3.98
2909,zespół,耐力,nouns,0.0
2910,rozzłoszczony,開心,adjectives,0.18
2911,pociąg,電車,nouns,2.17
2912,muzyka,長笛,nouns,1.13
2913,szybkość,郵件,nouns,0.0
2914,prawo wyborcze,出口,nouns,0.1
2915,pasywnie,積極地,adverbs,0.1
2916,profesor,醫生,nouns,0.97
2917,chłopiec,兒童,nouns,2.64
2918,teleskop,頭腦風暴,nouns,0.04
2919,zakopać,冚住,verbs,2.58
2920,subtelnie,冷靜地,adverbs,1.66
2921,huragan,暴風雨,nouns,2.83
2922,skakanie,籬笆,nouns,0.1
2923,wąski,長,adjectives,0.42
2924,prognoza,灰濛蒙,nouns,0.19
2925,kurz,掃帚,nouns,0.56
2926,wstrząs,地震,nouns,3.87
2927,realistycznie,最近,adverbs,0.32
2928,ignorować,忘記,verbs,1.93
2929,płaszcz,帽子,nouns,0.38
2930,komunikować,祈禱,verbs,0.34
2931,kabel,巫師,nouns,0.0
2932,obiecywać,發誓,verbs,4.07
2933,rozmiar,一分錢,nouns,0.04
2934,piłka,手套,nouns,0.19
2935,karta,橋,nouns,0.5
2936,tępy,傻,adjectives,4.71
2937,pokornie,自豪的,adverbs,0.24
2938,afiks,後綴,nouns,0.98
2939,rywalizować,完成,verbs,0.14
2940,obszar,區城,nouns,4.64
2941,szalenie,大聲地,adverbs,1.17
2942,jednoczyć,結婚,verbs,1.13
2943,uczeń,總統,nouns,0.04
2944,osiągnąć,嘗試,verbs,0.38
2945,chleb,小麥粉,nouns,0.62
2946,deputowany,軍官,nouns,0.84
2947,niszczyć,保留,verbs,0.04
2948,pestycyd,蟲害,nouns,1.11
2949,matka,爸爸,nouns,1.36
2950,czekać,離開,verbs,0.0
