ID,SPA,YUE,PoS,score
1,antiguo,雜,adjectives,0.14
2,botella,廣口瓶,nouns,2.88
3,dios,獵物,nouns,0.0
4,murciélago,吸血殭屍,nouns,1.45
5,huracán,暴風雨,nouns,3.19
6,carne,麵包,nouns,0.43
7,viaje,征服,nouns,0.49
8,adulto,監護人,nouns,2.02
9,techo,窗口,nouns,0.52
10,analizar,評估,verbs,4.53
11,oveja,羊肉,nouns,3.76
12,dibujo,暴動,nouns,0.1
13,verificar,說,verbs,0.4
14,esencialmente,關鍵地,adverbs,0.73
15,entropía,信息,nouns,0.49
16,brújula,大象,nouns,0.1
17,llegar,來,verbs,2.13
18,caos,類別,nouns,0.1
19,corazón,手術,nouns,0.86
20,piso,甲板,nouns,0.58
21,felicidad,悲傷,nouns,0.49
22,vena,肚,nouns,0.34
23,proteína,柄,nouns,0.2
24,concurrencia,貨幣,nouns,0.15
25,celebrar,使驚奇,verbs,0.55
26,tormenta,雪,nouns,0.92
27,río,大海,nouns,2.29
28,modesto,羞愧,adjectives,0.58
29,zapatillas,獎章,nouns,0.15
30,compañero,朋友,nouns,4.04
31,ratón,容器,nouns,0.05
32,niño,士兵,nouns,0.75
33,diccionario,百科全書,nouns,2.48
34,fotófono,同音詞,nouns,0.4
35,raro,笨,adjectives,0.24
36,sospechar,男人,nouns,0.38
37,enfado,狂怒,nouns,4.19
38,coronación,水,nouns,0.0
39,irradiar,照耀,verbs,3.77
40,manta,木,nouns,0.05
41,maduro,正直地,adverbs,0.69
42,posiblemente,樂觀地,adverbs,0.83
43,periódico,資料,nouns,2.32
44,colgar,放,verbs,1.41
45,gratis,無辜,adjectives,0.05
46,violín,樂器,nouns,2.4
47,sacerdote,僧侶,nouns,3.24
48,sombrero,大褸,nouns,0.58
49,estrella,行星,nouns,2.25
50,monedero,袋,nouns,2.22
51,templado,適中,adjectives,2.55
52,adjuntar,分離,verbs,0.05
53,retratar,通知,verbs,0.3
54,caramelo,肉桂,nouns,0.58
55,monarquía,民主,nouns,0.65
56,tronco,沖涼,nouns,0.0
57,gente,槍,nouns,0.33
58,rama,手臂,nouns,0.65
59,sutilmente,冷靜地,adverbs,1.35
60,escritor,作曲家,nouns,2.33
61,destruir,保留,verbs,0.1
62,aceptar,運送,verbs,0.2
63,tanque,汽車,nouns,0.67
64,biólogo,顯微鏡,nouns,1.02
65,lluvia,冰雹,nouns,1.06
66,pistola,筆記本,nouns,0.05
67,fresa,櫻桃,nouns,1.97
68,enfadado,開心,adjectives,0.6
69,cola,章,nouns,0.1
70,enojado,暴力,adjectives,1.27
71,morder,搏鬥,verbs,0.53
72,teatro,電影,nouns,1.54
73,aprobar,准許,verbs,3.23
74,hervir,炒,verbs,0.63
75,disfraz,球,nouns,0.15
76,esquema,主意,nouns,3.59
77,hombre,叔叔,nouns,2.29
78,orgulloso,貧窮,adjectives,0.1
79,hombre,勝利者,nouns,0.53
80,avanzar,促進,verbs,1.66
81,alegre,瘋狂,adjectives,0.38
82,elección,靜脈,nouns,0.04
83,romper,穿,verbs,0.0
84,coche,單車,nouns,1.07
85,hierba,苔蘚,nouns,2.33
86,legión,軍隊,nouns,3.28
87,unirse,獲得,verbs,0.4
88,dama,先生,nouns,0.86
89,moderno,古老,adjectives,0.19
90,gente,人口,nouns,3.35
91,esfumarse,消逝,verbs,4.97
92,inteligentemente,成熟,adverbs,0.79
93,puesta de sol,表,nouns,0.05
94,piso,門,nouns,0.63
95,lavar,沖洗,verbs,3.85
96,placa,玻璃,nouns,0.44
97,enviar,走,verbs,0.35
98,pavo,鳥,nouns,2.39
99,tocino,早餐,nouns,0.38
100,vacilante,憤怒,adjectives,0.63
101,profundidad,大小,nouns,0.69
102,gusano,惡意軟件,nouns,0.74
103,idioma,溝通,nouns,1.63
104,sencillo,容易,adjectives,5.07
105,cita,生日,nouns,1.65
106,dinero,珍珠,nouns,0.72
107,pelota,球拍,nouns,1.02
108,pelota,服裝,nouns,0.15
109,flecha,目標,nouns,1.1
110,oficialmente,重要的,adverbs,0.61
111,ordinario,難以置信,adjectives,0.1
112,cuaderno,槍,nouns,0.05
113,saber,給,verbs,0.29
114,comprender,讀,verbs,1.07
115,sobre,裝飾,nouns,0.05
116,puerta,窗,nouns,0.81
117,chaqueta,針織套衫,nouns,2.71
118,analizar,比較,verbs,3.03
119,plancha,維他命,nouns,0.39
120,tedioso,安全,adjectives,0.1
121,oficina,工作者,nouns,0.28
122,ayudar,協助,verbs,4.19
123,tronco,公式,nouns,0.1
124,hormiga,蒼蠅,nouns,0.66
125,organizar,成為,verbs,0.19
126,adquirir,取得,verbs,4.67
127,carne,血液,nouns,0.48
128,búsqueda,目標,nouns,0.73
129,mortal,高高興興地,adverbs,0.1
130,espada,草,nouns,0.05
131,gripe,發熱,nouns,1.6
132,obtener,放,verbs,0.1
133,pecador,聖,nouns,0.04
134,maduro,巧妙,adverbs,0.79
135,cesta,球,nouns,0.24
136,mantener,借,verbs,0.1
137,objetivo,箭頭,nouns,1.1
138,arma,頭盔,nouns,1.52
139,cocinar,混合,verbs,0.68
140,melodía,節奏,nouns,3.24
141,himno,稻草,nouns,0.23
142,tema,書,nouns,0.68
143,organizar,需要,verbs,0.24
144,aprender,忘記,verbs,0.1
145,oveja,牛,nouns,2.31
146,metro,碼,nouns,2.19
147,informar,擦亮,verbs,0.0
148,policía,政治家,nouns,0.24
149,silla,望遠鏡,nouns,0.15
150,personal,歌手,nouns,0.43
151,almuerzo,三文治,nouns,0.96
152,caballo,狗,nouns,0.97
153,teoría,定理,nouns,4.17
154,añadir,建立,verbs,0.82
155,obrero,辦公室,nouns,0.28
156,grande,重,adjectives,0.72
157,humildemente,糟糕,adverbs,0.24
158,palabra,文學,nouns,2.47
159,visión,事實,nouns,0.57
160,sucio,淫賤,adjectives,0.28
161,anatomía,生物學,nouns,2.38
162,conductor,飛行員,nouns,4.42
163,filete,肉,nouns,3.89
164,carretera,高速公路,nouns,3.74
165,agudo,溫和,adjectives,0.25
166,pequeñito,矬小,adjectives,4.26
167,ignorante,頻繁,adjectives,0.04
168,sargento,槍,nouns,0.57
169,insignias,尊嚴,nouns,0.48
170,de manera segura,小心地,adverbs,3.54
171,cuerno,車,nouns,0.09
172,muñeca,手,nouns,2.83
173,inclinarse,偏見,verbs,2.63
174,monasterio,沖涼,nouns,0.0
175,cuaderno,手提電腦,nouns,0.61
176,inexactamente,精確地,adverbs,0.1
177,recoger,组织,verbs,1.39
178,felicidad,運氣,nouns,0.8
179,gato,老鼠,nouns,0.39
180,pobre,孤獨,adjectives,0.15
181,béisbol,沙發,nouns,0.1
182,paquete,貨車,nouns,0.39
183,pelota,籃子,nouns,0.24
184,manzana,果汁,nouns,0.86
185,trigo,穀物,nouns,2.5
186,metal,鋁,nouns,1.94
187,precisamente,不準確地,adverbs,0.1
188,prima,叔叔,nouns,1.07
189,inmoral,非法,adjectives,2.07
190,adquirir,偷,verbs,0.57
191,destreza,智力,nouns,2.19
192,comida,晚飯,nouns,3.25
193,zona,角,nouns,0.34
194,independientemente,負責可靠地,adverbs,0.94
195,inocente,自由,adjectives,0.05
196,mezcla,聯合,verbs,4.01
197,pueblo,城市,nouns,3.13
198,malo,內疚,adjectives,0.97
199,pasillo,門,nouns,0.48
200,licenciado en derecho,大狀,nouns,4.58
201,perseguir,抓住,verbs,0.83
202,nervio,腸子,nouns,0.48
203,genial,壞,adjectives,0.1
204,terminar,解決,verbs,3.01
205,unir,領帶,verbs,0.6
206,acústica,聲音,nouns,3.54
207,honestamente,真誠地,adverbs,4.58
208,literatura,詞,nouns,2.47
209,capítulo,晚上,nouns,0.35
210,llorar,哭泣,verbs,5.13
211,profesión,學院,nouns,0.55
212,competencia,能力,nouns,3.54
213,gastar,保存,verbs,0.05
214,bebida,啤酒,nouns,2.08
215,reunirse,游泳,verbs,0.04
216,discutir,說服,verbs,0.88
217,orgullosamente,和平地,adverbs,0.38
218,coche,喇叭,nouns,0.09
219,catástrofe,死亡,nouns,1.2
220,líder,經理,nouns,3.1
221,humillar,安慰,verbs,0.0
222,algodón,聚酯纖維,nouns,0.92
223,tarea,高速公路,nouns,0.05
224,unirse,離開,verbs,0.25
225,maduro,複雜,adjectives,1.02
226,recoger,獲得,verbs,1.04
227,abrazar,扼殺,verbs,0.39
228,cambiar,改變,verbs,4.19
229,nacional,聞名,adjectives,0.2
230,ahogar,制服,verbs,1.03
231,codo,踝,nouns,0.52
232,malo,偉大,adjectives,0.1
233,princesa,國王,nouns,1.94
234,hambriento,累,adjectives,0.78
235,acompañante,夥伴,nouns,3.74
236,sistema,故障,nouns,0.15
237,ventana,門,nouns,0.81
238,cama,傢俱,nouns,2.12
239,sol,天空,nouns,0.96
240,brillantemente,輕輕地,adverbs,0.14
241,confundir,學習,verbs,0.1
242,deambular,流,verbs,0.97
243,cuerpo,神經,nouns,0.53
244,piña,手機,nouns,0.0
245,atmósfera,臭氧,nouns,2.68
246,cárcel,酒吧,nouns,0.15
247,harina,麵包,nouns,0.87
248,darse cuenta de,發現,verbs,3.93
249,conocido,國民,adjectives,0.2
250,violento,嬲,adjectives,1.27
251,dinero,工資,nouns,3.81
252,terminar,休會,verbs,0.29
253,madera,石,nouns,0.77
254,asistir,發送,verbs,0.44
255,flexible,有彈性,adjectives,4.19
256,alma,兄弟,nouns,0.15
257,determinar,撤離,verbs,0.35
258,pobre,自豪,adjectives,0.1
259,herramienta,工作,nouns,0.54
260,tarta,巧克力,nouns,0.83
261,factible,不可能,adjectives,0.19
262,vexilología,旗,nouns,1.1
263,imitar,捕獲,verbs,0.2
264,orgullosamente,謙遜地,adverbs,0.18
265,cerca,跳躍,nouns,0.2
266,activamente,被動地,adverbs,0.15
267,televisión,演員,nouns,0.76
268,morir,埋葬,verbs,1.0
269,club,標識,nouns,0.49
270,mujer,男人,nouns,1.07
271,grave,有趣,adjectives,0.09
272,demonio,怪獸,nouns,3.29
273,antecedente,過去,nouns,3.2
274,estaño,鋁,nouns,1.69
275,darse prisa,趕,verbs,5.08
276,policía,警長,nouns,3.71
277,juez,法庭,nouns,0.91
278,recientemente,最近,adverbs,5.22
279,golpear,懲罰,verbs,0.65
280,antiguo,新鮮,adjectives,0.0
281,pie,沙漠,nouns,0.24
282,detener,警告,verbs,0.44
283,hermano,男孩,nouns,2.31
284,pacto,條件,nouns,2.13
285,criticar,討厭,verbs,0.78
286,raramente,平時,adverbs,0.1
287,golpear,混合,verbs,0.0
288,hoja,幼苗,nouns,1.29
289,definitivamente,肯定地,adverbs,4.03
290,coche,胎壓計,nouns,0.2
291,diferente,正常,adjectives,0.15
292,suelo,天花板,nouns,0.53
293,rayo,陽光,nouns,0.97
294,cabina,營地,nouns,0.68
295,colegio,法律,nouns,0.58
296,bolso,錢包,nouns,2.22
297,reunir,出席,verbs,0.68
298,terminar,畢業,verbs,1.21
299,deambular,搜索,verbs,0.63
300,amenaza,危險,nouns,4.23
301,venir,走,verbs,0.79
302,médico,正牙醫生,nouns,2.69
303,recalentamiento,預熱,nouns,1.98
304,modo,時裝,nouns,0.15
305,avergonzado,幸運,adjectives,0.04
306,robar,購買,verbs,0.1
307,aceptar,同意,verbs,3.95
308,trabajo,任務,nouns,3.84
309,hacer,發生,verbs,0.39
310,robar,綁架,verbs,0.98
311,tristemente,感情上,adverbs,1.17
312,frágil,冷淡,adjectives,0.05
313,extramatrimonial,不宜說出口的,adjectives,0.38
314,conversación,爭論,nouns,3.21
315,ganador,存在,nouns,0.24
316,presidente,污染,nouns,0.25
317,formal,合乎體統,adjectives,3.09
318,belleza,十四行詩,nouns,0.25
319,gente,元,nouns,0.05
320,ganado,羊,nouns,2.31
321,recomendar,接受,verbs,0.4
322,tomar,離開,verbs,0.24
323,ratón,鼠,nouns,4.61
324,volcán,岩漿,nouns,1.91
325,difícil,狡猾,adjectives,0.15
326,flexible,大,adjectives,0.04
327,recoger,搖動,verbs,0.2
328,ganar,值得,verbs,0.89
329,insecto,蜜蜂,nouns,3.17
330,compromiso,戒指,nouns,1.69
331,negar,避免,verbs,0.64
332,sombrero,盒子,nouns,0.15
333,abeja,女王,nouns,0.4
334,isla,海灘,nouns,1.36
335,taburete,椅子,nouns,3.78
336,brillantemente,非常,adverbs,0.65
337,hospital,床,nouns,0.48
338,acantilado,小山,nouns,0.89
339,conquista,旅程,nouns,0.49
340,smo,罪人,nouns,0.04
341,una vez,兩次,adverbs,0.34
342,rechazar,選舉,verbs,0.2
343,motor,機器,nouns,2.54
344,caña de azúcar,聯合,nouns,0.2
345,aeropuerto,片,nouns,0.0
346,agricultura,單一耕作,nouns,1.51
347,morir,分化,verbs,0.35
348,república,公爵,nouns,0.28
349,brazo,手腕,nouns,0.86
350,pionero,射手,nouns,0.45
351,maravilloso,愉快,adjectives,3.01
352,desaparecer,收縮,verbs,0.56
353,caja,帽子,nouns,0.15
354,fluir,漂移,verbs,0.97
355,cruzar,僧侣,nouns,0.14
356,ocurrir,做,verbs,0.39
357,débiles,辣,adjectives,0.04
358,cargador,磁盤,nouns,0.2
359,globalismo,簽證,nouns,0.58
360,sol,射線,nouns,0.97
361,lograr,嘗試,verbs,0.63
362,piloto,司機,nouns,4.42
363,salir,撤退,verbs,3.45
364,continuación,相機,nouns,0.15
365,padre,兒子,nouns,1.8
366,fábrica,汽車,nouns,0.2
367,bandera,旗幟學,nouns,1.1
368,crimen,違反,nouns,3.24
369,despreciativo,輕蔑,adjectives,3.67
370,empatar,團結,verbs,0.6
371,autor,讀者,nouns,0.58
372,defender,殺,verbs,0.2
373,escucha,明白,verbs,0.64
374,música,旋律,nouns,3.41
375,magnitud,深度,nouns,0.69
376,múltiple,兩次,adverbs,0.79
377,salir,參加,verbs,0.25
378,aburrido,好笑,adjectives,0.1
379,apartamento,酒店,nouns,1.5
380,computadora,機器,nouns,3.26
381,sofá,床,nouns,2.42
382,automóvil,汽車,nouns,5.75
383,poliéster,棉,nouns,0.92
384,profesor,醫生,nouns,0.72
385,completamente,基本上,adverbs,1.06
386,combinación,結合,nouns,3.74
387,chico,朋友,nouns,1.35
388,película,戲,nouns,5.12
389,asistir,聚集,verbs,0.68
390,odiar,喜愛,verbs,0.14
391,fracaso,破產,nouns,1.65
392,crecimiento,肥料,nouns,0.72
393,escritor,禮物,nouns,0.1
394,añadir,除,verbs,0.52
395,caja,雪茄,nouns,0.39
396,bolígrafo,字母,nouns,0.4
397,dar un puñetazo,捏,verbs,0.52
398,importante,關鍵,adjectives,4.29
399,abogado,律師,nouns,4.58
400,estrecho,寬廣,adjectives,0.24
401,lanzar,抓住,verbs,0.43
402,fonología,屏幕,nouns,0.05
403,pájaro,火雞,nouns,2.39
404,corredor,過道,nouns,4.7
405,mecánico,電動,adjectives,1.92
406,noticias,流言蜚語,nouns,1.51
407,menú,點菜,nouns,0.91
408,autopista,路,nouns,3.74
409,mecánico,工人,nouns,2.15
410,gerente,領導,nouns,3.1
411,xenofobia,種族主義,nouns,4.48
412,isla,半島,nouns,1.65
413,inspeccionar,檢查,verbs,5.08
414,habitación,單車,nouns,0.15
415,notificar,通知,verbs,5.04
416,dar,偷,verbs,0.1
417,entrar,欠,verbs,0.0
418,mollete,香芹,nouns,0.29
419,ataque,犯罪,nouns,1.3
420,dinero,鑽石,nouns,0.76
421,salir,出現,verbs,0.34
422,dolencia,發炎,nouns,1.5
423,tropezar,跌倒,verbs,3.99
424,cuerpo,底衫褲,nouns,0.67
425,arroz,雞,nouns,0.47
426,ansioso,不耐煩,adjectives,3.78
427,novia,公主,nouns,0.83
428,editorial,新聞,nouns,2.17
429,sintaxis,首詞,nouns,0.73
430,guardián,成人,nouns,2.02
431,biografía,小說,nouns,1.17
432,examinar,檢查,verbs,5.08
433,acusar,說謊,verbs,0.34
434,rey,公主,nouns,1.94
435,diferentemente,奇怪地,adverbs,0.89
436,injustamente,公平,adverbs,0.1
437,anunciar,宣布,verbs,4.23
438,ligero,鍵盤,nouns,0.34
439,grito,拗撬,verbs,0.58
440,llegar,離開,verbs,0.2
441,falda,手錶,nouns,0.24
442,acción,課程,nouns,0.93
443,quejar,帶來,verbs,0.0
444,sin peligro,高高興興地,adverbs,0.61
445,sobrio,理性的,adjectives,1.82
446,playa,海岸,nouns,3.62
447,a menudo,有時候,adverbs,2.79
448,admirar,崇拜,verbs,4.32
449,investigar,追求,verbs,1.1
450,privado,個人,adjectives,3.96
451,amablemente,慷慨地,adverbs,3.38
452,cola,碗,nouns,0.1
453,café,豆,nouns,0.38
454,pista,字,nouns,0.24
455,nervioso,某些,adjectives,0.1
456,impotente,脆弱,adjectives,1.8
457,pasivo,暴力,adjectives,0.15
458,personal,私人,adjectives,3.96
459,gente,派對,nouns,0.77
460,hoja,樹,nouns,1.02
461,asistir,來,verbs,2.41
462,eléctrico,甜,adjectives,0.0
463,lógica,智力,nouns,3.11
464,pensar,沉思,verbs,2.93
465,genio,燈,nouns,0.59
466,sencillo,困難,adjectives,0.15
467,manchar,傳播,verbs,0.34
468,negativamente,非自然,adverbs,1.31
469,ganador,冠軍,nouns,4.53
470,discutir,叫喊,verbs,0.58
471,moda,模式,nouns,0.15
472,estilo,時裝,nouns,3.4
473,dios,魔鬼,nouns,0.34
474,crear,建立,verbs,3.91
475,campamento,艙,nouns,0.68
476,ganar,完成,verbs,1.54
477,fuerza,耐力,nouns,2.91
478,frijol,米飯,nouns,0.83
479,presidente,政治家,nouns,2.69
480,pollo,米飯,nouns,0.47
481,boca,牙齒,nouns,1.07
482,erosionar,穿,verbs,0.14
483,baloncesto,棒球,nouns,1.61
484,perro,馬,nouns,0.97
485,jefe,市長,nouns,2.16
486,detener,駕駛,verbs,0.34
487,compilador,子程序,nouns,0.58
488,aprender,評估,verbs,0.49
489,destruir,建造,verbs,0.33
490,obviamente,肯定地,adverbs,3.25
491,ansioso,害怕,adjectives,0.69
492,becerro,公牛,nouns,2.83
493,conservar,留,verbs,3.63
494,cena,餐,nouns,3.31
495,prestigio,財富,nouns,0.55
496,fondo,側面,nouns,0.68
497,concepto,信念,nouns,1.55
498,idea,方案,nouns,3.59
499,accidente,書,nouns,0.1
500,lado,下面,nouns,0.68
501,centavo,便宜貨,nouns,0.24
502,obvio,顯然,adjectives,4.45
503,telescopio,椅子,nouns,0.15
504,fuerza,能力,nouns,3.04
505,paz,幸福,nouns,2.67
506,globo,人,nouns,0.25
507,pedir,幫忙,verbs,0.25
508,dígito,細胞質,nouns,0.0
509,fraternidad,門,nouns,0.2
510,ortodoncista,醫生,nouns,2.69
511,tranquilamente,自然地,adverbs,0.97
512,mandíbula,骨頭,nouns,1.5
513,esclavo,僕人,nouns,3.4
514,animal,人,nouns,0.38
515,nerviosamente,焦急地,adverbs,3.68
516,poliedro,演員,nouns,0.28
517,bueno,辣,adjectives,0.04
518,ofender,侮辱,verbs,4.03
519,ven,出席,verbs,2.41
520,asteroide,星,nouns,3.44
521,racional,清醒,adjectives,1.82
522,colina,懸崖,nouns,0.89
523,lagartija,蛇,nouns,1.01
524,frígido,易損壞,adjectives,0.05
525,juzgar,決定,verbs,2.9
526,magnitud,大小,nouns,4.28
527,dar,知道,verbs,0.29
528,niño,成人,nouns,0.53
529,papel,硬紙板,nouns,3.02
530,neblina,雲,nouns,2.67
531,conversacion,溝通,nouns,3.1
532,robar,攞,verbs,0.72
533,encontrar,逃逸,verbs,0.15
534,casa,公寓,nouns,4.14
535,coche,車,nouns,5.75
536,flexible,謙虛,adjectives,0.29
537,multimillonario,無家可歸,nouns,0.15
538,planeta,月亮,nouns,1.97
539,examinar,調查,verbs,4.29
540,culpa,指控,verbs,2.61
541,cereal,小麥,nouns,2.5
542,mecánicamente,理想地,adverbs,0.28
543,cabra,牛,nouns,1.79
544,jaula,柵欄,nouns,0.38
545,guitarra,鼓,nouns,0.77
546,sándwich,肉,nouns,0.49
547,cubierta,地板,nouns,0.58
548,flor,灌木,nouns,1.96
549,crudo,無禮貌,adjectives,0.88
550,pared,磚,nouns,1.06
551,hacer,戒除,verbs,0.24
552,médula,血液,nouns,0.97
553,amigo,夥伴,nouns,4.04
554,brazo,樹枝,nouns,0.65
555,perro,貓,nouns,0.67
556,ahogar,燒傷,verbs,0.28
557,hilo,紗,nouns,2.46
558,neutral,冷靜,adjectives,0.83
559,inteligente,笨,adjectives,0.15
560,empujar,責怪,verbs,0.28
561,lejos,在家裡,adverbs,0.14
562,menor,重大,adjectives,0.24
563,adversario,對手,nouns,5.08
564,aparentemente,簡直,adverbs,0.61
565,picante,好,adjectives,0.04
566,jugador de bolos,保齡球,nouns,1.92
567,caja,電梯,nouns,0.2
568,reír,唱,verbs,0.38
569,joven,焦躁不安,adjectives,0.15
570,princesa,新娘,nouns,0.83
571,estómago,課程,nouns,0.05
572,pantalla,音系學,nouns,0.05
573,desalentar,使灰心,verbs,4.16
574,pájaro,鷹,nouns,2.88
575,encoger,消失,verbs,0.56
576,reír,哭,verbs,0.15
577,anarquía,混亂,nouns,3.39
578,vitamina,鐵,nouns,0.39
579,hueso,肌肉,nouns,0.43
580,hacer,建造,verbs,3.25
581,coche,橋,nouns,0.24
582,tradición,手工業,nouns,1.02
583,médico,醫生,nouns,5.15
584,evaluar,分數,verbs,3.88
585,luna,行星,nouns,1.97
586,estrecho,髒,adjectives,0.0
587,absorber,擁有,verbs,0.64
588,preciso,錯誤,adjectives,0.18
589,difícil,密度大,adjectives,2.46
590,naturalmente,非自然,adverbs,0.1
591,dividir,加,verbs,0.52
592,cinematografía,導演,nouns,1.69
593,callejón,碗,nouns,0.0
594,feliz,高興,adjectives,4.78
595,tonto,蠢,adjectives,5.08
596,ácido,鹼,nouns,1.32
597,heroína,英雄,nouns,3.5
598,corredor,運動員,nouns,3.65
599,estructura,拓撲,nouns,0.8
600,marinero,隊長,nouns,0.93
601,persona,動物,nouns,0.38
602,átomo,碳,nouns,1.29
603,nuevo,舊,adjectives,0.19
604,béisbol,籃球,nouns,1.61
605,solicitud,申請人,nouns,1.13
606,ratón,管理,nouns,0.04
607,cable,教堂,nouns,0.0
608,actualmente,微妙地,adverbs,0.18
609,pasivamente,積極地,adverbs,0.15
610,capital,錢,nouns,4.01
611,biblia,書,nouns,1.41
612,universidad,職業,nouns,0.55
613,elección,意見,nouns,1.01
614,catedral,天花板,nouns,0.24
615,peligro,疾病,nouns,0.77
616,emperador,憲法,nouns,0.78
617,ganador,目標,nouns,0.53
618,estima,榮譽,nouns,2.36
619,explorar,無視,verbs,0.1
620,área,地帶,nouns,4.65
621,ropa,大褸,nouns,1.88
622,hueso,肘,nouns,0.58
623,célula,房間,nouns,0.28
624,gracioso,枯燥,adjectives,0.1
625,dígito,數,nouns,4.45
626,diferir de,同意,verbs,0.2
627,muerte,悲劇,nouns,1.79
628,otro,相反,adjectives,0.64
629,lado,頂,nouns,0.82
630,feliz,年輕,adjectives,0.1
631,playa,海,nouns,2.92
632,fraternidad,棒球,nouns,0.29
633,ofrecimiento,貢獻,nouns,3.2
634,patatas fritas,遊標,nouns,0.04
635,olvidar,知道,verbs,0.15
636,soldado,和平,nouns,0.2
637,aceptar,謝絕,verbs,0.0
638,legal,允許,adjectives,3.88
639,actividad,運動,nouns,2.82
640,básicamente,充分,adverbs,1.06
641,bote,車,nouns,0.53
642,cortina,竿,nouns,0.34
643,puerta,大門,nouns,5.22
644,anillo,訂婚,nouns,1.69
645,dar,放,verbs,0.92
646,goma,薄荷,nouns,0.23
647,orden,菜單,nouns,0.91
648,luchar,不同意,verbs,0.5
649,profesor,朋友,nouns,0.66
650,amigo,母親,nouns,0.33
651,difícil,容易,adjectives,0.15
652,pensar,嘗試,verbs,0.71
653,tonto,醒目,adjectives,0.47
654,pantalones,女人,nouns,0.24
655,brazo,膝蓋,nouns,0.43
656,abeja,昆蟲,nouns,3.17
657,salir,留,verbs,0.1
658,felizmente,安全地,adverbs,0.61
659,batería,劇院,nouns,0.19
660,chocolate,派,nouns,0.83
661,enterrar,冚住,verbs,2.92
662,afirmativamente,大概,adverbs,0.81
663,entregar,攜帶,verbs,2.9
664,polvo,掃帚,nouns,0.91
665,recorrer,電梯,verbs,0.28
666,ordenado,亂七八糟,adjectives,0.19
667,clase,走廊,nouns,0.2
668,ministerio,蘇丹,nouns,0.24
669,luchar,咬,verbs,0.53
670,pedir prestado,保持,verbs,0.1
671,taxi,車,nouns,3.99
672,buque,无畏舰,nouns,2.88
673,absorber,學習,verbs,2.34
674,advertir,停,verbs,0.44
675,lámpara,精靈,nouns,0.59
676,precisamente,準確地,adverbs,4.92
677,algodón,冷衫,nouns,0.63
678,confianza,自己,nouns,0.92
679,león,貓,nouns,1.42
680,meteorito,地心吸力,nouns,0.97
681,piel,自行車,nouns,0.24
682,ángel,惡魔,nouns,0.64
683,acuerdo,爭論,nouns,0.69
684,mito,諷刺,nouns,1.27
685,mejilla,舌頭,nouns,0.38
686,gracioso,傷心,adjectives,0.1
687,lucha,玩,verbs,0.38
688,pan,肉,nouns,0.43
689,frígido,粗暴,adjectives,0.45
690,papel,木,nouns,0.72
691,principalmente,深深地,adverbs,1.11
692,banco,椅子,nouns,3.43
693,ganador,候選人,nouns,1.26
694,fiebre,流感,nouns,1.6
695,hueso,顎,nouns,1.5
696,camión,郵包,nouns,0.39
697,hambriento,渴,adjectives,1.65
698,agarrar,明白,verbs,0.72
699,piel,貂,nouns,1.27
700,choza,艙,nouns,0.7
701,felicidad,和平,nouns,2.67
702,caballo,牛,nouns,1.61
703,histeria,混亂,nouns,2.03
704,castigar,擊中,verbs,0.65
705,siglo,十年,nouns,0.9
706,sentido,直覺,nouns,3.79
707,mar,海灘,nouns,2.92
708,cereza,士多啤梨,nouns,1.97
709,tranquilamente,巧妙的,adverbs,1.35
710,astuto,堅固,adjectives,0.15
711,dos veces,總是,adverbs,0.18
712,pago,紙幣,nouns,0.63
713,molécula,基質,nouns,0.66
714,tomar,偷,verbs,0.72
715,curvo,歪斜,adjectives,3.48
716,miel,糖,nouns,1.88
717,asustado,緊張,adjectives,2.55
718,científico,護士,nouns,0.24
719,saber,理解,verbs,3.0
720,fácilmente,大致地,adverbs,0.42
721,puerta,廚房,nouns,0.53
722,monocultivo,農業,nouns,1.51
723,negación,坦白,nouns,0.82
724,perseguir,說服,verbs,0.34
725,desorganizado,井井有條,verbs,0.1
726,silla,沙發,nouns,2.84
727,miseria,絕望,nouns,3.02
728,menta,博物館,nouns,0.04
729,despierto,打鼻鼾,verbs,0.1
730,secretamente,信心十足地,adverbs,0.55
731,violación,犯罪,nouns,3.24
732,molestia,得罪,verbs,0.75
733,rosa,蝴蝶,nouns,0.2
734,enorme,小,adjectives,0.15
735,ensalada,醋,nouns,0.78
736,crítica,爭論,nouns,2.58
737,mano,指甲,nouns,1.01
738,oasis,自由,nouns,0.1
739,flotador,唱,verbs,0.0
740,lema,音節,nouns,0.76
741,pan,小麥粉,nouns,0.87
742,vena,選擇,nouns,0.04
743,desconocer,疏忽,verbs,0.8
744,contemplar,想,verbs,2.93
745,bañera,房間,nouns,0.63
746,delincuente,罪犯,nouns,5.03
747,hijo,父親,nouns,1.8
748,feo,粗糙,adjectives,0.66
749,entrante,向外,adjectives,0.15
750,palabra,頁,nouns,0.53
751,labio,嘴巴,nouns,2.97
752,recibir,抓住,verbs,0.43
753,abrazo,摟抱,verbs,4.67
754,espíritu,天神,nouns,0.75
755,menta,口香糖,nouns,0.23
756,congelar,發抖,verbs,0.45
757,crítico,無禮貌,adjectives,0.77
758,artículo,雜誌,nouns,2.03
759,tela,麻布,nouns,2.85
760,idealmente,現實地,adverbs,0.39
761,teoría,假設,nouns,3.44
762,azul,紅色,adjectives,0.34
763,tímido,害怕,adjectives,2.38
764,negar,承認,verbs,0.15
765,discretamente,明顯地,adverbs,0.24
766,examen,教學大綱,nouns,0.7
767,psicología,科學,nouns,0.9
768,después,之前,adverbs,0.1
769,traer,恢復,verbs,0.23
770,robo,犯罪,nouns,3.28
771,autopista,任務,nouns,0.05
772,hecho,洞察力,nouns,0.57
773,visón,毛,nouns,1.27
774,minúsculo,巨大,adjectives,0.15
775,presionar,放開,verbs,0.19
776,empezar,戒除,verbs,0.15
777,manzana,醬,nouns,0.48
778,rabino,部長,nouns,0.65
779,argumento,批評,nouns,2.58
780,cantar,浮動,verbs,0.0
781,cárcel,單身牢房,nouns,0.8
782,suerte,幸福,nouns,0.8
783,curvo,好鬥,adjectives,0.0
784,presa,神,nouns,0.0
785,seguramente,有時,adverbs,0.45
786,información,報紙,nouns,2.32
787,arrogante,自豪,adjectives,3.29
788,cena,雞,nouns,0.94
789,estresado,輕鬆,adjectives,0.28
790,fácil,靈活,adjectives,1.99
791,abrazar,擁抱,verbs,4.67
792,sinceramente,平時,adverbs,0.63
793,diputado,軍官,nouns,0.84
794,vulnerable,無助,adjectives,1.8
795,autobús,車輛,nouns,2.34
796,gato,兔子,nouns,1.27
797,esencial,必須,adjectives,5.23
798,cañita,聖歌,nouns,0.23
799,antiguo,新,adjectives,0.19
800,encantador,精彩,adjectives,3.01
801,juez,裁判官,nouns,3.65
802,felizmente,死氣沈沈的,adverbs,0.1
803,disco,電腦,nouns,1.29
804,rodilla,骨頭,nouns,0.91
805,princesa,餅乾,nouns,0.0
806,concluir,決定,verbs,3.08
807,riñón,器官,nouns,3.33
808,día,黎明,nouns,2.58
809,mantener,擁有,verbs,1.98
810,hija,父親,nouns,0.57
811,pasillo,大廳,nouns,0.39
812,delicadamente,目前,adverbs,0.18
813,apurarse,匆忙,verbs,5.08
814,cintura,肚,nouns,1.97
815,real,假,adjectives,0.18
816,herir,踢,verbs,1.92
817,ahogar,救,verbs,0.2
818,desalentar,失敗,verbs,0.63
819,lógica,算術,nouns,2.33
820,llorar,哭泣,verbs,4.68
821,cama,睡房,nouns,1.43
822,bombardeo aéreo,攻擊,nouns,2.94
823,pacíficamente,冷靜地,adverbs,3.58
824,construir,做,verbs,3.25
825,a veces,經常,adverbs,2.79
826,obviamente,大致,adverbs,0.95
827,negar,斷絕父子關係,verbs,0.8
828,pájaro,母雞,nouns,1.45
829,jugar,搏鬥,verbs,0.38
830,fondo,上面,nouns,0.1
831,escultor,大廈,nouns,0.35
832,aburrido,平淡,adjectives,3.51
833,hacer senderismo,爬,verbs,0.96
834,teoría,化學,nouns,0.64
835,terminado,完結,adjectives,3.73
836,agua,冰,nouns,1.49
837,criminal,犯罪者,nouns,5.03
838,ganado,牛肉,nouns,2.84
839,cubrir,埋葬,verbs,2.92
840,mantener,給,verbs,0.44
841,semilla,芥末,nouns,1.45
842,discutir,同意,verbs,0.25
843,dentista,正牙醫生,nouns,4.27
844,rezar,問,verbs,0.93
845,vaca,家牛,nouns,3.34
846,empresa,商業,nouns,4.15
847,arce,樹木,nouns,3.98
848,enfermedad,傳染病,nouns,3.19
849,noche,白天,nouns,0.64
850,profesor,教練,nouns,2.64
851,impaciente,焦慮,adjectives,3.78
852,galaxia,天文學家,nouns,1.89
853,serpiente,蜥蜴,nouns,1.01
854,tormenta,颶風,nouns,3.19
855,raqueta,球,nouns,1.02
856,decidir,想,verbs,1.12
857,celebracion,儀式,nouns,3.37
858,estupendo,瘋狂,adjectives,0.05
859,atención,意識,nouns,2.16
860,mar,海洋,nouns,4.88
861,ruidoso,無禮貌,adjectives,0.73
862,empleado,僱主,nouns,0.63
863,juego,樂趣,nouns,0.78
864,cerebro,神經,nouns,1.04
865,visado,全球化,nouns,0.58
866,historia,歌曲,nouns,0.34
867,circuncisión,包皮,nouns,1.82
868,pierna,手臂,nouns,0.48
869,orilla,沙灘,nouns,2.67
870,carne,三明治,nouns,0.49
871,escoba,灰塵,nouns,0.91
872,casa,地毯,nouns,0.38
873,largo,短,adjectives,0.24
874,obrero,機器匠,nouns,2.15
875,palanca de mando,雷達,nouns,0.29
876,temporada,冬天,nouns,2.63
877,zinc,金,nouns,1.79
878,mucama,幫手,nouns,2.34
879,ir,賣,verbs,0.1
880,mujer,牛仔褲,nouns,0.24
881,apertura,缺口,nouns,3.36
882,base,底部,nouns,2.78
883,innovador,有創意,adjectives,4.53
884,bote,電動機,nouns,0.29
885,seguramente,大致,adverbs,0.82
886,ancla,船,nouns,0.82
887,salvar,花费,verbs,0.05
888,piso,屋頂,nouns,0.64
889,guardián,母親,nouns,2.4
890,fuente,盒子,nouns,0.15
891,intestino,神經,nouns,0.48
892,acusar,責怪,verbs,2.61
893,tubo,雪茄,nouns,0.29
894,aburrido,尖,adjectives,0.09
895,freír,烘烤,verbs,1.93
896,vestir,撕開,verbs,0.0
897,ángulo,彎曲,nouns,2.06
898,innecesario,必須,adjectives,0.15
899,perezoso,忙碌,adjectives,0.24
900,gallina,鳥,nouns,1.45
901,denso,堅硬,adjectives,2.46
902,ordinario,冷,adjectives,0.05
903,pecho,身體,nouns,1.42
904,morder,讀,verbs,0.09
905,rock,礦,nouns,0.46
906,pacíficamente,混亂,adverbs,0.05
907,choza,避難所,nouns,0.28
908,topología,結構,nouns,0.8
909,creador,製作者,nouns,3.9
910,frontera,分界線,nouns,4.42
911,crecido,未成熟的,adjectives,0.29
912,truco,尺寸,nouns,0.0
913,cero,無窮,nouns,0.57
914,capilla,尖頂,nouns,0.77
915,deshonesto,真實,adjectives,0.1
916,enojado,開心,adjectives,0.24
917,sacerdote,天神,nouns,1.12
918,adivinar,刺激,verbs,0.18
919,pieza,飛機場,nouns,0.0
920,amplio,窄小,adjectives,0.19
921,fiebre,疾病,nouns,2.23
922,asa,蛋白質,nouns,0.2
923,seguramente,清楚地,adverbs,3.64
924,cielo,夢想,nouns,0.25
925,emoción,激情,nouns,2.59
926,enfermedad,發燒,nouns,2.23
927,evaluar,分析,verbs,4.53
928,freír,煮沸,verbs,0.63
929,renacimiento,墳墓,nouns,0.65
930,artificial,假,adjectives,3.38
931,ganar,做,verbs,0.25
932,arzobispo,主教,nouns,3.54
933,accidente,大災難,nouns,3.16
934,atmósfera,污染,nouns,0.97
935,hombre,父親,nouns,2.32
936,suave,暴力,adjectives,0.1
937,furia,生氣,nouns,4.19
938,infantil,傻,adjectives,2.33
939,teclado,光,nouns,0.34
940,virus,血液,nouns,0.88
941,enfado,懊惱,nouns,4.62
942,nunca,稍後,adverbs,0.2
943,competir,完成,verbs,0.19
944,campus,大學,nouns,2.98
945,asustado,害羞,adjectives,2.38
946,bandera,杆,nouns,0.52
947,música,長笛,nouns,1.63
948,vector,矩陣,nouns,1.23
949,crecer,收縮,verbs,0.1
950,diferentemente,終末,adverbs,0.04
951,comunicación,語言,nouns,1.63
952,desformado,制服,adjectives,0.3
953,avergonzado,謙虛,adjectives,0.58
954,gente,氣球,nouns,0.25
955,nuevo,沒用過,adjectives,5.08
956,banda,管弦樂隊,nouns,3.97
957,creativo,創新,adjectives,4.53
958,disminuir,接受,verbs,0.0
959,hombro,頭,nouns,1.02
960,lograr,收到,verbs,0.29
961,nube,天氣,nouns,0.67
962,decidir,描繪,verbs,0.3
963,hombro,身體,nouns,0.86
964,cuenco,小巷,nouns,0.0
965,centavo,妻子,nouns,0.15
966,teléfono móvil,電話,nouns,4.73
967,negocio,工業,nouns,2.87
968,oro,鋅,nouns,1.79
969,significativo,次要,adjectives,0.24
970,en la zona,明顯地,adverbs,0.09
971,destruir,創建,verbs,0.1
972,teatro,電池,nouns,0.19
973,delito,詐騙,nouns,2.82
974,obviamente,不顯眼地,adverbs,0.24
975,ligeramente,十足地,adverbs,0.1
976,caer,傷害,verbs,0.73
977,permitir,侵蝕,verbs,0.0
978,ayudante,女僕,nouns,2.34
979,raro,難得,adjectives,3.77
980,explicar,證明,verbs,2.65
981,estar de acuerdo,使滿意,verbs,1.82
982,velocidad,郵件,nouns,0.2
983,único,非一般,adjectives,3.71
984,poema,韻律,nouns,0.86
985,aumentar,喝,verbs,0.0
986,castigar,教,verbs,0.47
987,relajado,強調,adjectives,0.28
988,diablo,天神,nouns,0.34
989,piano,和聲,nouns,0.47
990,póster,紙,nouns,2.17
991,cazar,嚇,verbs,0.1
992,cuerpo,脊柱,nouns,0.57
993,pedir prestado,乞求,verbs,0.97
994,uña,拇指,nouns,1.8
995,manta,床,nouns,0.64
996,ruta,旅行,nouns,4.25
997,molestar,加劇,verbs,0.55
998,oír,說話,verbs,0.44
999,cine,爆谷,nouns,1.37
1000,construir,加,verbs,0.82
1001,simple,困難,adjectives,0.24
1002,carreras,哲學家,nouns,0.24
1003,cuello,骨頭,nouns,0.43
1004,alterar,更改,verbs,4.19
1005,sangre,骨髓,nouns,0.97
1006,barato,髒,adjectives,0.28
1007,divertido,足球,nouns,0.78
1008,bien,聞名,adjectives,0.7
1009,universidad,級數,nouns,0.8
1010,cama,幼兒床,nouns,3.23
1011,fondo,牆紙,nouns,1.89
1012,mujer,妻子,nouns,2.58
1013,fuego,大災變,nouns,0.58
1014,crear,潛水,verbs,0.04
1015,desaparecer,消失,verbs,4.97
1016,de acuerdo,不同,verbs,0.2
1017,permitir,走,verbs,0.2
1018,canela,糖果,nouns,0.58
1019,recordar,忘記,verbs,0.1
1020,pacíficamente,自豪地,adverbs,0.38
1021,aceptar,推介,verbs,0.4
1022,romper,裂開,verbs,1.7
1023,biología,群落生境,nouns,0.58
1024,vaso,徽章,nouns,0.44
1025,insultar,得罪,verbs,4.03
1026,joven,開心,adjectives,0.1
1027,comida,晚餐,nouns,3.31
1028,madre,監護人,nouns,2.4
1029,situación,狀態,nouns,3.92
1030,hoja,平面,nouns,0.36
1031,impotente,貧困,adjectives,1.0
1032,nube,湖,nouns,0.33
1033,fórmula,等式,nouns,3.67
1034,enseñar,懲罰,verbs,0.47
1035,loco,生病,adjectives,0.74
1036,pasillo,走廊,nouns,4.7
1037,juicio,判決書,nouns,3.15
1038,obtener,獲得,verbs,4.67
1039,capturar,抓住,verbs,3.38
1040,pobreza,財富,nouns,0.24
1041,habitación,肚,nouns,0.15
1042,disco,充電器,nouns,0.2
1043,rectamente,成熟地,adverbs,0.69
1044,callejón,街,nouns,3.3
1045,desayuno,晚餐,nouns,1.3
1046,gusano de seda,毛毛蟲,nouns,2.83
1047,informar,通知,verbs,5.04
1048,museo,薄荷,nouns,0.04
1049,actor,歌手,nouns,1.54
1050,fallar,成功,verbs,0.1
1051,bicicleta,汽車,nouns,1.07
1052,cuidadosamente,謹慎地,adverbs,4.62
1053,cirugía,心臟,nouns,0.86
1054,casa,鎖匙,nouns,0.48
1055,inmencionable,婚外,adjectives,0.38
1056,decoración,牆壁,nouns,0.58
1057,empezar,起源,verbs,3.59
1058,norte,南,nouns,0.89
1059,galería,律師,nouns,0.1
1060,fácil,困難,adjectives,0.15
1061,tranvía,火車,nouns,2.77
1062,techo,地板,nouns,0.64
1063,débiles,強大,adjectives,0.2
1064,rescatar,拯救,verbs,5.43
1065,ayudar,問,verbs,0.25
1066,necesario,完全必要,adjectives,5.23
1067,confianza,態度,nouns,1.36
1068,tarea,女人,nouns,0.15
1069,acantilado,尾巴,nouns,0.04
1070,pronóstico,灰濛蒙,nouns,0.74
1071,manojo,人群,nouns,0.4
1072,mantequilla,土豆,nouns,0.39
1073,oficial,副手,nouns,0.84
1074,diccionario,字,nouns,0.96
1075,triunfo,勝利,nouns,4.88
1076,pie,手,nouns,1.46
1077,vender,提醒,verbs,0.0
1078,impuesto,收入,nouns,0.53
1079,duna,沙漠,nouns,2.43
1080,poseer,攞,verbs,2.51
1081,cuna,床,nouns,3.23
1082,molécula,空氣,nouns,0.77
1083,sucio,核突,adjectives,0.71
1084,capturar,追逐,verbs,0.83
1085,alcalde,首領,nouns,2.16
1086,hacer trampas,欺騙,verbs,3.37
1087,fama,財富,nouns,1.17
1088,retirar,吸收,verbs,0.15
1089,habitación,大厦,nouns,0.54
1090,hematología,病理學,nouns,2.12
1091,pasivamente,可靠地,adverbs,0.0
1092,rezar,溝通,verbs,0.43
1093,confusión,歇斯底里,nouns,2.03
1094,ayuda,保護,verbs,1.97
1095,ropa,抽屜,nouns,0.88
1096,rutinariamente,一般,adverbs,3.96
1097,patata,牛油,nouns,0.39
1098,comprar,偷,verbs,0.1
1099,simpático,不會,adverbs,0.0
1100,tamaño,一分錢,nouns,0.15
1101,desconocer,給,verbs,0.1
1102,tomar,獲得,verbs,3.36
1103,listo,醒目,adjectives,4.79
1104,horrible,偉大,adjectives,0.19
1105,ilustración,起泡,nouns,0.04
1106,poderoso,弱,adjectives,0.2
1107,terapia,行動主義,nouns,0.45
1108,estar de acuerdo,拗撬,verbs,0.25
1109,presidente,市長,nouns,2.55
1110,información,書,nouns,1.1
1111,feliz,嬲,adjectives,0.24
1112,increíble,普通,adjectives,0.1
1113,similar,相像,adjectives,3.4
1114,ruidosamente,猛烈地,adverbs,1.42
1115,preocuparse,浪費,verbs,0.05
1116,con confianza,偷偷,adverbs,0.55
1117,solicitante,申請,nouns,1.13
1118,alfabeto,鋼筆,nouns,0.4
1119,comprender,知道,verbs,3.0
1120,ministro,拉比,nouns,0.65
1121,esta noche,明天,adverbs,0.34
1122,irregularmente,平時,adverbs,0.48
1123,millonario,元,nouns,0.73
1124,mal,謙遜地,adverbs,0.24
1125,tonto,巨大,adjectives,0.09
1126,frijol,煙肉,nouns,0.15
1127,rechazar,接受,verbs,0.28
1128,prado,草原,nouns,4.43
1129,esposa,洞,nouns,0.0
1130,descender,撤退,verbs,0.49
1131,caja,小亭,nouns,0.6
1132,recibir,實現,verbs,0.29
1133,bar,籠子,nouns,0.38
1134,ignorar,離開,verbs,0.29
1135,opinión,主意,nouns,4.32
1136,ladrillo,牆,nouns,1.06
1137,niño,狀態,nouns,0.1
1138,extrañamente,異常,adverbs,2.79
1139,fresco,寬,adjectives,0.05
1140,fin de semana,種族,nouns,0.0
1141,rápido,快,adjectives,5.58
1142,bien,平庸,adjectives,0.19
1143,frase,字,nouns,1.3
1144,ausencia,在场,nouns,0.24
1145,pelota,手套,nouns,0.64
1146,desarrollo,募捐,nouns,0.49
1147,vestir,舞蹈,nouns,0.15
1148,partido,人們,nouns,0.77
1149,conejo,貓,nouns,1.27
1150,cámara,總統,nouns,0.45
1151,agarrar,握緊,verbs,2.62
1152,tener éxito,嘗試,verbs,0.34
1153,lluvia,毛毛雨,nouns,4.33
1154,infinito,零,nouns,0.57
1155,resistencia,樂隊,nouns,0.05
1156,marido,老婆,nouns,1.84
1157,valle,河,nouns,2.88
1158,profesor,學生,nouns,0.43
1159,declarar,宣告,verbs,3.46
1160,mezclar,打,verbs,0.0
1161,administración,老鼠,nouns,0.04
1162,agujero,妻子,nouns,0.0
1163,difícil,堅硬,adjectives,4.28
1164,imprimir,無視,verbs,0.0
1165,sabueso,狐狸,nouns,1.23
1166,deslumbrar,瞇,verbs,0.29
1167,princesa,島,nouns,0.05
1168,impacientemente,大致,adverbs,0.23
1169,compañero,伴侶,nouns,3.74
1170,sinceramente,誠實地,adverbs,4.58
1171,gestión,管理,nouns,3.33
1172,en tono rimbombante,正式地,adverbs,0.61
1173,sol,蘋果,nouns,0.25
1174,activo,股票,nouns,2.94
1175,deambular,離開,verbs,0.74
1176,helio,空氣,nouns,1.02
1177,arroz,男孩,nouns,0.04
1178,veloz,迅速,adjectives,5.58
1179,planta de semilla,葉,nouns,1.29
1180,agosto,月,nouns,2.68
1181,alto,大,adjectives,2.94
1182,ropa,衣櫃,nouns,1.21
1183,creencia,概念,nouns,1.55
1184,ayudante,老師,nouns,0.78
1185,separar,連接,verbs,0.05
1186,lagartija,鱷魚,nouns,2.3
1187,castillo,壁,nouns,0.39
1188,número,數字,nouns,4.45
1189,leyenda,道德,nouns,0.34
1190,neutral,未定,adjectives,1.27
1191,límite,國境,nouns,4.42
1192,nube,風暴,nouns,1.37
1193,vender,交易,verbs,0.91
1194,pistola,黎明,nouns,0.0
1195,esposa,沖涼,nouns,0.15
1196,pareja,男孩,nouns,0.48
1197,marido,男人,nouns,2.04
1198,esfera,球,nouns,3.31
1199,cubierto,沒有冚住的,adjectives,0.15
1200,críticamente,實質上,adverbs,0.73
1201,ventana,踝,nouns,0.14
1202,desear,借,verbs,0.59
1203,contribución,給予,nouns,3.2
1204,robar,獲得,verbs,0.57
1205,nariz,喉嚨,nouns,0.43
1206,herir,搞到唔開心,verbs,0.73
1207,capturar,模仿,verbs,0.2
1208,silbar,停,verbs,0.39
1209,0,真實,adjectives,0.18
1210,nariz,頭,nouns,0.54
1211,avalancha,雪,nouns,1.98
1212,obedecer,守規矩,verbs,3.08
1213,parásito,農藥,nouns,0.61
1214,mucho,豐富,nouns,4.32
1215,mujer,毛,nouns,0.15
1216,normalmente,常規地,adverbs,3.96
1217,dientes,鎚,nouns,0.1
1218,viaje,旅程,nouns,4.25
1219,dolor,痛苦,nouns,4.34
1220,seguramente,明顯地,adverbs,3.25
1221,reunión creativa,望遠鏡,nouns,0.04
1222,piel,女人,nouns,0.15
1223,manzana,檸檬,nouns,0.57
1224,novio,新娘,nouns,2.88
1225,brazo,骨頭,nouns,0.63
1226,matemático,節目,nouns,0.1
1227,precisamente,積極地,adverbs,1.04
1228,fútbol,有趣,nouns,0.78
1229,dios,牧師,nouns,1.12
1230,pegajoso,脏,adjectives,1.08
1231,estúpido,頑固,adjectives,0.57
1232,discusión,協議,nouns,0.69
1233,sucio,非常好,adjectives,0.0
1234,muerte,葬禮,nouns,1.98
1235,llorar,大笑,verbs,0.15
1236,carboncillo,煤,nouns,2.83
1237,mundano,普通,adjectives,4.5
1238,persona,人物,nouns,3.53
1239,ahogarse,呼吸,verbs,0.61
1240,explicar,討論,verbs,1.06
1241,aplazar,完成,verbs,0.29
1242,circunnavegación,行李,nouns,0.78
1243,cañón,球,nouns,0.29
1244,susurrar,說話,verbs,1.34
1245,economía,生態系統,nouns,0.34
1246,locamente,大聲地,adverbs,1.42
1247,cena,餐,nouns,3.25
1248,constitución,參議院,nouns,1.16
1249,rodela,屏蔽,nouns,0.93
1250,deber,進入,verbs,0.0
1251,aritmética,邏輯,nouns,2.33
1252,olvidar,學習,verbs,0.1
1253,enjuagar,洗,verbs,3.85
1254,aire,氦氣,nouns,1.02
1255,yogur,家牛,nouns,0.48
1256,mapa,廣場,nouns,0.38
1257,músculo,手臂,nouns,0.97
1258,estómago,靜脈,nouns,0.34
1259,papel pintado,背景,nouns,1.89
1260,graduarse,完成,verbs,1.21
1261,océano,海,nouns,4.88
1262,teléfono,受害者,nouns,0.04
1263,norte,西方,nouns,0.29
1264,colegio,年級,nouns,1.02
1265,a veces,一致地,adverbs,0.15
1266,tejer,绑,verbs,0.55
1267,sufragio,出口,nouns,0.1
1268,oeste,北,nouns,0.29
1269,violento,柔軟,adjectives,0.1
1270,barco de cañón,海岸,nouns,0.39
1271,inteligencia,洞察力,nouns,1.88
1272,negar,接受,verbs,0.55
1273,ancho,大,adjectives,2.41
1274,libro,主題,nouns,0.68
1275,mezcla,喝,verbs,0.34
1276,cumpleaños,日期,nouns,1.65
1277,hueso,手臂,nouns,0.63
1278,calendario,假日,nouns,0.92
1279,soneto,美,nouns,0.25
1280,unión,組合,nouns,3.74
1281,ganancia,收割,verbs,1.04
1282,papá,母親,nouns,2.06
1283,precalentamiento,再熱,nouns,1.98
1284,hígado,器官,nouns,2.47
1285,silla,長凳,nouns,3.43
1286,inteligencia,技巧,nouns,2.19
1287,injusto,殘忍,adjectives,1.27
1288,televisión,電影,nouns,2.56
1289,dejar,開始,verbs,0.15
1290,extranjero,翻譯者,nouns,0.39
1291,madre,妻子,nouns,2.42
1292,con rapidez,紧急,adverbs,4.06
1293,ligeramente,明亮地,adverbs,0.14
1294,operación,代數,nouns,0.8
1295,justamente,不公平,adverbs,0.1
1296,alfombra,屋,nouns,0.38
1297,cena,早餐,nouns,1.3
1298,parasicología,神經心理學,nouns,0.6
1299,aproximadamente,容易地,adverbs,0.42
1300,objetivo,尋求,nouns,0.73
1301,máquina,電腦,nouns,3.26
1302,ciudad,城鎮,nouns,3.13
1303,danza,裙,nouns,0.15
1304,grande,容易,adjectives,0.0
1305,garganta,舌頭,nouns,1.05
1306,descolorarse,侵蝕,verbs,1.14
1307,calma,中性,adjectives,0.83
1308,semilla,磨坊,nouns,0.89
1309,energía,電池,nouns,2.83
1310,prestar,欠,verbs,0.47
1311,ejército,班,nouns,0.55
1312,realizar,達到,verbs,3.69
1313,hacer huelga,未打中,verbs,0.15
1314,cárcel,選擇,nouns,0.15
1315,actor,電視,nouns,0.76
1316,amanecer,槍,nouns,0.0
1317,instantáneamente,一次,adverbs,0.54
1318,extraordinariamente,奇怪地,adverbs,2.79
1319,matar,毀滅,verbs,1.98
1320,espada,王座,nouns,0.2
1321,construir,毀滅,verbs,0.33
1322,ignorar,打印,verbs,0.0
1323,censura,自由,nouns,0.15
1324,jugar,打賭,verbs,3.35
1325,opuesto,獨特,adjectives,0.73
1326,programa informático,案件,nouns,0.39
1327,tarjeta,橋,nouns,0.0
1328,ahogar,擁抱,verbs,0.39
1329,himno,征服,nouns,0.15
1330,limón,茶,nouns,0.39
1331,boca,鼻子,nouns,0.58
1332,campo,燕麥,nouns,0.76
1333,dinosaurio,大象,nouns,0.63
1334,imaginar,創建,verbs,0.74
1335,escapar,搵到,verbs,0.15
1336,matrícula,獎學金,nouns,0.96
1337,cruel,和藹,adjectives,0.05
1338,atacar,傷害,verbs,2.8
1339,actuación,客串角色,nouns,0.0
1340,aviónica,航空學,nouns,3.18
1341,inteligencia,智慧,nouns,3.9
1342,macizamente,公開地,adverbs,0.33
1343,normal,奇怪,adjectives,0.19
1344,homófono,光線電話機,nouns,0.4
1345,sinceramente,認真地,adverbs,2.75
1346,resistencia,強度,nouns,2.91
1347,gallina,火雞,nouns,1.49
1348,encoger,減少,verbs,3.7
1349,cuerpo,胸部,nouns,1.42
1350,fiscal,律師,nouns,3.07
1351,ansiosamente,緊張地,adverbs,3.68
1352,quemar,扼殺,verbs,0.28
1353,amplio,新鮮,adjectives,0.05
1354,silaba,考試,nouns,0.7
1355,papel,海報,nouns,2.17
1356,zorro,獵狗,nouns,1.23
1357,habitación,廁所,nouns,0.92
1358,reconocer,通知,verbs,0.78
1359,yarda,米,nouns,2.19
1360,agua,乾旱,nouns,0.5
1361,agresivo,彎曲,adjectives,0.0
1362,planeta,星星,nouns,2.25
1363,alcalde,總統,nouns,2.55
1364,enfermedad,危險,nouns,0.77
1365,evacuar,確定,verbs,0.35
1366,carbohidrato,蔗糖,nouns,1.94
1367,fresco,新,adjectives,3.32
1368,conversión,高度,nouns,0.39
1369,organizado,雜亂無章,verbs,0.1
1370,estúpido,笨,adjectives,5.08
1371,refutar,允許,verbs,0.25
1372,absorber,退出,verbs,0.15
1373,bronquitis,對乙酰氨基酚,nouns,0.4
1374,naturaleza,植物群,nouns,1.83
1375,estómago,腰,nouns,1.97
1376,deber,借,verbs,0.47
1377,entierro,死亡,nouns,1.98
1378,ordinario,平凡,adjectives,4.5
1379,cortés,合乎體統,adjectives,3.08
1380,cansado,飢餓,adjectives,0.78
1381,urgentemente,迅速地,adverbs,4.06
1382,violento,被動,adjectives,0.15
1383,necesitado,缺乏信心,adjectives,0.57
1384,iglesia,合唱團,nouns,0.92
1385,periódico,字,nouns,1.05
1386,cargar,蔑視,verbs,0.3
1387,flauta,音樂,nouns,1.63
1388,escalar,遠足,verbs,0.96
1389,restaurar,帶來,verbs,0.23
1390,perder,煮,verbs,0.1
1391,0,人造,adjectives,3.38
1392,tamaño,量,nouns,4.28
1393,vender,走,verbs,0.1
1394,capacidad,才能,nouns,3.54
1395,descubrir,探索,verbs,2.92
1396,tomar,擁有,verbs,2.51
1397,olvidar,保留,verbs,0.2
1398,hostilidad,侵略,nouns,3.23
1399,arrestar,懷疑,verbs,0.58
1400,cocina,門,nouns,0.53
1401,dios,心靈,nouns,0.75
1402,abrazar,擠壓,verbs,0.49
1403,cuerpo,肚,nouns,2.03
1404,sobrio,醉酒,adjectives,0.19
1405,salvar,救援,verbs,5.43
1406,sátira,神話,nouns,1.27
1407,pretender,想像,verbs,0.74
1408,ópera,電影,nouns,2.06
1409,juego,行動,nouns,1.06
1410,pasado,前情,nouns,3.2
1411,volar,螞蟻,nouns,0.66
1412,unirse,加,verbs,3.27
1413,página,段,nouns,1.07
1414,generalmente,不定期地,adverbs,0.48
1415,enano,短小,adjectives,4.26
1416,recibir,給予,verbs,0.33
1417,accidente,緊急情況,nouns,3.19
1418,altitud,換算,nouns,0.39
1419,robótica,模擬,nouns,0.68
1420,belleza,年齡,nouns,0.29
1421,emocionante,平淡,adjectives,0.28
1422,ir,允許,verbs,0.2
1423,con optimismo,可能,adverbs,0.83
1424,entretener,享受,verbs,1.35
1425,generalmente,真誠地,adverbs,0.63
1426,firmemente,輕輕的,adverbs,0.2
1427,en tono rimbombante,真實地,adverbs,0.28
1428,retirarse,降落,verbs,0.49
1429,reducir,淋透,verbs,0.04
1430,aproximadamente,可靠地,adverbs,0.82
1431,estaño,金屬,nouns,2.04
1432,abogado,檢察官,nouns,3.07
1433,tabaco,香煙,nouns,3.62
1434,pegajoso,濕,adjectives,1.18
1435,a veces,肯定地,adverbs,0.45
1436,negativo,從未,adjectives,1.26
1437,banda,酒,nouns,0.25
1438,mañana,今晚,adverbs,0.34
1439,leer,咬,verbs,0.09
1440,hígado,肺,nouns,0.53
1441,hotel,公寓,nouns,1.5
1442,mostaza,種子,nouns,1.45
1443,mojado,黏,adjectives,1.18
1444,satisfacer,理解,verbs,0.35
1445,conducir,停,verbs,0.34
1446,yo,自信,nouns,0.92
1447,llave,王冠,nouns,0.15
1448,mano,手腕,nouns,2.83
1449,descubierto,冚住,adjectives,0.15
1450,informe,不定形,adjectives,2.74
1451,satisfacer,使滿意,verbs,5.09
1452,camafeo,性能,nouns,0.0
1453,contaminación,大氣層,nouns,0.97
1454,ajedrez,檢查,nouns,0.1
1455,aire,分子,nouns,0.77
1456,intercambio,貨幣,nouns,1.08
1457,salir,攞,verbs,0.24
1458,visión,智力,nouns,1.88
1459,invierno,季節,nouns,2.63
1460,remover,混合,verbs,3.78
1461,retratar,模仿,verbs,1.6
1462,motor,活塞,nouns,1.47
1463,noticias,社論,nouns,2.17
1464,agujero,協議,nouns,0.0
1465,cerrar,嘔吐,verbs,0.0
1466,ritmo,算術,nouns,0.45
1467,eléctrico,機械,adjectives,1.92
1468,antinaturalmente,自然地,adverbs,0.1
1469,profesor,學生,nouns,0.76
1470,radar,操縱桿,nouns,0.29
1471,ganado,牛,nouns,3.34
1472,hombre,哨兵,nouns,0.95
1473,compositor,作家,nouns,2.33
1474,depresión,谷,nouns,2.82
1475,aprender,迷惑,verbs,0.1
1476,hijo,男孩子,nouns,2.92
1477,niebla,雨,nouns,0.72
1478,empapar,减少,verbs,0.04
1479,condición,協議,nouns,2.13
1480,carne,牛扒,nouns,3.89
1481,patear,傷害,verbs,1.92
1482,locamente,可悲的是,adverbs,0.39
1483,capitán,水手,nouns,0.93
1484,padre,男人,nouns,2.32
1485,dinero,現金,nouns,4.79
1486,ecuación,公式,nouns,3.67
1487,notificar,承認,verbs,0.78
1488,feo,亂,adjectives,0.71
1489,actor,多面體,nouns,0.28
1490,generosamente,從未,adverbs,0.04
1491,behaviorismo,治療,nouns,0.45
1492,sucio,黏,adjectives,1.08
1493,nunca,慷慨地,adverbs,0.04
1494,veraz,不誠實,adjectives,0.1
1495,casa,穀倉,nouns,0.77
1496,dos veces,多,adverbs,0.79
1497,antiguo,新,adjectives,0.19
1498,dientes,骨頭,nouns,1.85
1499,repisa,山,nouns,0.2
1500,galleta,公主,nouns,0.0
1501,buscar,搜索,verbs,2.63
1502,montaña,窗台,nouns,0.2
1503,cubo,骰子,nouns,3.21
1504,campanario,教堂,nouns,0.77
1505,codo,骨頭,nouns,0.58
1506,cerveza,飲品,nouns,2.08
1507,dar,收到,verbs,0.33
1508,crear,毀滅,verbs,0.1
1509,multitud,遊行,nouns,1.6
1510,reñir,需求,verbs,0.25
1511,conservar,保持,verbs,4.46
1512,costa,海灘,nouns,3.62
1513,matar,防守,verbs,0.2
1514,hidalgo,女士,nouns,0.86
1515,mezcla,攪拌,verbs,3.78
1516,desaparecer,搵到,verbs,0.15
1517,cama,椅子,nouns,1.61
1518,niño,女孩,nouns,2.83
1519,vehículo,巴士,nouns,2.34
1520,descubrir,認識到,verbs,3.93
1521,ir,開始,verbs,0.3
1522,partido,面具,nouns,0.29
1523,comodidad,羞辱,verbs,0.0
1524,puerta,鐘,nouns,0.43
1525,vinagre,沙拉,nouns,0.78
1526,orgulloso,傷心,adjectives,0.05
1527,estrecho,白色,adjectives,0.0
1528,cubo,玩具,nouns,0.59
1529,camión,汽車,nouns,1.78
1530,honor,敬重,nouns,2.36
1531,sutilmente,大聲地,adverbs,0.1
1532,fácil,簡單,adjectives,5.07
1533,tenis,統計資料,nouns,0.25
1534,pradera,草地,nouns,4.43
1535,costa,小炮艦,nouns,0.39
1536,destruir,殺,verbs,1.98
1537,béisbol,兄弟會,nouns,0.29
1538,adulto,嬰兒,nouns,0.48
1539,texto,書,nouns,1.75
1540,quinto,最佳,adjectives,0.14
1541,idealmente,機械地,adverbs,0.28
1542,jugador,教練,nouns,0.25
1543,estupendo,壞,adjectives,0.1
1544,empleador,員工,nouns,0.63
1545,cocinar,失去,verbs,0.1
1546,retratar,決定,verbs,0.3
1547,picante,弱,adjectives,0.04
1548,mutante,社會生物學,nouns,0.34
1549,reprimir,宣佈放棄,verbs,0.64
1550,precioso,神聖,adjectives,1.59
1551,cola,懸崖,nouns,0.04
1552,destruir,做,verbs,0.24
1553,magma,火山,nouns,1.91
1554,tejer,制服,nouns,0.15
1555,truco,沖涼,nouns,0.04
1556,queso,麵包,nouns,0.48
1557,suéter,棉,nouns,0.63
1558,saber,忘記,verbs,0.15
1559,plato,碗,nouns,2.38
1560,inseguro,黏人,adjectives,0.57
1561,duro,容易,adjectives,0.28
1562,notificar,描繪,verbs,0.3
1563,ruidosamente,輕輕的,adverbs,0.18
1564,hombre,丈夫,nouns,2.04
1565,destrucción,建造,nouns,0.29
1566,cena,早餐,nouns,1.65
1567,mensual,每週,adjectives,0.97
1568,microscopio,生物學家,nouns,1.02
1569,bizarro,奇怪,adjectives,4.13
1570,grande,寬廣,adjectives,2.41
1571,tarro,瓶子,nouns,2.88
1572,gotear,倒,verbs,1.17
1573,apretar,把握,verbs,2.62
1574,pollo,晚餐,nouns,0.94
1575,parcialidad,傾向,verbs,2.63
1576,sugerir,提議,verbs,4.63
1577,seguro,乏味,adjectives,0.1
1578,salir,徘徊,verbs,0.74
1579,nuevo,新鮮,adjectives,3.32
1580,asesorar,建議,verbs,4.63
1581,lago,沼澤,nouns,2.67
1582,a casa,在別處,adverbs,0.14
1583,mía,岩石,nouns,0.46
1584,cuerpo,肩,nouns,0.86
1585,modesto,謙遜,adjectives,4.78
1586,bucear,創建,verbs,0.04
1587,creencia,價值觀,nouns,2.68
1588,hombre,兒童,nouns,1.31
1589,canción,歌謠,nouns,4.08
1590,entender,原諒,verbs,0.68
1591,capa,帽子,nouns,0.58
1592,suerte,慚愧,adjectives,0.04
1593,generalmente,很少地,adverbs,0.1
1594,indigente,億萬富翁,nouns,0.15
1595,rodilla,手臂,nouns,0.43
1596,coche,的士,nouns,3.99
1597,aparente,明顯,adjectives,4.45
1598,derecho,學校,nouns,0.58
1599,erosionar,允許,verbs,0.0
1600,campaña,猴子,nouns,0.14
1601,abrazar,保持,verbs,0.55
1602,sensor,散熱器,nouns,0.96
1603,corto,長,adjectives,0.24
1604,tejer,移動,verbs,0.15
1605,objetivo,打中,verbs,0.75
1606,sofisticado,成熟,adjectives,1.02
1607,pared,城堡,nouns,0.39
1608,cabina,棚屋,nouns,0.7
1609,acetilcolina,鳶尾花,nouns,0.15
1610,difícil,簡單,adjectives,0.24
1611,tocino,肉,nouns,2.02
1612,citoplasma,數字,nouns,0.0
1613,árbol,楓樹,nouns,3.98
1614,programa,食物,nouns,0.05
1615,permanecer,離開,verbs,0.1
1616,nube,霧,nouns,1.65
1617,congreso,議會,nouns,3.44
1618,duro,殘酷,adjectives,3.56
1619,estudiante,老師,nouns,0.76
1620,obedecer,懲罰,verbs,0.64
1621,manzana,陽光,nouns,0.25
1622,carne,煙肉,nouns,2.02
1623,condición,男孩,nouns,0.1
1624,negar,說謊,verbs,0.82
1625,copiloto,警察,nouns,0.2
1626,montar,跑,verbs,0.29
1627,acción,遊戲,nouns,1.06
1628,ruidosamente,微妙地,adverbs,0.1
1629,canción,故事,nouns,0.34
1630,demonio,天使,nouns,0.64
1631,fórmula,日誌,nouns,0.1
1632,huerta,鴕鳥,nouns,0.2
1633,blanco,狹窄,adjectives,0.0
1634,discutir,說服,verbs,0.93
1635,baño,睡房,nouns,0.92
1636,renunciar,壓抑,verbs,0.64
1637,sultán,部,nouns,0.24
1638,coche,高速公路,nouns,1.16
1639,río,溪流,nouns,2.74
1640,jardín,軟管,nouns,0.29
1641,obrero,雇主,nouns,0.78
1642,enviar,發射,verbs,2.15
1643,ternera,家牛,nouns,2.84
1644,ejército,軍團,nouns,3.28
1645,halcón,鳥,nouns,2.88
1646,código,符號,nouns,1.6
1647,pedir,訓斥,verbs,0.25
1648,órgano,腎,nouns,3.33
1649,legal,安全,adjectives,1.11
1650,extrañamente,不同的,adverbs,0.89
1651,contento,開心,adjectives,4.78
1652,solitario,貧窮,adjectives,0.15
1653,opuesto,其他,adjectives,0.64
1654,lloriquear,哭,verbs,5.13
1655,palabra,提示,nouns,0.24
1656,realidad,幻想,nouns,0.52
1657,perder,得到,verbs,0.15
1658,salida,選舉權,nouns,0.1
1659,flexible,鬆動,adjectives,1.2
1660,brazo,靜脈,nouns,0.34
1661,bebé,成人,nouns,0.48
1662,detener,哨,verbs,0.39
1663,valores,資產,nouns,2.94
1664,habitación,床,nouns,0.83
1665,nota,作業,nouns,0.57
1666,cena,湯,nouns,1.64
1667,subrutina,編譯器,nouns,0.58
1668,organizar,收集,verbs,1.39
1669,pie,頭,nouns,0.39
1670,lino,布,nouns,2.85
1671,frente,眼睛,nouns,0.53
1672,código malicioso,蠕蟲,nouns,0.74
1673,clima,波浪,nouns,0.34
1674,isla,任務,nouns,0.05
1675,elegir,拒絕,verbs,0.2
1676,aviación,飛行,nouns,2.83
1677,enojado,不開心,adjectives,2.74
1678,bañera,妻子,nouns,0.15
1679,enfadar,受傷,verbs,0.73
1680,garganta,鼻子,nouns,0.43
1681,sonido,聲學,nouns,3.54
1682,regla,慣例,nouns,2.6
1683,genial,精彩,adjectives,3.69
1684,carbón,原子,nouns,1.29
1685,temblor,地震,nouns,4.02
1686,padre,哥哥,nouns,0.98
1687,suave,尖,adjectives,0.25
1688,ambiente,劍,nouns,0.05
1689,ceremonia,慶祝,nouns,3.37
1690,malo,極好,adjectives,0.1
1691,elástico,靈活的,adjectives,4.19
1692,uniforme,鈎織編織,nouns,0.15
1693,igual,類似,adjectives,3.4
1694,verano,冬天,nouns,0.39
1695,fresco,舊,adjectives,0.0
1696,símbolo,密碼,nouns,1.6
1697,biología,解剖學,nouns,2.38
1698,cigarro,盒子,nouns,0.39
1699,sala,走道,nouns,0.39
1700,seguramente,當然,adverbs,4.03
1701,abeja,螞蟻,nouns,1.22
1702,clase,混亂,nouns,0.1
1703,puerto,包裝紙,nouns,0.1
1704,puerta,兄弟會,nouns,0.2
1705,hueso,踝,nouns,0.78
1706,enorme,笨,adjectives,0.09
1707,novela,作家,nouns,0.88
1708,cama,毯子,nouns,0.64
1709,arquero,探路者,nouns,0.45
1710,erosionar,褪色,verbs,1.14
1711,fallar,使氣餒,verbs,0.63
1712,adquirir,搵到,verbs,1.82
1713,coro,教堂,nouns,0.92
1714,palacio,雕塑家,nouns,0.35
1715,elección,章,nouns,0.29
1716,envoltura,港口,nouns,0.1
1717,huir,逃走,verbs,5.38
1718,pantano,湖,nouns,2.67
1719,pelota,大炮,nouns,0.29
1720,tambor,吉他,nouns,0.77
1721,estar de acuerdo,接受,verbs,3.95
1722,grillo,支持者,nouns,0.04
1723,ficción,傳記,nouns,1.17
1724,recordar,賣,verbs,0.0
1725,carril,籬笆,nouns,0.4
1726,anormalmente,一般,adverbs,0.1
1727,agricultura,植物,nouns,0.85
1728,vomitar,關閉,verbs,0.0
1729,artesanía,傳統,nouns,1.02
1730,presencia,門,nouns,0.3
1731,vestir,侵蝕,verbs,0.14
1732,salario,費用,nouns,1.59
1733,tela,衣服,nouns,2.29
1734,abrumar,扼殺,verbs,1.03
1735,orgulloso,堅強,adjectives,0.68
1736,cabina,電話,nouns,0.6
1737,torre,鐘,nouns,1.03
1738,verter,滴,verbs,1.17
1739,escoger,想,verbs,0.79
1740,banquero,律師,nouns,1.56
1741,dado,立方體,nouns,3.21
1742,cama,沙發,nouns,2.42
1743,autopista,車,nouns,1.16
1744,cabeza,鼻子,nouns,0.54
1745,manguera,花園,nouns,0.29
1746,hermano,靈魂,nouns,0.15
1747,libro,正文,nouns,1.75
1748,lanzar,按下,verbs,0.19
1749,caerse,絆倒,verbs,3.99
1750,cubierta,老鼠,nouns,0.04
1751,ignorar,問,verbs,0.1
1752,botón,衣服,nouns,1.11
1753,árbol,船,nouns,0.2
1754,nunca,誠實地,adverbs,0.1
1755,ir,發送,verbs,0.35
1756,reunirse,打招呼,verbs,0.61
1757,trabajo,管理,nouns,1.02
1758,retirar,拒絕,verbs,0.7
1759,seguidor,蟋蟀,nouns,0.04
1760,humildemente,自豪的,adverbs,0.18
1761,oler,溺愛,verbs,0.0
1762,elección,監獄,nouns,0.15
1763,administración,工作,nouns,1.02
1764,ordenador,磁盘,nouns,1.29
1765,actor,女演員,nouns,3.82
1766,curso,肚,nouns,0.05
1767,movimiento,活動,nouns,2.82
1768,pellizcar,用拳猛擊,verbs,0.52
1769,simulación,機器人技術,nouns,0.68
1770,campeón,優勝者,nouns,4.53
1771,capacidad,才能,nouns,3.41
1772,aproximadamente,稍微地,adverbs,0.7
1773,lograr,完成,verbs,3.69
1774,cruel,嚴酷,adjectives,3.56
1775,caramelo,蘋果,nouns,0.34
1776,añadir,乘,verbs,1.02
1777,trono,劍,nouns,0.2
1778,merecer,賺,verbs,0.89
1779,casa,州,nouns,0.15
1780,chico,女孩,nouns,0.92
1781,avestruz,果園,nouns,0.2
1782,nacional,大,adjectives,0.15
1783,después,從未,adverbs,0.2
1784,bolos,保齡球選手,nouns,1.92
1785,ordenador portátil,筆記本,nouns,0.61
1786,fantasía,現實,nouns,0.52
1787,átomo,分子,nouns,2.38
1788,raza,週末,nouns,0.0
1789,comida,腰部,nouns,0.25
1790,sofá,棒球,nouns,0.1
1791,cuello,手臂,nouns,0.53
1792,constitución,皇帝,nouns,0.78
1793,sur,北,nouns,0.89
1794,observar,觀看,verbs,4.28
1795,martillo,牙,nouns,0.1
1796,nube,窗口,nouns,0.35
1797,fácil,大,adjectives,0.0
1798,mar,三角洲,nouns,0.97
1799,imaginar,假扮,verbs,0.74
1800,teléfono,小亭,nouns,0.6
1801,observar,批評,verbs,2.11
1802,flexible,活動,adjectives,2.56
1803,sollozar,哭,verbs,4.68
1804,historia,話題,nouns,0.85
1805,comida,程序,nouns,0.05
1806,germen,病原,nouns,2.96
1807,coche,街,nouns,0.47
1808,espíritu,樂隊,nouns,0.25
1809,cumpleaños,年,nouns,1.21
1810,marco,打,nouns,0.29
1811,niño,哥哥,nouns,2.31
1812,indeciso,中性,adjectives,1.27
1813,aproximadamente,明顯地,adverbs,0.95
1814,divertido,遊戲,nouns,0.78
1815,naturalmente,悄悄地,adverbs,0.97
1816,agudo,鈍,adjectives,0.09
1817,pretender,描繪,verbs,0.49
1818,cama,房間,nouns,0.83
1819,motel,小旅館,nouns,3.06
1820,humilde,謙虛,adjectives,4.78
1821,culpable,誠實,adjectives,0.18
1822,monitor,老師,nouns,2.64
1823,enterrar,死,verbs,1.0
1824,buscar,狩獵,verbs,1.21
1825,exigir,安排,verbs,0.24
1826,corte,法官,nouns,0.91
1827,cursor,微晶片,nouns,0.04
1828,democracia,帝制,nouns,0.65
1829,película,劇院,nouns,1.54
1830,recientemente,現實地,adverbs,0.32
1831,discrepar,同意,verbs,0.49
1832,amigo,老師,nouns,0.66
1833,envase,瓶子,nouns,2.63
1834,cielo,陽光,nouns,0.96
1835,desayuno,煙肉,nouns,0.38
1836,saludar,演出,verbs,0.15
1837,diente,嘴巴,nouns,1.07
1838,pulgar,手,nouns,1.52
1839,base,酸,nouns,1.32
1840,perejil,瑪芬,nouns,0.29
1841,proteger,保持,verbs,1.18
1842,crédulo,蠢,adjectives,1.6
1843,lector,作者,nouns,0.58
1844,completamente,輕微,adverbs,0.1
1845,victoria,凱旋,nouns,4.88
1846,levantar,運輸,verbs,0.28
1847,armada,軍隊,nouns,3.93
1848,precioso,懶,adjectives,0.04
1849,fácil,困難,adjectives,0.28
1850,avión,直升機,nouns,1.58
1851,tema,主題標籤,nouns,3.07
1852,salario,錢,nouns,3.81
1853,cocina,洗手間,nouns,0.48
1854,padre,女兒,nouns,0.57
1855,inquieto,年輕,adjectives,0.15
1856,mezclar,煮,verbs,0.68
1857,decidir,得出結論,verbs,3.08
1858,amanecer,日落,nouns,0.62
1859,aproximadamente,粗糙地,adverbs,0.97
1860,extraño,正常,adjectives,0.19
1861,aburrido,累,adjectives,0.8
1862,fuertemente,正式,adverbs,0.32
1863,fin de semana,星期,nouns,2.51
1864,unir,劃分,verbs,0.1
1865,máquina,引擎,nouns,2.54
1866,pulmón,肝,nouns,0.53
1867,reducir,收縮,verbs,3.7
1868,cansado,無聊,adjectives,0.8
1869,dejar,做,verbs,0.24
1870,trabajo,便條,nouns,0.57
1871,libro,文學,nouns,2.65
1872,hombre,武士,nouns,0.95
1873,ocupado,懶,adjectives,0.24
1874,presidente,小學生,nouns,0.15
1875,ingresos,税,nouns,0.53
1876,zona,地區,nouns,4.65
1877,significativamente,深度地,adverbs,1.98
1878,probablemente,也許,adverbs,4.05
1879,mes,八月,nouns,2.68
1880,activamente,準確地,adverbs,1.04
1881,adorar,敬佩,verbs,4.32
1882,emocionalmente,傷心地,adverbs,1.17
1883,deshonesto,壞,adjectives,1.29
1884,medio,新聞,nouns,2.5
1885,llave,房屋,nouns,0.48
1886,nervioso,害怕,adjectives,2.55
1887,beber,混合,verbs,0.34
1888,labio,臀部,nouns,0.34
1889,caballo,母馬,nouns,3.13
1890,director,老闆,nouns,4.21
1891,año,生日,nouns,1.21
1892,jugo,蘋果,nouns,0.86
1893,gol,赢家,nouns,0.53
1894,golpear,陷害,nouns,0.29
1895,exprimir,擁抱,verbs,0.49
1896,engañar,作弊,verbs,3.37
1897,permitido,合法,adjectives,3.88
1898,hornear,炒,verbs,1.93
1899,boca,嘴唇,nouns,2.97
1900,cañita,妻子,nouns,0.15
1901,carta,段,nouns,0.4
1902,cono,杯子,nouns,0.7
1903,hablar,承認,verbs,0.68
1904,tronco,木,nouns,4.22
1905,lagartija,政府,nouns,0.04
1906,minuto,秒,nouns,2.84
1907,ola,天氣,nouns,0.34
1908,sacudir,收集,verbs,0.2
1909,candidato,獲勝者,nouns,1.26
1910,ritmo,旋律,nouns,3.24
1911,península,島,nouns,1.65
1912,leche,果汁,nouns,0.63
1913,madera,原木,nouns,3.63
1914,a veces,每當,adverbs,0.72
1915,sorber,大口地吃,verbs,1.13
1916,disfrutar,娛樂,verbs,1.35
1917,fácil,生硬,adjectives,0.05
1918,discutir,證明,verbs,0.3
1919,noticias,媒介,nouns,2.5
1920,tarro,杯子,nouns,2.29
1921,enviar,速度,nouns,0.2
1922,lanzar,发送,verbs,2.15
1923,multiplicar,加,verbs,1.02
1924,barajar,騎,verbs,0.3
1925,mesa,日落,nouns,0.05
1926,tumba,重新安葬,nouns,0.65
1927,calle,汽車,nouns,0.47
1928,enciclopedia,字典,nouns,2.48
1929,mediocre,好的,adjectives,0.19
1930,motor,船,nouns,0.29
1931,tímido,昂貴,adjectives,0.2
1932,director,攝影,nouns,1.69
1933,veredicto,審判,nouns,3.15
1934,mimar,聞,verbs,0.0
1935,flora,大自然,nouns,1.83
1936,profeta,牧師,nouns,0.88
1937,filme,電影,nouns,5.12
1938,permanecer,得到,verbs,0.55
1939,príncipe,國王,nouns,2.28
1940,dividir,乘,verbs,0.44
1941,electricidad,案件,nouns,0.0
1942,truco,槍,nouns,0.1
1943,honestamente,從未,adverbs,0.1
1944,dieta,沙拉,nouns,0.78
1945,encoger,成長,verbs,0.1
1946,cuenco,碟,nouns,2.38
1947,delito,攻擊,nouns,1.3
1948,conquista,聖歌,nouns,0.15
1949,niño,米飯,nouns,0.04
1950,nervio,身體,nouns,0.53
1951,espada,環境,nouns,0.05
1952,pedir prestado,想要,verbs,0.59
1953,cuerpo,血液,nouns,0.61
1954,obtener,失去,verbs,0.15
1955,mar,海嘯,nouns,1.77
1956,estúpido,輕信,adjectives,1.6
1957,buque,靜脈,nouns,0.23
1958,triste,可怕,adjectives,0.34
1959,criticar,評論說,verbs,2.11
1960,hermano,兒子,nouns,0.86
1961,apartamento,家具,nouns,0.43
1962,crimen,盜竊,nouns,3.28
1963,de modo realista,理想地,adverbs,0.39
1964,hombre,嫌疑人,nouns,0.38
1965,profesor,幫手,nouns,0.78
1966,querer,慾望,verbs,4.07
1967,desesperación,苦難,nouns,3.02
1968,tratar,成功,verbs,0.34
1969,enviar,帶來,verbs,0.59
1970,boquilla,流體,nouns,0.34
1971,mar,河流,nouns,2.29
1972,llegar,出席,verbs,2.56
1973,aluminio,金屬,nouns,1.94
1974,convención,規則,nouns,2.6
1975,universo,天空,nouns,1.65
1976,cuando,有時,adverbs,0.72
1977,elefante,恐龍,nouns,0.63
1978,probablemente,積極地,adverbs,0.81
1979,mantener,保護,verbs,1.18
1980,cámara,續集,nouns,0.15
1981,persuadir,追求,verbs,0.34
1982,corriente,河,nouns,2.74
1983,galaxia,應用程式,nouns,0.1
1984,gato,寵物,nouns,3.01
1985,descubrir,起源,verbs,1.02
1986,modesto,純,adjectives,0.43
1987,abierto,未公開,adjectives,0.09
1988,verdaderamente,重要地,adverbs,0.28
1989,enfermedad,癌症,nouns,3.27
1990,seguramente,被動地,adverbs,0.0
1991,tobillo,骨頭,nouns,0.78
1992,tratar,實現,verbs,0.63
1993,captura,收到,verbs,0.43
1994,brazo,身體,nouns,0.96
1995,bebé,女兒,nouns,2.4
1996,década,世紀,nouns,0.9
1997,salvar,淹,verbs,0.2
1998,desalojar,離開,verbs,2.67
1999,tío,男人,nouns,2.29
2000,paraguas,暖爐,nouns,0.15
2001,conciencia,注意,nouns,2.16
2002,enviar,出席,verbs,0.44
2003,proteger,幫助,verbs,1.97
2004,coche,船,nouns,0.53
2005,techo,地板,nouns,0.53
2006,parte superior,下面,nouns,0.1
2007,discutir,說明,verbs,1.06
2008,asistir,出現,verbs,3.03
2009,palabra,字典,nouns,0.96
2010,rojo,藍色,adjectives,0.34
2011,manuscrito,文章,nouns,2.28
2012,madera,毯,nouns,0.05
2013,monstruo,惡魔,nouns,3.29
2014,masivo,天文,adjectives,0.98
2015,retirarse,離開,verbs,3.45
2016,crear,想像,verbs,0.74
2017,calentador,遮,nouns,0.15
2018,curvo,直,adjectives,0.29
2019,confesión,否認,nouns,0.82
2020,asustado,興奮,adjectives,0.63
2021,gracioso,嚴肅,adjectives,0.09
2022,vendaval,毯,nouns,0.05
2023,isla,公主,nouns,0.05
2024,infección,感染,nouns,3.19
2025,teorema,理論,nouns,4.17
2026,medio,溫和,adjectives,2.55
2027,complacer,求情,verbs,0.57
2028,alegar,請,verbs,0.57
2029,improbable,友好,adverbs,0.0
2030,áspero,冷淡,adjectives,0.45
2031,alegre,開心,adjectives,5.15
2032,ensalada,減肥,nouns,0.78
2033,pago,費用,nouns,3.56
2034,crujir,折斷,verbs,2.6
2035,susto,困擾,verbs,0.1
2036,suéter,褸,nouns,2.71
2037,retratar,假扮,verbs,0.49
2038,presidente,相機,nouns,0.45
2039,fluido,噴嘴,nouns,0.34
2040,ropa interior,身體,nouns,0.67
2041,emergencia,意外,nouns,3.19
2042,detener,禁止,verbs,2.52
2043,medalla,運動鞋,nouns,0.15
2044,soldado,男孩,nouns,0.75
2045,víctima,電話,nouns,0.04
2046,palabra,習語,nouns,1.3
2047,estilo de vida,文明,nouns,0.87
2048,dinero,資本,nouns,4.01
2049,alegría,自豪,nouns,1.78
2050,rey,王子,nouns,2.28
2051,paraguas,品質,nouns,0.1
2052,corregir,評分,verbs,3.88
2053,siglo,年,nouns,1.06
2054,estambre,授粉,nouns,0.91
2055,ganado,乳酪,nouns,0.48
2056,profundamente,有意義,adverbs,1.98
2057,regularmente,偶然,adverbs,1.07
2058,salir,無視,verbs,0.29
2059,lengua,臉頰,nouns,0.38
2060,fraude,犯罪,nouns,2.82
2061,practicar,重複,verbs,2.81
2062,antropología,考古學,nouns,1.73
2063,vampiro,蝙蝠,nouns,1.45
2064,grosero,粗糙,adjectives,0.88
2065,muñeca,手臂,nouns,0.86
2066,amanecer,晚上,nouns,0.43
2067,poseer,吸收,verbs,0.64
2068,lágrima,眼睛,nouns,0.82
2069,cine,歌劇,nouns,2.06
2070,móvil,靈活,adjectives,2.56
2071,antes de,之後,adverbs,0.1
2072,acuerdo,洞,nouns,0.0
2073,médico,脾氣,nouns,0.33
2074,generoso,友善,adjectives,1.98
2075,bar,監獄,nouns,0.15
2076,ocasionalmente,經常地,adverbs,1.07
2077,brecha,開口,nouns,3.36
2078,entender,知道,verbs,3.61
2079,reloj,裙子,nouns,0.24
2080,habitación,沖涼,nouns,0.63
2081,vocalista,員工,nouns,0.43
2082,odiar,批評,verbs,0.78
2083,capítulo,選擇,nouns,0.29
2084,obtener,留,verbs,0.55
2085,pensar,查詢,verbs,0.44
2086,generosamente,好心地,adverbs,3.38
2087,justicia,法庭,nouns,2.62
2088,secuestrar,偷,verbs,0.98
2089,órgano,肝臟,nouns,2.47
2090,apropiado,有禮貌,adjectives,3.08
2091,triste,搞笑,adjectives,0.1
2092,párrafo,信,nouns,0.4
2093,adquirir,加入,verbs,0.4
2094,simpático,大方,adjectives,1.98
2095,discutir,需求,verbs,0.34
2096,madre,朋友,nouns,0.33
2097,astuto,奇怪,adjectives,0.56
2098,normal,不同,adjectives,0.15
2099,encontrar,消失,verbs,0.15
2100,antinaturalmente,負面地,adverbs,1.31
2101,temeroso,急,adjectives,0.69
2102,discusión,討論,nouns,3.21
2103,rechazar,退出,verbs,0.7
2104,petróleo,貂,nouns,0.1
2105,escritor,小說,nouns,0.88
2106,equipaje,環球航行,nouns,0.78
2107,caóticamente,和平地,adverbs,0.05
2108,recientemente,目前,adverbs,3.33
2109,malgastar,擔心,verbs,0.05
2110,brillante,棒,adjectives,3.69
2111,información,熵,nouns,0.49
2112,diplomacia,談判,nouns,2.38
2113,cocodrilo,蜥蜴,nouns,2.3
2114,normalmente,異常地,adverbs,0.1
2115,riqueza,貧困,nouns,0.24
2116,obtener,攞,verbs,3.36
2117,viscosidad,濺,nouns,0.45
2118,genial,攞命,adjectives,0.19
2119,captura,放走,verbs,0.43
2120,ir,來,verbs,0.79
2121,peligro,威脅,nouns,4.23
2122,botella,容器,nouns,2.63
2123,puesta de sol,日出,nouns,0.62
2124,probar,解釋,verbs,2.65
2125,cabina,盒子,nouns,0.6
2126,ojo,眼淚,nouns,0.82
2127,clima,雪,nouns,0.68
2128,arroz,豆,nouns,0.83
2129,salir,進入,verbs,0.1
2130,agua,鹽,nouns,0.2
2131,vuelo,航空,nouns,2.83
2132,temblar,凍結,verbs,0.45
2133,controlar,停止,verbs,0.78
2134,enorme,大規模,adjectives,4.41
2135,comunicar,祈禱,verbs,0.43
2136,conservar,忘記,verbs,0.2
2137,campana,塔,nouns,1.03
2138,envase,四輪貨運馬車,nouns,0.04
2139,noche,章節,nouns,0.35
2140,poeta,記者,nouns,0.49
2141,promover,前進,verbs,1.66
2142,jefe,董事,nouns,4.21
2143,empleador,工作者,nouns,0.78
2144,bonito,残酷,adjectives,0.05
2145,región,地區,nouns,4.04
2146,avena,田,nouns,0.76
2147,condición,情況,nouns,3.92
2148,parecer,變成,verbs,0.56
2149,musgo,草,nouns,2.33
2150,simplemente,看來,adverbs,0.61
2151,pistola,大炮,nouns,1.69
2152,nube,薄霧,nouns,2.67
2153,periodista,詩人,nouns,0.49
2154,hijo,哥哥,nouns,0.86
2155,diodo,電容器,nouns,2.28
2156,biotopo,生物學,nouns,0.58
2157,entregar,接受,verbs,0.2
2158,candado,鎖匙,nouns,1.7
2159,actriz,演員,nouns,3.82
2160,uniforme,未成形,adjectives,0.3
2161,telescopio,頭腦風暴,nouns,0.04
2162,trabajo,工具,nouns,0.54
2163,evitar,拒絕,verbs,0.64
2164,manzana,飲食,nouns,0.73
2165,filósofo,賽跑,nouns,0.24
2166,estatua,雕塑,nouns,4.88
2167,tonto,孩子氣,adjectives,2.33
2168,saliente,進來,adjectives,0.15
2169,pistola,戲法,nouns,0.1
2170,años,美人,nouns,0.29
2171,coche,坦克,nouns,0.67
2172,artista,藝術品,nouns,1.21
2173,emoción,心情,nouns,3.24
2174,taxi,巴士,nouns,2.27
2175,té,檸檬,nouns,0.39
2176,aeronáutica,航空電子學,nouns,3.18
2177,mueble,床,nouns,2.12
2178,globo,沖涼,nouns,0.05
2179,raro,罕見,adjectives,3.71
2180,coche,電梯,nouns,0.24
2181,diario,文章,nouns,2.03
2182,tener éxito,節約,verbs,0.1
2183,guitarra,鱒魚,nouns,0.0
2184,vender,借,verbs,0.24
2185,entender,掌握,verbs,0.72
2186,arena,腳,nouns,0.24
2187,negar,給予,verbs,0.05
2188,orquesta,樂隊,nouns,3.97
2189,agrietar,打碎,verbs,1.7
2190,ciencia,心理學,nouns,0.9
2191,hierba,刀口,nouns,0.05
2192,permitir,反駁,verbs,0.25
2193,obra de arte,藝術家,nouns,1.21
2194,corona,锁匙,nouns,0.15
2195,sesión,病人,nouns,0.67
2196,poner,給,verbs,0.92
2197,listo,笨,adjectives,0.38
2198,permitir,贊成,verbs,3.23
2199,tren,電車,nouns,2.77
2200,ignorar,探索,verbs,0.1
2201,imposible,可行,adjectives,0.19
2202,tronco,木材,nouns,3.63
2203,dentista,上校,nouns,0.2
2204,cuota,付款,nouns,3.56
2205,único,相反,adjectives,0.73
2206,decidir,判斷,verbs,2.9
2207,reina,蜜蜂,nouns,0.4
2208,tranquilamente,堅固地,adverbs,0.81
2209,aprender,吸收,verbs,2.34
2210,guante,球,nouns,0.64
2211,pistón,發動機,nouns,1.47
2212,infeliz,激氣,adjectives,2.74
2213,discretamente,有禮貌地,adverbs,1.54
2214,inmaduro,長大,adjectives,0.29
2215,baño,廚房,nouns,0.48
2216,portal,門,nouns,3.11
2217,bodega,門,nouns,0.24
2218,a menudo,不經常,adverbs,0.45
2219,mente,大腦,nouns,4.13
2220,templar,醫生,nouns,0.33
2221,cantar,大笑,verbs,0.38
2222,bicicleta,皮膚,nouns,0.24
2223,semanal,每月,adjectives,0.97
2224,reconocer,說話,verbs,0.68
2225,brazo,頸,nouns,0.53
2226,niebla,雲,nouns,1.65
2227,persuadir,拗撬,verbs,0.93
2228,mezclado,舊,adjectives,0.14
2229,tranquilamente,安然,adverbs,3.58
2230,cuerpo,手臂,nouns,0.96
2231,ir,進入,verbs,1.02
2232,contaminación,總統,nouns,0.25
2233,llevar,運送,verbs,2.9
2234,ignorar,忘記,verbs,2.42
2235,sílaba,詞元,nouns,0.76
2236,frustrar,使氣餒,verbs,4.16
2237,decir,校驗,verbs,0.4
2238,madera,紙,nouns,0.72
2239,decir,參與,verbs,0.6
2240,playa,海滨,nouns,2.67
2241,traqueteo,噪聲,nouns,2.92
2242,granero,屋,nouns,0.77
2243,melodía,音樂,nouns,3.41
2244,silenciosamente,被動地,adverbs,0.67
2245,legal,非法,adjectives,0.19
2246,religión,世俗主義,nouns,0.19
2247,tragedia,死亡,nouns,1.79
2248,vaso,匙羹,nouns,1.1
2249,ortodoncista,牙醫,nouns,4.27
2250,alegar,問,verbs,0.35
2251,cristal,玻璃,nouns,2.12
2252,chubasco,風,nouns,2.06
2253,pesado,大,adjectives,0.72
2254,agua,加冕禮,nouns,0.0
2255,cerebro,頭腦,nouns,4.13
2256,abundancia,許多,nouns,4.32
2257,juez,作證,verbs,0.45
2258,administración,行政管理,nouns,3.33
2259,saltando,籬笆,nouns,0.2
2260,obispo,大主教,nouns,3.54
2261,ventana,屋頂,nouns,0.52
2262,salir,驅逐,verbs,2.67
2263,libro,資料,nouns,1.1
2264,habitación,單身牢房,nouns,0.28
2265,bulbo,花朵,nouns,0.75
2266,batería,能量,nouns,2.83
2267,difícil,容易,adjectives,0.28
2268,médico,教授,nouns,0.72
2269,cine,電視,nouns,2.56
2270,obispo,穆斯林,nouns,0.29
2271,ganar,成功,verbs,3.64
2272,helicóptero,飛機,nouns,1.58
2273,capacidad,力量,nouns,3.04
2274,mujer,任務,nouns,0.15
2275,bote,樹,nouns,0.2
2276,antiguo,現代,adjectives,0.19
2277,estrella,小行星,nouns,3.44
2278,creencia,花,nouns,0.05
2279,aclarar,說明,verbs,4.26
2280,segundo,分鐘,nouns,2.84
2281,edificio,房間,nouns,0.54
2282,comprender,滿足,verbs,0.35
2283,catástrofe,意外,nouns,3.16
2284,árbol,葉,nouns,1.02
2285,ratón,貓,nouns,0.39
2286,violento,激進,adjectives,2.65
2287,equipo,軍隊,nouns,0.55
2288,armario,衣服,nouns,1.21
2289,músculo,骨頭,nouns,0.43
2290,chisme,新聞,nouns,1.51
2291,astronómico,大規模,adjectives,0.98
2292,conquista,戰役,nouns,1.36
2293,vaso,水晶,nouns,2.12
2294,esposa,稻草,nouns,0.15
2295,estrella,明亮,nouns,2.63
2296,infección,詞性變化,nouns,0.19
2297,originar,開始,verbs,3.59
2298,cantante,演員,nouns,1.54
2299,caso,電,nouns,0.0
2300,groseramente,大致,adverbs,0.97
2301,vaso,錐形蛋筒,nouns,0.7
2302,extraño,普通,adjectives,0.15
2303,increíblemente,緊緊地,adverbs,0.14
2304,aparecer,成為,verbs,0.58
2305,caos,無政府,nouns,3.39
2306,iris,乙酰膽鹼,nouns,0.15
2307,llovizna,雨,nouns,4.33
2308,tarea,島,nouns,0.05
2309,lápiz,故事,nouns,0.4
2310,nuevo,古老,adjectives,0.19
2311,mono,参加競選,nouns,0.14
2312,patógeno,病菌,nouns,2.96
2313,torcido,彎曲,adjectives,3.48
2314,calibre,車,nouns,0.2
2315,manguera,汽車,nouns,0.24
2316,cuidadosamente,安全地,adverbs,3.54
2317,mascota,貓,nouns,3.01
2318,prohibir,停止,verbs,2.52
2319,lengua,喉,nouns,1.05
2320,dos veces,一次,adverbs,0.34
2321,perder,保持,verbs,0.1
2322,comparar,分析,verbs,3.03
2323,seriamente,真誠地,adverbs,2.75
2324,quizás,大概,adverbs,4.05
2325,realizar,敬禮,verbs,0.15
2326,jugo,牛奶,nouns,0.63
2327,necesario,重要,adjectives,3.34
2328,dulce,電動,adjectives,0.0
2329,gobierno,蜥蜴,nouns,0.04
2330,mentir,否認,verbs,0.82
2331,grosero,批評,adjectives,0.77
2332,caballo,小馬,nouns,3.17
2333,cubierta,船,nouns,0.96
2334,preguntar,想,verbs,0.44
2335,realizar,贏得,verbs,1.54
2336,escudo,小圆盾,nouns,0.93
2337,ordinario,奇怪,adjectives,0.15
2338,sacerdote,預言家,nouns,0.88
2339,centavo,尺寸,nouns,0.15
2340,será,意圖,nouns,1.25
2341,frío,普通,adjectives,0.05
2342,hacer,賺,verbs,0.25
2343,monje,神職人員,nouns,3.24
2344,diapositiva,光標,nouns,0.39
2345,evaluar,學習,verbs,0.49
2346,lluvia,薄霧,nouns,0.72
2347,feliz,瘋狂,adjectives,0.6
2348,isla,海軍,nouns,0.2
2349,tema,故事,nouns,0.85
2350,enojado,極好,adjectives,0.05
2351,flor,燈泡,nouns,0.75
2352,rascacielos,宮殿,nouns,0.43
2353,negociación,外交,nouns,2.38
2354,cautelosamente,小心地,adverbs,4.62
2355,educar,學習,verbs,2.35
2356,infección,疾病,nouns,1.5
2357,esposa,女人,nouns,2.58
2358,poner,掛,verbs,1.41
2359,deteriorarse,抹,verbs,0.29
2360,sorprender,慶祝,verbs,0.55
2361,asaltar,加劇,verbs,0.55
2362,acorazado,主力艦,nouns,2.88
2363,año,世紀,nouns,1.06
2364,responsablemente,獨立地,adverbs,0.94
2365,grado,學校,nouns,1.02
2366,personaje,人,nouns,3.53
2367,multiplicación,除法,nouns,1.21
2368,sobrino,阿姨,nouns,0.89
2369,entrar,走,verbs,1.02
2370,pesticida,蟲害,nouns,0.61
2371,puerta,門口,nouns,3.11
2372,hashtag,話題,nouns,3.07
2373,pared,裝飾,nouns,0.58
2374,pierna,肢體,nouns,3.03
2375,senado,憲法,nouns,1.16
2376,duque,共和國,nouns,0.28
2377,idea,意見,nouns,4.32
2378,estómago,睡房,nouns,0.15
2379,decoración,信封,nouns,0.05
2380,cielo,宇宙,nouns,1.65
2381,reemplazo,交換,nouns,3.65
2382,agonía,悲痛,nouns,4.34
2383,sofá,椅子,nouns,2.84
2384,asistir,拗撬,verbs,0.15
2385,pedir,祈禱,verbs,0.93
2386,tormenta,雲,nouns,1.37
2387,techo,大教堂,nouns,0.24
2388,condensador,二極管,nouns,2.28
2389,rígido,簡單,adjectives,0.05
2390,muerte,災難,nouns,1.2
2391,monje,十字架,nouns,0.14
2392,alboroto,畫畫,nouns,0.1
2393,sueño,天空,nouns,0.25
2394,testificar,判斷,verbs,0.45
2395,sangre,肉,nouns,0.48
2396,dignidad,徽章,nouns,0.48
2397,brillo,星,nouns,2.63
2398,no revelado,公開,adjectives,0.09
2399,tocino,豆,nouns,0.15
2400,obrero,相機,nouns,0.23
2401,puerta,存在,nouns,0.3
2402,pedir prestado,賣,verbs,0.24
2403,nieve,天氣,nouns,0.68
2404,sospechar,逮捕,verbs,0.58
2405,dieta,蘋果,nouns,0.73
2406,una vez,馬上,adverbs,0.54
2407,bote,錨,nouns,0.82
2408,flor,信念,nouns,0.05
2409,salir,到達,verbs,0.2
2410,cinturón,環,nouns,1.73
2411,montar,拖著腳走,verbs,0.3
2412,capítulo,尾巴,nouns,0.1
2413,inteligente,笨,adjectives,0.57
2414,habitación,床,nouns,1.43
2415,cámara,工作者,nouns,0.23
2416,estado,家,nouns,0.15
2417,cadera,嘴唇,nouns,0.34
2418,escaso,稀少,adjectives,3.77
2419,piel,槍,nouns,0.1
2420,perfectamente,真實地,adverbs,0.58
2421,musulmán,主教,nouns,0.29
2422,armonía,鋼琴,nouns,0.47
2423,robar,給,verbs,0.1
2424,pedir,拗撬,verbs,0.34
2425,iglesia,大教堂,nouns,4.88
2426,brazo,肌肉,nouns,0.97
2427,nublado,預測,nouns,0.74
2428,esquina,地區,nouns,0.34
2429,reducir,限制,verbs,1.47
2430,rata,老鼠,nouns,4.61
2431,cañita,任務,nouns,0.05
2432,inteligencia,無知,nouns,0.39
2433,coronel,牙醫,nouns,0.2
2434,historia,鉛筆,nouns,0.4
2435,teléfono inteligente,菠蘿,nouns,0.0
2436,inseguro,害怕,adjectives,1.27
2437,riqueza,名譽,nouns,1.17
2438,viento,颮,nouns,2.06
2439,madera,原木,nouns,4.22
2440,orgullo,喜悅,nouns,1.78
2441,moral,傳說,nouns,0.34
2442,desintegrarse,死,verbs,0.35
2443,niño,兒子,nouns,2.92
2444,bañera,原木,nouns,0.0
2445,radical,暴力,adjectives,2.65
2446,cierto,緊張,adjectives,0.1
2447,pedir,唔睬,verbs,0.1
2448,niña,女傭,nouns,0.47
2449,saludar,見面,verbs,0.61
2450,leer,理解,verbs,1.07
2451,desalentar,鼓勵,verbs,0.15
2452,bestia,動物,nouns,3.77
2453,obstinado,蠢,adjectives,0.57
2454,nariz,嘴巴,nouns,0.58
2455,civilización,生活方式,nouns,0.87
2456,untar,塗抹,verbs,0.34
2457,aritmética,韻律,nouns,0.45
2458,aluminio,錫,nouns,1.69
2459,avión,機場,nouns,1.02
2460,bancarrota,失敗,nouns,1.65
2461,perdonar,明白,verbs,0.68
2462,brazo,肩膀,nouns,1.36
2463,cáncer,疾病,nouns,3.27
2464,ascensor,汽車,nouns,0.24
2465,salvar,毀滅,verbs,0.1
2466,portón,門,nouns,5.22
2467,cuota,工資,nouns,1.59
2468,cabeza,腳,nouns,0.39
2469,delta,海,nouns,0.97
2470,manzana,糖果,nouns,0.34
2471,grande,巨大,adjectives,4.41
2472,nadar,見面,verbs,0.04
2473,necesario,不需要,adjectives,0.15
2474,elefante,指南針,nouns,0.1
2475,amorfo,無形,adjectives,2.74
2476,vaso,罐子,nouns,2.29
2477,agresión,敵意,nouns,3.23
2478,volverse,似乎,verbs,0.56
2479,polinización,蕊,nouns,0.91
2480,fácil,脆弱,adjectives,0.78
2481,terminar,競爭,verbs,0.19
2482,cuerno,鼓,nouns,0.63
2483,seguro,合法,adjectives,1.11
2484,importante,必須,adjectives,3.34
2485,participar,說,verbs,0.6
2486,ozono,大氣層,nouns,2.68
2487,perla,錢,nouns,0.72
2488,ir,離開,verbs,3.42
2489,desdeñoso,輕視,adjectives,3.67
2490,cabina,副駕駛,nouns,0.48
2491,caja,資源,nouns,0.15
2492,comprobar,西洋棋,nouns,0.1
2493,estar de acuerdo,不同意,verbs,0.49
2494,circunstancia,情況,nouns,5.53
2495,hueso,頸,nouns,0.43
2496,tonto,聰明,adjectives,0.15
2497,sucio,井然有序,adjectives,0.19
2498,aceptar,拒絕,verbs,0.42
2499,ignorancia,智力,nouns,0.39
2500,beber,吞,verbs,1.56
2501,casco,武器,nouns,1.52
2502,culpa,系統,nouns,0.15
2503,comportarse,服從,verbs,3.08
2504,resolver,完成,verbs,3.01
2505,aburrido,刺激,adjectives,0.28
2506,apestar,發出氣味,verbs,2.63
2507,duro,强硬,adjectives,4.28
2508,libro,聖經,nouns,1.41
2509,firmemente,冷靜地,adverbs,0.81
2510,universidad,校園,nouns,2.98
2511,seguir,追逐,verbs,3.08
2512,vulnerable,簡單,adjectives,0.78
2513,mano,拇指,nouns,1.52
2514,dólar,人,nouns,0.05
2515,fallar,依靠,verbs,0.15
2516,tristeza,幸福,nouns,0.49
2517,tribunal,正義,nouns,2.62
2518,apostar,賭,verbs,3.35
2519,pulgar,指甲,nouns,1.8
2520,creer,知道,verbs,0.68
2521,cruel,不公平,adjectives,1.27
2522,emocionado,受驚,adjectives,0.63
2523,estrecho,寬大,adjectives,0.19
2524,traer,發送,verbs,0.59
2525,sostener,擁抱,verbs,0.55
2526,hielo,雪,nouns,3.33
2527,olvidar,無視,verbs,2.42
2528,peligrosamente,小心地,adverbs,0.24
2529,palomitas de maiz,電影,nouns,1.37
2530,tobillo,肘,nouns,0.52
2531,hablar,聽見,verbs,0.44
2532,formación,名單,nouns,0.89
2533,lácteos,蜜糖,nouns,0.39
2534,marca,俱樂部,nouns,0.49
2535,tambor,喇叭,nouns,0.63
2536,chasquear,捏碎,verbs,2.6
2537,modesto,靈活,adjectives,0.29
2538,repetir,練習,verbs,2.81
2539,duro,簡單,adjectives,0.15
2540,detener,控制,verbs,0.78
2541,político,警察,nouns,0.24
2542,piedra,木,nouns,0.77
2543,coche,軟管,nouns,0.24
2544,hipótesis,理論,nouns,3.44
2545,playa,暗礁,nouns,0.94
2546,mueble,公寓,nouns,0.43
2547,herir,跌,verbs,0.73
2548,puro,謙虛,adjectives,0.43
2549,niña,男人,nouns,0.92
2550,ataque,閃電攻擊,nouns,2.94
2551,dar,拒絕,verbs,0.05
2552,triste,自豪,adjectives,0.05
2553,fertilizante,發展,nouns,0.72
2554,alumno,總統,nouns,0.15
2555,literatura,書,nouns,2.65
2556,atraer,打,verbs,0.05
2557,correr,騎,verbs,0.29
2558,bailarín,歌曲,nouns,0.25
2559,ventana,雲,nouns,0.35
2560,población,人,nouns,3.35
2561,fraternidad,男人,nouns,1.55
2562,culpar,推,verbs,0.28
2563,caminar,站立,verbs,0.28
2564,hueso,牙齒,nouns,1.85
2565,envase,老鼠,nouns,0.05
2566,ligeramente,大致,adverbs,0.7
2567,profundamente,大多,adverbs,1.11
2568,roncar,醒覺,verbs,0.1
2569,principalmente,末期,adverbs,0.24
2570,cama,醫院,nouns,0.48
2571,raíz,草,nouns,0.82
2572,apreciar,保持,verbs,0.24
2573,ojo,眉頭,nouns,0.53
2574,policía,副駕駛,nouns,0.2
2575,inteligente,聰明,adjectives,4.79
2576,sopa,晚餐,nouns,1.64
2577,parlamento,國會,nouns,3.44
2578,percibir,聽,verbs,1.41
2579,mirar,尋求,verbs,2.63
2580,neuropsicología,通靈研究,nouns,0.6
2581,nunca,否定,adjectives,1.26
2582,gato,狗,nouns,0.67
2583,ancho,狹窄,adjectives,0.24
2584,carne de vaca,肉,nouns,3.58
2585,salir,等待,verbs,0.2
2586,célula,鎖起來,nouns,0.8
2587,normalmente,日常,adverbs,3.29
2588,orgulloso,傲慢,adjectives,3.29
2589,hombres,兄弟會,nouns,1.55
2590,aparecer,離開,verbs,0.34
2591,ejecutar,努力,verbs,0.35
2592,arqueología,人類學,nouns,1.73
2593,ascensor,盒子,nouns,0.2
2594,hierba,根,nouns,0.82
2595,instrumento,小提琴,nouns,2.4
2596,uña,頭,nouns,0.29
2597,tragar,喝,verbs,1.56
2598,muy,明亮地,adverbs,0.65
2599,limpiar,亂,adjectives,0.54
2600,ritmo,詩,nouns,0.86
2601,fuerte,自豪,adjectives,0.68
2602,oponente,對手,nouns,5.08
2603,materialista,宗教,nouns,0.19
2604,ratón,甲板,nouns,0.04
2605,entrar,離開,verbs,0.1
2606,mano,腳,nouns,1.46
2607,respirar,嗆,verbs,0.61
2608,dar,保持,verbs,0.44
2609,mantener,失去,verbs,0.1
2610,curso,行動,nouns,0.93
2611,carne,牛肉,nouns,3.58
2612,barra,窗帘,nouns,0.34
2613,palabra,報紙,nouns,1.05
2614,grande,國民,adjectives,0.15
2615,hormiga,蜜蜂,nouns,1.22
2616,tobillo,窗口,nouns,0.14
2617,tarea,工作,nouns,3.84
2618,canción,演員,nouns,0.25
2619,desear,選擇,verbs,0.79
2620,chapoteo,粘性,nouns,0.45
2621,sacarosa,醣類,nouns,1.94
2622,estar,步行,verbs,0.28
2623,tamaño,戲法,nouns,0.0
2624,incorrecto,精確,adjectives,0.18
2625,toro,小牛,nouns,2.83
2626,parte superior,側面,nouns,0.82
2627,restringir,減少,verbs,1.47
2628,novia,新郎,nouns,2.88
2629,regular,無知,adjectives,0.04
2630,teléfono,手提電話,nouns,4.73
2631,suavemente,大聲地,adverbs,0.18
2632,paño,衣服,nouns,2.03
2633,héroe,女英雄,nouns,3.5
2634,escuchar,聽見,verbs,4.55
2635,batalla,征服,nouns,1.36
2636,pistola,毛,nouns,0.1
2637,buscar,徘徊,verbs,0.63
2638,culpable,壞,adjectives,0.97
2639,volverse,組織,verbs,0.19
2640,esposa,老公,nouns,1.84
2641,beber,提高,verbs,0.0
2642,nieve,雪崩,nouns,1.98
2643,ofender,打稿,verbs,0.75
2644,ropa,鈕扣,nouns,1.11
2645,cañón,槍,nouns,1.69
2646,esposa,一分錢,nouns,0.15
2647,caso,硬件,nouns,0.39
2648,hueso,膝蓋,nouns,0.91
2649,azúcar,蜜糖,nouns,1.88
2650,enviar,接收,verbs,0.34
2651,puerta,地窖,nouns,0.24
2652,completar,完成,adjectives,3.73
2653,hermano,父親,nouns,0.98
2654,cigarrillo,煙草,nouns,3.62
2655,insulso,沉悶,adjectives,3.51
2656,apocalipsis,火,nouns,0.58
2657,costoso,害羞,adjectives,0.2
2658,complacer,同意,verbs,1.82
2659,oler,發出惡臭,verbs,2.63
2660,aparecer,出席,verbs,3.03
2661,día,晚上,nouns,0.64
2662,tratar,想,verbs,0.71
2663,esposa,母親,nouns,2.42
2664,traductor,外國人,nouns,0.39
2665,un pan,芝士,nouns,0.48
2666,dedo,手掌,nouns,1.13
2667,largo,狹窄,adjectives,0.47
2668,últimamente,最近,adverbs,5.22
2669,curva,角度,nouns,2.06
2670,resistencia,花朵,nouns,0.1
2671,apropiado,正式,adjectives,3.09
2672,ilegal,不道德,adjectives,2.07
2673,juguete,立方體,nouns,0.59
2674,sabiduría,智力,nouns,3.9
2675,prueba,事實,nouns,1.79
2676,bañera,氣球,nouns,0.05
2677,intuición,感覺,nouns,3.79
2678,semana,週末,nouns,2.51
2679,encontrar,獲得,verbs,1.82
2680,puntero,幻灯片,nouns,0.39
2681,perder,打中,verbs,0.15
2682,brillar,發光,verbs,3.77
2683,yegua,馬,nouns,3.13
2684,salir,走開,verbs,3.42
2685,ejército,海軍,nouns,3.93
2686,diamante,錢,nouns,0.76
2687,película,虛無主義,nouns,0.19
2688,poseer,保持,verbs,1.98
2689,sheriff,警察,nouns,3.71
2690,vena,手臂,nouns,0.34
2691,de manera realista,最近,adverbs,0.32
2692,crear,畫,verbs,0.97
2693,estudiante,教授,nouns,0.43
2694,hecho,證明,nouns,1.79
2695,flor,忍耐力,nouns,0.1
2696,industria,商業,nouns,2.87
2697,gato,獅子,nouns,1.42
2698,animal,野獸,nouns,3.77
2699,espina,身體,nouns,0.57
2700,poner,得到,verbs,0.1
2701,arrecife,海灘,nouns,0.94
2702,permanecer,保留,verbs,3.63
2703,pistola,軍士,nouns,0.57
2704,actualmente,最近,adverbs,3.33
2705,verdaderamente,完美地,adverbs,0.58
2706,grande,柔韌,adjectives,0.04
2707,aproximadamente,不耐煩地,adverbs,0.23
2708,perseguir,調查,verbs,1.1
2709,buey,馬,nouns,1.61
2710,sediento,飢餓,adjectives,1.65
2711,hacer,毀滅,verbs,0.24
2712,asistir,到達,verbs,2.56
2713,bañera,戲法,nouns,0.04
2714,mendigar,借,verbs,0.97
2715,brazo,腿,nouns,0.48
2716,combinar,混合,verbs,4.01
2717,cuchara,杯子,nouns,1.1
2718,imitar,描繪,verbs,1.6
2719,mosaico,教堂,nouns,0.2
2720,frijol,咖啡,nouns,0.38
2721,pie,基底,nouns,2.78
2722,patología,血液學,nouns,2.12
2723,agudo,平滑,adjectives,0.25
2724,amigo,傢伙,nouns,1.35
2725,cuidadosamente,危險地,adverbs,0.24
2726,hablar,低語,verbs,1.34
2727,miel,乳製品,nouns,0.39
2728,no usado,新,adjectives,5.08
2729,terminalmente,不同,adverbs,0.04
2730,potro,馬,nouns,3.17
2731,frustración,憤怒,nouns,4.62
2732,castigar,服從,verbs,0.64
2733,tristemente,猛烈地,adverbs,0.39
2734,neurosis,頭腦,nouns,0.97
2735,niña,小孩,nouns,2.83
2736,televisión,編劇,nouns,0.96
2737,originar,發現,verbs,1.02
2738,cuchara,果汁,nouns,0.28
2739,arbusto,花,nouns,1.96
2740,pasión,情緒,nouns,2.59
2741,capilla,電纜,nouns,0.0
2742,crucial,重要,adjectives,4.29
2743,discutir,辯解,verbs,0.53
2744,puente,卡,nouns,0.0
2745,enfermera,科學家,nouns,0.24
2746,asistir,援助,verbs,4.19
2747,asustado,不肯定,adjectives,1.27
2748,basílica,馬賽克,nouns,0.2
2749,polo,旗,nouns,0.52
2750,moneda,並行性,nouns,0.15
2751,centavo,人,nouns,0.18
2752,cabeza,肩,nouns,1.02
2753,ovillo,線,nouns,2.46
2754,limón,蘋果,nouns,0.57
2755,estado animico,情感,nouns,3.24
2756,jugo,匙羹,nouns,0.28
2757,crudo,核突,adjectives,0.66
2758,molécula,原子,nouns,2.38
2759,niño,人,nouns,1.31
2760,paciente,複診,nouns,0.67
2761,calle,小巷,nouns,3.3
2762,molino,種子,nouns,0.89
2763,capa,衣服,nouns,1.88
2764,malo,不誠實,adjectives,1.29
2765,tío,表哥,nouns,1.07
2766,desfile,人群,nouns,1.6
2767,efectivo,錢,nouns,4.79
2768,palabra principal,句法,nouns,0.73
2769,movimiento,編織,verbs,0.15
2770,terminalmente,主要,adverbs,0.24
2771,saber,相信,verbs,0.68
2772,grande,大規模,adjectives,2.94
2773,abogado,畫廊,nouns,0.1
2774,hombre,女人,nouns,1.07
2775,ojear,怒視,verbs,0.29
2776,astrónomo,星系,nouns,1.89
2777,tener éxito,贏,verbs,3.64
2778,ducha,修道院,nouns,0.0
2779,agravar,攻擊,verbs,0.55
2780,estar de acuerdo,賣,verbs,0.91
2781,sangre,身體,nouns,0.61
2782,enfadado,高興,adjectives,0.38
2783,catedral,教堂,nouns,4.88
2784,herméticamente,難以置信地,adverbs,0.14
2785,borracho,清醒,adjectives,0.19
2786,espíritu,世紀,nouns,0.1
2787,moneda,交換,nouns,1.08
2788,volverse,出現,verbs,0.58
2789,cordero,羊,nouns,3.76
2790,comunicación,偈,nouns,3.1
2791,guerrero,男人,nouns,0.95
2792,intercambio,替換,nouns,3.65
2793,balada,歌曲,nouns,4.08
2794,oír,聽,verbs,4.55
2795,agravar,打稿,verbs,0.55
2796,matriz,向量,nouns,1.23
2797,cuenco,尾巴,nouns,0.1
2798,presencia,優勝者,nouns,0.24
2799,moda,風尚,nouns,3.4
2800,explicar,澄清,verbs,4.26
2801,adulto,小孩,nouns,0.53
2802,apartamento,屋,nouns,4.14
2803,cerca,軌,nouns,0.4
2804,confiar,失敗,verbs,0.15
2805,nota,付款,nouns,0.63
2806,fabricante,創造者,nouns,3.9
2807,intención,意志,nouns,1.25
2808,cigarro,煙鬥,nouns,0.29
2809,inteligencia,邏輯,nouns,3.11
2810,ecosistema,經濟,nouns,0.34
2811,oír,察覺,verbs,1.41
2812,sociedad,文化,nouns,1.31
2813,desear,想要,verbs,4.07
2814,granizo,雨,nouns,1.06
2815,mentir,指控,verbs,0.34
2816,madre,爸爸,nouns,2.06
2817,escuchar,學習,verbs,0.68
2818,profesor,拉比,nouns,0.8
2819,increíble,脏,adjectives,0.0
2820,desierto,沙丘,nouns,2.43
2821,racismo,排外主義,nouns,4.48
2822,prepucio,割禮,nouns,1.82
2823,libertad,綠洲,nouns,0.1
2824,vagón,容器,nouns,0.04
2825,zona,區城,nouns,4.04
2826,libro,意外,nouns,0.1
2827,vacaciones,日曆,nouns,0.92
2828,empezar,走,verbs,0.3
2829,siglo,酒,nouns,0.1
2830,raramente,經常,adverbs,0.45
2831,división,乘法,nouns,1.21
2832,clima,雲,nouns,0.67
2833,construcción,毀滅,nouns,0.29
2834,sangre,病毒,nouns,0.88
2835,globo,世界,nouns,3.54
2836,cabeza,指甲,nouns,0.29
2837,ampolla,插圖,nouns,0.04
2838,abiertamente,大規模,adverbs,0.33
2839,víctor,男人,nouns,0.53
2840,autobús,的士,nouns,2.27
2841,cuchillo,槍,nouns,1.8
2842,artículo,手稿,nouns,2.28
2843,cultura,社會,nouns,1.31
2844,limpiar,通知,verbs,0.0
2845,riqueza,聲望,nouns,0.55
2846,suelto,靈活,adjectives,1.2
2847,valor,信念,nouns,2.68
2848,matriz,分子,nouns,0.66
2849,nieve,冰,nouns,3.33
2850,cajón,衣服,nouns,0.88
2851,coro,歌手,nouns,1.21
2852,noche,黎明,nouns,0.43
2853,puerta,地板,nouns,0.63
2854,tomar,交付,verbs,0.95
2855,multitud,束,nouns,0.4
2856,lazo,帶,nouns,1.73
2857,obviamente,本地,adverbs,0.09
2858,investigar,檢查,verbs,4.29
2859,agarrar,捕獲,verbs,3.38
2860,enfermos,瘋,adjectives,0.74
2861,esperar,離開,verbs,0.2
2862,pasivamente,靜靜地,adverbs,0.67
2863,hombro,手臂,nouns,1.36
2864,mundo,地球,nouns,3.54
2865,discrepar,搏鬥,verbs,0.5
2866,cable,巫師,nouns,0.0
2867,gravedad,流星,nouns,0.97
2868,entrenador,播放機,nouns,0.25
2869,extraño,狡猾,adjectives,0.56
2870,opinión,選擇,nouns,1.01
2871,coche,貨車,nouns,1.78
2872,radiador,傳感器,nouns,0.96
2873,sucio,清潔,adjectives,0.54
2874,bicicleta,睡房,nouns,0.15
2875,escapar,逃跑,verbs,5.38
2876,explorar,發現,verbs,2.92
2877,hija,嬰兒,nouns,2.4
2878,miembro,腿,nouns,3.03
2879,inflexión,感染,nouns,0.19
2880,clase,大學,nouns,0.8
2881,felizmente,積極地,adverbs,0.51
2882,ruido,搖鈴,nouns,2.92
2883,invierno,夏天,nouns,0.39
2884,nervio,腦,nouns,1.04
2885,recaudación de fondos,發展,nouns,0.49
2886,herir,攻擊,verbs,2.8
2887,mente,神經官能症,nouns,0.97
2888,niño,合作夥伴,nouns,0.48
2889,mantener,珍愛,verbs,0.24
2890,suavemente,堅固地,adverbs,0.2
2891,paz,士兵,nouns,0.2
2892,carbón,木炭,nouns,2.83
2893,venir,到達,verbs,2.13
2894,silla,凳子,nouns,3.78
2895,trucha,吉他,nouns,0.0
2896,justificar,拗撬,verbs,0.53
2897,irritar,對抗,verbs,0.18
2898,empatar,編織,verbs,0.55
2899,vena,容器,nouns,0.23
2900,segadora,甘蔗,nouns,0.2
2901,tía,侄子,nouns,0.89
2902,excusar,原諒,verbs,2.94
2903,honesto,內疚,adjectives,0.18
2904,ropa,布料,nouns,2.03
2905,cortésmente,謹慎地,adverbs,1.54
2906,avión,大薄片,nouns,0.36
2907,necesitado,無助,adjectives,1.0
2908,perdonar,赦免,verbs,2.94
2909,sequía,水,nouns,0.5
2910,palma,手指,nouns,1.13
2911,cartulina,紙,nouns,3.02
2912,sandwich,午飯,nouns,0.96
2913,disfrutar,討厭,verbs,0.14
2914,multiplicar,除,verbs,0.44
2915,probar,拗撬,verbs,0.3
2916,pavo,母雞,nouns,1.49
2917,álgebra,手術,nouns,0.8
2918,cintura,一餐,nouns,0.25
2919,atleta,賽跑運動員,nouns,3.65
2920,sociobiología,突變體,nouns,0.34
2921,puente,汽車,nouns,0.24
2922,gente,一分錢,nouns,0.18
2923,actitud,自信,nouns,1.36
2924,ilegal,合法,adjectives,0.19
2925,sucio,狹窄,adjectives,0.0
2926,química,理論,nouns,0.64
2927,político,總統,nouns,2.69
2928,lista,陣列,nouns,0.89
2929,cuerda,日落,nouns,0.0
2930,mariposa,玫瑰,nouns,0.2
2931,extraño,怪誕,adjectives,4.13
2932,pedir,求情,verbs,0.35
2933,flexible,容易,adjectives,1.99
2934,pensar,決定,verbs,1.12
2935,pasillo,課堂,nouns,0.2
2936,nihilismo,電影,nouns,0.19
2937,página,詞,nouns,0.53
2938,cantante,合唱,nouns,1.21
2939,llave,鎖,nouns,1.7
2940,presencia,缺席,nouns,0.24
2941,desayuno,晚餐,nouns,1.65
2942,silla,床,nouns,1.61
2943,recibir,發送,verbs,0.34
2944,río,河谷,nouns,2.88
2945,limpiar,惡化,verbs,0.29
2946,perezoso,珍貴,adjectives,0.04
2947,despreciar,收費,verbs,0.3
2948,posada,汽車旅館,nouns,3.06
2949,tarea,稻草,nouns,0.05
2950,competencia,能力,nouns,3.41
2951,terremoto,震,nouns,4.02
2952,tragar,啜,verbs,1.13
2953,cazar,搜索,verbs,1.21
2954,hielo,水,nouns,1.49
2955,mirar,觀察,verbs,4.28
2956,terrible,傷心,adjectives,0.34
2957,animar,使氣餒,verbs,0.15
2958,servidor,奴隸,nouns,3.4
2959,calibre,遮,nouns,0.1
2960,siempre,兩次,adverbs,0.18
2961,estrecho,長,adjectives,0.47
2962,feliz,快樂,adjectives,5.15
2963,guionista,電視,nouns,0.96
2964,sal,水,nouns,0.2
2965,planta,農業,nouns,0.85
2966,entregar,攞,verbs,0.95
2967,mucama,女孩,nouns,0.47
2968,claramente,肯定地,adverbs,3.64
2969,golpear,吸引,verbs,0.05
2970,derecho,彎曲,adjectives,0.29
2971,escultura,雕像,nouns,4.88
2972,conocido,好,adjectives,0.7
2973,copiloto,座艙,nouns,0.48
2974,oficialmente,強烈地,adverbs,0.32
2975,playa,島,nouns,1.36
2976,amanecer,白天,nouns,2.58
2977,oruga,蠶,nouns,2.83
2978,bote,甲板,nouns,0.96
2979,golpear,瞄准,verbs,0.75
2980,mantener,保留,verbs,4.46
2981,visón,油,nouns,0.1
2982,aprender,教育,verbs,2.35
2983,uniformemente,有時,adverbs,0.15
2984,coche,廠,nouns,0.2
2985,vaca,山羊,nouns,1.79
2986,olvidar,提醒,verbs,0.1
2987,dividir,團結,verbs,0.1
2988,ganga,便士,nouns,0.24
2989,regalo,作家,nouns,0.1
2990,campana,門,nouns,0.43
2991,rabino,老師,nouns,0.8
2992,acetaminofeno,支氣管炎,nouns,0.4
2993,lago,雲,nouns,0.33
2994,colérico,猶豫,adjectives,0.63
2995,dólar,百萬富翁,nouns,0.73
2996,aplicación,星系,nouns,0.1
2997,puerta,走廊,nouns,0.48
2998,aprender,聽,verbs,0.68
2999,aeropuerto,飛機,nouns,1.02
3000,valle,凹地,nouns,2.82
3001,templado,尖,adjectives,0.25
3002,doctor,大夫,nouns,5.15
3003,esforzarse,阻礙,verbs,0.35
3004,grosero,噪,adjectives,0.73
3005,párrafo,頁,nouns,1.07
3006,construir,創建,verbs,3.91
3007,perseguir,跟隨,verbs,3.08
3008,traer,抱怨,verbs,0.0
3009,sagrado,珍貴,adjectives,1.59
3010,diariamente,通常,adverbs,3.29
3011,saber,明白,verbs,3.61
3012,negocio,公司,nouns,4.15
3013,anunciar,聲明,verbs,3.46
3014,centinela,男人,nouns,0.95
3015,añadir,加入,verbs,3.27
3016,máscara,派對,nouns,0.29
3017,pistola,人,nouns,0.33
3018,show,數學家,nouns,0.1
3019,complacer,滿足,verbs,5.09
3020,magistrado,法官,nouns,3.65
3021,manta,大風,nouns,0.05
3022,libertad,審查,nouns,0.15
3023,dar,斷絕父子關係,verbs,0.1
3024,estómago,身體,nouns,2.03
3025,puesta de sol,線,nouns,0.0
3026,dibujar,創建,verbs,0.97
3027,tsunami,海,nouns,1.77
3028,nieve,風暴,nouns,0.92
3029,palacio,高樓大廈,nouns,0.43
3030,salsa,蘋果,nouns,0.48
3031,pistola,刀,nouns,1.8
3032,mago,電纜,nouns,0.0
3033,parte superior,第五,adjectives,0.14
3034,armada,島,nouns,0.2
3035,banda,耐力,nouns,0.05
3036,estadística,網球,nouns,0.25
3037,admitir,否認,verbs,0.15
3038,abrigo,棚屋,nouns,0.28
3039,convencer,拗撬,verbs,0.88
3040,situación,狀況,nouns,5.53
3041,discutir,出席,verbs,0.15
3042,tonto,稀罕,adjectives,0.24
3043,activamente,高高興興,adverbs,0.51
3044,abogado,銀行家,nouns,1.56
3045,proclamar,宣告,verbs,4.23
3046,cuadrado,地圖,nouns,0.38
3047,beca,學費,nouns,0.96
3048,ropa,布,nouns,2.29
3049,uña,手,nouns,1.01
3050,pelota,球狀物,nouns,3.31
3051,metal,錫,nouns,2.04
3052,entender,聽,verbs,0.64
3053,exactamente,精確地,adverbs,4.92
